id,trait,nIV,method,mean_F,min_F,b,se,OR,OR_L,OR_U,p,FDR
ebi-a-GCST90001554,Effector Memory CD8+ T cell Absolute Count,2,IVW,36.9148675913837,32.0459078934073,0.146153919469504,0.0395900187596588,1.15737431678256,1.07096218498025,1.25075873633447,0.000222772359071822,0.135222821956596
ebi-a-GCST90001906,CD86 on granulocyte,2,IVW,37.1531573683957,36.1041214206957,-0.472647775763406,0.136165686445245,0.62334959134917,0.477337008305104,0.814025952889903,0.000518287532024978,0.157300265969581
ebi-a-GCST90002011,CD64 on CD14+ CD16+ monocyte,2,IVW,33.1219501228835,32.4197795335344,0.384204998193161,0.118457148920978,1.4684464396958,1.16419398162841,1.85221275859811,0.00118108479101795,0.182962368597974
ebi-a-GCST90001556,Effector Memory CD8+ T cell %T cell,2,IVW,46.0101291680762,45.7343749778272,0.126877733286374,0.0399221391463251,1.13527820256054,1.04983219861932,1.22767866989041,0.00148228462788889,0.182962368597974
ebi-a-GCST90001537,Central Memory CD4+ T cell Absolute Count,1,Wald,35.3816065955768,35.3816065955768,0.344561839651958,0.112428837787446,1.41137137719331,1.13224378864569,1.75931118751661,0.00217880787864713,0.182962368597974
ebi-a-GCST90001590,CD4+ T cell Absolute Count,1,Wald,47.1757481103135,47.1757481103135,0.301632208922742,0.0984211099020675,1.35206385822831,1.11485776696453,1.6397398223314,0.00217880787864713,0.182962368597974
ebi-a-GCST90002103,CD45RA on CD39+ resting CD4 regulatory T cell,1,Wald,42.4025438592187,42.4025438592187,-0.119260897030954,0.0394742261528743,0.887576204555369,0.821494217657838,0.958973906278958,0.002517462436354,0.182962368597974
ebi-a-GCST90001832,CD62L on CD62L+ plasmacytoid Dendritic Cell,3,IVW,68.3165579177282,38.1984094271807,0.144749957168881,0.0482569172877013,1.15575054699659,1.05144604168977,1.27040216418165,0.00270361804484368,0.182962368597974
ebi-a-GCST90001689,CD28+ CD45RA+ CD8+ T cell %CD8+ T cell,1,Wald,33.2337929241503,33.2337929241503,-0.195823228780439,0.0653062431105321,0.822157555627307,0.723377932431514,0.934425859526844,0.00271278635482993,0.182962368597974
ebi-a-GCST90001480,Resting CD4 regulatory T cell Absolute Count,4,IVW,56.0093083436528,30.8436931650252,-0.100461086703311,0.0339194357105224,0.90442030570371,0.84624769317618,0.966591809898025,0.00305890248234908,0.185675380678589
ebi-a-GCST90001500,Activated & resting CD4 regulatory T cell %CD4+ T cell,3,IVW,61.852562634926,47.9952538303507,-0.0938943630244463,0.0326198096816741,0.910378926837848,0.853995640505983,0.970484802404123,0.00399639603279314,0.220528399264131
ebi-a-GCST90001534,CD45RA- CD4+ T cell Absolute Count,2,IVW,40.5158154627596,32.6588244616889,0.167528787496091,0.061114547025848,1.18237932743526,1.04890239080246,1.33284172693773,0.00612103826224462,0.309622518765207
ebi-a-GCST90001691,CD28+ CD45RA- CD8+ T cell %T cell,3,IVW,51.2823083187745,29.878503719732,0.0796250309334933,0.0295938729094167,1.08288094468097,1.02185646839088,1.14754975539735,0.00713254145242604,0.323025590291125
ebi-a-GCST90001581,CD14- CD16- Absolute Count,3,IVW,61.2342077303104,33.8884884810017,0.214585933525422,0.0809596790641837,1.23934861799456,1.05749717713582,1.45247195939111,0.00803659559364028,0.323025590291125
ebi-a-GCST90001678,CD28- CD25++ CD8+ T cell Absolute Count,1,Wald,32.953047241665,32.953047241665,-0.311623669380088,0.118420788979336,0.732257047130443,0.580579569981391,0.923560543285019,0.00850102124836916,0.323025590291125
ebi-a-GCST90001482,Resting CD4 regulatory T cell %CD4+ T cell,5,IVW,84.3767579505045,36.8880493482949,-0.0555400296327894,0.0211102635421126,0.945974155914434,0.907632111366302,0.98593592321336,0.00851467783304448,0.323025590291125
ebi-a-GCST90001833,CD62L on CD62L+ Dendritic Cell,2,IVW,43.11866737297,42.8247748562565,0.186489715857668,0.0733058980480604,1.20501222950469,1.04373972798549,1.39120360595881,0.0109593176548759,0.391312106853508
ebi-a-GCST90001986,CD14 on CD14+ CD16- monocyte,1,Wald,54.8963615939771,54.8963615939771,-0.194318795831725,0.0777124662292551,0.82339536741198,0.707063196919598,0.958867515703273,0.0124023656674789,0.397318272814757
ebi-a-GCST90001460,Plasmacytoid Dendritic Cell Absolute Count,2,IVW,52.8106294706121,51.2951600738575,0.176597691283933,0.0706530308967003,1.19315098151762,1.03885355143711,1.37036569083977,0.012436651043625,0.397318272814757
ebi-a-GCST90001511,CD25++ CD45RA- CD4 not regulatory T cell %CD4+ T cell,3,IVW,70.5310191790487,31.2667834419794,0.0798515901046137,0.0330274666706964,1.08312630908395,1.01523260672942,1.15556040423994,0.0156175394808932,0.473992323245108
ebi-a-GCST90001592,CD8+ T cell Absolute Count,1,Wald,44.1476021622694,44.1476021622694,0.224561738208797,0.0950084790673026,1.25177399124647,1.03908978087626,1.50799108411954,0.0180984972700535,0.477642949692281
ebi-a-GCST90001607,CD8+ T cell %leukocyte,1,Wald,37.2215727153884,37.2215727153884,0.235284841754581,0.0995452526374237,1.26526911888491,1.04099412560402,1.53786261019955,0.0180984972700535,0.477642949692281
ebi-a-GCST90001684,CD127- CD8+ T cell Absolute Count,1,Wald,37.7143279371766,37.7143279371766,0.222439895013123,0.0941107611548556,1.24912073900869,1.03871337012648,1.50214935659452,0.0180984972700535,0.477642949692281
ebi-a-GCST90001481,Resting CD4 regulatory T cell %CD4 regulatory T cell,11,IVW,70.3079395889459,30.8052241625275,-0.0367483287633049,0.0163445439713299,0.963918695435228,0.933528641202576,0.995298066283891,0.0245535949394417,0.488325790437876
ebi-a-GCST90001869,CD3 on resting CD4 regulatory T cell,5,IVW,40.8341452447504,30.0943303447032,0.0700711651367806,0.0315723879108779,1.07258450916154,1.00822290874709,1.14105474028849,0.0264607994808398,0.488325790437876
ebi-a-GCST90001714,BAFF-R on IgD- CD38dim B cell,1,Wald,41.5138866219303,41.5138866219303,0.226958596894767,0.102399654974123,1.25477791516272,1.02660297919898,1.53366749199247,0.0266641186256189,0.488325790437876
ebi-a-GCST90001807,CD27 on Plasma Blast-Plasma Cell,1,Wald,33.0591583564273,33.0591583564273,0.265957547169811,0.119995283018868,1.30467967016675,1.0312449817291,1.6506155878619,0.026664118625619,0.488325790437876
ebi-a-GCST90001998,PDL-1 on CD14+ CD16+ monocyte,1,Wald,30.3674919132957,30.3674919132957,-0.270134163208852,0.123062932226833,0.76327708376434,0.599692946630487,0.971483673225145,0.0281571707830735,0.488325790437876
ebi-a-GCST90002012,CX3CR1 on CD14- CD16+ monocyte,1,Wald,84.4220873420253,84.4220873420253,0.163573701842546,0.0745180067001675,1.17771215154442,1.01767275602119,1.36291937038599,0.0281571707830735,0.488325790437876
ebi-a-GCST90002091,CD11b on CD14+ monocyte,1,Wald,295.011118149689,295.011118149689,-0.0625983974358974,0.0285174679487179,0.939320631524422,0.888258357997156,0.993318262489419,0.0281571707830735,0.488325790437876
ebi-a-GCST90001525,CD33dim HLA DR+ CD11b+ Absolute Count,1,Wald,56.5846439867803,56.5846439867803,-0.149260221627818,0.0679973251815055,0.861344945149575,0.753870271882271,0.984141625166228,0.0281571707830736,0.488325790437876
ebi-a-GCST90001799,CD27 on T cell,1,Wald,89.146597228768,89.146597228768,0.125518637532134,0.0571815552699229,1.13373629881032,1.01353354972941,1.26819481760943,0.0281571707830736,0.488325790437876
ebi-a-GCST90002021,CD14 on CD33dim HLA DR+ CD11b+,1,Wald,79.1528328565158,79.1528328565158,0.115600473512874,0.0526632139686298,1.12254729515256,1.01245753070321,1.24460769132619,0.0281571707830736,0.488325790437876
ebi-a-GCST90002094,CD11b on Monocytic Myeloid-Derived Suppressor Cells,1,Wald,145.030048621552,145.030048621552,-0.0847318872017354,0.0386006507592191,0.918758582316605,0.851812230916393,0.990966438310358,0.0281571707830736,0.488325790437876
ebi-a-GCST90002097,CD11b on CD33+ HLA DR+ CD14dim,1,Wald,178.138125871775,178.138125871775,-0.0790556567496458,0.0360147743371787,0.92398849681751,0.861013913961875,0.991569042505491,0.0281571707830736,0.488325790437876
ebi-a-GCST90001721,CD19 on CD20- B cell,1,Wald,29.9081528484662,29.9081528484662,0.129497522299306,0.060103171456888,1.13825629120089,1.0117639637336,1.28056288907276,0.0311941536525314,0.525968090752405
ebi-a-GCST90001483,CD39+ resting CD4 regulatory T cell Absolute Count,12,IVW,73.4950911920079,30.9475816247015,-0.0504751895660876,0.0236025178728238,0.950777517582465,0.907795519439743,0.995794612974271,0.0324720448454632,0.532717060032329
ebi-a-GCST90002033,CD39 on granulocyte,2,IVW,33.766668420733,30.0664847105049,-0.220801514662531,0.103818549329222,0.801875825089469,0.654236827609708,0.982831922214121,0.033436525007402,0.534104491565605
ebi-a-GCST90001987,CD64 on CD14+ CD16- monocyte,9,IVW,131.482884510872,30.1605204242049,-0.0421595562989925,0.0199966427570008,0.958716799063987,0.921868236551733,0.997038258141479,0.0350023056914815,0.544779475762289
ebi-a-GCST90001528,CD33dim HLA DR+ CD11b- %CD33dim HLA DR+,3,IVW,122.612313166087,33.4252857763496,0.0546161179340905,0.026062834411321,1.05613510552044,1.003539210756,1.11148757234148,0.0361216336522238,0.547703696184994
ebi-a-GCST90001526,CD33dim HLA DR+ CD11b+ %CD33dim HLA DR+,3,IVW,123.761819672852,33.823572301761,-0.0541047543911303,0.0259650112203981,0.947332864026478,0.900327965088898,0.996791824827963,0.0371823448256731,0.547703696184994
ebi-a-GCST90001555,Effector Memory CD8+ T cell %CD8+ T cell,4,IVW,71.6533102938023,32.2525613801228,0.073814115071687,0.03555651998684,1.07660666194278,1.00413184854309,1.1543124602823,0.0378971256009386,0.547703696184994
ebi-a-GCST90001810,CD38 on CD3- CD19-,1,Wald,34.0533898532266,34.0533898532266,0.19551554663992,0.0946960882647944,1.21593769752078,1.00996049238835,1.4639230894624,0.0389548608247912,0.549897686526703
ebi-a-GCST90001426,IgD- CD38dim B cell %lymphocyte,2,IVW,31.6219888892845,29.8907471083158,-0.200421381960132,0.0978400717530715,0.818385827386266,0.675577145819765,0.991382503998121,0.0405150391072033,0.558923380410736
ebi-a-GCST90001982,CCR2 on CD14- CD16+ monocyte,1,Wald,68.2640229131672,68.2640229131672,0.286859531772575,0.141581196581197,1.33223706335286,1.00940433189926,1.75831977026643,0.042753185354811,0.566521216694181
ebi-a-GCST90001733,CD19 on IgD- CD38- B cell,1,Wald,32.901696,32.901696,-0.258331938633194,0.1278410041841,0.772338820460391,0.601156302926792,0.992266488242725,0.0433078956993612,0.566521216694181
ebi-a-GCST90001487,Activated CD4 regulatory T cell %CD4 regulatory T cell,3,IVW,38.6573548872175,33.1093430129973,0.0631797017344023,0.0313489095122758,1.06521824359883,1.00173734653111,1.13272197590024,0.0438657284754967,0.566521216694181
ebi-a-GCST90001722,CD19 on CD20- CD38- B cell,1,Wald,31.1822037456078,31.1822037456078,0.312698058950395,0.15972393961179,1.36710868247227,0.999639202414396,1.86966071876429,0.0502604456880005,0.616685806760228
ebi-a-GCST90001551,Naive CD8+ T cell Absolute Count,1,Wald,31.8146698649161,31.8146698649161,0.431042828685259,0.220624501992032,1.53886145595848,0.998619758191994,2.37136764139545,0.0507320192603391,0.616685806760228
ebi-a-GCST90001872,HVEM on naive CD8+ T cell,2,IVW,37.8632369806179,35.0028948239441,-0.115880572574597,0.0597800018183817,0.890581576811413,0.792114461005276,1.0012890611154,0.0525682881348382,0.616685806760228
ebi-a-GCST90001973,FSC-A on CD4+ T cell,3,IVW,35.788403396526,30.0822385535327,0.151913217949142,0.0784402005183559,1.16405921260286,0.99817209758539,1.35751525585964,0.0527850171546185,0.616685806760228
ebi-a-GCST90001996,CX3CR1 on CD14+ CD16+ monocyte,3,IVW,144.769105995014,30.5157804060142,0.0672106859972673,0.0347276405098043,1.06952078749272,0.999144876424781,1.14485370627346,0.052945429225907,0.616685806760228
ebi-a-GCST90002028,CD19 on B cell,1,Wald,38.1701952754744,38.1701952754744,-0.218812276519666,0.114123361144219,0.803472534657843,0.642432154201293,1.00488138666114,0.0551958735748996,0.616685806760228
ebi-a-GCST90001681,CD25++ CD8+ T cell Absolute Count,3,IVW,32.1581538970164,30.7440645373546,-0.0928152646847859,0.0485521778662045,0.911361845463809,0.828633323677738,1.00234976030269,0.055919795986157,0.616685806760228
ebi-a-GCST90002006,CD64 on monocyte,8,IVW,120.788405817565,29.9559420042381,-0.0450813852454377,0.0236811440095492,0.95591968090937,0.912564576279346,1.00133454672927,0.0569515149363127,0.616685806760228
ebi-a-GCST90002089,CD11c on monocyte,2,IVW,61.5826249354946,34.9948140758152,-0.104932225459838,0.0552492597602185,0.900385543734597,0.807977736570636,1.00336196243122,0.0575314497108303,0.616685806760228
ebi-a-GCST90001937,CD25 on resting CD4 regulatory T cell,1,Wald,41.9022702324039,41.9022702324039,-0.964361768368618,0.509585927770859,0.381226432879722,0.140415388766259,1.03502610649125,0.058432126009985,0.616685806760228
ebi-a-GCST90002117,HLA DR on HLA DR+ Natural Killer,6,IVW,98.5780432169117,30.2221817778523,-0.0800538084622901,0.0423845716023793,0.923066676251871,0.849482813996429,1.0030245165269,0.058925497186315,0.616685806760228
ebi-a-GCST90002073,SSC-A on monocyte,8,IVW,153.5163811627,34.679012345679,-0.0636012935726545,0.033848141234749,0.938379062718668,0.878144912647336,1.00274482339613,0.0602419268642935,0.619777111976715
ebi-a-GCST90001417,CD24+ CD27+ B cell %B cell,3,IVW,31.4542981721219,30.826377625259,-0.107129100749229,0.0577799749563171,0.898409680140264,0.802215622180934,1.00613841347967,0.0637267134590466,0.630195898862353
ebi-a-GCST90001584,CD14- CD16+ monocyte %monocyte,2,IVW,114.888246554404,34.214432866988,-0.127554333219849,0.0693563412624597,0.88024558795786,0.768363183759393,1.00841934061473,0.0658981763977719,0.630195898862353
ebi-a-GCST90001630,CD8+ Natural Killer T Absolute Count,2,IVW,67.248370251957,30.6559252832903,-0.177237159441301,0.0970326578473359,0.837581120695796,0.692517916660026,1.01303102326872,0.0677641100247979,0.630195898862353
ebi-a-GCST90001740,CD19 on switched memory B cell,2,IVW,37.546803271662,30.6136562529259,-0.185651065078689,0.101690067034506,0.830563356984565,0.680475407463118,1.01375521054794,0.0679021184400732,0.630195898862353
ebi-a-GCST90001586,CD14+ CD16- monocyte %monocyte,1,Wald,302.81048460201,302.81048460201,0.123805183037332,0.0679666545849946,1.13179535658617,0.990634670495993,1.2930707629571,0.0685221240937649,0.630195898862353
ebi-a-GCST90001587,CD16+ monocyte %monocyte,1,Wald,292.414307320648,292.414307320648,-0.125788436751979,0.0690554225741116,0.881801383815399,0.770175348298191,1.00960603610192,0.0685221240937649,0.630195898862353
ebi-a-GCST90001579,CD14- CD16+ monocyte Absolute Count,1,Wald,204.814988197075,204.814988197075,-0.147741565743945,0.0811072664359862,0.862654025488254,0.735862640108314,1.01129195467996,0.0685221240937649,0.630195898862353
ebi-a-GCST90001992,CCR2 on CD14+ CD16+ monocyte,2,IVW,46.7094890821565,31.3816636917149,0.205111433102029,0.115172980656723,1.22766185951056,0.979583684818495,1.53856547904449,0.0749289704396794,0.678746635371186
ebi-a-GCST90002076,SSC-A on Natural Killer,1,Wald,104.592518386348,104.592518386348,0.139027992277992,0.0783629343629344,1.14915626705507,0.985542173715291,1.33993263944627,0.0760375143414178,0.678746635371186
ebi-a-GCST90002014,CCR2 on CD62L+ myeloid Dendritic Cell,3,IVW,81.7925208299941,55.0254659976268,0.0674210103856637,0.0385549370299351,1.06974575745573,0.991886427962032,1.15371674955345,0.0803429259316618,0.706784870152445
ebi-a-GCST90001879,HVEM on Terminally Differentiated CD4+ T cell,1,Wald,35.8914300693497,35.8914300693497,-0.130054575986566,0.0749731318219983,0.878047509303817,0.758053045924447,1.01703625193464,0.0827970665255499,0.707856611000124
ebi-a-GCST90001881,HVEM on CD8+ T cell,1,Wald,43.9893072028807,43.9893072028807,-0.119887770897833,0.0691122291021672,0.887019980587219,0.774647075393271,1.01569407663678,0.0827970665255499,0.707856611000124
ebi-a-GCST90001897,CD28 on CD39+ CD8+ T cell,2,IVW,43.6468515739193,35.4369087849456,-0.0386923669191256,0.0224023136215311,0.962046620993858,0.920718531180768,1.00522979566704,0.0841390371834534,0.709338827366059
ebi-a-GCST90001415,IgD+ CD24- B cell %B cell,1,Wald,30.3454218475278,30.3454218475278,0.123426501035197,0.0718739130434783,1.13136684719405,0.982704938162194,1.30251807355682,0.0859309017641948,0.714521333847483
ebi-a-GCST90001622,Natural Killer T %T cell,5,IVW,58.5308733141622,34.8296979962968,0.108092569147918,0.0643554505089474,1.11415087661031,0.982117706409861,1.26393421862764,0.0930316751075279,0.756587606436746
ebi-a-GCST90001785,CD25 on IgD- CD24- B cell,2,IVW,63.0920790513286,41.3215342053446,0.175247747018668,0.105809407588556,1.19154138087255,0.968372267419234,1.46614159667689,0.0976694496191203,0.756587606436746
ebi-a-GCST90001928,CD127 on CD28+ CD45RA- CD8+ T cell,1,Wald,32.4228861004034,32.4228861004034,0.0728390737040085,0.0444190666509933,1.07555743751241,0.985878362166837,1.17339404715781,0.101043535734807,0.756587606436746
ebi-a-GCST90001871,HVEM on T cell,1,Wald,52.6249552182424,52.6249552182424,-0.102019203910615,0.0624259776536313,0.903012210136598,0.799016150433425,1.02054389165157,0.102207880935442,0.756587606436746
ebi-a-GCST90001873,HVEM on Effector Memory CD8+ T cell,1,Wald,52.2620701966103,52.2620701966103,-0.102269163458173,0.0625789289464473,0.902786521820762,0.79857701675035,1.02059474150384,0.102207880935442,0.756587606436746
ebi-a-GCST90001876,HVEM on Central Memory CD4+ T cell,1,Wald,55.3263304616783,55.3263304616783,-0.102269163458173,0.0625789289464473,0.902786521820762,0.79857701675035,1.02059474150384,0.102207880935442,0.756587606436746
ebi-a-GCST90001875,HVEM on CD4+ T cell,1,Wald,57.8389880249621,57.8389880249621,-0.0997892759562841,0.0610614754098361,0.905028109126487,0.802944432135224,1.02009036432439,0.102207880935442,0.756587606436746
ebi-a-GCST90001880,HVEM on CD45RA- CD4+ T cell,1,Wald,59.7577537269727,59.7577537269727,-0.0972646471371505,0.0595166444740346,0.907315855813395,0.807415179470221,1.01957714338557,0.102207880935442,0.756587606436746
ebi-a-GCST90001882,HVEM on Central Memory CD8+ T cell,1,Wald,64.6003093772191,64.6003093772191,-0.0944964424320828,0.0578227684346701,0.909830971405746,0.812345880293052,1.01901470372509,0.102207880935442,0.756587606436746
ebi-a-GCST90002098,CD45RA on naive CD4+ T cell,10,IVW,76.1066734719622,33.9979484758775,-0.0386797543582001,0.0237925334470854,0.962058754941998,0.918224724936157,1.00798532518812,0.104011408185424,0.756717594418506
ebi-a-GCST90001410,IgD- CD38+ B cell %B cell,1,Wald,32.2132943754565,32.2132943754565,0.206488272921109,0.127520966595593,1.22935331740919,0.957477725286532,1.57842792486134,0.105393572024011,0.756717594418506
ebi-a-GCST90001995,CX3CR1 on monocyte,3,IVW,148.32806357908,70.581252478482,0.0565812577949898,0.0350002340755616,1.05821259932917,0.988052741085918,1.13335438364179,0.105965396253003,0.756717594418506
ebi-a-GCST90002090,CD11c on granulocyte,3,IVW,78.1204470781442,33.9120102731566,-0.0685251356793389,0.0430787176615516,0.933769988865525,0.858164543451743,1.01603637526065,0.11167805037792,0.772212102444612
ebi-a-GCST90001635,CD8dim Natural Killer T %lymphocyte,6,IVW,58.5277545481974,31.1488848688864,0.0698145711092605,0.0439155540310582,1.07230932568921,0.983871564046796,1.16869653720916,0.111892097292903,0.772212102444612
ebi-a-GCST90001570,Effector Memory CD4-CD8- T cell %CD4-CD8- T cell,3,IVW,42.3997998617964,30.6516077433257,0.0731207798740735,0.0460029063545865,1.07586047136006,0.983099526173778,1.17737393114204,0.111951672183074,0.772212102444612
ebi-a-GCST90001967,FSC-A on CD14+ monocyte,1,Wald,32.1619708935174,32.1619708935174,0.41478247642227,0.265248859142075,1.51404136517529,0.900229734661597,2.54637362797571,0.117876668827387,0.786144793350051
ebi-a-GCST90001392,IgD+ CD38+ B cell Absolute Count,2,IVW,33.0257053086255,32.1159115163981,0.225063529344277,0.144187001165014,1.25240227796007,0.944081300683979,1.66141566907766,0.118544009868887,0.786144793350051
ebi-a-GCST90001834,CD62L on monocyte,2,IVW,138.797080220324,46.8018359633173,-0.0644519639984579,0.0414366786969032,0.93758115082996,0.864444777170499,1.01690522935307,0.119843057156128,0.786144793350051
ebi-a-GCST90001896,CD28 on CD28+ CD45RA+ CD8+ T cell,3,IVW,136.597212555596,32.9556002959782,0.0694541958922248,0.0448308683350169,1.07192296160544,0.981754201388097,1.17037322986994,0.121321778218228,0.786144793350051
ebi-a-GCST90001724,CD19 on IgD+ CD24+ B cell,4,IVW,36.8065325395139,33.5013242842235,-0.0565437666712425,0.0365656790631349,0.945025122986152,0.879666432246031,1.01523992542802,0.122017231685507,0.786144793350051
ebi-a-GCST90001997,CX3CR1 on CD14+ CD16- monocyte,3,IVW,174.862885571919,98.6725038020868,0.0491145190032147,0.0317997210899528,1.05034062781462,0.986873973294408,1.1178888736474,0.122468394786198,0.786144793350051
ebi-a-GCST90002062,CD4 on CD28+ CD4+ T cell,2,IVW,39.423392269528,37.7833828761819,-0.105008953146803,0.0680926296229873,0.900316461884729,0.787831923277663,1.02886124259649,0.123037488250832,0.786144793350051
ebi-a-GCST90001877,HVEM on naive CD4+ T cell,1,Wald,42.5286148150175,42.5286148150175,-0.110352657004831,0.0718985507246377,0.895518268813087,0.777809365418134,1.03104051639552,0.12482352623359,0.789248754414472
ebi-a-GCST90001568,Naive CD4-CD8- T cell %T cell,1,Wald,33.9793886777519,33.9793886777519,-0.204809461235217,0.134061760840999,0.814802553093651,0.626522549495569,1.05966369616299,0.126580908769949,0.792109398178962
ebi-a-GCST90002074,SSC-A on CD14+ monocyte,6,IVW,150.884236168534,43.6902346359995,-0.0594874939080231,0.039261163223532,0.942247317349161,0.872459212520177,1.01761778007606,0.129728344383731,0.803521480009436
ebi-a-GCST90001577,Transitional B cell Absolute Count,1,Wald,33.152740258465,33.152740258465,0.220088,0.14683580952381,1.24618639016462,0.934531273958148,1.66177479802681,0.133906989045005,0.819743476296854
ebi-a-GCST90001634,CD8dim Natural Killer T %T cell,5,IVW,66.0352541840894,30.5045799707579,0.0674338801557653,0.0455004899567875,1.06975952492629,0.978487682706284,1.16954506571345,0.138327698844309,0.819743476296854
ebi-a-GCST90001867,CD3 on CD4+ T cell,2,IVW,41.0128263334809,30.3498482032101,-0.0893821111595011,0.0606258588307593,0.914496067650878,0.812037470078878,1.02988234972419,0.140394587259475,0.819743476296854
ebi-a-GCST90001582,CD14+ CD16- monocyte Absolute Count,3,IVW,37.2162885090547,36.9099803302223,0.115798827605387,0.0788380080614558,1.122769979087,0.962016508178393,1.31038544060541,0.141881670852751,0.819743476296854
ebi-a-GCST90001736,CD19 on memory B cell,3,IVW,33.5498489234884,32.7774188920476,-0.0591839189033833,0.0406401626205046,0.942533403505003,0.87036846183706,1.02068176372989,0.145312084735039,0.819743476296854
ebi-a-GCST90001878,HVEM on Effector Memory CD4+ T cell,1,Wald,53.8599753626941,53.8599753626941,-0.0903223455933379,0.0620437196391395,0.913636631057719,0.809022915927169,1.0317778114528,0.145451933502942,0.819743476296854
ebi-a-GCST90001735,CD19 on IgD- CD38dim B cell,4,IVW,39.8577860227869,30.3893783786919,-0.0491672988186015,0.0339174682035185,0.952021844244917,0.890790920212226,1.01746164150793,0.147165679164387,0.819743476296854
ebi-a-GCST90001713,BAFF-R on IgD- CD38+ B cell,3,IVW,78.7411098342662,32.408771126537,-0.0749958526987895,0.0517801119907506,0.927747333968215,0.838211459354034,1.02684723058838,0.147518502462259,0.819743476296854
ebi-a-GCST90001580,CD14+ CD16+ monocyte Absolute Count,3,IVW,209.859140981459,38.0862666508301,-0.0589890808294289,0.0409951074293953,0.94271706278931,0.869932643677477,1.02159111620093,0.150170419601091,0.819743476296854
ebi-a-GCST90001604,T cell %lymphocyte,2,IVW,58.5447978122298,52.7411510792609,-0.0930141845271557,0.0649843864328616,0.911180575538858,0.802211025280423,1.03495216978488,0.15233529531861,0.819743476296854
ebi-a-GCST90001790,CD25 on memory B cell,4,IVW,95.5658465447806,31.5677791049709,-0.0589619939704101,0.0413013807491712,0.942742598379322,0.86943413347806,1.02223224575232,0.153406027791362,0.819743476296854
ebi-a-GCST90001723,CD19 on CD24+ CD27+ B cell,3,IVW,39.5816360176417,36.7669936589537,-0.0517536185701639,0.0362682240190512,0.949562792662793,0.884405741854166,1.01952017556919,0.153588931973051,0.819743476296854
ebi-a-GCST90001687,CD28- CD8+ T cell Absolute Count,3,IVW,35.248229084974,31.7367583836977,0.109237537182192,0.0766548049176592,1.11542727432724,0.959823485731025,1.29625709602792,0.15414045791514,0.819743476296854
ebi-a-GCST90001777,CD25 on CD24+ CD27+ B cell,4,IVW,98.7361823454788,30.4215227308102,-0.057906574991889,0.0407365958858758,0.943738112059118,0.871316229696536,1.02217954147727,0.155174991200194,0.819743476296854
ebi-a-GCST90001778,CD25 on IgD+ CD24+ B cell,3,IVW,98.1182976290437,38.2239959843488,-0.0669084553261914,0.0471480367062385,0.935280817395218,0.852724631417009,1.02582964671005,0.155865681815149,0.819743476296854
ebi-a-GCST90001547,Terminally Differentiated CD4+ T cell %T cell,6,IVW,50.2215633580863,31.6478666604443,-0.0682149785617909,0.0480954701580777,0.934059649191508,0.850031305588709,1.02639446631147,0.156096077915847,0.819743476296854
ebi-a-GCST90001792,CD25 on unswitched memory B cell,4,IVW,88.1177875941812,33.2763593951814,-0.0606242492448827,0.0428957916706253,0.941176821243879,0.86528183793311,1.02372865119031,0.157570090510422,0.819743476296854
ebi-a-GCST90001572,Terminally Differentiated CD4-CD8- T cell Absolute Count,1,Wald,50.705333993935,50.705333993935,0.519797828528641,0.36931785847997,1.68168762606678,0.815409225899475,3.46828706597779,0.159292863447854,0.819743476296854
ebi-a-GCST90001786,CD25 on IgD- CD27- B cell,2,IVW,71.8839116771958,62.500206269357,0.106405340764934,0.075605868517434,1.11227263458556,0.959078682051709,1.28993630741676,0.159318056621838,0.819743476296854
ebi-a-GCST90001585,CD14+ CD16+ monocyte %monocyte,3,IVW,245.595825252942,34.5325092482494,-0.0534501958295953,0.0380080137005534,0.947953151848455,0.879900978139568,1.02126852955593,0.159638760562903,0.819743476296854
ebi-a-GCST90001647,Natural Killer %lymphocyte,3,IVW,68.4469030349561,40.2497611028798,0.0785035584766801,0.0559661986836505,1.08166720424295,0.969291205135413,1.20707165662491,0.160707534891805,0.819743476296854
ebi-a-GCST90002080,SSC-A on T cell,1,Wald,32.2541552575735,32.2541552575735,-0.257526970954357,0.186285062240664,0.772960778542465,0.536523082853952,1.11359302937505,0.166838207062697,0.843257101389049
ebi-a-GCST90001800,CD27 on IgD+ CD24+ B cell,6,IVW,125.834096286456,32.7064376949037,-0.0457467003138081,0.0331895032785876,0.95528390466072,0.895119431368784,1.01949226720323,0.168095731907866,0.843257101389049
ebi-a-GCST90001645,Natural Killer Absolute Count,3,IVW,47.7122049644824,34.8753495346537,0.0897974431476122,0.0666802238412054,1.09395267365141,0.959929153595843,1.24668830788833,0.178080806993974,0.882376122514357
ebi-a-GCST90001963,FSC-A on myeloid Dendritic Cell,3,IVW,84.4027025053082,30.4853687409079,-0.0633048080666573,0.0470858288315675,0.938657319757446,0.855907445949882,1.02940752309546,0.178801092371114,0.882376122514357
ebi-a-GCST90002035,CD80 on myeloid Dendritic Cell,4,IVW,80.7906793199624,51.0204081632653,0.0658399828257177,0.049357137160816,1.06805579622073,0.969572519654245,1.17654240473677,0.182220046222711,0.891996516590205
ebi-a-GCST90001435,Plasma Blast-Plasma Cell %lymphocyte,1,Wald,29.9886621315193,29.9886621315193,0.179692801140413,0.138218104062723,1.19684963579878,0.912821722718477,1.5692539025536,0.193577993772886,0.90780712403591
ebi-a-GCST90001861,CD3 on CD28+ CD4+ T cell,2,IVW,194.553946937309,51.0776748466926,-0.0466934230366509,0.035939651210764,0.954379943649144,0.889464983268217,1.02403252963707,0.193869304703392,0.90780712403591
ebi-a-GCST90001969,FSC-A on Natural Killer,3,IVW,53.7212217703174,30.8460247499048,0.07862341011368,0.0606142509447356,1.08179685159714,0.960616011427122,1.21826454504632,0.19459300599158,0.90780712403591
ebi-a-GCST90001523,CD33- HLA DR+ Absolute Count,1,Wald,46.1408523469339,46.1408523469339,0.099257007500987,0.0765369127516778,1.10435008934595,0.950511192736965,1.28308759450442,0.194682298564104,0.90780712403591
ebi-a-GCST90001839,CD3 on Effector Memory CD8+ T cell,3,IVW,72.4855335725494,30.3233777777778,-0.0598759647483308,0.046392103214201,0.941881352829887,0.860015826455945,1.03153971766368,0.196825094201161,0.90780712403591
ebi-a-GCST90001646,Natural Killer %CD3- lymphocyte,5,IVW,40.2479140849826,31.9181203052701,0.055422268827007,0.0435590284410231,1.05698685305119,0.970490731240992,1.15119204291053,0.203249288203801,0.90780712403591
ebi-a-GCST90001737,CD19 on naive-mature B cell,2,IVW,31.964589375691,31.0319352960771,-0.209267692974983,0.16572792671544,0.811178059908401,0.58619989528599,1.12250078884053,0.206690419600702,0.90780712403591
ebi-a-GCST90001514,Hematopoietic Stem Cell Absolute Count,2,IVW,71.0840513912234,64.1588636222739,0.0371284193393097,0.0294758989133289,1.03782628924724,0.979567293047317,1.099550193537,0.207806629587765,0.90780712403591
ebi-a-GCST90001994,CX3CR1 on CD14- CD16-,3,IVW,110.611976017628,34.34524442456,0.0738420231712649,0.0586693653126716,1.07663670840798,0.959685230826794,1.20784040918597,0.208170165864807,0.90780712403591
ebi-a-GCST90001818,CD38 on IgD+ B cell,1,Wald,45.2911984857077,45.2911984857077,0.15196918767507,0.121133300378975,1.16412436650126,0.918097136234594,1.47608078404427,0.209637949068335,0.90780712403591
ebi-a-GCST90001702,BAFF-R on CD24+ CD27+ B cell,9,IVW,298.899025494673,34.7859225322782,-0.0230107784723676,0.0183463144348946,0.977251950433367,0.942735470523356,1.01303218610799,0.20975286270153,0.90780712403591
ebi-a-GCST90001913,CD45 on granulocyte,1,Wald,33.9068076563291,33.9068076563291,-0.143784393063584,0.115156647398844,0.866074459591272,0.691085712290639,1.08537183769886,0.211812037986225,0.90780712403591
ebi-a-GCST90001598,CD4-CD8- T cell Absolute Count,2,IVW,42.714534441609,33.5229303132333,-0.100994688001587,0.0819132887759148,0.903937834589454,0.769861435670737,1.06136451436923,0.217595792090236,0.90780712403591
ebi-a-GCST90001649,HLA DR+ Natural Killer %Natural Killer,4,IVW,185.977545456294,29.8588850564433,-0.0427705046053097,0.0349324789786608,0.958131251547206,0.894725632649932,1.02603017248148,0.220810249013101,0.90780712403591
ebi-a-GCST90001625,HLA DR+ CD4+ T cell %T cell,1,Wald,141.696265622817,141.696265622817,-0.0902435597189696,0.0738798929407829,0.913708615554195,0.790532784651318,1.05607692729176,0.221900501978957,0.90780712403591
ebi-a-GCST90001715,BAFF-R on memory B cell,9,IVW,295.725502834486,35.418878040569,-0.022482835107221,0.0184071399247503,0.977768020332527,0.943120869216134,1.0136879935438,0.221927320987902,0.90780712403591
ebi-a-GCST90001717,BAFF-R on unswitched memory B cell,9,IVW,297.743187674311,34.7342614258059,-0.0224011295802972,0.0183715964332125,0.977847912647615,0.94326364095409,1.01370019870811,0.222717089321012,0.90780712403591
ebi-a-GCST90001725,CD19 on IgD+ CD24- B cell,4,IVW,32.2963447478209,30.0271646627905,-0.0506043226545363,0.0415176067170084,0.950654748672127,0.876359545819752,1.03124848184029,0.22289575633815,0.90780712403591
ebi-a-GCST90001742,CD19 on transitional B cell,4,IVW,37.246491622197,35.1085956644832,-0.0452572355588254,0.037379562094975,0.955751596913153,0.888233005111917,1.02840258101752,0.225991943446632,0.90780712403591
ebi-a-GCST90002059,CD8 on Natural Killer T,2,IVW,43.4819185183586,36.3062231167071,-0.0897871190655326,0.0742775152087368,0.914125764506357,0.790277563619731,1.05738281308012,0.226737318611486,0.90780712403591
ebi-a-GCST90001990,CD64 on CD14- CD16+ monocyte,2,IVW,68.1921499469816,58.6577702815375,0.111938022085113,0.0926901961331352,1.11844353969837,0.932641158665152,1.34126179170927,0.227178984031809,0.90780712403591
ebi-a-GCST90001782,CD25 on IgD+ CD38- unswitched memory B cell,1,Wald,148.668246298654,148.668246298654,-0.0599336566012784,0.0497857615164206,0.941827015516811,0.85426506808913,1.03836403979561,0.228654800207784,0.90780712403591
ebi-a-GCST90001729,CD19 on IgD+ CD38+ B cell,4,IVW,48.9387351255353,42.9189138703099,-0.0401484979581009,0.0334556015064834,0.960646774475413,0.899675193497124,1.02575043969239,0.230118722512673,0.90780712403591
ebi-a-GCST90001738,CD19 on unswitched memory B cell,4,IVW,35.1089502924366,30.3085061576035,-0.0460144903818045,0.0383671414645006,0.955028123368308,0.885844290966254,1.02961516569636,0.230403437086626,0.90780712403591
ebi-a-GCST90001970,FSC-A on HLA DR+ Natural Killer,4,IVW,109.132107389434,29.9534331628926,-0.0504401058375788,0.0421931177198818,0.950810874987912,0.875343746552267,1.03278434735616,0.231908083551693,0.90780712403591
ebi-a-GCST90001730,CD19 on IgD+ CD38dim B cell,4,IVW,35.3176421365269,32.2189393932982,-0.0470030266811835,0.0393265933095233,0.954084509876368,0.883306391284429,1.03053398115051,0.232010067044843,0.90780712403591
ebi-a-GCST90001947,CD33 on CD33+ HLA DR+ CD14dim,5,IVW,266.635436057423,40.0074043357454,-0.0167764623613508,0.0140750155709518,0.983363478817847,0.956606174734723,1.01086921348892,0.233287884425186,0.90780712403591
ebi-a-GCST90001956,CD33 on CD33+ HLA DR+,5,IVW,273.524850376122,41.0679725159846,-0.0166664319983056,0.0139913926799498,0.983471684611279,0.956868254934565,1.01081475892237,0.233578304435531,0.90780712403591
ebi-a-GCST90001469,CD62L- myeloid Dendritic Cell %Dendritic Cell,3,IVW,338.762355947661,37.5463983096398,0.0397801079665052,0.0334191645600332,1.04058193335583,0.974606523995767,1.11102350883838,0.233913494931083,0.90780712403591
ebi-a-GCST90001468,CD62L- myeloid Dendritic Cell Absolute Count,3,IVW,314.189685168448,39.7103095813487,0.0404541145505158,0.0339877763244013,1.04128352884354,0.974177331179569,1.11301233639668,0.233946252994316,0.90780712403591
ebi-a-GCST90001957,CD33 on CD33+ HLA DR+ CD14-,5,IVW,277.071174432871,43.2589196875908,-0.0165660049646062,0.013923653352083,0.983570456714903,0.95709141891492,1.01078206763064,0.234135112064915,0.90780712403591
ebi-a-GCST90002029,CD39 on CD39+ CD8+ T cell,2,IVW,47.1987604448077,44.3639947470334,-0.0817641394382009,0.0690398057738413,0.921489276045385,0.804863839977507,1.05501383425348,0.236292623916761,0.90780712403591
ebi-a-GCST90001462,CD62L- Dendritic Cell Absolute Count,3,IVW,279.996826947505,33.3767165497229,0.043432007132291,0.0366792799370475,1.04438898089604,0.971941772118156,1.12223630541158,0.236372705795605,0.90780712403591
ebi-a-GCST90002030,CD39 on CD39+ activated CD4 regulatory T cell,5,IVW,122.150538736567,34.9190290551072,-0.038133678551747,0.0323666012215818,0.962584255420948,0.903415935046537,1.02562774558163,0.238724899366335,0.90780712403591
ebi-a-GCST90001464,CD86+ myeloid Dendritic Cell Absolute Count,3,IVW,308.385466399284,32.1255980889382,0.040262163920318,0.0342857178643727,1.04108367299581,0.973421744527994,1.11344873922453,0.240269681393891,0.90780712403591
ebi-a-GCST90001472,CD62L- CD86+ myeloid Dendritic Cell Absolute Count,3,IVW,424.072978429455,34.6901034185579,0.0353339157152713,0.0301530808121966,1.03596557623751,0.976514067549362,1.09903657388414,0.241270229377796,0.90780712403591
ebi-a-GCST90001473,CD62L- CD86+ myeloid Dendritic Cell %Dendritic Cell,3,IVW,433.103536918603,30.3396706993171,0.0349401786185674,0.0299467029114113,1.035557758451,0.976524578401844,1.09815963141767,0.243313192412568,0.90780712403591
ebi-a-GCST90001952,CD33 on Monocytic Myeloid-Derived Suppressor Cells,4,IVW,258.834537176115,31.8827496979811,-0.0175480855361491,0.0150425632451272,0.982604985441508,0.954057335250389,1.01200684879291,0.243387219651853,0.90780712403591
ebi-a-GCST90002001,CD64 on CD14- CD16-,3,IVW,41.5808042868152,30.4901789783887,0.0683174368688038,0.0586114731328507,1.07070513582478,0.954506285732262,1.20104969974303,0.243776871858078,0.90780712403591
ebi-a-GCST90001976,FSC-A on Natural Killer T,2,IVW,30.2055348236364,30.0449020630394,0.129135264563668,0.111542166544606,1.13784402373231,0.914399803072804,1.41588943697558,0.246975876536872,0.914111933279763
ebi-a-GCST90001885,CD16-CD56 on HLA DR+ Natural Killer,2,IVW,62.1031859801205,59.384403926474,0.123798268802715,0.107741944964636,1.13178753111459,0.916332541765567,1.39790191573723,0.250545364113667,0.916895616423276
ebi-a-GCST90001601,Lymphocyte Absolute Count,2,IVW,32.5616468533586,32.0243369808217,0.0903535490140582,0.0787343752913849,1.09456119633668,0.938037054938781,1.27720350301532,0.251144326444498,0.916895616423276
ebi-a-GCST90001532,Basophil Absolute Count,3,IVW,82.5363428310116,33.1637905904485,-0.017829389719086,0.0155731749967078,0.982328613423054,0.952797568675134,1.01277494451571,0.252259584749073,0.916895616423276
ebi-a-GCST90001826,IgD on unswitched memory B cell,6,IVW,97.813397001757,31.5033962311772,-0.0364023132993306,0.0320546099071841,0.964252283919922,0.905535000914749,1.02677695075899,0.256109662989964,0.925348603779216
ebi-a-GCST90001888,CD28 on CD39+ secreting CD4 regulatory T cell,2,IVW,152.759592468827,42.3755757964252,0.0477122024873275,0.0424583119318138,1.04886875006537,0.965116857713013,1.13988854932097,0.261122352045601,0.929456220857434
ebi-a-GCST90002069,CD4 on CD39+ secreting CD4 regulatory T cell,3,IVW,69.5913349645063,35.5873959571938,0.0516346360970071,0.0461168548870104,1.05299094734018,0.96198694462776,1.1526039322804,0.262863868537234,0.929456220857434
ebi-a-GCST90001465,CD86+ myeloid Dendritic Cell %Dendritic Cell,2,IVW,443.722225272644,48.064013910942,0.0384858018970395,0.0347355531518248,1.03923597307389,0.970837787037343,1.11245299899858,0.267876624030546,0.929456220857434
ebi-a-GCST90001433,IgD- CD27- B cell %lymphocyte,2,IVW,88.9899036572507,31.8115228750839,0.0684580643418131,0.0619306612956192,1.07085571697005,0.94845016504151,1.2090587453451,0.268986923788353,0.929456220857434
ebi-a-GCST90001517,CD33+ HLA DR+ Absolute Count,1,Wald,90.9746747138397,90.9746747138397,-0.0554699675324675,0.050428841991342,0.946040435172453,0.857005881224553,1.04432481105317,0.271347316960088,0.929456220857434
ebi-a-GCST90001518,CD33+ HLA DR+ CD14- Absolute Count,1,Wald,92.4877250953194,92.4877250953194,-0.0544244757101142,0.0494783647464826,0.947030029927513,0.85950204866024,1.04347148326465,0.271347316960088,0.929456220857434
ebi-a-GCST90001650,HLA DR+ Natural Killer  %CD3- lymphocyte,3,IVW,266.967149682763,30.6876214321519,-0.0389992817023008,0.0354863502285617,0.961751399969936,0.897131768906884,1.03102552757792,0.271770735628146,0.929456220857434
ebi-a-GCST90001648,HLA DR+ Natural Killer Absolute Count,3,IVW,258.495770743682,37.2428069045936,-0.0396959377886445,0.0361422476181675,0.961081623332672,0.895355222214941,1.03163288021346,0.272062554724212,0.929456220857434
ebi-a-GCST90001543,Effector Memory CD4+ T cell %CD4+ T cell,2,IVW,37.7892424704115,35.893372883429,0.0729707288774869,0.0668315924008302,1.0756990495352,0.943631836865515,1.22624989955257,0.274894731147722,0.929456220857434
ebi-a-GCST90001654,CD28- CD4-CD8- T cell Absolute Count,2,IVW,42.3069571695344,36.8156869677787,-0.0820818826666032,0.0752839767107349,0.921196525580078,0.794820896587882,1.06766573750616,0.275582402318794,0.929456220857434
ebi-a-GCST90001542,Effector Memory CD4+ T cell Absolute Count,1,Wald,46.2152385206813,46.2152385206813,0.0820987723214286,0.0757315848214286,1.08556302811471,0.935817187642192,1.25927061777813,0.278331227311749,0.929456220857434
ebi-a-GCST90001979,CD16 on CD14- CD16+ monocyte,5,IVW,530.022715379666,42.1685113940574,-0.0228571309508097,0.0211131271921695,0.977402114309347,0.937780974180861,1.01869724312848,0.278984756893878,0.929456220857434
ebi-a-GCST90001908,CCR7 on naive CD8+ T cell,2,IVW,42.4247200027437,31.1470604347426,0.0808379032048842,0.0749884617276247,1.08419513776506,0.936000300197043,1.25585333306619,0.28103172403779,0.929456220857434
ebi-a-GCST90001548,Central Memory CD8+ T cell Absolute Count,1,Wald,33.5381593858922,33.5381593858922,0.115143556280587,0.108381729200653,1.12203450111049,0.907297722547268,1.38759460141451,0.288059128040822,0.929456220857434
ebi-a-GCST90001452,CD11c+ CD62L- monocyte Absolute Count,1,Wald,34.4071257702615,34.4071257702615,-0.170376451077944,0.16085461580984,0.843347277839407,0.615296201869709,1.15592234907009,0.289510850672766,0.929456220857434
ebi-a-GCST90001531,CD33dim HLA DR- Absolute Count,3,IVW,80.1282909629595,33.2482440166493,-0.0164806792849537,0.0155631865107259,0.983654384113139,0.954102162354044,1.01412195209548,0.289621295101882,0.929456220857434
ebi-a-GCST90001697,CD45RA- CD28- CD8+ T cell %T cell,42,IVW,40.9508122422597,30.4368548278712,-0.000370049913631392,0.000349975255302436,0.999630018546393,0.998944555959256,1.00031595148892,0.290347218385956,0.929456220857434
ebi-a-GCST90001633,CD8dim Natural Killer T Absolute Count,5,IVW,59.4422905710506,35.9511367548666,0.0513514956316148,0.0489735983450753,1.05269284519767,0.956344804184515,1.15874757878286,0.294383124539432,0.929456220857434
ebi-a-GCST90001761,CD20 on switched memory B cell,7,IVW,49.0880054504137,30.9139584216674,0.0437382212284034,0.0419877840811047,1.04470883649346,0.96217605512944,1.13432104990462,0.297555797567375,0.929456220857434
ebi-a-GCST90001680,CD25++ CD8+ T cell %CD8+ T cell,1,Wald,35.3796921730343,35.3796921730343,-0.0580504901302538,0.0560409560897006,0.94360230363082,0.845446182744066,1.05315432914661,0.300268249044649,0.929456220857434
ebi-a-GCST90001621,Natural Killer T Absolute Count,5,IVW,52.1176252440304,30.9534003673985,0.0731792254933391,0.0707261054008235,1.0759233525291,0.936651552950872,1.23590363659834,0.300816141680724,0.929456220857434
ebi-a-GCST90001805,CD27 on memory B cell,8,IVW,99.5581753224669,30.8786049049385,-0.031250482774624,0.0303010626462363,0.969232766555247,0.913345939892622,1.02853925849255,0.302384735699768,0.929456220857434
ebi-a-GCST90001865,CD3 on CD28- CD8+ T cell,2,IVW,54.1036562306264,30.2110054826216,-0.0654194008982896,0.0634770130476048,0.936674538843716,0.827096133988704,1.06077051465225,0.302728500748621,0.929456220857434
ebi-a-GCST90001573,Terminally Differentiated CD4-CD8- T cell %CD4-CD8- T cell,2,IVW,46.5445674935143,32.5427616164942,-0.0634465824021275,0.0617075166926895,0.938524251672746,0.831608655236785,1.05918542986675,0.303864037351575,0.929456220857434
ebi-a-GCST90001527,CD33dim HLA DR+ CD11b- Absolute Count,2,IVW,56.6916662644628,30.5005165289256,-0.0626932824874115,0.0614088165981964,0.939231508266211,0.832722718631261,1.05936322665726,0.307293936408538,0.929456220857434
ebi-a-GCST90001825,IgD on IgD+ CD38dim B cell,5,IVW,122.088710760462,31.7334737600491,-0.0259879307379379,0.0255089857296279,0.974346849185247,0.926829605853152,1.02430023439242,0.308309540083167,0.929456220857434
ebi-a-GCST90001946,CD33 on CD14+ monocyte,6,IVW,239.186608832649,31.4602954733126,-0.0150504997940504,0.0148528590601847,0.985062192909106,0.956798844409957,1.01416042626734,0.310913746312372,0.929456220857434
ebi-a-GCST90001659,CD39+ CD4+ T cell %CD4+ T cell,5,IVW,136.75857963236,74.6669130630832,-0.0374183760795155,0.0370371450707456,0.963273040634096,0.895824119552269,1.03580036589796,0.312354834623534,0.929456220857434
ebi-a-GCST90001941,CD25 on secreting CD4 regulatory T cell,2,IVW,40.4926806349207,38.5222644748661,-0.0612192547010812,0.0606353652067519,0.940616982470071,0.835216279332041,1.05931880113578,0.312672820776636,0.929456220857434
ebi-a-GCST90001821,IgD on IgD+ CD24- B cell,5,IVW,135.658057456923,35.2163499956022,-0.0244006392103889,0.0243755969149949,0.975894649764252,0.930366383965677,1.02365087975237,0.316813585488978,0.929456220857434
ebi-a-GCST90001597,CD8dim T cell %T cell,2,IVW,60.1359307521249,57.4661810613944,0.0888827359474401,0.08910504970089,1.0929524847739,0.917811578629506,1.30151456114463,0.318519429835026,0.929456220857434
ebi-a-GCST90001434,Switched memory B cell %lymphocyte,3,IVW,36.1537592506277,32.6206238736633,-0.0733123620386935,0.0736080307734956,0.92931050336123,0.804459945099012,1.07353761603533,0.319258307964474,0.929456220857434
ebi-a-GCST90001612,CD8dim T cell %leukocyte,2,IVW,52.2256216721135,52.186000316301,0.0934586445062873,0.0942138297554924,1.09796519550963,0.912834704055843,1.32064169470573,0.321205160600169,0.929456220857434
ebi-a-GCST90002017,CCR2 on monocyte,2,IVW,98.0290396802115,76.4957998603877,-0.0430248591961,0.0438401142971363,0.957887577455921,0.879016611567941,1.04383534846708,0.326393603148516,0.929456220857434
ebi-a-GCST90001950,CD33 on Granulocytic Myeloid-Derived Suppressor Cells,3,IVW,118.703092150064,30.9789791411844,-0.0202665627019277,0.0207815351485954,0.979937423721217,0.940824771820242,1.02067609524301,0.329451286745679,0.929456220857434
ebi-a-GCST90001926,CD127 on granulocyte,8,IVW,51.1366484834048,29.9097872771477,-0.0274451617944993,0.0281675296650296,0.972928034718077,0.920670085792452,1.02815218540051,0.329880508635569,0.929456220857434
ebi-a-GCST90001942,CD25 on CD39+ secreting CD4 regulatory T cell,2,IVW,35.9862175002365,31.1087224325461,-0.0617902368876436,0.0634500793800833,0.940080060229807,0.830147077176279,1.06457101872566,0.330135898121459,0.929456220857434
ebi-a-GCST90001840,CD3 on Terminally Differentiated CD8+ T cell,2,IVW,44.6002792951653,30.5134085763189,-0.0674466187662732,0.0695262615191707,0.934777618866756,0.815692289494955,1.07124856761271,0.332002437942725,0.929456220857434
ebi-a-GCST90002008,CCR2 on monocyte,2,IVW,52.8589677817461,35.2846710565503,-0.0663592427329194,0.06842869109725,0.935794626480672,0.818338284377986,1.07010951298181,0.332167335662269,0.929456220857434
ebi-a-GCST90002036,CD80 on CD62L+ myeloid Dendritic Cell,3,IVW,84.9772260439312,65.7649571219748,0.0531350200001532,0.0548984403303785,1.05457202382197,0.946990778867885,1.17437484951807,0.333105053791958,0.929456220857434
ebi-a-GCST90001497,CD39+ secreting CD4 regulatory T cell %CD4 regulatory T cell,7,IVW,91.8668292489417,33.1509662329096,-0.0332679673896819,0.0344850885996635,0.967279325541489,0.904060730540466,1.03491863103119,0.334692154439913,0.929456220857434
ebi-a-GCST90001496,CD39+ secreting CD4 regulatory T cell %secreting CD4 regulatory T cell,7,IVW,94.593761081946,31.1210882217083,-0.0327914456584638,0.0340237645069774,0.967740364999204,0.905309844655635,1.03447611840014,0.335155913029529,0.929456220857434
ebi-a-GCST90001695,CD45RA- CD28- CD8+ T cell Absolute Count,146,IVW,40.8501368524597,29.8844444444444,8.49971901937781e-06,8.84552194754019e-06,1.00000849975514,0.999991162535053,1.00002583727581,0.336599211591715,0.929456220857434
ebi-a-GCST90001699,CD45RA+ CD28- CD8+ T cell %CD8+ T cell,1,Wald,54.4501170655567,54.4501170655567,-0.00631970856102004,0.00657766848816029,0.993700218796666,0.980971434303109,1.00659416809423,0.336661555764196,0.929456220857434
ebi-a-GCST90001467,CD86+ plasmacytoid Dendritic Cell %Dendritic Cell,1,Wald,86.91214762454,86.91214762454,-0.101899598393574,0.106653888280394,0.903120221838153,0.732756946479469,1.11309232756055,0.339363730275459,0.929456220857434
ebi-a-GCST90001459,Myeloid Dendritic Cell %Dendritic Cell,1,Wald,475.452706722189,475.452706722189,0.0439403962927453,0.0461521252796421,1.04492007192224,0.954547598819242,1.14384862321857,0.341057720354537,0.929456220857434
ebi-a-GCST90001903,CD86 on myeloid Dendritic Cell,1,Wald,280.940853277835,280.940853277835,0.052921285604311,0.05558506543495,1.05434664959356,0.945515079176846,1.17570505430431,0.341057720354537,0.929456220857434
ebi-a-GCST90001958,CD4 on monocyte,1,Wald,76.9202454085139,76.9202454085139,-0.0750304774805283,0.0788753809685066,0.927715211475388,0.794830635461491,1.08281623179146,0.341475736244243,0.929456220857434
ebi-a-GCST90001679,CD25++ CD8+ T cell %T cell,2,IVW,31.5134981284988,30.6158714049266,-0.0497079692530957,0.0523623320979367,0.95150725330533,0.858697871404394,1.05434761543305,0.34246409765273,0.929456220857434
ebi-a-GCST90001658,CD39+ CD4+ T cell %T cell,6,IVW,114.03826076214,31.3850300128052,-0.0297176863491258,0.0313433095033937,0.970719542246437,0.912880245455148,1.03222348647639,0.343060771422221,0.929456220857434
ebi-a-GCST90001849,CD3 on HLA DR+ CD4+ T cell,2,IVW,164.004108544995,40.3876116778704,-0.0411226762817378,0.0435420627519473,0.959711388901198,0.881204886072267,1.04521203246158,0.344947071695055,0.929456220857434
ebi-a-GCST90001401,IgD- CD27- B cell Absolute Count,2,IVW,75.3932960216212,30.7434279815847,0.0582577563755265,0.0617883583026652,1.05998817921256,0.939086743076066,1.19645490510277,0.34575264236214,0.929456220857434
ebi-a-GCST90002004,CCR2 on CD14+ CD16- monocyte,3,IVW,53.1329033460538,34.0523954494472,-0.0480753083146336,0.0510831760275407,0.953062010881086,0.86226008306954,1.05342600732619,0.346644273267903,0.929456220857434
ebi-a-GCST90001745,CD20 on CD24+ CD27+ B cell,5,IVW,48.2338687610842,30.7823374237875,0.0477224050575322,0.0507231617679903,1.04887945127702,0.949618463897033,1.15851591469316,0.346786600947765,0.929456220857434
ebi-a-GCST90001999,PDL-1 on CD14- CD16+ monocyte,1,Wald,388.111069804684,388.111069804684,-0.0490703944987333,0.0523973941368078,0.952114103744333,0.859186483361512,1.05509256035101,0.349013505569252,0.929456220857434
ebi-a-GCST90001771,CD24 on memory B cell,2,IVW,127.760775857593,52.1991742068677,0.0537211012289532,0.0576339930005139,1.05519026984305,0.942479109349487,1.18138056804246,0.351280756374004,0.929456220857434
ebi-a-GCST90001396,IgD+ CD38- B cell Absolute Count,1,Wald,30.9301500615432,30.9301500615432,0.298938371012697,0.320799008981109,1.3484265187513,0.719047624305489,2.52869770375498,0.351411127040589,0.929456220857434
ebi-a-GCST90001773,CD24 on switched memory B cell,2,IVW,114.266331732523,45.8464195388298,0.0559686811388757,0.0601614601390114,1.05756456150031,0.939931968067435,1.18991888747111,0.352211693010825,0.929456220857434
ebi-a-GCST90001519,CD33+ HLA DR+ CD14- %CD33+ HLA DR+,1,Wald,63.6089622186435,63.6089622186435,-0.0549335038363171,0.0593682864450128,0.946548087677408,0.84257268686322,1.06335429127339,0.354809630097841,0.929456220857434
ebi-a-GCST90001545,Terminally Differentiated CD4+ T cell Absolute Count,2,IVW,38.813712026405,35.9306469899344,0.0748117694001791,0.0810948761318839,1.0776812791983,0.91930788789822,1.26333838186654,0.356256604073016,0.929456220857434
ebi-a-GCST90001965,FSC-A on monocyte,2,IVW,34.2198674416089,32.1050475486243,-0.0858034991513899,0.0930458697344426,0.917774556981768,0.764775154662636,1.10138271661642,0.356443330900852,0.929456220857434
ebi-a-GCST90001890,CD28 on CD45RA+ CD4+ T cell,2,IVW,130.885808627601,115.097293649099,0.0456195495626062,0.0495346542764448,1.0466761268078,0.949833690048976,1.15339235268954,0.357070105688139,0.929456220857434
ebi-a-GCST90001541,Naive CD4+ T cell %CD4+ T cell,4,IVW,36.9412867503096,32.6979297334198,-0.0481974227036704,0.0523711974038722,0.952945635401618,0.859981011512251,1.05595980826846,0.357413916898349,0.929456220857434
ebi-a-GCST90001508,CD25++ CD45RA+ CD4 not regulatory T cell %CD4+ T cell,5,IVW,65.7299291693697,33.6853620662512,-0.0263559875077887,0.0286600643628013,0.973988300218456,0.920784077586337,1.03026673902654,0.357778318792933,0.929456220857434
ebi-a-GCST90001451,CD62L- monocyte %monocyte,4,IVW,54.5516305598896,29.8939112835217,0.0601680510534855,0.0654283369589296,1.06201500429022,0.934193686256899,1.20732551068366,0.357780609184453,0.929456220857434
ebi-a-GCST90001399,IgD- CD27- B cell %B cell,3,IVW,102.174147891278,36.0393227715095,0.0429583353744868,0.0468313293248917,1.04389440047526,0.952341995146445,1.14424810088946,0.358985938567377,0.929456220857434
ebi-a-GCST90001918,CD45 on HLA DR+ T cell,1,Wald,85.3028657997728,85.3028657997728,0.0659391727493917,0.0724494264859228,1.06816174184792,0.92675902083219,1.23113935888429,0.36274830534672,0.929456220857434
ebi-a-GCST90002083,SSC-A on HLA DR+ T cell,1,Wald,49.5482600526919,49.5482600526919,0.0862696680309231,0.0947871759890859,1.09010025386115,0.905278002919443,1.31265595721527,0.36274830534672,0.929456220857434
ebi-a-GCST90001431,IgD+ CD38- B cell %lymphocyte,2,IVW,39.2552505998553,37.0839001189061,0.185557943417378,0.203943332988088,1.20388995525233,0.807210348938176,1.79550599947582,0.362901358061305,0.929456220857434
ebi-a-GCST90001801,CD27 on IgD+ CD38- unswitched memory B cell,5,IVW,117.317031239816,30.2045625298818,-0.0248501286890126,0.0274594972369189,0.975456093957432,0.92434422089896,1.02939421237827,0.365479207090049,0.93212554077168
ebi-a-GCST90002111,HLA DR on CD33dim HLA DR+ CD11b-,5,IVW,71.2699066391926,31.6896308394793,-0.0360818232210583,0.0400639609915028,0.964561366736212,0.891716353104821,1.04335714710243,0.367798114565031,0.934114876740477
ebi-a-GCST90002084,SSC-A on Natural Killer T,2,IVW,33.5841697787186,32.1428186385852,-0.0826601479161886,0.0923183375721536,0.920663983631388,0.768277648596516,1.10327584344598,0.370583092032385,0.93578498512799
ebi-a-GCST90001712,BAFF-R on IgD- CD38- B cell,7,IVW,360.73198699491,32.2839384043386,-0.0190606314733621,0.0213999874322126,0.981119873695898,0.94081890556339,1.02314717621945,0.373098593718669,0.93578498512799
ebi-a-GCST90001509,CD25++ CD45RA+ CD4 not regulatory T cell %T cell,5,IVW,57.0740374259863,29.883525297806,-0.0267362609330049,0.030091452162889,0.973617988765676,0.917855317334505,1.03276842237071,0.374271754240793,0.93578498512799
ebi-a-GCST90001406,Memory B cell %B cell,2,IVW,32.7969109145873,31.4051168866267,-0.0963640313873904,0.108536587618826,0.908133366839543,0.734110480633402,1.12340885156108,0.374622325183034,0.93578498512799
ebi-a-GCST90001703,BAFF-R on IgD+ CD24+ B cell,7,IVW,358.97567401623,33.7378896243828,-0.0187229319679135,0.0212531720552524,0.981451253342253,0.941407532001031,1.02319827486363,0.378346155376656,0.941213591449305
ebi-a-GCST90001477,HLA DR++ monocyte Absolute Count,1,Wald,59.3963413922946,59.3963413922946,-0.0668824278438031,0.0769626485568761,0.935305160717017,0.804343213028334,1.08759013502495,0.384833725576691,0.941863412793324
ebi-a-GCST90002054,CD8 on Central Memory CD8+ T cell,2,IVW,80.1027522162632,44.600526657775,-0.0484125195253834,0.0558435524653194,0.952740681867395,0.853964305968039,1.06294232738004,0.385979691895588,0.941863412793324
ebi-a-GCST90002112,HLA DR on CD33- HLA DR+,3,IVW,141.503425359208,31.3538502100084,0.0196119583488758,0.0227029114045533,1.01980553621344,0.975421349498309,1.06620931787734,0.387669127123979,0.941863412793324
ebi-a-GCST90001983,CD14 on CD14+ CD16+ monocyte,2,IVW,40.919694952272,38.3020352262234,-0.0650384463762529,0.0753701764929598,0.937031437221674,0.808346890794461,1.08620188231165,0.388181353781569,0.941863412793324
ebi-a-GCST90002088,CD11c on CD62L+ myeloid Dendritic Cell,1,Wald,145.074712917351,145.074712917351,0.0433073940736638,0.0503807809471061,1.04425884449925,0.946069792161193,1.15263857206964,0.390008756638432,0.941863412793324
ebi-a-GCST90001907,CCR7 on naive CD4+ T cell,4,IVW,63.4716683503027,30.1546994553777,0.0581392786735517,0.068476445859114,1.05986260168818,0.926747110157962,1.21209844858946,0.395858733652181,0.941863412793324
ebi-a-GCST90002046,CD45 on CD33- HLA DR+,2,IVW,55.532090500837,38.0343100118838,0.037271451191464,0.0439743407018904,1.03797474208009,0.952258967417785,1.13140605870876,0.396675976970344,0.941863412793324
ebi-a-GCST90001858,CD3 on CD45RA+ CD4+ T cell,5,IVW,176.624261685336,36.7658217995447,-0.0244916744237985,0.0290385765367982,0.975805813030243,0.92181817278382,1.03295531901704,0.398994395068931,0.941863412793324
ebi-a-GCST90001588,T/B cell,2,IVW,54.73500749525,40.538054623381,-0.0867278292986334,0.103006105777849,0.916926622236572,0.749297036515859,1.12205759477653,0.399805950160488,0.941863412793324
ebi-a-GCST90001690,CD28+ CD45RA+ CD8+ T cell Absolute Count,3,IVW,33.0139122956678,30.4013668930402,0.0833474124322469,0.099574219336052,1.08691935225858,0.894206936976413,1.32116362495336,0.402571168915746,0.941863412793324
ebi-a-GCST90001883,CD16-CD56 on Natural Killer T,4,IVW,131.589860396229,41.3199832646665,0.0350449434303906,0.0418828611157912,1.03566625414786,0.954044021606776,1.12427159092115,0.402740364622982,0.941863412793324
ebi-a-GCST90001632,CD8+ Natural Killer T %lymphocyte,1,Wald,105.356207184304,105.356207184304,0.157442060085837,0.188657157283514,1.17051293659786,0.808701043782089,1.69419904336382,0.403976410245819,0.941863412793324
ebi-a-GCST90001774,CD24 on transitional B cell,1,Wald,69.0773219470716,69.0773219470716,0.0972370486656201,0.116535097555506,1.10212159911263,0.877067131715803,1.3849247968674,0.404054828042861,0.941863412793324
ebi-a-GCST90001536,CD45RA- CD4+ T cell %T cell,2,IVW,46.3508929142495,38.0417624343766,0.0486248288819164,0.0584004583004728,1.04982641229859,0.936280592247306,1.17714230657535,0.405064492296852,0.941863412793324
ebi-a-GCST90001631,CD8+ Natural Killer T %T cell,1,Wald,110.975892521239,110.975892521239,0.165514778325123,0.199760837438424,1.18000040102018,0.797704968897444,1.74550867889453,0.407350769773929,0.941863412793324
ebi-a-GCST90001694,CD28- CD4-CD8- T cell %T cell,3,IVW,38.1461050400653,32.2417187051209,-0.0572473646608863,0.0692045736300701,0.94436043907201,0.824574050026584,1.08154827192964,0.408112727669979,0.941863412793324
ebi-a-GCST90001964,FSC-A on plasmacytoid Dendritic Cell,4,IVW,37.9308019741853,30.4854309625669,-0.0575365081845001,0.0696451446886601,0.944087422839435,0.823624141761683,1.08216966547042,0.408725751514289,0.941863412793324
ebi-a-GCST90001845,CD3 on CD45RA- CD4+ T cell,3,IVW,163.023811281171,37.2511349577074,-0.0267578541898371,0.0324272368445896,0.973596965409371,0.91364312446819,1.03748501539491,0.409277338192053,0.941863412793324
ebi-a-GCST90001842,CD3 on Naive CD4+ T cell,5,IVW,201.900217696641,39.1981620038353,-0.0231608188294236,0.0284862193618322,0.977105334201241,0.924045645398538,1.03321176705805,0.416187415809285,0.941863412793324
ebi-a-GCST90002052,CD45 on Immature Myeloid-Derived Suppressor Cells,2,IVW,136.831020796969,32.5614431191077,-0.0258106701348821,0.0318944425079965,0.974519577803856,0.91546442199661,1.0373842879134,0.418369691510679,0.941863412793324
ebi-a-GCST90001510,CD25++ CD45RA- CD4 not regulatory T cell Absolute Count,2,IVW,74.7637479665765,53.6500396333794,0.0458233244292715,0.0566715500344613,1.04688943482865,0.936830496203312,1.1698781083638,0.41875837178053,0.941863412793324
ebi-a-GCST90001850,CD3 on HLA DR+ CD8+ T cell,1,Wald,112.890625,112.890625,-0.0579775401069519,0.0717729055258467,0.943671141951705,0.819834789749885,1.08621302155781,0.419210642449818,0.941863412793324
ebi-a-GCST90001841,CD3 on Central Memory CD4+ T cell,4,IVW,154.367514793728,30.4805442403939,-0.0318267809757161,0.0395513684334091,0.968674360375135,0.896418890887982,1.04675395173642,0.420995814267018,0.941863412793324
ebi-a-GCST90001476,HLA DR++ monocyte %leukocyte,2,IVW,59.4711145297261,44.0372597425217,0.0426219426874631,0.0530895222330519,1.04354330108986,0.940415461644966,1.15798034556416,0.422072111853164,0.941863412793324
ebi-a-GCST90001400,IgD+ B cell Absolute Count,1,Wald,34.294379809172,34.294379809172,0.08554883163571,0.106723187537448,1.08931475306653,0.883707975004743,1.34275876738809,0.422786955710097,0.941863412793324
ebi-a-GCST90001409,Naive-mature B cell Absolute Count,1,Wald,31.3178384482064,31.3178384482064,0.0889601246105919,0.110978816199377,1.09303707017852,0.879362245614013,1.35863239835845,0.422786955710097,0.941863412793324
ebi-a-GCST90001416,IgD+ CD24- B cell Absolute Count,1,Wald,31.1110841395382,31.1110841395382,0.0896302573760201,0.111814814814815,1.09376979561731,0.878511061872795,1.36177268303761,0.422786955710097,0.941863412793324
ebi-a-GCST90001911,CD45 on Natural Killer,3,IVW,48.1041897669619,32.3616475881734,0.0521970582965185,0.0651297681905404,1.05358333939645,0.927319337948008,1.19703947456773,0.422881792130327,0.941863412793324
ebi-a-GCST90001852,CD3 on CD39+ resting CD4 regulatory T cell,1,Wald,140.043504529182,140.043504529182,-0.0492673813169985,0.0616637059724349,0.951926568288024,0.84355662772009,1.07421856652556,0.424308464377419,0.941863412793324
ebi-a-GCST90001458,Myeloid Dendritic Cell Absolute Count,3,IVW,210.382889439098,34.2139963202086,0.0316075473494374,0.0397936779644616,1.03211237057671,0.954671419113033,1.11583517026956,0.42702915637363,0.941863412793324
ebi-a-GCST90001748,CD20 on IgD+ CD38- B cell,4,IVW,38.564858667574,33.9581309617185,0.0517342125549468,0.0661116734908189,1.05309580566958,0.925108114751732,1.19879045295855,0.433904541683259,0.941863412793324
ebi-a-GCST90001436,Memory B cell %lymphocyte,2,IVW,51.3023197247239,30.7434279815847,0.088873001607319,0.114194740950378,1.09294184565446,0.873760742628923,1.36710408204947,0.436416770786864,0.941863412793324
ebi-a-GCST90001686,CD28- CD8+ T cell %CD8+ T cell,3,IVW,33.5410564029626,30.6396293086898,0.0618020005446426,0.0795123394713168,1.06375170161756,0.910244362937017,1.24314714682011,0.437003612129287,0.941863412793324
ebi-a-GCST90001461,Dendritic Cell Absolute Count,2,IVW,232.877914482333,37.588705574166,0.0362679112838001,0.0469964539729598,1.03693361549668,0.945685574834847,1.13698606763119,0.440282705004965,0.941863412793324
ebi-a-GCST90001603,T cell Absolute Count,2,IVW,35.8246424610121,31.0849657326328,0.0582526889573357,0.0757647065090046,1.05998280782278,0.913706261769509,1.22967697595062,0.441974570547543,0.941863412793324
ebi-a-GCST90002005,CD16 on CD14+ CD16+ monocyte,5,IVW,263.191209510108,30.4285756463502,-0.0231953913822878,0.0302591090558182,0.977071553759362,0.920808449707274,1.03677243781725,0.443343779833246,0.941863412793324
ebi-a-GCST90001643,B cell %CD3- lymphocyte,3,IVW,39.6559670136678,33.3272698145658,-0.0288464459818277,0.0377120713036453,0.971565640821064,0.902341609842397,1.04610026194948,0.444323472512426,0.941863412793324
ebi-a-GCST90001524,Granulocytic Myeloid-Derived Suppressor Cells Absolute Count,2,IVW,41.3059582632769,31.5698010154881,-0.0460875189017069,0.0603900160992479,0.954958381624593,0.848358519204826,1.07495297093243,0.445365273078019,0.941863412793324
ebi-a-GCST90001844,CD3 on Terminally Differentiated CD4+ T cell,1,Wald,101.030921022198,101.030921022198,-0.0560672268907563,0.0735893313847278,0.945475572370815,0.818483274750457,1.09217144140479,0.446123621336151,0.941863412793324
ebi-a-GCST90001866,CD3 on CD39+ CD8+ T cell,1,Wald,174.963928589272,174.963928589272,-0.0438947368421053,0.057612700228833,0.95705469477044,0.854861655739003,1.07146423357862,0.446123621336151,0.941863412793324
ebi-a-GCST90001808,CD27 on switched memory B cell,10,IVW,125.967293112411,31.9500669244497,0.0260335200798946,0.0343192717031892,1.02637535208064,0.959606233157932,1.0977902466222,0.448110693611717,0.941863412793324
ebi-a-GCST90001984,HLA DR on CD14- CD16+ monocyte,8,IVW,98.844849665853,31.5151438979822,-0.0260103709043663,0.0343594018783164,0.974324984925112,0.910870267475449,1.04220020144077,0.449044567325789,0.941863412793324
ebi-a-GCST90002007,HLA DR on CD14+ CD16+ monocyte,6,IVW,127.114055103661,62.3819332977364,-0.0375421730431742,0.0496113122270537,0.963153797737598,0.873907848828656,1.06151379615111,0.449213996177187,0.941863412793324
ebi-a-GCST90001728,CD19 on IgD+ CD38- unswitched memory B cell,3,IVW,37.6519584184681,32.1600646997235,-0.0470870153632656,0.0623801798701506,0.954004380940797,0.844211546814393,1.07807617923323,0.450345371148279,0.941863412793324
ebi-a-GCST90001910,CD45 on B cell,2,IVW,32.5716824383761,30.4111434674029,0.0740436626447688,0.0987543100501592,1.07685382275569,0.88735088819167,1.3068270635833,0.453389314125508,0.941863412793324
ebi-a-GCST90001666,CD28+ CD45RA+ CD8dim T cell Absolute Count,8,IVW,42.8261186463671,31.0211408756527,0.00313686136969847,0.00418505826757953,1.00314178646776,0.994946956957745,1.01140411227015,0.45353283609523,0.941863412793324
ebi-a-GCST90001606,CD4+ T cell %leukocyte,1,Wald,31.0325481759128,31.0325481759128,-0.130680443548387,0.175096774193548,0.877498139784219,0.622588108457853,1.23677753375672,0.455466478907203,0.941863412793324
ebi-a-GCST90002019,CD14 on Monocytic Myeloid-Derived Suppressor Cells,1,Wald,30.1700264725232,30.1700264725232,-0.0461544250451535,0.0622986152919928,0.954894491179482,0.845134315487151,1.07890955623939,0.458779567789411,0.941863412793324
ebi-a-GCST90002077,SSC-A on HLA DR+ Natural Killer,3,IVW,148.495352964969,39.0851810853112,-0.0319129151881483,0.0434903146689879,0.968590927965245,0.889448268128236,1.05477566189528,0.463074533022937,0.941863412793324
ebi-a-GCST90002003,CCR2 on CD14- CD16-,3,IVW,40.0868854093037,30.9552240040982,-0.0541874124199801,0.0741224947817302,0.947254562595438,0.81916684150696,1.09537051659366,0.464747273131886,0.941863412793324
ebi-a-GCST90002013,CCR2 on myeloid Dendritic Cell,3,IVW,85.0265201040252,35.5891617086334,0.0305560129063814,0.041832261611,1.03102763928605,0.949865180376948,1.11912512947355,0.465120461534971,0.941863412793324
ebi-a-GCST90001955,CD33 on Immature Myeloid-Derived Suppressor Cells,6,IVW,180.253781824472,48.3615202230842,-0.0114013708148087,0.0156399220412487,0.988663378502803,0.958816451621056,1.01943940817871,0.466006839033487,0.941863412793324
ebi-a-GCST90001961,CD25 on CD39+ CD4+ T cell,6,IVW,202.909499479807,30.9376323763236,-0.0177680627944238,0.0245701582561666,0.982388858463225,0.936200540318302,1.03085591993416,0.469583911915037,0.941863412793324
ebi-a-GCST90001859,CD3 on CD8+ T cell,2,IVW,142.600289563415,40.933738179329,-0.0321723517732786,0.0445187011340273,0.968339672636327,0.887427007579272,1.05662968739169,0.469882346886801,0.941863412793324
ebi-a-GCST90001718,BAFF-R on switched memory B cell,10,IVW,262.766518957421,31.6874826388984,-0.0163080702088852,0.0226239090682448,0.983824186441841,0.941151708404611,1.02843146453902,0.471011998198969,0.941863412793324
ebi-a-GCST90001769,CD24 on IgD- CD38- B cell,2,IVW,80.3150129153867,50.5854054838968,0.035005594129827,0.0486858366360412,1.03562550220693,0.941370350450977,1.13931799563004,0.472134875562435,0.941863412793324
ebi-a-GCST90001637,CD4-CD8- Natural Killer T %T cell,5,IVW,71.1183679614191,46.177975191688,0.0325004480779573,0.0452239622841682,1.03303435602379,0.945408170772027,1.12878226962439,0.472353223818253,0.941863412793324
ebi-a-GCST90002067,CD4 on CD39+ activated CD4 regulatory T cell,3,IVW,48.4178376590729,43.3168165780314,-0.0379426205119847,0.0529228299691004,0.962768182451705,0.867906432100615,1.06799827591772,0.473409640959691,0.941863412793324
ebi-a-GCST90001752,CD20 on IgD+ CD38dim B cell,7,IVW,49.0579701351656,30.1554793569536,0.0278318908050301,0.038858099240971,1.02822281618158,0.952819320344221,1.10959353693042,0.473840533784154,0.941863412793324
ebi-a-GCST90001934,CD25 on CD45RA+ CD4 not regulatory T cell,1,Wald,58.5106997900661,58.5106997900661,-0.0580175361683472,0.081096010521701,0.943633399577553,0.804957565360503,1.10619991800375,0.474350865542331,0.941863412793324
ebi-a-GCST90001432,Unswitched memory B cell %lymphocyte,4,IVW,38.4242932642109,33.2427792881913,-0.0597191985187651,0.0836348879403637,0.942029019592547,0.799600077940226,1.10982814814187,0.475198429976896,0.941863412793324
ebi-a-GCST90002058,CD8 on CD8+ T cell,1,Wald,194.574413765146,194.574413765146,-0.0414107005388761,0.0580282909930716,0.959435008545377,0.856290020793346,1.075004394854,0.475456308333401,0.941863412793324
ebi-a-GCST90001762,CD20 on IgD+ B cell,5,IVW,44.1011295073801,32.0184201610332,0.0334104376962047,0.0469520428860561,1.03397483441095,0.943069247021259,1.13364311430151,0.476720897810072,0.941863412793324
ebi-a-GCST90001766,CD24 on IgD+ CD38- B cell,2,IVW,51.3192031656116,30.3499245307231,0.0428706361706163,0.060469714757873,1.04380285578167,0.927140644597412,1.17514468606979,0.478349020520025,0.941863412793324
ebi-a-GCST90001802,CD27 on IgD- CD38- B cell,8,IVW,94.647913284352,32.1500690827931,0.0282292390852324,0.0402468527457913,1.02863145993083,0.950606960799413,1.11306010158986,0.483051925000848,0.941863412793324
ebi-a-GCST90001391,IgD+ B cell %B cell,1,Wald,31.2820506748476,31.2820506748476,0.0884727626459144,0.12759597924773,1.09250449527345,0.850768383988582,1.40292715932508,0.488069819080993,0.941863412793324
ebi-a-GCST90001747,CD20 on IgD+ CD24- B cell,4,IVW,46.7569239149295,32.4652892531635,0.0354951631533024,0.0513756621828462,1.03613263650122,0.936879005524124,1.14590126803235,0.489631833973123,0.941863412793324
ebi-a-GCST90001755,CD20 on IgD- CD38- B cell,4,IVW,42.5235218937932,30.1381058667771,0.0524296408061084,0.0762023134806615,1.0538284129524,0.907622356696465,1.22358634706612,0.491432542144497,0.941863412793324
ebi-a-GCST90001660,CD39+ CD4+ T cell Absolute Count,6,IVW,110.98434054054,31.5358963569274,-0.0270230087575449,0.0392859776648147,0.973338845949175,0.901204096362962,1.05124745089054,0.491544856857971,0.941863412793324
ebi-a-GCST90001758,CD20 on memory B cell,5,IVW,46.2307561403358,30.8537647097004,0.0382698701356903,0.0562131675475951,1.039011593246,0.93061656605025,1.16003210160059,0.495998661714061,0.941863412793324
ebi-a-GCST90002009,HLA DR on CD14- CD16-,4,IVW,105.924484127601,51.3668201069786,-0.0476590942280922,0.070129927181045,0.953458771278267,0.831009749867531,1.09395061691199,0.496768645880013,0.941863412793324
ebi-a-GCST90001553,Naive CD8+ T cell %T cell,3,IVW,33.5739445436197,31.0871978162554,0.00310826822663948,0.00458395957334167,1.00311310390122,0.994140939100644,1.01216624287561,0.497724163230862,0.941863412793324
ebi-a-GCST90001574,Terminally Differentiated CD4-CD8- T cell %T cell,3,IVW,34.7886538555843,34.4762097702788,-0.0463166205539495,0.0685300793365531,0.954739624141347,0.834739502337474,1.09199067176414,0.499130637369206,0.941863412793324
ebi-a-GCST90001949,CD33 on CD33dim HLA DR+ CD11b-,7,IVW,206.400315481383,33.6842049886621,-0.0101730892021382,0.0150542735443084,0.989878481643395,0.961097454822113,1.01952138516691,0.499192473190196,0.941863412793324
ebi-a-GCST90001929,CD127 on CD28+ CD45RA+ CD8+ T cell,2,IVW,45.8217134539984,33.3260356854979,0.0484062304443306,0.0721322450417114,1.04959694696642,0.911218130337467,1.20899015768402,0.502172009473217,0.941863412793324
ebi-a-GCST90001759,CD20 on naive-mature B cell,6,IVW,40.3990274994242,30.2950987637732,0.0304305414566569,0.045387647218394,1.03089828286888,0.943150655582857,1.12680966008049,0.502565446647545,0.941863412793324
ebi-a-GCST90001520,CD33+ HLA DR+ CD14dim Absolute Count,2,IVW,51.264082719036,32.4222982638118,-0.0340169487845843,0.0510663400212974,0.966555122564118,0.874496510137324,1.06830478352422,0.50532641229868,0.941863412793324
ebi-a-GCST90001707,BAFF-R on IgD+ CD38- unswitched memory B cell,7,IVW,193.15006457061,33.5218500756015,-0.0126807987588071,0.0190914147269457,0.98739926379342,0.951134333304001,1.02504690662678,0.506552891123266,0.941863412793324
ebi-a-GCST90001767,CD24 on IgD+ CD38- unswitched memory B cell,2,IVW,85.3769827806377,35.6014479262835,0.0218611172305583,0.0331054187420711,1.02210182228089,0.957886960281681,1.0906215226092,0.509030142792957,0.941863412793324
ebi-a-GCST90002079,SSC-A on lymphocyte,1,Wald,31.2272783447392,31.2272783447392,-0.0701419200954085,0.10653786523554,0.932261503875443,0.756573088841666,1.14874758886645,0.510296875637155,0.941863412793324
ebi-a-GCST90001530,Monocytic Myeloid-Derived Suppressor Cells Absolute Count,5,IVW,81.2210709591894,39.4029123345936,-0.0182669734375343,0.0278344239764059,0.981898856449839,0.929765900483997,1.0369549623143,0.511648659679129,0.941863412793324
ebi-a-GCST90001838,CD3 on naive CD8+ T cell,7,IVW,120.298898946578,30.7166450345388,-0.0162743287437522,0.0250095879727417,0.983857382671367,0.936792829318359,1.03328646328483,0.51522493567284,0.941863412793324
ebi-a-GCST90002105,HLA DR on plasmacytoid Dendritic Cell,8,IVW,161.991122764022,32.5370042307059,0.0109565336561876,0.0168459379414968,1.01101677628684,0.978180070520298,1.04495578343744,0.515436345317385,0.941863412793324
ebi-a-GCST90001772,CD24 on unswitched memory B cell,2,IVW,113.575390032154,42.1798010921055,0.0264462513509123,0.0408498643945421,1.0267990567163,0.947792689254652,1.11239125900265,0.517372317552765,0.941863412793324
ebi-a-GCST90001904,CD86 on CD62L+ myeloid Dendritic Cell,1,Wald,31.5528392725177,31.5528392725177,0.0302080960854093,0.0468578291814947,1.03066898982116,0.940227652893787,1.12980995965131,0.519137473952383,0.941863412793324
ebi-a-GCST90002060,CD8 on HLA DR+ CD8+ T cell,2,IVW,48.3176449249605,34.0414724261059,0.048131119297692,0.0747030061171228,1.04930823086316,0.906388938884406,1.21476301852532,0.519381154687236,0.941863412793324
ebi-a-GCST90001765,CD24 on IgD+ CD24+ B cell,2,IVW,136.041497317161,45.7964953155914,0.0239189882969323,0.0375899138908684,1.0242073417486,0.95146037020021,1.10251641765279,0.524571784695785,0.941863412793324
ebi-a-GCST90002113,HLA DR on HLA DR+ T cell,1,Wald,76.6491113827153,76.6491113827153,-0.0497213316892725,0.0783727907932594,0.951494538935334,0.816007280689639,1.1094776713985,0.525806213314158,0.941863412793324
ebi-a-GCST90002114,HLA DR on HLA DR+ CD4+ T cell,1,Wald,36.3902410518627,36.3902410518627,-0.0722652329749104,0.113907407407407,0.930284121061311,0.744141740035568,1.16298884921769,0.525806213314158,0.941863412793324
ebi-a-GCST90001688,CD28+ CD45RA+ CD8+ T cell %T cell,38,IVW,32.7396576392323,30.0372324393322,0.00115987862964092,0.0018332906406537,1.001160551549,0.997569587221244,1.00476444231815,0.52694537379118,0.941863412793324
ebi-a-GCST90001793,CD25 on switched memory B cell,2,IVW,141.362954070364,86.2451696111207,0.0365951284612323,0.0581684038124656,1.03727297350638,0.92550574178037,1.16253759754859,0.529267996568306,0.941863412793324
ebi-a-GCST90001701,BAFF-R on CD20- CD38- B cell,1,Wald,164.770615465292,164.770615465292,-0.0380629936428434,0.061096513195916,0.962652298006119,0.854010184597195,1.08511521709024,0.533285963958728,0.941863412793324
ebi-a-GCST90001457,CD11c+ HLA DR++ monocyte %monocyte,1,Wald,33.3602190633822,33.3602190633822,0.070263590391909,0.113565739570164,1.07279092136819,0.858708932362431,1.3402450092184,0.536111298662048,0.941863412793324
ebi-a-GCST90001503,Activated & secreting CD4 regulatory T cell %CD4+ T cell,9,IVW,47.878252692733,30.3474234474117,-0.00821203219891082,0.0134860795605486,0.991821594426906,0.965948510318843,1.01838769319787,0.542573110387577,0.941863412793324
ebi-a-GCST90001787,CD25 on IgD- CD38- B cell,3,IVW,85.9526540500831,31.4221688050817,-0.0332394098380712,0.0550412991076026,0.967306949065178,0.868384790010835,1.07749783790906,0.545910499576703,0.941863412793324
ebi-a-GCST90002022,CD4 on CD4+ T cell,1,Wald,75.7554773224114,75.7554773224114,0.0432756992371958,0.0717402833272793,1.04422574741045,0.907251793457824,1.20187958780331,0.546357471860887,0.941863412793324
ebi-a-GCST90002063,CD4 on CD4 regulatory T cell,1,Wald,59.5158322558916,59.5158322558916,0.0492916839056682,0.0817132809267687,1.0505267277942,0.895058368430051,1.23299937158929,0.546357471860887,0.941863412793324
ebi-a-GCST90002064,CD4 on resting CD4 regulatory T cell,1,Wald,36.1015679599588,36.1015679599588,0.0645035192203573,0.106930698429886,1.0666293319417,0.864952532133527,1.31533013603892,0.546357471860887,0.941863412793324
ebi-a-GCST90002066,CD4 on activated CD4 regulatory T cell,1,Wald,62.6883614377036,62.6883614377036,0.0480588947156111,0.0796696248487293,1.04923244775145,0.897543609356496,1.22655737051461,0.546357471860887,0.941863412793324
ebi-a-GCST90002068,CD4 on secreting CD4 regulatory T cell,1,Wald,42.1078742459947,42.1078742459947,0.0582297165200391,0.096530303030303,1.05995845771389,0.877244374301038,1.28072856890577,0.546357471860887,0.941863412793324
ebi-a-GCST90002070,CD4 on activated & secreting CD4 regulatory T cell,1,Wald,56.5003573445113,56.5003573445113,0.0503329108576257,0.0834393747359527,1.05162113420078,0.892964668690307,1.23846670386158,0.546357471860887,0.941863412793324
ebi-a-GCST90001953,CD33 on CD33dim HLA DR-,6,IVW,180.788599474347,40.7708311640983,-0.00902482926038682,0.0149863391805999,0.991015772278747,0.962329805361275,1.02055683553991,0.547038537259857,0.941863412793324
ebi-a-GCST90001475,HLA DR++ monocyte %monocyte,5,IVW,56.4449622178428,39.3836042803277,-0.0587873194182599,0.0979704189996435,0.942907285903428,0.77817072293456,1.14251811794844,0.548471760558593,0.941863412793324
ebi-a-GCST90001639,CD3- lymphocyte Absolute Count,1,Wald,35.5884843649394,35.5884843649394,-0.0501382113821138,0.0837169253510717,0.951097962852204,0.807168055589207,1.1206926843522,0.549238418061854,0.941863412793324
ebi-a-GCST90001408,Naive-mature B cell %B cell,1,Wald,30.8359668538207,30.8359668538207,0.0876192997940571,0.147451309208591,1.09157248104758,0.817597378188228,1.45735604487965,0.552361427150584,0.941863412793324
ebi-a-GCST90001959,CD4 on HLA DR+ CD4+ T cell,2,IVW,38.2192723213538,35.7084337871429,0.0464646625754976,0.078199600519277,1.04756106030458,0.89869950560327,1.22108020336544,0.552391523355704,0.941863412793324
ebi-a-GCST90001763,CD20 on transitional B cell,2,IVW,68.1720803303452,56.5055960624917,0.03648178748641,0.061642839388785,1.03715541463865,0.919120377502348,1.17034871649501,0.553967627680719,0.941863412793324
ebi-a-GCST90001692,CD28+ CD45RA- CD8+ T cell %CD8+ T cell,4,IVW,51.2952132024357,31.1700183360415,0.0132485208512435,0.0224800424428262,1.0133366713614,0.969657500274852,1.05898341345758,0.555629259840659,0.941863412793324
ebi-a-GCST90001544,Effector Memory CD4+ T cell %T cell,4,IVW,39.1665324351468,32.1562078138083,0.0374304011090229,0.063668101767671,1.03813974119272,0.916347995818871,1.17611881857242,0.556600216891344,0.941863412793324
ebi-a-GCST90001557,Terminally Differentiated CD8+ T cell Absolute Count,1,Wald,45.905186594546,45.905186594546,0.0844320083682008,0.143936715481172,1.08809886009982,0.820629168744706,1.44274560842336,0.557478304950462,0.941863412793324
ebi-a-GCST90001489,CD39+ activated CD4 regulatory T cell Absolute Count,5,IVW,414.585960860207,43.2163327032136,0.0167013408270537,0.0286088178092057,1.0168415879033,0.961393060104624,1.07548812010062,0.55936633263475,0.941863412793324
ebi-a-GCST90001927,CD127 on CD8+ T cell,1,Wald,36.5881346551472,36.5881346551472,0.0574912758996728,0.0990059978189749,1.05917603025647,0.872353558873108,1.28600823789732,0.561452922468491,0.941863412793324
ebi-a-GCST90001811,CD38 on IgD+ CD24- B cell,2,IVW,54.6390316756768,33.4464660893861,0.0345907264118255,0.0600659143555579,1.03519594372926,0.920223718953635,1.16453273246645,0.564696658921869,0.941863412793324
ebi-a-GCST90001533,Basophil %CD33dim HLA DR- CD66b-,3,IVW,91.1018044461425,30.4870990278588,-0.0177876053914396,0.0310729263505991,0.982369660221244,0.924325921130221,1.04405829941801,0.567019140400709,0.941863412793324
ebi-a-GCST90001610,CD4+ CD8dim T cell %lymphocyte,2,IVW,120.491912342131,78.2188807437227,0.0287247178788883,0.0507830988611811,1.02914125129068,0.93163874146878,1.13684808066094,0.571641665496845,0.941863412793324
ebi-a-GCST90001746,CD20 on IgD+ CD24+ B cell,2,IVW,43.3113502453233,31.8008014752403,0.0424552186064338,0.0751881185286095,1.04336933179481,0.900402409689648,1.2090367049386,0.572309610059015,0.941863412793324
ebi-a-GCST90001901,CD28 on CD39+ resting CD4 regulatory T cell,2,IVW,41.0363498853178,35.1696789169317,0.0430873887400771,0.0765048280563621,1.04402912725425,0.898649611364244,1.2129274911726,0.573299863601578,0.941863412793324
ebi-a-GCST90001854,CD3 on CD39+ activated CD4 regulatory T cell,5,IVW,142.556770677952,33.8989579888693,-0.0204927698892373,0.0365284619415579,0.979715779902515,0.912024381381061,1.0524313044532,0.574791887337142,0.941863412793324
ebi-a-GCST90001424,IgD+ B cell %Lymphocyte,2,IVW,46.0118165166482,38.6926170640621,-0.0626932342977691,0.112740959023648,0.939231553527442,0.753018476736871,1.17149304883501,0.578154700597049,0.941863412793324
ebi-a-GCST90001516,Immature Myeloid-Derived Suppressor Cells %CD33dim HLA DR- CD66b-,2,IVW,45.3304764595926,31.0319148123793,0.0242282458179972,0.0438251849440037,1.02452413455492,0.940193929825005,1.11641829306521,0.580374060491646,0.941863412793324
ebi-a-GCST90001596,CD8dim T cell Absolute Count,3,IVW,40.9075644588792,31.257203376903,0.0473934732250145,0.085749534020593,1.04853449817316,0.886321423709697,1.24043554002972,0.580471203314347,0.941863412793324
ebi-a-GCST90001611,CD4+ CD8dim T cell %leukocyte,2,IVW,114.133236345647,67.6217022510264,0.0285961006676954,0.051742471665594,1.02900889452488,0.929768969306396,1.13884130355654,0.580494841639125,0.941863412793324
ebi-a-GCST90001471,CD62L- plasmacytoid Dendritic Cell %Dendritic Cell,3,IVW,94.6371584535553,36.4749181024069,-0.030323752936991,0.0550370856866126,0.970131399810436,0.87092758915615,1.0806351120534,0.581654615751128,0.941863412793324
ebi-a-GCST90001485,CD39+ resting CD4 regulatory T cell %CD4 regulatory T cell,15,IVW,186.259683364758,33.4546227944108,0.00704845583173308,0.0128109908751453,1.0070733546616,0.982101037623431,1.03268065383944,0.582190305724155,0.941863412793324
ebi-a-GCST90002025,CD4 on Effector Memory CD4+ T cell,3,IVW,66.2607989720625,43.1177215939747,-0.0232727876925911,0.0425681842160389,0.976995934952545,0.898789493012958,1.06200736027077,0.584572564149523,0.941863412793324
ebi-a-GCST90001768,CD24 on IgD+ CD38+ B cell,2,IVW,51.5060134530068,38.4834675532784,0.0531748357068118,0.0982969509704022,1.05461401318823,0.869804166894234,1.2786909503829,0.588534332346158,0.941863412793324
ebi-a-GCST90001495,CD39+ secreting CD4 regulatory T cell Absolute Count,5,IVW,527.534096377209,44.2000768280166,0.0141708177848408,0.0262831664069723,1.01427169978675,0.963344506302802,1.06789115862248,0.589776831165411,0.941863412793324
ebi-a-GCST90001827,IgD on IgD+ B cell,2,IVW,215.098835421455,48.1320021694797,-0.016664913656039,0.0311218418585298,0.983473177859039,0.92527552246384,1.04533132897824,0.592322653513684,0.941863412793324
ebi-a-GCST90001966,FSC-A on granulocyte,2,IVW,103.927792759036,35.9406919375811,-0.036357555032146,0.0680019267570375,0.964295443147138,0.843967466883276,1.10177908291688,0.592888597761061,0.941863412793324
ebi-a-GCST90001609,CD4+ CD8dim T cell Absolute Count,2,IVW,90.4878914730037,44.3396535715084,0.0296880425834267,0.0561215146260571,1.03013312615459,0.922830108316622,1.1499129125043,0.596808399820186,0.941863412793324
ebi-a-GCST90002002,PDL-1 on monocyte,2,IVW,61.0269092991047,34.7249217874627,-0.0291668109345783,0.0551583932058605,0.971254435092814,0.871728495769132,1.08214333048176,0.59695611400642,0.941863412793324
ebi-a-GCST90001920,CD45 on HLA DR+ CD4+ T cell,2,IVW,35.7615438638625,33.0044446995205,-0.0445249951188693,0.0843777179122892,0.95645169317108,0.810660993914565,1.12846164825618,0.597716842062638,0.941863412793324
ebi-a-GCST90001638,CD4-CD8- Natural Killer T %lymphocyte,6,IVW,61.7551033034705,32.1313163087306,0.023508533877796,0.0446412182754369,1.02378703758282,0.93801601745651,1.11740085330813,0.598464105102413,0.941863412793324
ebi-a-GCST90001924,CD127 on CD28+ CD4+ T cell,3,IVW,39.1508657239447,33.2495449599477,0.0324815960457433,0.0620205090450332,1.0330148814104,0.914773667999108,1.16653963985372,0.600470890872327,0.941863412793324
ebi-a-GCST90002057,CD8 on Terminally Differentiated CD8+ T cell,2,IVW,62.8643540878332,32.0745707941842,0.0245423818830246,0.0469184826147665,1.02484602509114,0.934804517222067,1.12356044049325,0.600914697003941,0.941863412793324
ebi-a-GCST90001479,CD4 regulatory T cell %T cell,1,Wald,34.7173136443816,34.7173136443816,0.0868510223953262,0.16609688412853,1.09073417264924,0.787652031929765,1.51043987339185,0.601048195072315,0.941863412793324
ebi-a-GCST90001916,CD45 on CD4+ T cell,1,Wald,35.9442238875262,35.9442238875262,0.0528909355307804,0.101439650993698,1.0543146505808,0.864217521890906,1.28622638892717,0.602086081380835,0.941863412793324
ebi-a-GCST90001830,BAFF-R on CD20- B cell,1,Wald,111.596189722426,111.596189722426,-0.038858837485172,0.0749867141162515,0.961886481877892,0.830412430697322,1.11417600437711,0.604312015556392,0.941863412793324
ebi-a-GCST90001804,CD27 on IgD- CD38dim B cell,9,IVW,136.96310177343,38.9481918452592,0.0196566670324907,0.0380005257880327,1.01985113139575,0.946651399880289,1.09871102534758,0.604965212402184,0.941863412793324
ebi-a-GCST90001791,CD25 on naive-mature B cell,4,IVW,80.5309145882795,30.3404030767433,0.0244060959401678,0.0472431493351657,1.02470636250157,0.934082535619301,1.12412242956135,0.605431203740743,0.941863412793324
ebi-a-GCST90001507,CD25++ CD45RA+ CD4 not regulatory T cell Absolute Count,3,IVW,65.9202293681214,48.581422098781,-0.0227303613412347,0.044034414850894,0.977526027047794,0.896696508772732,1.06564163483102,0.60571795934232,0.941863412793324
ebi-a-GCST90001887,CD28 on secreting CD4 regulatory T cell,3,IVW,71.5908070015936,30.7784279529474,0.0283696179578636,0.055102750437773,1.02877586819122,0.923456325432578,1.1461070305375,0.606658262531059,0.941863412793324
ebi-a-GCST90001522,CD33- HLA DR- Absolute Count,1,Wald,32.2261015691976,32.2261015691976,-0.0492631827731092,0.0964464285714286,0.951930565001891,0.787967697666805,1.15001135613556,0.609503111231232,0.941863412793324
ebi-a-GCST90001757,CD20 on IgD- CD38dim B cell,7,IVW,49.8594429290083,30.7545114297833,0.0217159138922272,0.0426180326748453,1.02195342045866,0.940056376844104,1.11098527632279,0.610368481475864,0.941863412793324
ebi-a-GCST90001696,CD45RA- CD28- CD8+ T cell %CD8+ T cell,10,IVW,42.5665769140474,30.4977198359587,-0.000457710594476443,0.000907456938839642,0.999542394139038,0.997766172519828,1.00132177778491,0.613988591044439,0.941863412793324
ebi-a-GCST90001948,CD33 on CD33dim HLA DR+ CD11b+,7,IVW,215.151704388935,32.6123593758745,-0.0077151039489837,0.0153255808210351,0.992314581075416,0.962950526978098,1.02257405778155,0.614673597303179,0.941863412793324
ebi-a-GCST90001561,CD45RA+ CD8+ T cell %CD8+ T cell,5,IVW,70.6923223380983,30.8354367440882,-0.00990876926822618,0.0197345805670676,0.990140160840234,0.952572987919833,1.02918889212848,0.615595884040481,0.941863412793324
ebi-a-GCST90001439,IgD+ CD24+ B cell %lymphocyte,2,IVW,56.8200433961322,34.9351453883602,-0.054120496655687,0.108420065439996,0.947317950979292,0.765961152776865,1.17161463997774,0.617656686565628,0.941863412793324
ebi-a-GCST90001954,CD33 on basophil,7,IVW,170.200279796948,38.7107619301792,-0.00750514373996244,0.0151175724313022,0.992522949526049,0.963545483498009,1.02237187782732,0.61957579365982,0.941863412793324
ebi-a-GCST90001619,HLA DR+ T cell%T cell,4,IVW,107.751131714972,33.078688642049,0.0208155706067254,0.0421552000708267,1.0210337256411,0.940062777351014,1.10897898950347,0.621458611833459,0.941863412793324
ebi-a-GCST90002081,SSC-A on CD4+ T cell,4,IVW,41.3187661756036,31.3742656435419,0.0289729322881091,0.0589351870515633,1.0293967306839,0.917098832609739,1.15544540180832,0.622997412466816,0.941863412793324
ebi-a-GCST90001789,CD25 on IgD- CD38dim B cell,3,IVW,108.794080058294,34.979128655488,0.0265964524612247,0.0542227423517727,1.02695329465776,0.923411677723586,1.14210497316681,0.623777555128931,0.941863412793324
ebi-a-GCST90001923,CD127 on CD45RA- CD4 not regulatory T cell,1,Wald,34.2940054273046,34.2940054273046,-0.0588332668528121,0.120323095333067,0.942863962727922,0.7447799050559,1.19363109312714,0.624869509018588,0.941863412793324
ebi-a-GCST90002110,HLA DR on CD33dim HLA DR+ CD11b+,4,IVW,76.9436953896809,36.9160256736395,-0.0215136428395188,0.0440540092539166,0.978716124911038,0.897753721090564,1.0669799864458,0.625304082552266,0.941863412793324
ebi-a-GCST90001589,CD4+/CD8+ T cell,1,Wald,31.2824437824998,31.2824437824998,0.0951228346456693,0.196088188976378,1.09979393962829,0.748854917561107,1.61519498807913,0.627603769168883,0.941863412793324
ebi-a-GCST90001593,CD8+ T cell %T cell,1,Wald,35.5208653350776,35.5208653350776,-0.0936964839710445,0.193147880041365,0.910559089582756,0.623587411480435,1.32959363893091,0.627603769168883,0.941863412793324
ebi-a-GCST90001623,Natural Killer T %lymphocyte,7,IVW,47.4069574206753,30.3523894178832,0.0360543343328087,0.0751673992359101,1.03671217402494,0.894693776720182,1.20127373156822,0.63147353071859,0.941863412793324
ebi-a-GCST90002000,PDL-1 on CD14- CD16-,1,Wald,40.3724268490573,40.3724268490573,-0.0698684304612084,0.14598283875581,0.932516502601281,0.700476266609187,1.24142254217,0.63221813055777,0.941863412793324
ebi-a-GCST90001898,CD28 on CD4+ T cell,2,IVW,109.483774061594,46.9076011240751,-0.0261877356373876,0.0548220251051515,0.974152189358657,0.874905931865236,1.08465659389133,0.632873427776444,0.941863412793324
ebi-a-GCST90001641,CD3- lymphocyte %leukocyte,1,Wald,35.3525311946886,35.3525311946886,0.067190063810392,0.141751595259799,1.06949873186259,0.810063156879728,1.41202266482725,0.635500874835051,0.941863412793324
ebi-a-GCST90001653,CD28- CD4-CD8- T cell %CD4-CD8- T cell,1,Wald,43.077462384028,43.077462384028,-0.0605400410677618,0.127721971252567,0.941256079365388,0.732805394086951,1.2090017542054,0.635500874835051,0.941863412793324
ebi-a-GCST90001656,CD28+ CD4-CD8- T cell %CD4-CD8- T cell,1,Wald,43.077462384028,43.077462384028,0.0605400410677618,0.127721971252567,1.06241013675494,0.827128659260909,1.36461877610217,0.635500874835051,0.941863412793324
ebi-a-GCST90001662,CD28- CD8dim T cell %CD8dim T cell,1,Wald,39.2083435013506,39.2083435013506,-0.0645707402540517,0.136225580376697,0.93746979506489,0.717793843079859,1.22437608671607,0.635500874835051,0.941863412793324
ebi-a-GCST90001663,CD28- CD8dim T cell Absolute Count,2,IVW,36.2335888835925,30.4828407062091,0.0389713376957199,0.0824899149568044,1.03974068185927,0.884521113057072,1.22219884811662,0.636614469464587,0.941863412793324
ebi-a-GCST90001794,CD25 on IgD+ B cell,2,IVW,88.48320075994,38.0779298036883,0.0299901222692558,0.0635426711241279,1.03044435545136,0.909779048195212,1.16711367643381,0.636949462684247,0.941863412793324
ebi-a-GCST90001932,CD127 on CD45RA+ CD4+ T cell,4,IVW,50.5647934795347,47.1190066460259,0.0325690456889636,0.0691536440748218,1.0331052221433,0.902152146154381,1.18306696333804,0.637664699476681,0.941863412793324
ebi-a-GCST90002045,CD45 on CD33- HLA DR-,2,IVW,46.6239002045192,42.6108880583295,0.0263345815438765,0.0561841042196069,1.0266844006657,0.919627793827896,1.1462037855367,0.639270193724305,0.941863412793324
ebi-a-GCST90001559,Terminally Differentiated CD8+ T cell %T cell,2,IVW,40.5880695074344,30.0149900734529,-0.0321905675693526,0.0686813084568336,0.968322033718973,0.846363847416833,1.10785398484047,0.63928785184654,0.941863412793324
ebi-a-GCST90001894,CD28 on CD28+ CD4+ T cell,2,IVW,123.428991493898,54.6824766766361,-0.0240379131682866,0.0517729261745142,0.976248696375151,0.882044431432516,1.08051418183813,0.642436372423818,0.944025551300151
ebi-a-GCST90002034,CD39 on monocyte,2,IVW,30.8794617910236,29.959500211591,0.0495213537727884,0.107966603390381,1.05076802983702,0.850361956575947,1.29840410191136,0.646469086342661,0.944025551300151
ebi-a-GCST90001951,CD33 on CD66b++ myeloid cell,5,IVW,154.557435294281,41.3505579819053,-0.00957801475665102,0.0210265246470705,0.990467708331443,0.950478247095221,1.03213964574726,0.648734763409781,0.944025551300151
ebi-a-GCST90001599,CD4-CD8- T cell %T cell,3,IVW,46.4799381410852,33.3605826397146,0.0327306267087806,0.0720391695859312,1.03327216582577,0.897209268712833,1.18996916984816,0.649580629864135,0.944025551300151
ebi-a-GCST90001442,CD24+ CD27+ B cell %lymphocyte,3,IVW,43.4895793485446,31.8139295590772,-0.0401972011957873,0.0887420018245399,0.960599989006534,0.807242205693268,1.14309228676526,0.65057248109949,0.944025551300151
ebi-a-GCST90001422,CD20- CD38- B cell %B cell,1,Wald,31.2222132617933,31.2222132617933,0.0331406324868232,0.0733729036895065,1.0336959002449,0.895233895813978,1.19357323173243,0.651503855455713,0.944025551300151
ebi-a-GCST90001803,CD27 on IgD- CD38+ B cell,2,IVW,38.4701824984791,30.432618657967,-0.0386124931787032,0.0863060115176489,0.962123466324858,0.812392017008993,1.13945182260785,0.654593104290416,0.944025551300151
ebi-a-GCST90002055,CD8 on naive CD8+ T cell,1,Wald,211.109457834629,211.109457834629,0.0209104261481175,0.0469861398427803,1.02113058094149,0.931292001574349,1.11963558322331,0.656295239095056,0.944025551300151
ebi-a-GCST90001741,CD19 on IgD+ B cell,2,IVW,32.4842270544805,30.9046221467435,-0.045252824341111,0.101725128930175,0.955755812950827,0.782991000208286,1.16664070691272,0.656425311032086,0.944025551300151
ebi-a-GCST90002032,CD39 on CD39+ CD4+ T cell,5,IVW,513.284042011208,31.0158839449447,0.00832319174110287,0.0187208218636563,1.00835792580069,0.972029019891752,1.04604459920167,0.656612154736946,0.944025551300151
ebi-a-GCST90001521,CD33+ HLA DR+ CD14dim %CD33+ HLA DR+,1,Wald,30.9526019181966,30.9526019181966,-0.033725884244373,0.0764141479099678,0.966836493433011,0.832353861608726,1.12304735779944,0.658954896882415,0.944025551300151
ebi-a-GCST90001905,CD86 on monocyte,1,Wald,39.4065421830368,39.4065421830368,0.0533270966321814,0.121000880475457,1.05477460191917,0.832073393175855,1.33708092336348,0.659418177514439,0.944025551300151
ebi-a-GCST90001404,Plasma Blast-Plasma Cell %B cell,1,Wald,30.4340129926196,30.4340129926196,-0.0826358234295416,0.190058007923033,0.920686378582536,0.6343531130402,1.33626428290848,0.663712946120347,0.945296306830122
ebi-a-GCST90002100,CD45RA on naive CD8+ T cell,2,IVW,42.0179028590622,32.5637731739313,-0.0266665415649549,0.0614865031129076,0.973685871162907,0.863138522816784,1.09839168411617,0.664508135500914,0.945296306830122
ebi-a-GCST90001886,CD28 on CD39+ activated CD4 regulatory T cell,2,IVW,80.9151337101112,30.3018391483365,-0.0293907532857188,0.0678690513775382,0.971036954443536,0.850089114856388,1.10919284862772,0.664977797391206,0.945296306830122
ebi-a-GCST90001491,CD39+ activated CD4 regulatory T cell %CD4 regulatory T cell,6,IVW,405.455639893909,43.1995639381636,0.00951066044016017,0.0222192558329542,1.00955603049014,0.966533730801975,1.05449333656813,0.6686242865225,0.947148098446804
ebi-a-GCST90001899,CD28 on CD4 regulatory T cell,1,Wald,120.455721803142,120.455721803142,0.0324897038081805,0.0760936530324401,1.03302325688361,0.889893170919292,1.19917433253255,0.669401209610674,0.947148098446804
ebi-a-GCST90001571,Effector Memory CD4-CD8- T cell %T cell,3,IVW,40.9050207749419,35.4876968681001,-0.0295158407495907,0.0696282996745288,0.970915497490109,0.84705698487384,1.11288487091204,0.671634507032234,0.94809801341527
ebi-a-GCST90001429,IgD+ CD38+ B cell %lymphocyte,1,Wald,31.5681794026996,31.5681794026996,0.224227967750904,0.53503475118154,1.25135625578599,0.438480409399917,3.5711800238413,0.675150011951767,0.950849320776619
ebi-a-GCST90001700,CD45RA+ CD28- CD8+ T cell %T cell,67,IVW,43.5247963369553,29.9179862694863,0.000100500129363035,0.000242974422957794,1.00010050517967,0.999624340837945,1.00057689633908,0.679149262850279,0.95415398197235
ebi-a-GCST90002099,CD4RA on Terminally Differentiated CD4+ T cell,3,IVW,48.4415769272468,34.7049308891285,-0.0102902251505822,0.0250011840475678,0.989762538079315,0.942431024508086,1.03947117222349,0.680640319924263,0.95415398197235
ebi-a-GCST90001806,CD27 on unswitched memory B cell,11,IVW,83.5964672718474,30.3596074379995,-0.0116602797870069,0.028858075120937,0.988407437817724,0.934052990806289,1.04592488086793,0.686171504341557,0.95969148187863
ebi-a-GCST90001711,BAFF-R on IgD- CD27- B cell,9,IVW,271.397480369914,31.3583308716887,-0.00774199644671564,0.0193728203756991,0.992287895616616,0.955316361871864,1.03069025831185,0.689427678824097,0.960053675501492
ebi-a-GCST90001710,BAFF-R on IgD- CD24- B cell,9,IVW,266.532206489607,30.1846564251792,-0.007741629498665,0.0195020152278112,0.992288259734791,0.955074835926203,1.03095166302087,0.691392815877552,0.960053675501492
ebi-a-GCST90001943,CD25 on activated & secreting CD4 regulatory T cell,1,Wald,33.4718034014572,33.4718034014572,-0.0318790262172285,0.0816129213483146,0.968623753071237,0.825438637551216,1.13664654443268,0.696083693900362,0.960053675501492
ebi-a-GCST90001450,CD62L- monocyte Absolute Count,3,IVW,42.9285421856018,32.6328769806669,0.0259474734216207,0.0664880659221729,1.026287039711,0.900892684306303,1.16913491054686,0.696346068500696,0.960053675501492
ebi-a-GCST90002056,CD8 on Effector Memory CD8+ T cell,3,IVW,62.2714887109359,36.0778738956678,-0.015921970917724,0.0408104911708203,0.984204113602938,0.908545296698257,1.0661633941127,0.696430020325216,0.960053675501492
ebi-a-GCST90001917,CD45 on CD8+ T cell,2,IVW,30.2927722746482,30.2521244096417,0.0153481950794847,0.0394179684571576,1.01546658353314,0.939966518380551,1.09703097089996,0.69700207257581,0.960053675501492
ebi-a-GCST90001484,CD39+ resting CD4 regulatory T cell %resting CD4 regulatory T cell,8,IVW,320.673681321414,31.6568805547166,-0.00945022728395307,0.0244403730675849,0.990594285784014,0.944260347991559,1.03920178488392,0.699004520323071,0.960053675501492
ebi-a-GCST90001675,CD28- CD127- CD25++ CD8+ T cell Absolute Count,1,Wald,30.0598309278269,30.0598309278269,-0.0392376746785914,0.101505310229178,0.961522152517823,0.788054457722091,1.173173808895,0.699083566015913,0.960053675501492
ebi-a-GCST90001498,Activated & resting CD4 regulatory T cell Absolute Count,1,Wald,36.5118304781516,36.5118304781516,-0.0440760451227605,0.11828599867286,0.95688118855877,0.758876216485168,1.20654935433141,0.709429294886898,0.966257640814454
ebi-a-GCST90001538,Central Memory CD4+ T cell %CD4+ T cell,1,Wald,45.4570922851563,45.4570922851563,0.0384835457705678,0.1032775202781,1.03923362842875,0.848792613526568,1.27240331412636,0.709429294886898,0.966257640814454
ebi-a-GCST90001552,Naive CD8+ T cell %CD8+ T cell,1,Wald,30.0600564663514,30.0600564663514,-0.0626881355932203,0.170936911487759,0.939236342403845,0.671847108062493,1.31304413802745,0.713818497452728,0.966257640814454
ebi-a-GCST90001407,Memory B cell Absolute Count,1,Wald,42.2671005650254,42.2671005650254,0.102449132947977,0.28116936416185,1.10788094583878,0.638494114781261,1.92233594913104,0.715583190429553,0.966257640814454
ebi-a-GCST90001412,IgD+ CD24+ B cell Absolute Count,1,Wald,56.9586772070778,56.9586772070778,0.0902888436067244,0.247795720835456,1.09449037459992,0.673416837247117,1.77885243408651,0.715583190429553,0.966257640814454
ebi-a-GCST90001418,CD24+ CD27+ B cell Absolute Count,1,Wald,40.6268092689697,40.6268092689697,0.104811945594323,0.287654050857481,1.1105017559706,0.63192156782051,1.95153039999432,0.715583190429553,0.966257640814454
ebi-a-GCST90001642,B cell Absolute Count,1,Wald,40.8769805454581,40.8769805454581,0.0522373454782043,0.143449577098243,1.05362578615489,0.795389119459134,1.39570339861501,0.715745054317112,0.966257640814454
ebi-a-GCST90001618,HLA DR+ T cell Absolute Count,3,IVW,110.640916750323,38.3691319861852,0.0150191242022267,0.0416504969719131,1.01513247802888,0.935554525714586,1.10147930411855,0.718399297210705,0.966257640814454
ebi-a-GCST90002078,SSC-A on granulocyte,3,IVW,94.3963716008307,40.5202726702722,-0.019147488574436,0.053308525749711,0.981034660168616,0.883704808590908,1.0890842678414,0.719458580994511,0.966257640814454
ebi-a-GCST90001779,CD25 on IgD+ CD24- B cell,5,IVW,74.3843863755589,31.3578503247483,0.0156691418681055,0.0436343846686084,1.01579254657768,0.932529724267262,1.1064896601484,0.719519692995277,0.966257640814454
ebi-a-GCST90001819,CD38 on transitional B cell,5,IVW,66.3786592598282,32.4250785233113,0.013635120053279,0.0383868771458052,1.01372850224582,0.940255944729853,1.09294228026477,0.722437788067413,0.966486266374505
ebi-a-GCST90001822,IgD on IgD+ CD38-  B cell,1,Wald,267.294860922516,267.294860922516,-0.0136310598528535,0.0385201829389541,0.986461422356434,0.914726085701134,1.06382244150346,0.723437814350631,0.966486266374505
ebi-a-GCST90001851,CD3 on T cell,3,IVW,111.624791286595,32.3864462809917,-0.0131903761541222,0.0374199772336535,0.986896235625217,0.917104796340218,1.06199878550184,0.72446664118682,0.966486266374505
ebi-a-GCST90001749,CD20 on IgD+ CD38- naive B cell,1,Wald,46.0373096422679,46.0373096422679,0.027077705061082,0.077966404886562,1.0274476375431,0.881847228304994,1.19708790140665,0.7283662143545,0.969557658142942
ebi-a-GCST90001397,Unswitched memory B cell %B cell,1,Wald,38.1346437675813,38.1346437675813,-0.0430500810664745,0.126051702395965,0.957863418044283,0.748180202370325,1.2263119562917,0.732706755144197,0.970665618730852
ebi-a-GCST90001627,HLA DR+ CD8+ T cell Absolute Count,3,IVW,103.294185981222,30.7412421430991,0.0144969540391609,0.0427257699704893,1.01460254450707,0.933097525085385,1.10322693571182,0.734381974572255,0.970665618730852
ebi-a-GCST90001780,CD25 on IgD+ CD38- B cell,3,IVW,61.3596875603974,35.8032118478513,-0.0231251808194717,0.0683166231640161,0.977140156911367,0.854682040026508,1.11714396879003,0.734986384314494,0.970665618730852
ebi-a-GCST90001546,Terminally Differentiated CD4+ T cell %CD4+ T cell,5,IVW,50.5960889951961,30.4842324419821,-0.0190145564889973,0.0563073338622155,0.981165079820166,0.878642715566856,1.09565002566195,0.735595032316626,0.970665618730852
ebi-a-GCST90001624,HLA DR+ CD4+ T cell Absolute Count,2,IVW,72.7259295347522,34.4329682345179,0.0197732002855214,0.0597414071780206,1.01996998489076,0.907265672974894,1.14667489476023,0.740659727446584,0.975228751757216
ebi-a-GCST90001535,CD45RA- CD4+ T cell %CD4+ T cell,4,IVW,44.894458066459,30.3108164555467,0.00862656292109503,0.0269526686570524,1.00866387894083,0.956761947040159,1.06338136025099,0.748920265705166,0.980292196225558
ebi-a-GCST90001798,CD27 on CD24+ CD27+ B cell,11,IVW,110.578205478916,31.0808373004387,0.0119434142058135,0.037533412585969,1.01201502157211,0.940238159665209,1.08927125894601,0.750327527468675,0.980292196225558
ebi-a-GCST90001672,CD39+ CD8+ T cell Absolute Count,6,IVW,123.9551008584,61.08201141052,-0.0110386406649837,0.0347166360043619,0.989022061566862,0.923963003879459,1.05866212625281,0.750512239993581,0.980292196225558
ebi-a-GCST90002031,CD39 on CD39+ secreting CD4 regulatory T cell,5,IVW,556.428116937391,32.041949350074,0.00696462575106667,0.0221263769177441,1.00698893515953,0.964251551369658,1.05162051758524,0.752939514036437,0.980292196225558
ebi-a-GCST90001474,Plasmacytoid Dendritic Cell %Dendritic Cell,2,IVW,241.411158765754,40.45577285247,-0.0140066369242607,0.0446891435400767,0.986090999629865,0.903393222265861,1.07635903788623,0.753958777146072,0.980292196225558
ebi-a-GCST90001644,B cell %lymphocyte,2,IVW,56.2759244740848,38.0932370012036,-0.0329392099588143,0.105493460280224,0.967597378085689,0.786858855123768,1.18985086077609,0.754858625407164,0.980292196225558
ebi-a-GCST90001900,CD28 on resting CD4 regulatory T cell,1,Wald,238.893244709278,238.893244709278,0.0160990933641975,0.0521521990740741,1.01622938200509,0.917484845073412,1.12560132452958,0.75755398128851,0.980292196225558
ebi-a-GCST90001463,CD62L- Dendritic Cell %Dendritic Cell,3,IVW,261.170101999356,30.2975269588636,0.0107759357126614,0.0349458292805512,1.01083420522265,0.943916198382366,1.08249629808153,0.757807548888064,0.980292196225558
ebi-a-GCST90002106,HLA DR on Dendritic Cell,7,IVW,162.629534581273,41.3909947663841,0.00575277359329591,0.0188061543981449,1.00576935257176,0.96937156456461,1.04353379813339,0.759681961597317,0.980292196225558
ebi-a-GCST90001816,CD38 on naive-mature B cell,3,IVW,58.7384168718537,36.5257565161996,0.0151014182126447,0.049574500417099,1.01521602078909,0.921212444050445,1.11881203464334,0.760655064946026,0.980292196225558
ebi-a-GCST90001775,CD25 on B cell,3,IVW,74.242947175005,31.4359781671933,0.0160707142260665,0.0536089826587291,1.0162005427003,0.914842928041531,1.12878780753663,0.764347626946925,0.982018673486581
ebi-a-GCST90001892,CD28 on CD39+ CD4+ T cell,6,IVW,124.395080800748,30.0243948207919,-0.0114970395774815,0.0388168468223017,0.988568798824914,0.916147354993346,1.06671515742927,0.767087390917499,0.982018673486581
ebi-a-GCST90001848,CD3 on Natural Killer T,2,IVW,34.932810925025,30.6730144210849,0.0280857576539893,0.0950723892145487,1.02848388100441,0.853631117520667,1.2391524532964,0.767677295437916,0.982018673486581
ebi-a-GCST90002018,CCR2 on granulocyte,2,IVW,53.3368761904476,38.6329231600304,0.0249019348444125,0.085088718266103,1.02521457776756,0.867732359935204,1.21127778448369,0.76978321009223,0.982018673486581
ebi-a-GCST90001988,HLA DR on CD14+ CD16- monocyte,5,IVW,197.84968443538,46.5160342269162,0.00699166532154129,0.0241551518859014,1.00701616407594,0.960450885510712,1.05583905435309,0.772238411669083,0.982018673486581
ebi-a-GCST90002065,CD4 on CD39+ resting CD4 regulatory T cell,1,Wald,29.9419087438264,29.9419087438264,0.033306286942504,0.115622246104245,1.0338671507604,0.824223691685652,1.29683397383959,0.773299865857963,0.982018673486581
ebi-a-GCST90001671,CD39+ CD8+ T cell %CD8+ T cell,7,IVW,110.717967311344,32.0414796826301,-0.0102030717495173,0.0355143267485514,0.989848803009842,0.92329069136114,1.06120495092999,0.77388681196923,0.982018673486581
ebi-a-GCST90001558,Terminally Differentiated CD8+ T cell %CD8+ T cell,4,IVW,51.616276915153,30.9502509537563,0.0196549438915499,0.0689742823866569,1.01984937405003,0.890889702742637,1.16747644803646,0.775674427592817,0.982018673486581
ebi-a-GCST90001991,HLA DR on CD14+ monocyte,5,IVW,185.436476072217,47.1588957503954,0.00706391245584942,0.0248894840628276,1.0070889207362,0.959138803996114,1.05743620218884,0.776555128951497,0.982018673486581
ebi-a-GCST90001933,CD25 on CD45RA- CD4 not regulatory T cell,2,IVW,77.6981639476647,33.3764792454157,-0.0192617697784795,0.0690183741035338,0.980922552752451,0.85681111861768,1.12301186759895,0.780182075515228,0.982190914052454
ebi-a-GCST90001847,CD3 on HLA DR+ T cell,2,IVW,135.176644865394,45.8149464442775,-0.0128345967390562,0.0460553094744543,0.987247415458232,0.902034056203597,1.08051071090488,0.780492027272295,0.982190914052454
ebi-a-GCST90001919,CD45 on Natural Killer T,1,Wald,30.3457530395772,30.3457530395772,0.0321112918660287,0.116735885167464,1.03263242249955,0.821444385053237,1.29811553819091,0.783257510754206,0.982190914052454
ebi-a-GCST90001626,HLA DR+ CD4+ T cell %lymphocyte,2,IVW,90.6858019510325,32.3613004123458,0.0159725517263259,0.0585253150250149,1.01610079481063,0.905980890139648,1.13960552198363,0.784917040302846,0.982190914052454
ebi-a-GCST90002039,CD80 on monocyte,6,IVW,122.892110494363,30.244845580414,0.00781867603174096,0.0289799553751665,1.00784932169663,0.952198234354444,1.06675292874598,0.787317200520755,0.982190914052454
ebi-a-GCST90001889,CD28 on activated & secreting CD4 regulatory T cell,1,Wald,153.284401138378,153.284401138378,0.0176969094922737,0.0663500122639195,1.0178544276178,0.893732188123332,1.15921486278413,0.789684356677046,0.982190914052454
ebi-a-GCST90001902,CD28 on activated CD4 regulatory T cell,1,Wald,121.351390410383,121.351390410383,0.0201031763722485,0.0753716912789078,1.02030660613038,0.880183088061934,1.18273752885381,0.789684356677046,0.982190914052454
ebi-a-GCST90001815,CD38 on IgD- CD38dim B cell,3,IVW,72.5384447364102,46.7899609044492,0.0119381382380635,0.0448571920191908,1.01200968222758,0.926832928217424,1.10501425417862,0.790134048405889,0.982190914052454
ebi-a-GCST90001993,PDL-1 on CD14+ CD16- monocyte,1,Wald,30.6382136550253,30.6382136550253,0.0339127112914131,0.128300878972279,1.03449430311517,0.804481738906361,1.33027067169055,0.791532011399649,0.982190914052454
ebi-a-GCST90001628,HLA DR+ CD8+ T cell %T cell,3,IVW,117.913706331681,30.0085210761536,0.0108401050612993,0.0415912260121213,1.01089907187638,0.931761220853579,1.09675838685834,0.794374443639865,0.982190914052454
ebi-a-GCST90001486,Activated CD4 regulatory T cell Absolute Count,2,IVW,34.3655694361494,30.167966139452,0.0123193186089445,0.0473565376265502,1.01239551398466,0.922655369396265,1.11086404602721,0.794755964839116,0.982190914052454
ebi-a-GCST90001636,CD4-CD8- Natural Killer T Absolute Count,1,Wald,47.9706216948903,47.9706216948903,-0.0272696285848613,0.107099200752233,0.97309883088852,0.788846078020652,1.20038796041503,0.799016393425072,0.982190914052454
ebi-a-GCST90001655,CD28+ CD4-CD8- T cell %T cell,1,Wald,33.2285348919531,33.2285348919531,-0.0348717902350814,0.137307414104882,0.965729224237515,0.737865056124549,1.26396137993689,0.799519712369093,0.982190914052454
ebi-a-GCST90001860,CD3 on CD39+ CD4+ T cell,4,IVW,196.169241396944,32.2773424822199,0.0104019316831994,0.0413451909516586,1.01045621984521,0.93180227081557,1.09574939255107,0.801359950355926,0.982190914052454
ebi-a-GCST90001670,CD39+ CD8+ T cell %T cell,7,IVW,108.80999686105,31.5226152141912,-0.00859898925916185,0.0342973848119102,0.991437876304439,0.926981321069386,1.06037634225154,0.80203174781488,0.982190914052454
ebi-a-GCST90001478,CD4 regulatory T cell %CD4+ T cell,2,IVW,40.8397801910009,30.6350689487563,0.0258080135039128,0.103228687421811,1.0261439237846,0.83818183610804,1.25625646722357,0.802581043443192,0.982190914052454
ebi-a-GCST90002108,HLA DR on CD33+ HLA DR+ CD14-,3,IVW,124.279735431188,64.4674716265176,0.00644934720126056,0.0260211015266641,1.00647018902221,0.95642585337833,1.0591330606678,0.804249956088438,0.982252964478234
ebi-a-GCST90001938,CD25 on CD39+ resting CD4 regulatory T cell,1,Wald,31.0680127795894,31.0680127795894,-0.0374434408602151,0.15358064516129,0.963248896709162,0.71286622037759,1.30157441955933,0.807383301817229,0.984099727315378
ebi-a-GCST90001868,CD3 on CD4 regulatory T cell,4,IVW,193.353331208032,40.3214165317566,-0.00892229782021927,0.0379557351356859,0.991117387762409,0.920060786640729,1.06766171386518,0.814153520262275,0.984971377954666
ebi-a-GCST90001751,CD20 on IgD+ CD38+ B cell,5,IVW,53.2810220879833,30.8200212022688,0.0106892569255569,0.0454743986831498,1.01074659113697,0.924557009812793,1.10497098681007,0.814161400147514,0.984971377954666
ebi-a-GCST90001720,BAFF-R on transitional B cell,8,IVW,272.739354656743,66.0468786982249,-0.00673111293970818,0.0286437345206211,0.993291490257669,0.939062884281718,1.05065166681885,0.814213195329999,0.984971377954666
ebi-a-GCST90001909,CD45 on CD14+ monocyte,1,Wald,34.9907485698107,34.9907485698107,0.0468778855804617,0.199897290063566,1.04799402608336,0.708276444655802,1.55065368472071,0.814589179132195,0.984971377954666
ebi-a-GCST90001846,CD3 on Central Memory CD8+ T cell,3,IVW,113.872078834312,34.7467704423664,-0.00934355937824737,0.0407996502647561,0.990699956037595,0.914561216167625,1.07317737242971,0.818860544254143,0.986764157648714
ebi-a-GCST90001569,Effector Memory CD4-CD8- T cell Absolute Count,4,IVW,32.8563639317474,29.9681514954964,0.0123056029811432,0.0541908372710247,1.01238162843983,0.910366113303098,1.12582898970586,0.820362286641215,0.986764157648714
ebi-a-GCST90001753,CD20 on IgD- CD24- B cell,2,IVW,39.8747483123396,35.3352710775047,-0.0176748086955612,0.0780948616251278,0.982480474522674,0.843040113844424,1.14498452323519,0.820948763776937,0.986764157648714
ebi-a-GCST90001583,Monocyte Absolute Count,1,Wald,31.8947191615157,31.8947191615157,0.0283459361393324,0.129300435413643,1.02875150519628,0.798450010718276,1.32548017438382,0.826474491643226,0.988935745953677
ebi-a-GCST90001540,Naive CD4+ T cell Absolute Count,2,IVW,48.0738094426101,42.2384005582921,0.0137625790866958,0.0632449953848646,1.01385771933563,0.895657125330169,1.14765734117006,0.827735017331251,0.988935745953677
ebi-a-GCST90001884,CD16-CD56 on Natural Killer,8,IVW,150.529881702679,33.0734881739624,-0.00664359551498933,0.0306061839824014,0.993378424374962,0.935539682083078,1.05479298517457,0.828156055211603,0.988935745953677
ebi-a-GCST90001857,CD3 on activated & secreting CD4 regulatory T cell,4,IVW,191.329696643697,36.7906680138744,-0.0081908794998764,0.0379849355528088,0.991842574352478,0.920681287427575,1.06850405860512,0.829272314152259,0.988935745953677
ebi-a-GCST90001853,CD3 on activated CD4 regulatory T cell,4,IVW,183.991771841864,34.8732026585846,-0.00812919034874967,0.0385429763652771,0.991903762166234,0.91973156928918,1.06973937423929,0.832955654284585,0.989556065082633
ebi-a-GCST90002010,HLA DR on monocyte,5,IVW,161.675842763597,31.1961335266171,-0.00983706973471638,0.0470302527416602,0.990211155973004,0.903014773613325,1.08582734420828,0.834319651141527,0.989556065082633
ebi-a-GCST90001664,CD28+ CD45RA+ CD8dim T cell %T cell,6,IVW,55.0018124429134,35.1575520827554,0.00468460607679191,0.0225155683380191,1.00469559599829,0.961321952540367,1.05002620396934,0.835181531995395,0.989556065082633
ebi-a-GCST90002061,CD4 on CD39+ CD4+ T cell,6,IVW,100.289897164781,30.1083324439044,0.00897488893745486,0.0446691230333286,1.00901528400983,0.924431252989268,1.10133862315153,0.840761676112106,0.989556065082633
ebi-a-GCST90001602,Lymphocyte %leukocyte,1,Wald,32.76515327558,32.76515327558,0.0349980026631158,0.181549267643142,1.03561764032025,0.725540371382414,1.47821394817627,0.84713586238434,0.989556065082633
ebi-a-GCST90001652,Granulocyte %leukocyte,1,Wald,32.5545603417586,32.5545603417586,-0.0347665343915344,0.180348544973545,0.965830878231395,0.678242976692104,1.37536151114278,0.84713586238434,0.989556065082633
ebi-a-GCST90001515,Immature Myeloid-Derived Suppressor Cells Absolute Count,2,IVW,91.6097174019692,36.1281822023329,0.00766776657186168,0.0397789153892146,1.00769723917548,0.93211516196394,1.08940801231294,0.84714726912428,0.989556065082633
ebi-a-GCST90001824,IgD on IgD+ CD38+ B cell,6,IVW,137.805098587287,33.4684529919278,-0.00433115088068156,0.0224733070789157,0.995678215026696,0.95277277716423,1.04051577840984,0.847174943656921,0.989556065082633
ebi-a-GCST90001706,BAFF-R on IgD+ CD38- naive B cell,8,IVW,185.774870682377,40.0101039134232,-0.00478303075717978,0.0249522767172771,0.995228389719014,0.947726336364151,1.04511134670222,0.847987273803361,0.989556065082633
ebi-a-GCST90002095,CD11b on CD33dim HLA DR-,1,Wald,86.1963995256104,86.1963995256104,0.00942164689781022,0.0507725821167883,1.00946617033111,0.913846546321177,1.11509087947554,0.85278539768206,0.989556065082633
ebi-a-GCST90002096,CD11b on basophil,1,Wald,93.2337444499441,93.2337444499441,0.00914625775022144,0.0492885296722764,1.00918821257798,0.916256198794745,1.11154592978037,0.85278539768206,0.989556065082633
ebi-a-GCST90001560,CD45RA+ CD8+ T cell Absolute Count,3,IVW,48.6417303606716,32.2451569053574,-0.0146501623742185,0.0791793193449388,0.985456629114307,0.843798439816593,1.15089661468966,0.853209339650463,0.989556065082633
ebi-a-GCST90001613,CD4-CD8- T cell %leukocyte,4,IVW,39.2665264336593,31.2924003940467,-0.0121584872405062,0.0657262925992249,0.987915128511375,0.868504926637536,1.12374296472928,0.85323949998665,0.989556065082633
ebi-a-GCST90001843,CD3 on Effector Memory CD4+ T cell,2,IVW,186.753805085202,36.1168081886456,0.00699966378151768,0.0380598580540706,1.00702421868664,0.934636441429262,1.08501844361071,0.854082507914502,0.989556065082633
ebi-a-GCST90002087,CD11c on myeloid Dendritic Cell,5,IVW,53.70883414557,30.0206730575154,-0.00930684904038644,0.0506623495919579,0.990736325635265,0.897084647320108,1.09416482587848,0.854246092427182,0.989556065082633
ebi-a-GCST90002121,CD8 on CD39+ CD8+ T cell,5,IVW,46.1682148430476,34.261739359292,-0.00880443585192535,0.0490366337980365,0.991234209692838,0.900399938640878,1.09123203623103,0.857507329784645,0.989784115833689
ebi-a-GCST90001891,CD28 on CD45RA- CD4 not regulatory T cell,3,IVW,90.5526333302842,29.9850232386337,0.00885667333468106,0.0495730661279274,1.00889600971001,0.915480205814522,1.11184398301999,0.858205481602451,0.989784115833689
ebi-a-GCST90001693,CD28+ CD45RA- CD8+ T cell Absolute Count,2,IVW,63.6305402538111,43.2625567473357,0.00419324922379778,0.0244730814243762,1.00420205319477,0.95717026272745,1.05354481110508,0.863955419537217,0.989784115833689
ebi-a-GCST90001705,BAFF-R on IgD+ CD38- B cell,9,IVW,306.3804193676,32.0195322937529,-0.00427740364235877,0.0256729774510155,0.995731731419178,0.946867189106999,1.04711800383548,0.867676039969583,0.989784115833689
ebi-a-GCST90001398,Unswitched memory B cell Absolute Count,2,IVW,32.4267869901398,31.5476852942182,-0.0213242219309398,0.128869778585924,0.978901531768073,0.760401277783706,1.26018753110308,0.868573207863707,0.989784115833689
ebi-a-GCST90002120,CD8 on CD28- CD8+ T cell,2,IVW,46.3254337744564,46.2770142070434,0.0130878722521683,0.0799099972372856,1.01317389332014,0.866289853739955,1.18496290089718,0.869902239262805,0.989784115833689
ebi-a-GCST90001855,CD3 on secreting CD4 regulatory T cell,5,IVW,148.652006388527,31.3197226285208,-0.00639684382173195,0.0390894879903171,0.993623572427326,0.920339881930795,1.07274260636407,0.870009719884272,0.989784115833689
ebi-a-GCST90001754,CD20 on IgD- CD27- B cell,4,IVW,40.5334150490301,31.1771293788258,-0.00956861640214316,0.0609348887836839,0.990477017141838,0.878973087962449,1.11612600535968,0.875221064920354,0.989784115833689
ebi-a-GCST90001668,CD28+ CD45RA- CD8dim T cell %CD8dim T cell,2,IVW,60.2292297479695,42.9494245093954,0.00396487496631247,0.0253557637387476,1.00397274548149,0.955297544638116,1.0551280900146,0.87574156338457,0.989784115833689
ebi-a-GCST90002040,CD80 on granulocyte,3,IVW,51.1167028950495,30.6573038043497,-0.0101027013527385,0.0650757567681395,0.989948159513094,0.871402597368862,1.12462065351009,0.876627985748434,0.989784115833689
ebi-a-GCST90001446,IgD- CD38- B cell Absolute Count,1,Wald,30.7333478741144,30.7333478741144,0.0136756140350877,0.0935323763955343,1.0137695529805,0.843961970795793,1.21774291036029,0.883753541386725,0.989784115833689
ebi-a-GCST90002024,CD4 on naive CD4+ T cell,6,IVW,37.4901506169635,29.966022174202,0.0125035801135186,0.0879409011054366,1.01258207669293,0.85226259797675,1.20305932053554,0.886936546438897,0.989784115833689
ebi-a-GCST90001502,Activated & secreting CD4 regulatory T cell %CD4 regulatory T cell,9,IVW,86.1826766839747,31.976515479401,0.00195303320150453,0.0146684186769632,1.00195494161304,0.973558788290278,1.03117933616092,0.894078351419579,0.989784115833689
ebi-a-GCST90002023,CD4 on Central Memory CD4+ T cell,2,IVW,63.1995313356771,33.4559753775702,0.00696470293627564,0.053570112035049,1.00698901288419,0.906619241722093,1.11847049500445,0.896557737102629,0.989784115833689
ebi-a-GCST90002016,CCR2 on CD62L+ plasmacytoid Dendritic Cell,2,IVW,154.210501292085,51.1347193511792,-0.00574799030998987,0.0443543300579779,0.994268497780059,0.91148287092462,1.08457314691498,0.896888805374072,0.989784115833689
ebi-a-GCST90002015,CCR2 on plasmacytoid Dendritic Cell,2,IVW,154.503766722299,51.4898078896057,-0.00571786655370971,0.044250416765136,0.994298449333087,0.911695994890552,1.08438493959257,0.8971866521183,0.989784115833689
ebi-a-GCST90001831,CD62L on CD62L+ myeloid Dendritic Cell,2,IVW,71.2976845257705,41.9555568109597,0.00752154398592391,0.060013603050517,1.00754990185162,0.895739971959302,1.13331640487215,0.900261786883396,0.989784115833689
ebi-a-GCST90002104,HLA DR on myeloid Dendritic Cell,7,IVW,129.255623382025,37.0260768956924,0.0027510571014142,0.0219910045281337,1.00275484473153,0.960451961793631,1.04692094829477,0.900445015630798,0.989784115833689
ebi-a-GCST90001812,CD38 on IgD+ CD38+ B cell,3,IVW,48.5858472553878,32.4358151176407,0.00636917157626245,0.051842627271182,1.00638949788054,0.909152549297885,1.11402626789796,0.902221223817416,0.989784115833689
ebi-a-GCST90002027,CD4 on CD45RA+ CD4+ T cell,2,IVW,74.3445897608007,40.4283718550459,0.00606667457153894,0.0494697435921124,1.00608511411175,0.913114475024119,1.10852175113151,0.902396896949041,0.989784115833689
ebi-a-GCST90001494,Secreting CD4 regulatory T cell %CD4+ T cell,7,IVW,55.6738497432711,30.2091834231457,-0.00192223533938032,0.0159855030712767,0.998079610971765,0.967293008801208,1.02984607639429,0.904286171514056,0.989784115833689
ebi-a-GCST90001813,CD38 on IgD+ CD38dim B cell,4,IVW,72.3997274010345,41.2010973200436,0.00477149153075361,0.040697973633781,1.00478289322361,0.927746699303284,1.08821584951258,0.906668680353195,0.989784115833689
ebi-a-GCST90001820,IgD on IgD+ CD24+ B cell,6,IVW,103.890462872853,31.9765242642974,-0.00510303839466668,0.043685818085187,0.994909959985951,0.91326677789463,1.08385178617923,0.907008841721339,0.989784115833689
ebi-a-GCST90001856,CD3 on CD39+ secreting CD4 regulatory T cell,3,IVW,175.067622667908,29.9607395395028,-0.00378426879307345,0.0331165031155166,0.996222882528391,0.933613614891054,1.06303080401092,0.909022662579612,0.989784115833689
ebi-a-GCST90001935,CD25 on CD39+ CD4 regulatory T cell,1,Wald,48.3285195458835,48.3285195458835,0.0115489010989011,0.101701098901099,1.01161584712666,0.828792669072369,1.23476794661227,0.909588746547986,0.989784115833689
ebi-a-GCST90001940,CD25 on CD39+ activated CD4 regulatory T cell,1,Wald,42.151572543618,42.151572543618,0.0122631271878646,0.107990665110852,1.01233862764031,0.819223305152221,1.25097698096155,0.909588746547986,0.989784115833689
ebi-a-GCST90002119,CD8 on CD28+ CD45RA+ CD8+ T cell,8,IVW,87.2906410205484,32.7499371809433,0.00291489973221422,0.0266944401650559,1.00291915218326,0.951794429420088,1.0567899902806,0.913047815964522,0.989784115833689
ebi-a-GCST90001698,CD45RA+ CD28- CD8+ T cell Absolute Count,428,IVW,65.7954740029602,29.913932883739,-5.34559983447131e-07,4.93538210209009e-06,0.999999465440159,0.999989792143197,1.0000091388307,0.913748384450328,0.989784115833689
ebi-a-GCST90001870,CD34 on Hematopoietic Stem Cell,4,IVW,50.7319864687493,31.9278501623972,-0.00463111337153942,0.0440256085229294,0.995379593699061,0.913089562672291,1.08508581858371,0.916223971162726,0.989784115833689
ebi-a-GCST90001863,CD3 on CD28+ CD45RA- CD8+ T cell,5,IVW,65.8920857670664,30.2114371778798,0.00500800298721807,0.0487267760147646,1.00502056399394,0.913477551161651,1.10573744561782,0.918139778651423,0.989784115833689
ebi-a-GCST90001608,CD4+CD8+ T cell %leukocyte,1,Wald,113.409678399581,113.409678399581,0.00638019869818431,0.063710174717369,1.00640059552142,0.888259149318034,1.14025525033261,0.920229917191042,0.989784115833689
ebi-a-GCST90001667,CD28+ CD45RA- CD8dim T cell %T cell,3,IVW,55.1412582696398,32.262660103558,0.00221068820058369,0.0229092549197087,1.0022131335734,0.958206997847416,1.04824027309698,0.923125377076255,0.989784115833689
ebi-a-GCST90001985,CD40 on monocytes,5,IVW,190.684442318183,30.3725935927486,0.00370155839868715,0.0396010032196809,1.00370841762664,0.928749326692047,1.0847174352231,0.925529126138311,0.989784115833689
ebi-a-GCST90001716,BAFF-R on naive-mature B cell,10,IVW,278.823975931858,29.9513140286205,0.00245799967560277,0.0269837734430836,1.00246102303344,0.950820297156516,1.05690644773417,0.927419672297771,0.989784115833689
ebi-a-GCST90001614,CD8+ and CD8dim T cell %leukocyte,2,IVW,36.1235733521095,34.512452826668,0.00966848910202626,0.107451938874442,1.00971537994214,0.817963707198322,1.24641856297483,0.92830337692214,0.989784115833689
ebi-a-GCST90002102,CD45RA on resting CD4 regulatory T cell,7,IVW,73.5600069242421,38.9557354445175,0.00169438088393414,0.0189565980399745,1.00169581715831,0.965160807842871,1.03961381560347,0.928778234309049,0.989784115833689
ebi-a-GCST90001944,CD123 on plasmacytoid Dendritic Cell,2,IVW,71.5933203331908,43.6443807881535,-0.00510406627709626,0.0578726749344434,0.99490893733601,0.888221163371794,1.1144114038372,0.929721887487755,0.989784115833689
ebi-a-GCST90001945,CD123 on CD62L+ plasmacytoid Dendritic Cell,2,IVW,70.2337694093974,43.3263900016023,-0.00507248460887042,0.05840374556989,0.994940358716151,0.88732511912201,1.11560722904105,0.9307891197185,0.989784115833689
ebi-a-GCST90002037,CD80 on plasmacytoid Dendritic Cell,2,IVW,63.8103383171636,40.0562295170858,-0.00522116937541969,0.0613871932632207,0.994792437238292,0.882020422773582,1.12198308297056,0.932219198083363,0.989784115833689
ebi-a-GCST90002038,CD80 on CD62L+ plasmacytoid Dendritic Cell,2,IVW,62.6692620371404,39.9032703077627,-0.00516322670195561,0.0619129302201246,0.994850079841615,0.881163073312756,1.12320489967874,0.933537491232389,0.989784115833689
ebi-a-GCST90001594,CD4+CD8+ T cell Absolute Count,2,IVW,64.0886329924645,30.6223370977062,-0.00525755979410565,0.0643222403833426,0.994756236983671,0.876929084845056,1.12841504303937,0.934855201872611,0.989784115833689
ebi-a-GCST90001829,BAFF-R on B cell,10,IVW,278.430806850914,30.4938172862919,0.00219470037370957,0.0271196508014299,1.00219711049141,0.950316858060783,1.05690963993517,0.935500347852244,0.989784115833689
ebi-a-GCST90002042,CD45 on CD33+ HLA DR+ CD14-,1,Wald,32.8872430404633,32.8872430404633,-0.00716415243101183,0.0935035479632063,0.99286144893517,0.826602703371293,1.19256064946458,0.938926608774361,0.989784115833689
ebi-a-GCST90001661,CD28- CD8dim T cell %T cell,3,IVW,34.5865045384014,32.147176375171,-0.00494899539859397,0.0650538637628669,0.995063230701847,0.875942728704841,1.13038307259976,0.939359151832433,0.989784115833689
ebi-a-GCST90002071,SSC-A on myeloid Dendritic Cell,5,IVW,39.4621893492338,30.950920477705,-0.00427307270495639,0.0585362263883616,0.995736043880315,0.887804181686396,1.11678936587015,0.941807093876751,0.989784115833689
ebi-a-GCST90001704,BAFF-R on IgD+ CD24- B cell,10,IVW,285.338801169215,32.2672949791941,0.00194632806496461,0.0268437325936389,1.00194822339088,0.950594797364905,1.05607588547612,0.942199337762802,0.989784115833689
ebi-a-GCST90001709,BAFF-R on IgD+ CD38dim B cell,10,IVW,286.774289985426,34.9269969218464,0.00193999810894899,0.0268065368444911,1.00194188112276,0.950658084096065,1.05599221207104,0.942307190412377,0.989784115833689
ebi-a-GCST90001795,CD25 on transitional B cell,2,IVW,53.5472833628873,52.4391780712295,0.00549058534549259,0.0761169844883867,1.00550568623413,0.866148675662376,1.1672842243579,0.942495657677346,0.989784115833689
ebi-a-GCST90001989,CD40 on CD14- CD16+ monocyte,9,IVW,138.322009508755,31.0573076617832,-0.00152790623045013,0.0224254177610286,0.998473260424019,0.955537064812057,1.04333875523485,0.945679930071119,0.989784115833689
ebi-a-GCST90001504,CD25++ CD4+ T cell Absolute Count,1,Wald,66.865896625781,66.865896625781,0.00655958918918919,0.0974985945945946,1.00658115041283,0.831488628594295,1.21854415986341,0.94635974772366,0.989784115833689
ebi-a-GCST90001505,CD25++ CD4+ T cell %CD4+ T cell,1,Wald,115.477631760909,115.477631760909,0.00512467905405406,0.076170777027027,1.00513783268153,0.865740521631015,1.16698021802695,0.94635974772366,0.989784115833689
ebi-a-GCST90001506,CD25++ CD4+ T cell %T cell,1,Wald,85.9337666688518,85.9337666688518,0.00588403801396431,0.0874575252133437,1.00590138296841,0.847442141729096,1.19399017635969,0.94635974772366,0.989784115833689
ebi-a-GCST90001960,CD25 on CD4+ T cell,1,Wald,46.0203668755656,46.0203668755656,0.00785961139896373,0.116821502590674,1.00789057922316,0.801628068493587,1.26722536249979,0.94635974772366,0.989784115833689
ebi-a-GCST90001499,Activated & resting CD4 regulatory T cell %CD4 regulatory T cell,6,IVW,96.3087592921636,31.0062649957837,0.00108123966646196,0.0166379654775298,1.0010818244168,0.968962688813145,1.03426564381462,0.948184915364065,0.989784115833689
ebi-a-GCST90001562,CD45RA+ CD8+ T cell %T cell,3,IVW,35.8391572571697,32.0213287320685,0.00415816836395006,0.0643930619152301,1.0041668255412,0.885102135764282,1.13924819834129,0.94851255854239,0.989784115833689
ebi-a-GCST90001395,IgD+ CD38- B cell %B cell,2,IVW,32.5331237295278,30.3243699780862,-0.0076076901370685,0.120365928795634,0.99242117509192,0.783859949385821,1.25647418208129,0.949603517307514,0.989784115833689
ebi-a-GCST90001493,Secreting CD4 regulatory T cell %CD4 regulatory T cell,6,IVW,96.103842668419,32.2976507125524,-0.00106824860281701,0.0169441553618709,0.998932321771603,0.966302068719861,1.03266443877323,0.949730467352462,0.989784115833689
ebi-a-GCST90001719,BAFF-R on IgD+ B cell,10,IVW,283.490399362333,31.8149427431605,0.0016842870489679,0.0269544081136335,1.00168570625707,0.950139604713721,1.05602823957859,0.950175399773538,0.989784115833689
ebi-a-GCST90001980,CD40 on CD14+ CD16- monocyte,4,IVW,187.758285604334,32.4993304118251,-0.00252597003931689,0.0408129470129922,0.997477217538529,0.920793623840896,1.08054701264996,0.950649323774367,0.989784115833689
ebi-a-GCST90001470,CD62L- plasmacytoid Dendritic Cell Absolute Count,2,IVW,79.681661323296,36.9214287146246,0.0041998048068698,0.0725047929119267,1.00420863634633,0.871177451948176,1.15755404717769,0.953808757489913,0.991090671041885
ebi-a-GCST90001781,CD25 on IgD+ CD38- naive B cell,3,IVW,46.8963598172184,30.0435864096331,0.00272671961306066,0.0519823215184137,1.00273044049415,0.905599040943111,1.11027981571897,0.958166350954563,0.991090671041885
ebi-a-GCST90001669,CD28+ CD45RA- CD8dim T cell Absolute Count,3,IVW,60.005437942904,34.9225258239534,0.00124650581391537,0.0243275358551236,1.00124728302519,0.954626165895166,1.05014523756036,0.959135494258811,0.991090671041885
ebi-a-GCST90001708,BAFF-R on IgD+ CD38+ B cell,10,IVW,253.191503756663,31.7291629798581,0.00139382843651373,0.0280174115356401,1.00139480026684,0.947886700439977,1.05792342643483,0.960322686307994,0.991090671041885
ebi-a-GCST90001864,CD3 on CD28+ CD45RA+ CD8+ T cell,4,IVW,180.794436143811,47.2034620225726,-0.00202567813334172,0.0424823398130698,0.997976372167958,0.918244977292204,1.08463085999389,0.961969019223891,0.991090671041885
ebi-a-GCST90001620,HLA DR+ T cell%lymphocyte,4,IVW,105.93997657051,30.8167324128863,0.00175362230950665,0.0375651022546333,1.00175516080429,0.930648170463227,1.07829514315655,0.96276650251595,0.991090671041885
ebi-a-GCST90001784,CD25 on IgD+ CD38dim B cell,3,IVW,87.5731149782575,33.8984341462337,0.00241861800159769,0.0526121609316131,1.00242154521758,0.904203152677166,1.11130883733511,0.96333360117745,0.991090671041885
ebi-a-GCST90001783,CD25 on IgD+ CD38+ B cell,3,IVW,60.0592113387023,39.1380195570492,-0.00231778923390713,0.0589957593025569,0.99768489476551,0.888740952924564,1.11998343945759,0.968661262477255,0.991907135553144
ebi-a-GCST90001501,Activated & secreting CD4 regulatory T cell Absolute Count,4,IVW,47.4793409511671,33.4553178389614,-0.000830686168806814,0.0226468884519076,0.999169658755434,0.955788535537874,1.04451975500588,0.970740215438069,0.991907135553144
ebi-a-GCST90002118,CD8 on CD28+ CD45RA- CD8+ T cell,2,IVW,96.962662168836,52.0553200438418,-0.00215294155645363,0.0587716954647232,0.99784937435991,0.889277925988642,1.11967625059793,0.970778200301022,0.991907135553144
ebi-a-GCST90002109,HLA DR on CD33+ HLA DR+ CD14dim,3,IVW,63.305283409566,35.3822521814501,-0.00125943152819506,0.0355994909675722,0.998741361222852,0.931429818884348,1.07091729982625,0.97177848987331,0.991907135553144
ebi-a-GCST90001665,CD28+ CD45RA+ CD8dim T cell %CD8dim T cell,5,IVW,51.8937249814853,34.9252382831235,-0.000748768406564565,0.0228796314056986,0.999251511850545,0.955430890553838,1.04508195601337,0.973892755765094,0.991907135553144
ebi-a-GCST90001492,Secreting CD4 regulatory T cell Absolute Count,4,IVW,47.8548118112371,35.9079765669966,-0.000721841917073007,0.0225605550826256,0.999278418548128,0.956054336809571,1.04445670013727,0.974475438872091,0.991907135553144
ebi-a-GCST90001512,CD25++ CD45RA- CD4 not regulatory T cell %T cell,3,IVW,61.227928505665,31.8211702827088,-0.000811085481674999,0.0280161461688877,0.999189243359242,0.945801340010074,1.055590748089,0.976903954239098,0.991907135553144
ebi-a-GCST90001828,IgD on transitional B cell,5,IVW,107.453705372588,31.9470699432892,0.000834826525472748,0.0292108666093894,1.00083517509013,0.945143536989077,1.05980838729394,0.977200110479045,0.991907135553144
ebi-a-GCST90001629,HLA DR+ CD8+ T cell %lymphocyte,2,IVW,158.369387999042,35.8660050790176,-0.00106235912707695,0.0435445686519421,0.998938204976603,0.91721835731205,1.087938907248,0.980535899399133,0.993631537454547
ebi-a-GCST90001743,CD20 on B cell,4,IVW,45.7943249849689,39.574436254244,0.00110861251546905,0.051588569731266,1.00110922725347,0.904832908194713,1.10762956985244,0.982855180147956,0.994321823916349
ebi-a-GCST90002101,CD45RA on Terminally Differentiated CD8+ T cell,1,Wald,38.8028304481252,38.8028304481252,0.00118528659953524,0.109294732765298,1.00118598932931,0.808129961769849,1.24036161588919,0.991347219427707,0.998510311571749
ebi-a-GCST90001760,CD20 on unswitched memory B cell,4,IVW,43.7526593815552,31.9065692331581,-0.000673720718634453,0.0623778563189971,0.999326506180211,0.884321743697984,1.12928747152395,0.991382504299443,0.998510311571749
ebi-a-GCST90001823,IgD on IgD+ CD38- unswitched memory B cell,2,IVW,153.938210855239,37.4832448509743,0.000271505847353331,0.0268445878488902,1.0002715427084,0.949002461743108,1.05431039379442,0.991930342467487,0.998510311571749
ebi-a-GCST90002072,SSC-A on plasmacytoid Dendritic Cell,5,IVW,37.4764342097501,30.1281998284746,0.000101540830151212,0.0635771537312049,1.0001015459856,0.882929714138921,1.13282301667492,0.998725677047958,0.999784420853672
ebi-a-GCST90001981,CD40 on CD14+ CD16+ monocyte,4,IVW,212.518526092576,32.9272634742858,3.57816338882237e-05,0.03570982588887,1.00003578227406,0.932435333699167,1.07253718267088,0.999200511126794,0.999784420853672
ebi-a-GCST90001974,FSC-A on CD8+ T cell,1,Wald,29.9860492528143,29.9860492528143,-8.04066788655078e-05,0.231231015553522,0.999919596553665,0.635531770194628,1.57323244322758,0.999722549130333,0.999784420853672
ebi-a-GCST90002116,HLA DR on B cell,9,IVW,121.42612915523,30.3051169032416,6.14014119867643e-06,0.022725406828079,1.00000614016005,0.956441495419881,1.04555509683192,0.999784420853672,0.999784420853672
