id,trait,nIV,method,b,se,OR,OR_L,OR_U,p,FDR
ebi-a-GCST90001790,CD25 on memory B cell,24,IVW,-0.0692569065300796,0.0182830287677892,0.933086933156986,0.900242018003156,0.967130179903752,0.00015183832791382,0.110993817705003
ebi-a-GCST90001943,CD25 on activated & secreting CD4 regulatory T cell,21,IVW,-0.0447000262582621,0.0124000438021656,0.956284298991475,0.933322842143646,0.979810649868216,0.000312359616769975,0.114167439929426
ebi-a-GCST90001649,HLA DR+ Natural Killer %Natural Killer,23,IVW,-0.066618985252096,0.0220410476261807,0.935551592391467,0.895995902966753,0.976853553825556,0.00250699134257273,0.610870223806888
ebi-a-GCST90001406,Memory B cell %B cell,29,IVW,-0.0519621650195346,0.0185672166609693,0.949364785361506,0.915436837432738,0.984550171928952,0.00513250809762563,0.67219643138818
ebi-a-GCST90002103,CD45RA on CD39+ resting CD4 regulatory T cell,8,IVW,-0.0841046457924635,0.0307863364263868,0.919335046516766,0.865501764910091,0.976516700508153,0.00629736444745791,0.67219643138818
ebi-a-GCST90001483,CD39+ resting CD4 regulatory T cell Absolute Count,28,IVW,-0.0396587300359935,0.0147136185485178,0.961117383685267,0.933795867060969,0.989238288373898,0.00703093030208058,0.67219643138818
ebi-a-GCST90001577,Transitional B cell Absolute Count,31,IVW,0.0644950432864702,0.0240531984803617,1.06662029130032,1.01750217331145,1.1181094995709,0.00733257836411173,0.67219643138818
ebi-a-GCST90001396,IgD+ CD38- B cell Absolute Count,17,IVW,0.088180181746183,0.0328998383766248,1.09218489608185,1.02397949144191,1.16493333821519,0.00735645889344109,0.67219643138818
ebi-a-GCST90002100,CD45RA on naive CD8+ T cell,22,IVW,-0.064586064091309,0.0247090066330959,0.937455429540385,0.893136622495078,0.983973403665451,0.00895238035949249,0.727132226976557
ebi-a-GCST90001770,CD24 on IgD- CD38dim B cell,7,IVW,0.116316475156729,0.0479750071456868,1.12335132867151,1.02253563701224,1.23410682420347,0.0153285414430537,0.991312533955065
ebi-a-GCST90001655,CD28+ CD4-CD8- T cell %T cell,23,IVW,0.0634661210370462,0.0267513986893183,1.06552338636263,1.01109447181653,1.12288230084568,0.0176709744213616,0.991312533955065
ebi-a-GCST90001773,CD24 on switched memory B cell,38,IVW,0.0321835719480006,0.0136010239235906,1.0327070639532,1.00554085914889,1.06060720480473,0.0179687736773731,0.991312533955065
ebi-a-GCST90001735,CD19 on IgD- CD38dim B cell,28,IVW,-0.0465417066123946,0.0203178800430072,0.95452474974603,0.917259598383585,0.993303858017199,0.0219820844241273,0.991312533955065
ebi-a-GCST90001685,CD28- CD8+ T cell %T cell,16,IVW,-0.0901466266802819,0.0394299631461822,0.913797188399524,0.845836369756455,0.987218487385813,0.0222398248395173,0.991312533955065
ebi-a-GCST90001472,CD62L- CD86+ myeloid Dendritic Cell Absolute Count,19,IVW,0.0466611474166037,0.0204913293282956,1.04776691039562,1.00651930066342,1.09070486556629,0.0227792600291044,0.991312533955065
ebi-a-GCST90001583,Monocyte Absolute Count,27,IVW,-0.0286351585017647,0.0127725799649663,0.971770942165067,0.947745364900255,0.996405573701505,0.0249662596373364,0.991312533955065
ebi-a-GCST90001408,Naive-mature B cell %B cell,29,IVW,0.0424741671548069,0.018986836629643,1.04338910231637,1.00527382527576,1.08294953221718,0.0252842278846991,0.991312533955065
ebi-a-GCST90001662,CD28- CD8dim T cell %CD8dim T cell,15,IVW,-0.0211631946907278,0.00957610364154432,0.979059174272201,0.960854431234752,0.997608831854753,0.027105121396391,0.991312533955065
ebi-a-GCST90001669,CD28+ CD45RA- CD8dim T cell Absolute Count,37,IVW,0.00827222627152468,0.0037541809206709,1.00830653567507,1.00091444952125,1.01575321484403,0.0275616159551323,0.991312533955065
ebi-a-GCST90001740,CD19 on switched memory B cell,27,IVW,-0.0558482913744553,0.0258669270120666,0.945682593214683,0.898932376340464,0.994864119534762,0.0308453806031263,0.991312533955065
ebi-a-GCST90001425,IgD- CD38+ B cell %lymphocyte,30,IVW,0.0386062563241158,0.0180324718562627,1.0393611611872,1.00326793959564,1.07675286007825,0.0322796997575958,0.991312533955065
ebi-a-GCST90002089,CD11c on monocyte,19,IVW,-0.0410997366961632,0.0194854660024778,0.959733404535244,0.923770836948485,0.997096001453634,0.0349229305233702,0.991312533955065
ebi-a-GCST90001557,Terminally Differentiated CD8+ T cell Absolute Count,17,IVW,-0.0600920711415268,0.0286445855572887,0.941677828240183,0.890265577722276,0.996059102349994,0.0359183137350517,0.991312533955065
ebi-a-GCST90001769,CD24 on IgD- CD38- B cell,29,IVW,0.0311208739654399,0.0148544732020672,1.03161019116524,1.00200812006727,1.06208678872237,0.0361664888430593,0.991312533955065
ebi-a-GCST90001732,CD19 on IgD- CD27- B cell,26,IVW,-0.0554162849735697,0.0270725154521975,0.946091222407016,0.89719826039926,0.997648614161691,0.0406622705791154,0.991312533955065
ebi-a-GCST90001913,CD45 on granulocyte,15,IVW,-0.0479514280632561,0.0235084689559842,0.95318008375587,0.910257249905793,0.998126927484375,0.0413751112731008,0.991312533955065
ebi-a-GCST90002046,CD45 on CD33- HLA DR+,25,IVW,0.016847599470308,0.00834176737262143,1.01699032065081,1.0004978593108,1.0337546479209,0.0434178508791078,0.991312533955065
ebi-a-GCST90001507,CD25++ CD45RA+ CD4 not regulatory T cell Absolute Count,26,IVW,-0.0333318908596145,0.0165179561625438,0.967217495666818,0.936405111285162,0.999043760707433,0.0435997402995729,0.991312533955065
ebi-a-GCST90001936,CD25 on CD4 regulatory T cell,22,IVW,-0.0280647018729427,0.0139435774019913,0.972325453488014,0.946112198799597,0.99926498009453,0.0441426993514664,0.991312533955065
ebi-a-GCST90001447,IgD+ CD38+ B cell %B cell,25,IVW,0.0383966942167245,0.0191372663048589,1.03914337329277,1.00088804633906,1.0788608718107,0.0448153536698995,0.991312533955065
ebi-a-GCST90001509,CD25++ CD45RA+ CD4 not regulatory T cell %T cell,27,IVW,-0.0214623882429394,0.0107244740854042,0.978766289896768,0.958407374121492,0.999557678817323,0.0453651087992921,0.991312533955065
ebi-a-GCST90002073,SSC-A on monocyte,23,IVW,-0.038512206673597,0.0193150563297568,0.96221995916316,0.926473610113652,0.999345517999565,0.0461634601325549,0.991312533955065
ebi-a-GCST90001582,CD14+ CD16- monocyte Absolute Count,28,IVW,-0.0279269110829696,0.0140927759074993,0.972459440211217,0.945965904947316,0.999694976224943,0.0475187312631824,0.991312533955065
ebi-a-GCST90001997,CX3CR1 on CD14+ CD16- monocyte,27,IVW,0.0467098908554108,0.0239502384029186,1.04781798340262,0.999767450629488,1.09817790692291,0.0511416613679256,0.991312533955065
ebi-a-GCST90001501,Activated & secreting CD4 regulatory T cell Absolute Count,22,IVW,0.0151565445082558,0.00777524343799059,1.01527198743017,0.99991707080861,1.0308626970703,0.0512555796670667,0.991312533955065
ebi-a-GCST90001603,T cell Absolute Count,19,IVW,-0.0538468941237395,0.0276681792812945,0.9475771750298,0.897558907644527,1.00038281052085,0.051634697047992,0.991312533955065
ebi-a-GCST90001909,CD45 on CD14+ monocyte,17,IVW,-0.0417478458628983,0.0219220871033578,0.95911159404045,0.918773972217944,1.00122018868489,0.056861533503024,0.991312533955065
ebi-a-GCST90002098,CD45RA on naive CD4+ T cell,33,IVW,-0.0291618076080159,0.0154016347342132,0.971259294608085,0.94237781088566,1.00102592236974,0.0583016549902738,0.991312533955065
ebi-a-GCST90001498,Activated & resting CD4 regulatory T cell Absolute Count,19,IVW,-0.0605599703426823,0.0323142796865241,0.941237321001133,0.883471753802788,1.00277987454837,0.0609175867318245,0.991312533955065
ebi-a-GCST90001736,CD19 on memory B cell,24,IVW,-0.0433737061535389,0.0232818191228886,0.957553479566861,0.914840018983459,1.00226121201983,0.0624642173844346,0.991312533955065
ebi-a-GCST90001956,CD33 on CD33+ HLA DR+,23,IVW,-0.0229241797767955,0.0123227014123378,0.977336582841995,0.954014246177753,1.00122906967921,0.0628401292026779,0.991312533955065
ebi-a-GCST90002030,CD39 on CD39+ activated CD4 regulatory T cell,22,IVW,-0.0382489727743425,0.0208162256679451,0.962473281414991,0.923994855419733,1.00255408566851,0.0661420817750266,0.991312533955065
ebi-a-GCST90001907,CCR7 on naive CD4+ T cell,24,IVW,0.0271525999150559,0.0147892078365328,1.02752459096555,0.998167433759224,1.05774517313455,0.0663615136007732,0.991312533955065
ebi-a-GCST90002041,CD45 on lymphocyte,17,IVW,0.0494986675715426,0.0272254158452518,1.05074419217243,0.996144304869491,1.10833676605593,0.0690480696894748,0.991312533955065
ebi-a-GCST90001525,CD33dim HLA DR+ CD11b+ Absolute Count,26,IVW,-0.0431889189253926,0.0239396779995963,0.957730439569623,0.913830029833214,1.00373982571533,0.0712199147235694,0.991312533955065
ebi-a-GCST90001995,CX3CR1 on monocyte,26,IVW,0.0487327629517062,0.0271804343951669,1.04993973045118,0.995469405783626,1.10739057491386,0.0729832544849372,0.991312533955065
ebi-a-GCST90001492,Secreting CD4 regulatory T cell Absolute Count,23,IVW,0.0177167458383576,0.00988765075709319,1.01787461833074,0.998338332455243,1.03779320593041,0.073164146467576,0.991312533955065
ebi-a-GCST90001462,CD62L- Dendritic Cell Absolute Count,18,IVW,0.0218431162036697,0.0123212797332855,1.0220834235641,0.997696066065786,1.04706689768147,0.0762625060162014,0.991312533955065
ebi-a-GCST90002108,HLA DR on CD33+ HLA DR+ CD14-,25,IVW,0.0177790114265113,0.0100362467491848,1.01793799886571,0.998109756562724,1.03816014493553,0.076480898492551,0.991312533955065
ebi-a-GCST90001440,IgD- CD24- B cell %lymphocyte,24,IVW,-0.0492363825330809,0.0278870375842458,0.951956077311389,0.901319952498647,1.00543693792405,0.0774688260379899,0.991312533955065
ebi-a-GCST90001417,CD24+ CD27+ B cell %B cell,26,IVW,-0.0337109269537263,0.0191306424569913,0.966850954795602,0.931269112350633,1.00379230492206,0.0780451462403745,0.991312533955065
ebi-a-GCST90001792,CD25 on unswitched memory B cell,24,IVW,0.0203738922855129,0.0116387340314201,1.0205828567561,0.997564943156543,1.04413188800379,0.0800278027332107,0.991312533955065
ebi-a-GCST90001990,CD64 on CD14- CD16+ monocyte,20,IVW,0.0526541131891875,0.030727118531172,1.05406499487967,0.992457548992094,1.1194967629185,0.0866014786418908,0.991312533955065
ebi-a-GCST90001963,FSC-A on myeloid Dendritic Cell,20,IVW,-0.0211700991119958,0.0124072960825762,0.979052414458551,0.95553068720461,1.00315316199977,0.0879592905203854,0.991312533955065
ebi-a-GCST90001403,Switched memory B cell Absolute Count,23,IVW,0.0410772296567715,0.0240776371416609,1.0419325705331,0.993903719048861,1.09228234156989,0.0880020428672838,0.991312533955065
ebi-a-GCST90001585,CD14+ CD16+ monocyte %monocyte,25,IVW,-0.0444530200365038,0.0264888770562647,0.956520536337942,0.908126839491515,1.00749311290978,0.0933125812934993,0.991312533955065
ebi-a-GCST90001901,CD28 on CD39+ resting CD4 regulatory T cell,22,IVW,0.0203966802743878,0.0122253278057095,1.02060611405188,0.996441384708597,1.04535686295757,0.0952372673250395,0.991312533955065
ebi-a-GCST90001832,CD62L on CD62L+ plasmacytoid Dendritic Cell,15,IVW,0.0582914128018655,0.0350039360904944,1.06002385522699,0.989736728591003,1.13530249124929,0.0958565757241257,0.991312533955065
ebi-a-GCST90001556,Effector Memory CD8+ T cell %T cell,15,IVW,0.0311077804770296,0.0189378439966736,1.03159668387759,0.994007632527001,1.07060718988828,0.100460495966721,0.991312533955065
ebi-a-GCST90001902,CD28 on activated CD4 regulatory T cell,18,IVW,-0.0405230937751044,0.0247631950711586,0.960286987603612,0.914791639423887,1.00804495670901,0.101750820154228,0.991312533955065
ebi-a-GCST90001676,CD28- CD25++ CD8+ T cell %T cell,8,IVW,0.0845383762296768,0.051748863168465,1.08821460500431,0.983252430685206,1.20438148901339,0.102337048219079,0.991312533955065
ebi-a-GCST90001473,CD62L- CD86+ myeloid Dendritic Cell %Dendritic Cell,18,IVW,0.0331207969404971,0.0202821836423896,1.03367539652533,0.993389662048244,1.07559487097814,0.102469089450741,0.991312533955065
ebi-a-GCST90001947,CD33 on CD33+ HLA DR+ CD14dim,27,IVW,-0.0180741122659286,0.0111585706445641,0.982088244875942,0.960842369799789,1.00380390274055,0.105285654481334,0.991312533955065
ebi-a-GCST90001714,BAFF-R on IgD- CD38dim B cell,4,IVW,0.0620554368642718,0.0384867779648441,1.06402132909907,0.986710448391523,1.1473896831875,0.106878563388158,0.991312533955065
ebi-a-GCST90001754,CD20 on IgD- CD27- B cell,19,IVW,-0.045351283814412,0.028260886875092,0.955661714369404,0.904165715223379,1.01009062490921,0.108551750217757,0.991312533955065
ebi-a-GCST90001800,CD27 on IgD+ CD24+ B cell,31,IVW,-0.0256774677944244,0.016014428685326,0.974649394738209,0.944531966220568,1.00572715020396,0.108847296333925,0.991312533955065
ebi-a-GCST90001560,CD45RA+ CD8+ T cell Absolute Count,28,IVW,-0.00783715511486179,0.00494392500581543,0.992193475314577,0.982625460597673,1.00185465564676,0.112918824174891,0.991312533955065
ebi-a-GCST90001819,CD38 on transitional B cell,24,IVW,-0.0304770776530869,0.0192625413491165,0.969982666091553,0.934044069079874,1.00730404877462,0.113605286057412,0.991312533955065
ebi-a-GCST90001683,CD127- CD8+ T cell %CD8+ T cell,14,IVW,-0.0361951461516597,0.0229970390433167,0.964452066008645,0.921945338774935,1.00891858606752,0.115509500129201,0.991312533955065
ebi-a-GCST90002091,CD11b on CD14+ monocyte,20,IVW,-0.0236040443378582,0.0151662991126532,0.976672352154128,0.948067107624894,1.00614067906223,0.119625284107372,0.991312533955065
ebi-a-GCST90001512,CD25++ CD45RA- CD4 not regulatory T cell %T cell,30,IVW,-0.019533456275515,0.0125668704857057,0.980656085539642,0.956796530035487,1.00511062479529,0.120098275493152,0.991312533955065
ebi-a-GCST90001752,CD20 on IgD+ CD38dim B cell,28,IVW,0.0306798596209589,0.019773317416443,1.0311553365791,0.991956679494467,1.07190298743432,0.120763044932678,0.991312533955065
ebi-a-GCST90001654,CD28- CD4-CD8- T cell Absolute Count,31,IVW,0.0342298888788187,0.0223501853905092,1.03482247356382,0.990469233920386,1.08116185250316,0.125639458372665,0.991312533955065
ebi-a-GCST90002056,CD8 on Effector Memory CD8+ T cell,24,IVW,0.0399966617910035,0.0261391719813056,1.0408072997543,0.988826774086587,1.09552033137704,0.125981424140274,0.991312533955065
ebi-a-GCST90001600,Leukocyte Absolute Count,11,IVW,-0.0275293179988199,0.0183388598930401,0.97284616023277,0.93849900478359,1.00845035173786,0.133317636521623,0.991312533955065
ebi-a-GCST90001653,CD28- CD4-CD8- T cell %CD4-CD8- T cell,27,IVW,0.0336887791685966,0.0224916328300831,1.03426267254557,0.989659018263358,1.08087660101172,0.134175844021182,0.991312533955065
ebi-a-GCST90001656,CD28+ CD4-CD8- T cell %CD4-CD8- T cell,27,IVW,-0.0336887791685966,0.0224916328300831,0.966872368639935,0.925174991357923,1.01044903501692,0.134175844021182,0.991312533955065
ebi-a-GCST90001416,IgD+ CD24- B cell Absolute Count,23,IVW,0.0158563667938856,0.0105895424184374,1.0159827460663,0.995112844848397,1.03729033912901,0.134299375729767,0.991312533955065
ebi-a-GCST90001395,IgD+ CD38- B cell %B cell,22,IVW,0.0245459052087709,0.0164182473118651,1.02484963596389,0.992395204379514,1.05836542911552,0.134904499928388,0.991312533955065
ebi-a-GCST90001869,CD3 on resting CD4 regulatory T cell,37,IVW,0.0281266527717749,0.0188164041915404,1.0285259418339,0.991284700889154,1.0671662864124,0.134968147716442,0.991312533955065
ebi-a-GCST90001873,HVEM on Effector Memory CD8+ T cell,18,IVW,-0.0267938799248548,0.0179285111124148,0.973561891494866,0.939945145092752,1.00838092682263,0.135049059939956,0.991312533955065
ebi-a-GCST90001428,IgD- CD38dim B cell %B cell,26,IVW,0.020360713364954,0.0136330313804174,1.02056940666433,0.993660154029254,1.04820738719943,0.135310556143128,0.991312533955065
ebi-a-GCST90002071,SSC-A on myeloid Dendritic Cell,18,IVW,-0.0143682009627856,0.0096711678194421,0.985734529033044,0.967225427821707,1.00459782567576,0.137365415238667,0.991312533955065
ebi-a-GCST90001593,CD8+ T cell %T cell,23,IVW,0.0323852583587584,0.0219793193042396,1.03291536793963,0.989362772260635,1.07838518614161,0.140631816721993,0.991312533955065
ebi-a-GCST90001903,CD86 on myeloid Dendritic Cell,22,IVW,0.0386003769756202,0.0263262682175251,1.03935505043869,0.987085014778437,1.094392990167,0.142585506598929,0.991312533955065
ebi-a-GCST90001973,FSC-A on CD4+ T cell,25,IVW,0.0206876060888733,0.0141440039133371,1.02090307791201,0.992990043592122,1.04960074999334,0.143565520853953,0.991312533955065
ebi-a-GCST90001465,CD86+ myeloid Dendritic Cell %Dendritic Cell,23,IVW,0.0144622179713065,0.00991199972852825,1.01456730181634,0.995047005235563,1.03447053706896,0.144548159888267,0.991312533955065
ebi-a-GCST90001929,CD127 on CD28+ CD45RA+ CD8+ T cell,21,IVW,0.0415558764432131,0.0287202762900285,1.04243140758353,0.985372176428559,1.10279472620704,0.147919971939082,0.991312533955065
ebi-a-GCST90001960,CD25 on CD4+ T cell,16,IVW,0.0207311219065058,0.0143357908384692,1.02094750431079,0.992660041898862,1.05004106397245,0.148146519259838,0.991312533955065
ebi-a-GCST90001881,HVEM on CD8+ T cell,16,IVW,-0.0339455145242802,0.0234972516717865,0.966624170180495,0.923116228411468,1.01218271071349,0.148553710486487,0.991312533955065
ebi-a-GCST90001957,CD33 on CD33+ HLA DR+ CD14-,21,IVW,-0.0176050166954949,0.0123074069449705,0.982549046192866,0.95913107528644,1.00653878604256,0.152590553273311,0.991312533955065
ebi-a-GCST90001519,CD33+ HLA DR+ CD14- %CD33+ HLA DR+,19,IVW,-0.0329819989738244,0.0230583196880611,0.967555976432729,0.924801364544886,1.01228718233066,0.152609979957398,0.991312533955065
ebi-a-GCST90001604,T cell %lymphocyte,17,IVW,-0.0597624150324658,0.0418191799375719,0.941988309262201,0.867857274874362,1.02245150265649,0.152984942764229,0.991312533955065
ebi-a-GCST90001668,CD28+ CD45RA- CD8dim T cell %CD8dim T cell,28,IVW,0.0216939279922062,0.0153136535190292,1.02193095213992,0.991713689407205,1.05306892714758,0.156588324522911,0.991312533955065
ebi-a-GCST90001554,Effector Memory CD8+ T cell Absolute Count,24,IVW,0.023066819116452,0.0162895619769391,1.02333491559767,0.991178418152297,1.05653465642791,0.156761137530637,0.991312533955065
ebi-a-GCST90001394,IgD+ CD38dim B cell Absolute Count,26,IVW,0.0145189798961002,0.0102879613021562,1.01462489224368,0.994370481206286,1.03529186698266,0.158168204106934,0.991312533955065
ebi-a-GCST90001502,Activated & secreting CD4 regulatory T cell %CD4 regulatory T cell,38,IVW,-0.00541551937637456,0.00386736897031876,0.99459911811356,0.987088515158407,1.00216686807821,0.161420203134932,0.991312533955065
ebi-a-GCST90001497,CD39+ secreting CD4 regulatory T cell %CD4 regulatory T cell,22,IVW,-0.0191326085412238,0.0136677234231431,0.981049258105551,0.955117082585086,1.00768551246565,0.161561618274606,0.991312533955065
ebi-a-GCST90002005,CD16 on CD14+ CD16+ monocyte,22,IVW,-0.0293410451295957,0.0209756464027415,0.971085224099757,0.931971250310216,1.01184077529321,0.161868519805849,0.991312533955065
ebi-a-GCST90001865,CD3 on CD28- CD8+ T cell,20,IVW,-0.0369995665353014,0.0265368514676861,0.96367655306873,0.914834782657668,1.01512591840525,0.163235738070241,0.991312533955065
ebi-a-GCST90001641,CD3- lymphocyte %leukocyte,20,IVW,0.0323024237085507,0.0233237063572472,1.03282981030005,0.986677499912219,1.08114091700616,0.166064392563344,0.991312533955065
ebi-a-GCST90001731,CD19 on IgD- CD24- B cell,23,IVW,-0.0474586004728257,0.0343540575200777,0.95364995297254,0.891551074131085,1.02007418216717,0.167138962344102,0.991312533955065
ebi-a-GCST90001665,CD28+ CD45RA+ CD8dim T cell %CD8dim T cell,27,IVW,0.0147531850911621,0.0107354475883062,1.0148625504938,0.993731437749844,1.03644300388336,0.169364191623306,0.991312533955065
ebi-a-GCST90001576,Transitional B cell %B cell,15,IVW,-0.0522113949711406,0.0380207038963446,0.949128204704711,0.880969763222752,1.02255989543901,0.169679027136547,0.991312533955065
ebi-a-GCST90001559,Terminally Differentiated CD8+ T cell %T cell,17,IVW,0.0312167875833779,0.02289692848121,1.03170914137624,0.986431698366984,1.07906482948736,0.172768652150031,0.991312533955065
ebi-a-GCST90001986,CD14 on CD14+ CD16- monocyte,16,IVW,-0.0529683997203571,0.0390310363995504,0.948409982029421,0.878561620407102,1.02381150407669,0.174754483304633,0.991312533955065
ebi-a-GCST90001528,CD33dim HLA DR+ CD11b- %CD33dim HLA DR+,24,IVW,0.014220979440864,0.0104884916665852,1.01432257861094,0.993683568828555,1.03539026482328,0.175142104511444,0.991312533955065
ebi-a-GCST90001531,CD33dim HLA DR- Absolute Count,24,IVW,0.0137415068227934,0.0101682424086823,1.0138363552833,0.99383085947541,1.03424455529253,0.176562798825154,0.991312533955065
ebi-a-GCST90001409,Naive-mature B cell Absolute Count,23,IVW,0.0220546898611897,0.0164875294203526,1.0222996923699,0.989791595308985,1.05587546507034,0.181007666604319,0.991312533955065
ebi-a-GCST90002060,CD8 on HLA DR+ CD8+ T cell,25,IVW,0.0197493724623597,0.0149238117930026,1.01994568151588,0.990543696070587,1.05022039650511,0.185720211146687,0.991312533955065
ebi-a-GCST90001965,FSC-A on monocyte,19,IVW,-0.0219032196607401,0.0165601969933274,0.978334914054495,0.947089950358568,1.01061066448403,0.185954307550436,0.991312533955065
ebi-a-GCST90002114,HLA DR on HLA DR+ CD4+ T cell,22,IVW,-0.0359335302459035,0.027203105179603,0.96470441501727,0.91461541238395,1.01753654678534,0.186523081163211,0.991312533955065
ebi-a-GCST90001848,CD3 on Natural Killer T,17,IVW,-0.033008968867029,0.0250170701742386,0.96752988190326,0.921232873264989,1.01615356935539,0.187016102724993,0.991312533955065
ebi-a-GCST90001461,Dendritic Cell Absolute Count,21,IVW,0.0386417717915994,0.029306777523623,1.03939807524023,0.981376096499748,1.10085049214705,0.187327357322573,0.991312533955065
ebi-a-GCST90001543,Effector Memory CD4+ T cell %CD4+ T cell,28,IVW,0.0231719226117123,0.0175838518190239,1.02344247732658,0.988771093176038,1.05932961797245,0.187572080236548,0.991312533955065
ebi-a-GCST90001619,HLA DR+ T cell%T cell,31,IVW,-0.0177512686963349,0.013514281459294,0.982405356936614,0.956725023716457,1.0087749995173,0.189008042420063,0.991312533955065
ebi-a-GCST90001974,FSC-A on CD8+ T cell,18,IVW,0.032141940713552,0.0245320634507872,1.03266407197822,0.984185480106351,1.08353060181238,0.190127755889947,0.991312533955065
ebi-a-GCST90001694,CD28- CD4-CD8- T cell %T cell,22,IVW,0.0298890741522149,0.0228372734451682,1.03034023625014,0.985238059932735,1.0775070976333,0.19060728989747,0.991312533955065
ebi-a-GCST90002101,CD45RA on Terminally Differentiated CD8+ T cell,14,IVW,0.0449894110927281,0.034417043655742,1.04601678367535,0.977782531138208,1.1190127424928,0.191150205486061,0.991312533955065
ebi-a-GCST90002012,CX3CR1 on CD14- CD16+ monocyte,18,IVW,0.0408050600481136,0.0314220213460183,1.04164902674088,0.979432357877122,1.10781789695205,0.194076614331095,0.991312533955065
ebi-a-GCST90001798,CD27 on CD24+ CD27+ B cell,30,IVW,0.0268840736147206,0.0207152703683263,1.02724871063086,0.986375804718333,1.06981528586266,0.194359459005087,0.991312533955065
ebi-a-GCST90001969,FSC-A on Natural Killer,18,IVW,-0.0309588378615741,0.0239269765562502,0.969515479585078,0.92509789752118,1.01606572415063,0.195703965405939,0.991312533955065
ebi-a-GCST90002078,SSC-A on granulocyte,25,IVW,-0.0268202122132549,0.0207973121664376,0.97353625571989,0.93465019371962,1.01404016986212,0.19718960173114,0.991312533955065
ebi-a-GCST90001514,Hematopoietic Stem Cell Absolute Count,19,IVW,0.0248605442206182,0.0192787225647675,1.02517214437484,0.987157426757749,1.06465078123757,0.197212936580594,0.991312533955065
ebi-a-GCST90001787,CD25 on IgD- CD38- B cell,22,IVW,-0.0215206910259836,0.0167006344743951,0.978709226761603,0.94719155125673,1.01127564881401,0.197531904925503,0.991312533955065
ebi-a-GCST90001827,IgD on IgD+ B cell,21,IVW,-0.0274629093735561,0.02133043981216,0.972910767754088,0.933074182727507,1.01444813234992,0.197920590276498,0.991312533955065
ebi-a-GCST90001839,CD3 on Effector Memory CD8+ T cell,20,IVW,-0.029300446196646,0.0229834436924414,0.971124649923976,0.928348576185893,1.01587174244895,0.202362293051966,0.991312533955065
ebi-a-GCST90001742,CD19 on transitional B cell,26,IVW,-0.0266253554746613,0.020902195405419,0.973725974302954,0.934640179548064,1.01444630113238,0.202731948380282,0.991312533955065
ebi-a-GCST90002015,CCR2 on plasmacytoid Dendritic Cell,19,IVW,0.0259393681719153,0.0203998960177425,1.02627872143199,0.986053734871813,1.06814464244283,0.203535135967272,0.991312533955065
ebi-a-GCST90001722,CD19 on CD20- CD38- B cell,19,IVW,0.0434213221285274,0.0342246025982779,1.04437782165546,0.976618778626684,1.11683807257893,0.204542152597376,0.991312533955065
ebi-a-GCST90002069,CD4 on CD39+ secreting CD4 regulatory T cell,23,IVW,0.0192909232249654,0.0152993202329594,1.01947819536353,0.989361251656651,1.05051192280003,0.207344634603723,0.991312533955065
ebi-a-GCST90001480,Resting CD4 regulatory T cell Absolute Count,25,IVW,-0.0293452419425835,0.0233000730280663,0.971081148645228,0.927731068493109,1.01645684754939,0.207868382043803,0.991312533955065
ebi-a-GCST90001925,CD127 on CD28+ CD4-CD8- T cell,24,IVW,-0.0303583651021837,0.0241318270164295,0.97009782204327,0.925281978729906,1.01708431155753,0.208383862730423,0.991312533955065
ebi-a-GCST90001399,IgD- CD27- B cell %B cell,15,IVW,0.0383819427975472,0.030603556053851,1.03912804456634,0.97863060429419,1.1033653436406,0.209781635768445,0.991312533955065
ebi-a-GCST90001508,CD25++ CD45RA+ CD4 not regulatory T cell %CD4+ T cell,32,IVW,-0.0176842820125612,0.014130409233667,0.982471167217778,0.955634382552218,1.01006160100306,0.210750182108702,0.991312533955065
ebi-a-GCST90001729,CD19 on IgD+ CD38+ B cell,21,IVW,-0.0273146690335341,0.0218972056780912,0.973055003067593,0.932176418323854,1.01572622990976,0.212249282096427,0.991312533955065
ebi-a-GCST90002085,SSC-A on HLA DR+ CD4+ T cell,22,IVW,-0.0293906974742187,0.0235696529137465,0.971037008638567,0.927198859332774,1.01694783449612,0.212407760730599,0.991312533955065
ebi-a-GCST90001405,Plasma Blast-Plasma Cell Absolute Count,24,IVW,0.0176002799792103,0.0141439957043708,1.01775607759192,0.989929102948327,1.04636527039185,0.213365602492366,0.991312533955065
ebi-a-GCST90001441,IgD+ CD24- B cell %lymphocyte,21,IVW,-0.0440952046513216,0.0355155213440464,0.956862855341937,0.892520651656028,1.0258435166002,0.214393189690685,0.991312533955065
ebi-a-GCST90002109,HLA DR on CD33+ HLA DR+ CD14dim,20,IVW,-0.021197596001928,0.0171798196337895,0.97902549393219,0.946608158805015,1.01255298599914,0.217252826261876,0.991312533955065
ebi-a-GCST90001887,CD28 on secreting CD4 regulatory T cell,17,IVW,-0.017689796902908,0.0143413538506062,0.982465749011963,0.955234087773888,1.01047372611154,0.217396116381386,0.991312533955065
ebi-a-GCST90001978,FSC-A on HLA DR+ CD8+ T cell,18,IVW,-0.0193911380909441,0.0157320837056599,0.980795660665228,0.951014449872634,1.01150947612686,0.217730453478701,0.991312533955065
ebi-a-GCST90001721,CD19 on CD20- B cell,22,IVW,0.0350443693711492,0.0284686848905836,1.03566565961425,0.979459634248963,1.09509705249536,0.218330506906525,0.991312533955065
ebi-a-GCST90001532,Basophil Absolute Count,23,IVW,0.0129988958441133,0.0105703669263661,1.01308374875681,0.992310691822554,1.03429166938642,0.218791193515406,0.991312533955065
ebi-a-GCST90001994,CX3CR1 on CD14- CD16-,19,IVW,0.0151321027963351,0.0123298337834727,1.01524717274799,0.991006315893908,1.04008098156573,0.219719064596505,0.991312533955065
ebi-a-GCST90001785,CD25 on IgD- CD24- B cell,26,IVW,0.0329968796982435,0.0270496030680079,1.03354731425677,0.980178733999336,1.08982169654796,0.222515836376396,0.991312533955065
ebi-a-GCST90001575,Naive CD4+ T cell %T cell,34,IVW,-0.0225264686633297,0.0184862622873026,0.977725357767517,0.942933477093413,1.01380097158956,0.223014342957102,0.991312533955065
ebi-a-GCST90001914,CD45 on lymphocyte,24,IVW,0.0276111023429378,0.0226711590779793,1.02799582150714,0.983316369865025,1.07470539637328,0.223263691149401,0.991312533955065
ebi-a-GCST90001658,CD39+ CD4+ T cell %T cell,31,IVW,-0.0147709028850571,0.0121293578273005,0.985337651760336,0.962188940046252,1.00904328408712,0.223307163126627,0.991312533955065
ebi-a-GCST90001415,IgD+ CD24- B cell %B cell,18,IVW,0.0261269233763975,0.0214550775617501,1.02647122339925,0.984201104180137,1.07055678762366,0.223318942719602,0.991312533955065
ebi-a-GCST90001590,CD4+ T cell Absolute Count,24,IVW,0.0261487709746053,0.0215366845248906,1.02649364957509,0.984065193375479,1.07075142959145,0.224690352920458,0.991312533955065
ebi-a-GCST90001786,CD25 on IgD- CD27- B cell,21,IVW,0.0409810873595712,0.0338619762533645,1.04183240155756,0.974931188768397,1.11332447401376,0.22618716209449,0.991312533955065
ebi-a-GCST90001815,CD38 on IgD- CD38dim B cell,20,IVW,0.0177649820666438,0.0147029137101016,1.01792371794738,0.989008128183574,1.0476847116139,0.226946234955425,0.991312533955065
ebi-a-GCST90001906,CD86 on granulocyte,21,IVW,-0.0338989752181108,0.0280885163229432,0.966669157245527,0.914889059769497,1.02137985976705,0.227485126400571,0.991312533955065
ebi-a-GCST90001404,Plasma Blast-Plasma Cell %B cell,27,IVW,-0.0215701798498585,0.0178804380815415,0.978660792791535,0.944957015761405,1.01356668226398,0.227680122577888,0.991312533955065
ebi-a-GCST90001429,IgD+ CD38+ B cell %lymphocyte,25,IVW,0.02721694092962,0.0226564275612887,1.02759070506712,0.982957242144762,1.07425085432642,0.229638709914809,0.991312533955065
ebi-a-GCST90002080,SSC-A on T cell,22,IVW,-0.0333580908762547,0.0277777330409478,0.967192154884302,0.915941805319759,1.02131015206055,0.229792630183618,0.991312533955065
ebi-a-GCST90001444,CD20- CD38- B cell %lymphocyte,23,IVW,-0.0281759550821941,0.023545738894483,0.972217285178024,0.928369364481264,1.01813619208242,0.231443886960914,0.991312533955065
ebi-a-GCST90001650,HLA DR+ Natural Killer  %CD3- lymphocyte,23,IVW,-0.0262097137833453,0.0219123095785519,0.974130779534929,0.93317937490054,1.01687928511972,0.231650409665402,0.991312533955065
ebi-a-GCST90001863,CD3 on CD28+ CD45RA- CD8+ T cell,18,IVW,-0.0321494199337276,0.0268998623405513,0.968361878700942,0.918628804963556,1.0207874203971,0.232027711488964,0.991312533955065
ebi-a-GCST90001987,CD64 on CD14+ CD16- monocyte,35,IVW,0.010444103020002,0.00881582294727023,1.0104988330333,0.993188394914616,1.02811097752451,0.236136191304063,0.991312533955065
ebi-a-GCST90002023,CD4 on Central Memory CD4+ T cell,15,IVW,-0.0379496424757454,0.0320865229259829,0.962761421952153,0.904078372223118,1.0252535444688,0.23691679810314,0.991312533955065
ebi-a-GCST90002092,CD11b on Granulocytic Myeloid-Derived Suppressor Cells,3,IVW,-0.0280134443891346,0.0237699802243314,0.972375293721534,0.928112239633306,1.0187493187393,0.23858857108613,0.991312533955065
ebi-a-GCST90001985,CD40 on monocytes,29,IVW,0.01156553145282,0.00983485814620285,1.01163267079612,0.992318861369336,1.03132239087934,0.239605510581756,0.991312533955065
ebi-a-GCST90001468,CD62L- myeloid Dendritic Cell Absolute Count,16,IVW,0.0340200532600052,0.0289873987174281,1.03460535373026,0.97746260048677,1.09508868925957,0.240549169159985,0.991312533955065
ebi-a-GCST90002050,CD45 on CD33dim HLA DR-,18,IVW,0.0244892554753432,0.0209957134210048,1.02479158014964,0.983475706200914,1.06784313646387,0.243455542929222,0.991312533955065
ebi-a-GCST90001923,CD127 on CD45RA- CD4 not regulatory T cell,16,IVW,0.0251517119370526,0.0215761865032309,1.02547068486764,0.983008399992744,1.06976718157308,0.243729174434781,0.991312533955065
ebi-a-GCST90002026,CD4 on Terminally Differentiated CD4+ T cell,24,IVW,0.0253528555878877,0.0217547924712864,1.02567697253105,0.982862017304242,1.07035701192918,0.243860456742358,0.991312533955065
ebi-a-GCST90001545,Terminally Differentiated CD4+ T cell Absolute Count,11,IVW,-0.0596221755295155,0.0511723233797405,0.942120422498008,0.852212023401794,1.04151416093006,0.243968222642361,0.991312533955065
ebi-a-GCST90001756,CD20 on IgD- CD38+ B cell,16,IVW,-0.0173954173742469,0.0150552895424729,0.982755009390161,0.954179199642514,1.01218660901778,0.247912094120919,0.991312533955065
ebi-a-GCST90001466,CD86+ plasmacytoid Dendritic Cell Absolute Count,20,IVW,-0.0336967690211809,0.0291680770331174,0.966864643503103,0.913139880836409,1.02375031304088,0.247983180047587,0.991312533955065
ebi-a-GCST90001540,Naive CD4+ T cell Absolute Count,25,IVW,0.0371685901591458,0.0322316959461247,1.0378679804175,0.974329697755336,1.10554974076793,0.248841055695919,0.991312533955065
ebi-a-GCST90001919,CD45 on Natural Killer T,22,IVW,0.0209674163845174,0.0182784986363857,1.02118877707298,0.985251400991249,1.05843698102904,0.251336889110673,0.991312533955065
ebi-a-GCST90001666,CD28+ CD45RA+ CD8dim T cell Absolute Count,54,IVW,0.00222429561257304,0.00193940519166616,1.00222677119319,0.998424304151209,1.00604371980934,0.251424700727846,0.991312533955065
ebi-a-GCST90001968,FSC-A on B cell,20,IVW,0.0303068544826816,0.0265866467174185,1.03077078206505,0.978432993697056,1.08590819402394,0.25431643245904,0.991312533955065
ebi-a-GCST90001675,CD28- CD127- CD25++ CD8+ T cell Absolute Count,29,IVW,-0.0165443871443566,0.0145850496493677,0.983591719594067,0.955872173635346,1.01211511072095,0.256652476204545,0.991312533955065
ebi-a-GCST90001663,CD28- CD8dim T cell Absolute Count,28,IVW,-0.019369943308898,0.0171423160392677,0.980816448635785,0.94840952392332,1.01433071015037,0.258497704144408,0.991312533955065
ebi-a-GCST90001652,Granulocyte %leukocyte,25,IVW,-0.0289460856352675,0.0256983315983114,0.971468839180039,0.923749068076915,1.02165375653644,0.260004726899151,0.991312533955065
ebi-a-GCST90001915,CD45 on T cell,15,IVW,-0.025099189772575,0.0223317973893154,0.975213176057657,0.93344847534431,1.01884652862673,0.261046280970505,0.991312533955065
ebi-a-GCST90001774,CD24 on transitional B cell,20,IVW,0.0362065319081024,0.0322531489970649,1.03686997111197,0.973351858244412,1.10453309138674,0.26161865489772,0.991312533955065
ebi-a-GCST90001424,IgD+ B cell %Lymphocyte,18,IVW,-0.0207541462636893,0.0185565200777976,0.979459738806975,0.944476072740929,1.01573920995135,0.263383904799418,0.991312533955065
ebi-a-GCST90001482,Resting CD4 regulatory T cell %CD4+ T cell,33,IVW,-0.012330587014603,0.0110496663511694,0.987745123170292,0.966583168265433,1.00937038878663,0.264454700919029,0.991312533955065
ebi-a-GCST90001937,CD25 on resting CD4 regulatory T cell,20,IVW,0.0307318707210341,0.0278350122350226,1.03120896949724,0.976456815638669,1.08903120111465,0.269561702171745,0.991312533955065
ebi-a-GCST90002048,CD45 on CD66b++ myelod cell,16,IVW,-0.0222914457059694,0.0202157606364439,0.977955172677418,0.939963403847207,1.01748250607636,0.270167642855631,0.991312533955065
ebi-a-GCST90001784,CD25 on IgD+ CD38dim B cell,23,IVW,-0.0162719235607967,0.0147593417965018,0.98385974903122,0.955806078291925,1.01273681738204,0.270251741089516,0.991312533955065
ebi-a-GCST90001961,CD25 on CD39+ CD4+ T cell,23,IVW,-0.0178605791240353,0.0162110600683554,0.982297975655926,0.95157739376899,1.0140103362018,0.270569200987191,0.991312533955065
ebi-a-GCST90001682,CD127- CD8+ T cell %T cell,14,IVW,0.0515745282251575,0.0468180256814383,1.05292765619742,0.960608057201688,1.15411966501195,0.270637548692548,0.991312533955065
ebi-a-GCST90001962,CD25 on CD28+ CD4+ T cell,5,IVW,0.0693320990285961,0.0629979070698331,1.07179209116337,0.947295876670091,1.21264993860035,0.271094268377704,0.991312533955065
ebi-a-GCST90001862,CD3 on CD28+ CD4-CD8- T cell,16,IVW,-0.0230827198786546,0.020989722023797,0.977181648082611,0.937796246257967,1.01822115108657,0.271456156729134,0.991312533955065
ebi-a-GCST90001678,CD28- CD25++ CD8+ T cell Absolute Count,25,IVW,-0.0209400929173879,0.0190451535719048,0.97927762847804,0.94339652283557,1.01652343465837,0.271551257109516,0.991312533955065
ebi-a-GCST90002001,CD64 on CD14- CD16-,16,IVW,0.037633755800474,0.0343087204495018,1.0383508732461,0.9708227838261,1.1105760535633,0.272678478209874,0.991312533955065
ebi-a-GCST90001624,HLA DR+ CD4+ T cell Absolute Count,24,IVW,-0.0143900262439742,0.0131234364578684,0.985713015334542,0.960681873553758,1.01139635851112,0.272854085341429,0.991312533955065
ebi-a-GCST90001671,CD39+ CD8+ T cell %CD8+ T cell,21,IVW,-0.0204967148723683,0.0188679612554901,0.979711914947914,0.944142737835184,1.01662110804528,0.277335772587263,0.991312533955065
ebi-a-GCST90001843,CD3 on Effector Memory CD4+ T cell,19,IVW,0.0206663753432637,0.0191566592064478,1.02088140360855,0.983261003581686,1.05994119205113,0.280672905636518,0.991312533955065
ebi-a-GCST90001699,CD45RA+ CD28- CD8+ T cell %CD8+ T cell,31,IVW,-0.000348397481193788,0.000325776956151374,0.999651663202161,0.999013566530431,1.00029016744329,0.284873423919117,0.991312533955065
ebi-a-GCST90001807,CD27 on Plasma Blast-Plasma Cell,19,IVW,0.0318729355720033,0.030032604973541,1.03238631739375,0.973370030844586,1.09498081363468,0.288563692218801,0.991312533955065
ebi-a-GCST90002068,CD4 on secreting CD4 regulatory T cell,28,IVW,0.0186999532171492,0.0176869687993956,1.01887589231549,0.984160283332238,1.05481607165328,0.290387046699918,0.991312533955065
ebi-a-GCST90001980,CD40 on CD14+ CD16- monocyte,23,IVW,0.0248622925549768,0.0235400669981045,1.02517393672009,0.978948503693246,1.07358211036144,0.290890942381365,0.991312533955065
ebi-a-GCST90001401,IgD- CD27- B cell Absolute Count,25,IVW,0.0288455855630534,0.0273683693586309,1.02926564872807,0.975508487412822,1.08598519574264,0.291894221460007,0.991312533955065
ebi-a-GCST90001410,IgD- CD38+ B cell %B cell,18,IVW,0.0366722859798955,0.0348085208761052,1.03735301000287,0.968940168184585,1.11059619850233,0.292092033404435,0.991312533955065
ebi-a-GCST90001433,IgD- CD27- B cell %lymphocyte,18,IVW,0.0323628023693657,0.0307258101541326,1.03289217306352,0.972524719277145,1.09700681127042,0.292213859744678,0.991312533955065
ebi-a-GCST90001527,CD33dim HLA DR+ CD11b- Absolute Count,28,IVW,-0.0139216320937369,0.0132190093154747,0.986174825690929,0.960951931655254,1.01205976572764,0.292271125761634,0.991312533955065
ebi-a-GCST90001596,CD8dim T cell Absolute Count,27,IVW,-0.0176344393093562,0.0168054965192644,0.982520137456968,0.950684324160566,1.01542204491574,0.294028244010335,0.991312533955065
ebi-a-GCST90001830,BAFF-R on CD20- B cell,14,IVW,-0.031226431949136,0.0299741196254691,0.969256077683697,0.913953388205804,1.02790509477846,0.297513787666216,0.991312533955065
ebi-a-GCST90002115,HLA DR on HLA DR+ CD8+ T cell,20,IVW,0.0371985411461526,0.0357255855448309,1.03789906605342,0.967709242134133,1.11317989372395,0.297768949172594,0.991312533955065
ebi-a-GCST90001605,T cell %leukocyte,18,IVW,0.020850318220221,0.0200411614279337,1.02106920474277,0.981738442264467,1.06197565052992,0.298165830072037,0.991312533955065
ebi-a-GCST90001634,CD8dim Natural Killer T %T cell,19,IVW,0.0280447547894402,0.0271465226589679,1.02844171108369,0.975151505673146,1.08464412652127,0.301562580837789,0.991312533955065
ebi-a-GCST90001640,CD3- lymphocyte %lymphocyte,6,IVW,-0.0820205172005258,0.0794251372570007,0.921253056968739,0.788444086573293,1.07643295121011,0.301755052589885,0.991312533955065
ebi-a-GCST90001757,CD20 on IgD- CD38dim B cell,34,IVW,-0.00759059344847681,0.00736936858861789,0.992438142352744,0.978206431680972,1.00687690705942,0.303000845492995,0.991312533955065
ebi-a-GCST90002016,CCR2 on CD62L+ plasmacytoid Dendritic Cell,19,IVW,0.0231881652859097,0.0225688233244277,1.02345910090431,0.979173208273718,1.06974794895638,0.304212209823238,0.991312533955065
ebi-a-GCST90001591,CD4+ T cell %T cell,23,IVW,-0.0264388304080603,0.0258094212426822,0.973907615544958,0.925866432552512,1.02444155038818,0.305652614727988,0.991312533955065
ebi-a-GCST90001681,CD25++ CD8+ T cell Absolute Count,27,IVW,-0.0233016880041151,0.0227946980063629,0.97696769987367,0.934279816616059,1.02160602168792,0.306666577676764,0.991312533955065
ebi-a-GCST90001831,CD62L on CD62L+ myeloid Dendritic Cell,15,IVW,-0.0419456333609879,0.0410471166048819,0.958921912516811,0.884796165557194,1.03925770714188,0.306833019295716,0.991312533955065
ebi-a-GCST90002113,HLA DR on HLA DR+ T cell,19,IVW,0.019384630094919,0.018991514219157,1.01957373195035,0.982319430603535,1.05824089649176,0.307396805859869,0.991312533955065
ebi-a-GCST90001908,CCR7 on naive CD8+ T cell,24,IVW,-0.0220326506834062,0.0216280029842136,0.97820829536043,0.937607804265084,1.02056687749308,0.308340932373031,0.991312533955065
ebi-a-GCST90001817,CD38 on Plasma Blast-Plasma Cell,15,IVW,0.0358943193594298,0.0353063796273576,1.0365462978257,0.967242359423861,1.11081593673809,0.309318766360082,0.991312533955065
ebi-a-GCST90001602,Lymphocyte %leukocyte,22,IVW,0.0196161853697486,0.0195250202621062,1.01980984696184,0.981520033524042,1.05959337398981,0.315056191292913,0.991312533955065
ebi-a-GCST90001801,CD27 on IgD+ CD38- unswitched memory B cell,23,IVW,-0.0160889453464749,0.0160222531763539,0.984039790402563,0.95361756652173,1.01543254139861,0.315300307850093,0.991312533955065
ebi-a-GCST90002044,CD45 on CD33dim HLA DR+ CD11b-,10,IVW,-0.0352786477524101,0.0352648813101317,0.965336389962138,0.900866847674214,1.03441962393329,0.317121627270773,0.991312533955065
ebi-a-GCST90001524,Granulocytic Myeloid-Derived Suppressor Cells Absolute Count,21,IVW,0.0216642596678536,0.0217448261570647,1.02190063361072,0.979262443248409,1.06639533883267,0.319106875089639,0.991312533955065
ebi-a-GCST90001761,CD20 on switched memory B cell,31,IVW,0.0222864150869543,0.0224681882244586,1.02253661244603,0.97848361839642,1.06857294709353,0.321241549845852,0.991312533955065
ebi-a-GCST90002117,HLA DR on HLA DR+ Natural Killer,28,IVW,0.0034031422602975,0.00343316672871682,1.00340893952336,0.996679660033097,1.0101836530726,0.321561282994792,0.991312533955065
ebi-a-GCST90001411,IgD+ CD24+ B cell %B cell,20,IVW,-0.035250721668741,0.0355695750156129,0.965363348403353,0.900354153924918,1.03506646843132,0.321668107274302,0.991312533955065
ebi-a-GCST90001690,CD28+ CD45RA+ CD8+ T cell Absolute Count,59,IVW,0.00268289574978193,0.00270938347344635,1.00268649793529,0.997375952987799,1.0080253189682,0.322064786920446,0.991312533955065
ebi-a-GCST90002014,CCR2 on CD62L+ myeloid Dendritic Cell,14,IVW,0.0300382620013043,0.0306717668514802,1.03049396196053,0.970369452603902,1.0943438118209,0.327409212820791,0.991312533955065
ebi-a-GCST90001588,T/B cell,29,IVW,-0.021995110117083,0.0224840836829089,0.978245018543119,0.936071034208648,1.02231912037898,0.327949477451864,0.991312533955065
ebi-a-GCST90002003,CCR2 on CD14- CD16-,17,IVW,-0.0239678742386326,0.0245135772194049,0.976317074183448,0.930517416621035,1.02437097072663,0.328203553514611,0.991312533955065
ebi-a-GCST90001970,FSC-A on HLA DR+ Natural Killer,20,IVW,-0.0157179293208493,0.0160804676173647,0.984404952670993,0.953862597341411,1.01592526381065,0.328344073361441,0.991312533955065
ebi-a-GCST90001420,IgD- CD38+ B cell Absolute Count,20,IVW,0.0176798380119957,0.018137896834745,1.01783705148433,0.982288289597257,1.05467231396912,0.329686388781161,0.991312533955065
ebi-a-GCST90001518,CD33+ HLA DR+ CD14- Absolute Count,29,IVW,0.00929542771288775,0.00954083951768316,1.00933876437459,0.990639467366224,1.028391029057,0.329918646315177,0.991312533955065
ebi-a-GCST90001938,CD25 on CD39+ resting CD4 regulatory T cell,15,IVW,0.0356790586177979,0.0368538209089269,1.0363231941145,0.964105615848823,1.11395032349658,0.332982579145013,0.991312533955065
ebi-a-GCST90001647,Natural Killer %lymphocyte,27,IVW,0.0201474455300445,0.0208183545647345,1.02035177524432,0.97955535524511,1.06284728031905,0.333157653158628,0.991312533955065
ebi-a-GCST90001825,IgD on IgD+ CD38dim B cell,22,IVW,-0.0150414401852415,0.0156086636600204,0.985071117227651,0.955391169342999,1.01567309509824,0.335216563764527,0.991312533955065
ebi-a-GCST90001651,Granulocyte Absolute Count,24,IVW,-0.0264006377676767,0.0274130210326753,0.973944812358603,0.922996202312835,1.02770574260579,0.335512769117395,0.991312533955065
ebi-a-GCST90001707,BAFF-R on IgD+ CD38- unswitched memory B cell,19,IVW,-0.0153614619998815,0.0160218282914351,0.984755923418304,0.954312354550678,1.01617067418563,0.337667905059192,0.991312533955065
ebi-a-GCST90001718,BAFF-R on switched memory B cell,19,IVW,-0.0142627876540459,0.014888593228315,0.985838444048204,0.957485759730991,1.01503069668257,0.338079173496921,0.991312533955065
ebi-a-GCST90002047,CD45 on Granulocytic Myeloid-Derived Suppressor Cells,18,IVW,-0.0205314547324809,0.021443015880409,0.979677880484218,0.939356919663421,1.0217295784162,0.338320427657222,0.991312533955065
ebi-a-GCST90002116,HLA DR on B cell,22,IVW,0.0166462149019654,0.0174427533993137,1.0167855351151,0.982611376104481,1.05214823434872,0.339914536772256,0.991312533955065
ebi-a-GCST90001467,CD86+ plasmacytoid Dendritic Cell %Dendritic Cell,26,IVW,0.0247268777754271,0.0259177731911194,1.02503512241642,0.974264981239418,1.07845095781908,0.340057820746549,0.991312533955065
ebi-a-GCST90001568,Naive CD4-CD8- T cell %T cell,20,IVW,-0.0277236558883081,0.0291138442082234,0.972657117732849,0.918708140791377,1.02977412158494,0.340970248162218,0.991312533955065
ebi-a-GCST90001569,Effector Memory CD4-CD8- T cell Absolute Count,19,IVW,-0.0321292460317129,0.0337649760338929,0.968381414535654,0.906369155923335,1.03463644795233,0.341322498283449,0.991312533955065
ebi-a-GCST90001598,CD4-CD8- T cell Absolute Count,20,IVW,0.0344297321035985,0.0362376108769622,1.03502929648941,0.964065553415479,1.11121659807886,0.342056143360394,0.991312533955065
ebi-a-GCST90001551,Naive CD8+ T cell Absolute Count,28,IVW,0.00515086499966344,0.00542749589607776,1.00516415351076,0.994527999280078,1.01591405795955,0.342604551270604,0.991312533955065
ebi-a-GCST90001474,Plasmacytoid Dendritic Cell %Dendritic Cell,24,IVW,0.018934044360627,0.0199543270990597,1.01911443005688,0.980025745490882,1.05976218107407,0.342687192948864,0.991312533955065
ebi-a-GCST90001677,CD28- CD25++ CD8+ T cell %CD8+ T cell,25,IVW,0.0301657797521741,0.0318794188338411,1.03062537661152,0.968198761009184,1.0970770772403,0.344023013741063,0.991312533955065
ebi-a-GCST90001845,CD3 on CD45RA- CD4+ T cell,28,IVW,-0.0162965661239942,0.0172504128577778,0.983835504503902,0.951127291415266,1.01766851677884,0.344809064203133,0.991312533955065
ebi-a-GCST90002006,CD64 on monocyte,29,IVW,-0.0197735345892543,0.0209905145217299,0.980420679539336,0.940903266732914,1.02159780165927,0.346181178495439,0.991312533955065
ebi-a-GCST90001621,Natural Killer T Absolute Count,34,IVW,0.0227611514285336,0.0241861162498093,1.02302216298168,0.975657538896226,1.07268616725466,0.34666214464122,0.991312533955065
ebi-a-GCST90001553,Naive CD8+ T cell %T cell,29,IVW,0.0042224767223979,0.00450901990354883,1.0042314039378,0.995395431392372,1.01314581205602,0.349040970122271,0.991312533955065
ebi-a-GCST90001984,HLA DR on CD14- CD16+ monocyte,19,IVW,-0.0204606022918673,0.021859585628392,0.979747295512148,0.938656773405675,1.02263659120106,0.349272477722761,0.991312533955065
ebi-a-GCST90001840,CD3 on Terminally Differentiated CD8+ T cell,23,IVW,-0.0261181620016687,0.0279796134742849,0.974219967025956,0.922232235878356,1.02913833113642,0.350576758777467,0.991312533955065
ebi-a-GCST90001580,CD14+ CD16+ monocyte Absolute Count,20,IVW,-0.0365243664803283,0.0392056924237117,0.964134601043316,0.892822466455712,1.0411426278497,0.351538754621737,0.991312533955065
ebi-a-GCST90001928,CD127 on CD28+ CD45RA- CD8+ T cell,19,IVW,0.0224193744074186,0.0241073797898323,1.02267257725786,0.975474665558312,1.07215413910995,0.352381582625212,0.991312533955065
ebi-a-GCST90002019,CD14 on Monocytic Myeloid-Derived Suppressor Cells,25,IVW,-0.0151413609705709,0.0162894236611105,0.984972693065404,0.954021919534691,1.01692758438685,0.352619160023111,0.991312533955065
ebi-a-GCST90002083,SSC-A on HLA DR+ T cell,20,IVW,0.0229956246493884,0.0248522070171287,1.02326206240713,0.974613105990967,1.07433938854851,0.35481244211128,0.991312533955065
ebi-a-GCST90001934,CD25 on CD45RA+ CD4 not regulatory T cell,22,IVW,0.0133417903645061,0.0145085573065362,1.01343118918726,0.985018376187348,1.0426635685649,0.357791877247103,0.991312533955065
ebi-a-GCST90001702,BAFF-R on CD24+ CD27+ B cell,19,IVW,-0.0137538563792286,0.014982551790236,0.986340295757481,0.957796775270536,1.01573444821858,0.358623274421351,0.991312533955065
ebi-a-GCST90001952,CD33 on Monocytic Myeloid-Derived Suppressor Cells,21,IVW,-0.0120064360883382,0.0131155106575489,0.988065353565567,0.962989436147165,1.01379423934558,0.359961767262091,0.991312533955065
ebi-a-GCST90001571,Effector Memory CD4-CD8- T cell %T cell,23,IVW,0.02325620361116,0.0255501384449276,1.02352873771645,0.973534449298132,1.07609040202605,0.362707394378807,0.991312533955065
ebi-a-GCST90001886,CD28 on CD39+ activated CD4 regulatory T cell,19,IVW,-0.0171139799419849,0.0189239695939081,0.983031632360749,0.947237940388252,1.02017787613717,0.365807375781799,0.991312533955065
ebi-a-GCST90001392,IgD+ CD38+ B cell Absolute Count,29,IVW,-0.00921826269344264,0.0101984982277464,0.990824095234675,0.971215092037975,1.01082900764811,0.366056741359001,0.991312533955065
ebi-a-GCST90002024,CD4 on naive CD4+ T cell,20,IVW,-0.0309520209524361,0.0342540495312177,0.969522088706537,0.906567347069747,1.03684859544977,0.366206584341723,0.991312533955065
ebi-a-GCST90001594,CD4+CD8+ T cell Absolute Count,18,IVW,-0.0273622675722794,0.0304098360845729,0.973008688173598,0.916708679096677,1.03276638353007,0.368235497385976,0.991312533955065
ebi-a-GCST90001942,CD25 on CD39+ secreting CD4 regulatory T cell,16,IVW,-0.0175091960744121,0.0194732007630975,0.982643199163543,0.945844906895578,1.02087313662404,0.36857638945635,0.991312533955065
ebi-a-GCST90002064,CD4 on resting CD4 regulatory T cell,13,IVW,-0.0342258033403705,0.0380865933868314,0.96635327420256,0.896842043727873,1.04125208791545,0.368849103242109,0.991312533955065
ebi-a-GCST90001689,CD28+ CD45RA+ CD8+ T cell %CD8+ T cell,41,IVW,0.00262819902314929,0.00292979069489405,1.00263165576587,0.996890653323387,1.00840572011835,0.369686722558445,0.991312533955065
ebi-a-GCST90002118,CD8 on CD28+ CD45RA- CD8+ T cell,14,IVW,0.0293678196692826,0.0327393040934396,1.02980330673366,0.965797381902127,1.09805107202812,0.369708096481887,0.991312533955065
ebi-a-GCST90001916,CD45 on CD4+ T cell,13,IVW,0.0345819356462987,0.0388606662725418,1.03518684360444,0.959267822653768,1.11711429891098,0.373521950666783,0.991312533955065
ebi-a-GCST90001522,CD33- HLA DR- Absolute Count,21,IVW,-0.0184017946073915,0.0206810898335807,0.981766484620794,0.942766415459074,1.02237989656783,0.373579496306734,0.991312533955065
ebi-a-GCST90001717,BAFF-R on unswitched memory B cell,24,IVW,-0.0119558984749548,0.0134773518311481,0.988115289292208,0.962355351698084,1.01456475844417,0.375019485290571,0.991312533955065
ebi-a-GCST90001660,CD39+ CD4+ T cell Absolute Count,29,IVW,-0.0121152338607117,0.013742693466072,0.98795786010377,0.961701744726847,1.0149308126898,0.378005936657291,0.991312533955065
ebi-a-GCST90001765,CD24 on IgD+ CD24+ B cell,25,IVW,-0.0106768406576195,0.0121744351201776,0.989379954494948,0.966050920435081,1.01327235826821,0.380492836980706,0.991312533955065
ebi-a-GCST90001544,Effector Memory CD4+ T cell %T cell,20,IVW,0.0187494330723705,0.0216377817226567,1.01892630739439,0.976617098707162,1.06306844440337,0.386208547837512,0.991312533955065
ebi-a-GCST90001481,Resting CD4 regulatory T cell %CD4 regulatory T cell,30,IVW,-0.00930541160617911,0.0107408099082351,0.990737749754574,0.970098759231814,1.01181583776689,0.386292591936591,0.991312533955065
ebi-a-GCST90001899,CD28 on CD4 regulatory T cell,25,IVW,0.00777143066746804,0.00899733609145211,1.0078017066131,0.990185135212378,1.0257316977743,0.387726362702031,0.991312533955065
ebi-a-GCST90001921,CD45 on HLA DR+ CD8+ T cell,18,IVW,0.0157061821655086,0.0182458505460834,1.01583017253253,0.980144092556609,1.05281554749347,0.389343555185084,0.991312533955065
ebi-a-GCST90001758,CD20 on memory B cell,28,IVW,0.0181748058078713,0.0212132132758137,1.01834097274837,0.976868636260047,1.06157399089845,0.391573022934778,0.991312533955065
ebi-a-GCST90002090,CD11c on granulocyte,22,IVW,0.0199578621185353,0.0234006371896851,1.02015835180934,0.974425330104003,1.06803777633251,0.393727591684656,0.991312533955065
ebi-a-GCST90001733,CD19 on IgD- CD38- B cell,22,IVW,-0.0328231461178014,0.0386645676719327,0.967709687671359,0.897084069136532,1.04389551863781,0.395925502183888,0.991312533955065
ebi-a-GCST90001631,CD8+ Natural Killer T %T cell,27,IVW,0.0256730205372024,0.0303520792682887,1.0260054109214,0.966748350403097,1.08889464647243,0.397641680359588,0.991312533955065
ebi-a-GCST90001630,CD8+ Natural Killer T Absolute Count,26,IVW,0.0327054483874749,0.0387612739689303,1.0332461500947,0.957655998395392,1.11480281904394,0.398800130754818,0.991312533955065
ebi-a-GCST90002097,CD11b on CD33+ HLA DR+ CD14dim,21,IVW,-0.0181793900658712,0.0216338950514568,0.981984858228427,0.941216751402854,1.02451880542144,0.400729110399353,0.991312533955065
ebi-a-GCST90001488,Activated CD4 regulatory T cell %CD4+ T cell,19,IVW,-0.0192868294089008,0.0230518181386892,0.980897971503807,0.937565747471135,1.02623291550005,0.402776507846998,0.991312533955065
ebi-a-GCST90001687,CD28- CD8+ T cell Absolute Count,14,IVW,0.0383773951570006,0.0459343683513915,1.03912331899626,0.949657422979788,1.13701767179761,0.403445676446051,0.991312533955065
ebi-a-GCST90001464,CD86+ myeloid Dendritic Cell Absolute Count,21,IVW,0.0131165111256921,0.0157734418950295,1.01320290989463,0.982358039252671,1.04501627268192,0.405659217241296,0.991312533955065
ebi-a-GCST90001426,IgD- CD38dim B cell %lymphocyte,23,IVW,0.0168809377204054,0.0203652976448807,1.01702422589364,0.977228235561189,1.05844084157123,0.407157035578699,0.991312533955065
ebi-a-GCST90001511,CD25++ CD45RA- CD4 not regulatory T cell %CD4+ T cell,24,IVW,-0.0150333832348816,0.0182194318021645,0.985079053928716,0.95052247720171,1.02089194707509,0.409298304321259,0.991312533955065
ebi-a-GCST90001853,CD3 on activated CD4 regulatory T cell,21,IVW,-0.0148169762232053,0.0179952746802095,0.985292255011314,0.951145991454846,1.02066437382591,0.410291081204229,0.991312533955065
ebi-a-GCST90001628,HLA DR+ CD8+ T cell %T cell,30,IVW,0.0129276272405358,0.0157209483868814,1.0130115502655,0.982273563424658,1.04471141154765,0.410895630659466,0.991312533955065
ebi-a-GCST90001781,CD25 on IgD+ CD38- naive B cell,25,IVW,-0.0129162584809389,0.0157292609825701,0.987166798406326,0.957197427950717,1.01807449479061,0.411554466344946,0.991312533955065
ebi-a-GCST90001877,HVEM on naive CD4+ T cell,18,IVW,0.0129614723381394,0.0158620558861756,1.0130458363205,0.982035169416951,1.04503575681062,0.413850155676967,0.991312533955065
ebi-a-GCST90001610,CD4+ CD8dim T cell %lymphocyte,19,IVW,0.0244711533164134,0.0299892616447282,1.0247730293775,0.966274040186708,1.08681359331211,0.414501741264393,0.991312533955065
ebi-a-GCST90001888,CD28 on CD39+ secreting CD4 regulatory T cell,21,IVW,0.0182322984330139,0.0224100374837892,1.01839952152723,0.974635840148646,1.06412830590009,0.415887130023529,0.991312533955065
ebi-a-GCST90001808,CD27 on switched memory B cell,30,IVW,0.0166135144861601,0.0205067373808666,1.01675228634894,0.976696137890066,1.05845121291158,0.417854497233773,0.991312533955065
ebi-a-GCST90001579,CD14- CD16+ monocyte Absolute Count,18,IVW,-0.0150627965369961,0.018677810774939,0.985050079927009,0.949640957160485,1.02177949744877,0.419981080417636,0.991312533955065
ebi-a-GCST90001616,TCRgd T cell %T cell,18,IVW,0.0137867771811069,0.0172061828244017,1.01388225305728,0.980260093348004,1.04865762672597,0.422976058568046,0.991312533955065
ebi-a-GCST90001584,CD14- CD16+ monocyte %monocyte,23,IVW,0.0199968007902527,0.0249754626919076,1.02019807619391,0.971460076132871,1.07138125409426,0.423329738039845,0.991312533955065
ebi-a-GCST90002112,HLA DR on CD33- HLA DR+,12,IVW,0.013584216765561,0.0169761138181969,1.01367690144554,0.980503595527185,1.0479725573793,0.423597301829018,0.991312533955065
ebi-a-GCST90001724,CD19 on IgD+ CD24+ B cell,33,IVW,-0.0103802858918235,0.0129818293510862,0.989673403345314,0.964809437323478,1.01517813507944,0.42394191144815,0.991312533955065
ebi-a-GCST90001859,CD3 on CD8+ T cell,23,IVW,-0.0134067091576598,0.0168155016811733,0.986682760490075,0.95469334722047,1.01974405989392,0.425286845510346,0.991312533955065
ebi-a-GCST90001487,Activated CD4 regulatory T cell %CD4 regulatory T cell,28,IVW,0.0178223691375735,0.0223659163136298,1.01798213528416,0.974320643408151,1.06360019647412,0.425535848298458,0.991312533955065
ebi-a-GCST90001875,HVEM on CD4+ T cell,20,IVW,-0.0154574018815574,0.0194937871995102,0.98466145058346,0.947749336379139,1.02301118560453,0.427812832980988,0.991312533955065
ebi-a-GCST90002035,CD80 on myeloid Dendritic Cell,26,IVW,0.0162856221371586,0.0205604434533558,1.01641895570469,0.976273167465288,1.05821559779019,0.428311022590302,0.991312533955065
ebi-a-GCST90001422,CD20- CD38- B cell %B cell,23,IVW,-0.0146902250059255,0.0185940503651808,0.985417149919137,0.950150806101037,1.02199245963856,0.429498709389406,0.991312533955065
ebi-a-GCST90001526,CD33dim HLA DR+ CD11b+ %CD33dim HLA DR+,24,IVW,-0.011681261018278,0.0148178916756856,0.988386700030234,0.960093763763611,1.01751339886547,0.430508736889791,0.991312533955065
ebi-a-GCST90001864,CD3 on CD28+ CD45RA+ CD8+ T cell,25,IVW,0.0150146903642585,0.0190524696905223,1.01512797710594,0.977919277957851,1.05375242428507,0.43065543727093,0.991312533955065
ebi-a-GCST90001744,CD20 on CD20- CD38- B cell,16,IVW,-0.0253658533331842,0.0321981341692502,0.974953156910133,0.915326729243099,1.03846378326027,0.430810735196141,0.991312533955065
ebi-a-GCST90001496,CD39+ secreting CD4 regulatory T cell %secreting CD4 regulatory T cell,28,IVW,-0.0115194570427301,0.0147205370431273,0.988546637866618,0.960432370815789,1.01748388010635,0.433895372359007,0.991312533955065
ebi-a-GCST90001629,HLA DR+ CD8+ T cell %lymphocyte,30,IVW,-0.0150696838090612,0.0193092873712585,0.985043295642474,0.948459786871471,1.02303788491739,0.435133650680406,0.991312533955065
ebi-a-GCST90002055,CD8 on naive CD8+ T cell,16,IVW,-0.0315180318953341,0.0409116001303903,0.968973483867766,0.894308246806785,1.04987247494508,0.44106649231954,0.991312533955065
ebi-a-GCST90001747,CD20 on IgD+ CD24- B cell,25,IVW,0.00890530817439247,0.0115606019989868,1.00894507839894,0.986340675139152,1.03206751671458,0.44111290441887,0.991312533955065
ebi-a-GCST90001692,CD28+ CD45RA- CD8+ T cell %CD8+ T cell,28,IVW,-0.00287639494850854,0.00374057973206754,0.997127737911912,0.989843992877162,1.00446508022271,0.441910905559014,0.991312533955065
ebi-a-GCST90001821,IgD on IgD+ CD24- B cell,29,IVW,-0.0144333346032094,0.0187741844258547,0.985670326645567,0.950059432253154,1.02261601732164,0.442020220362899,0.991312533955065
ebi-a-GCST90001838,CD3 on naive CD8+ T cell,25,IVW,-0.0133225731299068,0.0173884932716553,0.986765779550593,0.953702005113364,1.02097583781042,0.443574087434696,0.991312533955065
ebi-a-GCST90002039,CD80 on monocyte,23,IVW,0.0168781872159007,0.022185303155599,1.01702142856777,0.973745788372976,1.06222034386848,0.446787074345908,0.991312533955065
ebi-a-GCST90001768,CD24 on IgD+ CD38+ B cell,25,IVW,-0.0138635891407946,0.0184020289594181,0.986232067851166,0.951294523256542,1.02245273979748,0.451225888487382,0.991312533955065
ebi-a-GCST90001760,CD20 on unswitched memory B cell,22,IVW,-0.0140145314816387,0.0186432782217602,0.986083214908617,0.950701299437483,1.02278192666808,0.452219254636753,0.991312533955065
ebi-a-GCST90001905,CD86 on monocyte,16,IVW,0.0164213963917774,0.021931717240262,1.01655696859987,0.973784970325525,1.06120766072565,0.454007265968418,0.991312533955065
ebi-a-GCST90001847,CD3 on HLA DR+ T cell,27,IVW,-0.0130547475291663,0.0174357041559591,0.987030096082079,0.953869196353602,1.02134382187413,0.454016059416858,0.991312533955065
ebi-a-GCST90001890,CD28 on CD45RA+ CD4+ T cell,13,IVW,0.0219616414447605,0.0293557525799446,1.02220457342781,0.965049741272049,1.08274438637683,0.454387454338734,0.991312533955065
ebi-a-GCST90001572,Terminally Differentiated CD4-CD8- T cell Absolute Count,22,IVW,-0.00505449027272606,0.00681273589051334,0.994958262168489,0.981760929791193,1.00833299983519,0.458137118312975,0.991312533955065
ebi-a-GCST90001609,CD4+ CD8dim T cell Absolute Count,15,IVW,0.0194618413611605,0.0262620237010028,1.01965245756843,0.968495226316214,1.07351188315086,0.458654612392752,0.991312533955065
ebi-a-GCST90001737,CD19 on naive-mature B cell,29,IVW,0.00977775100438421,0.013221714924284,1.00982570939268,0.983992690562897,1.03633692925817,0.459589996706484,0.991312533955065
ebi-a-GCST90001476,HLA DR++ monocyte %leukocyte,8,IVW,-0.0417810817141393,0.0565961740858063,0.959079717679909,0.858378973529199,1.07159417137527,0.460373749526571,0.991312533955065
ebi-a-GCST90001878,HVEM on Effector Memory CD4+ T cell,22,IVW,-0.0135757077374298,0.0184474935649583,0.986516026594162,0.951483631601599,1.02283826899781,0.461785050542663,0.991312533955065
ebi-a-GCST90001552,Naive CD8+ T cell %CD8+ T cell,37,IVW,0.00293086762239508,0.00399743039973844,1.002935166814,0.995107909484203,1.01082399129317,0.463443830890088,0.991312533955065
ebi-a-GCST90001833,CD62L on CD62L+ Dendritic Cell,26,IVW,0.0199070701427618,0.0271915711472807,1.02010653726694,0.967162831581513,1.07594844776358,0.464104820088349,0.991312533955065
ebi-a-GCST90001712,BAFF-R on IgD- CD38- B cell,17,IVW,-0.0116566224305282,0.0159588807501819,0.988411052782681,0.957972670863176,1.0198165761688,0.465135918676326,0.991312533955065
ebi-a-GCST90002004,CCR2 on CD14+ CD16- monocyte,27,IVW,0.00643986583682214,0.00889728498984739,1.00646064635679,0.98906145304453,1.0241659196674,0.469187772901625,0.991312533955065
ebi-a-GCST90001478,CD4 regulatory T cell %CD4+ T cell,16,IVW,0.0171176450661667,0.0236971305486266,1.01726499149309,0.971097182428024,1.06562770610669,0.470078727589998,0.991312533955065
ebi-a-GCST90001504,CD25++ CD4+ T cell Absolute Count,23,IVW,0.014230888676861,0.0197433347608966,1.01433262982255,0.975830820296287,1.05435354420383,0.471035910925532,0.991312533955065
ebi-a-GCST90002025,CD4 on Effector Memory CD4+ T cell,20,IVW,-0.0190000832746802,0.0265114699472436,0.981179280535412,0.931496762641851,1.03351167622054,0.473575224309167,0.991312533955065
ebi-a-GCST90001439,IgD+ CD24+ B cell %lymphocyte,15,IVW,-0.0277040211713796,0.0389259811650817,0.972676215767515,0.901226248885863,1.04979079547386,0.476644197104048,0.991312533955065
ebi-a-GCST90001861,CD3 on CD28+ CD4+ T cell,24,IVW,-0.0175667506940997,0.0246826127059691,0.982586645135415,0.936182660349474,1.03129074708354,0.476647174264841,0.991312533955065
ebi-a-GCST90001661,CD28- CD8dim T cell %T cell,25,IVW,0.0143745376884552,0.0201975104381582,1.01447834816815,0.975102599981564,1.0554441336957,0.476651502686348,0.991312533955065
ebi-a-GCST90002063,CD4 on CD4 regulatory T cell,29,IVW,-0.0135577828187831,0.0190729657717342,0.986533709972168,0.950334932751564,1.02411131841018,0.477184825523957,0.991312533955065
ebi-a-GCST90001866,CD3 on CD39+ CD8+ T cell,16,IVW,0.0191037881103748,0.0270583116770073,1.01928743304433,0.966638681007594,1.07480374164123,0.480173886624991,0.991312533955065
ebi-a-GCST90002088,CD11c on CD62L+ myeloid Dendritic Cell,26,IVW,-0.0108777328599358,0.0154750570271435,0.989181215740163,0.959628695715816,1.01964382884915,0.482105373920768,0.991312533955065
ebi-a-GCST90002022,CD4 on CD4+ T cell,22,IVW,-0.0158637442883495,0.0226116625032812,0.984261422159515,0.94159258044843,1.02886382844064,0.482945152765238,0.991312533955065
ebi-a-GCST90001592,CD8+ T cell Absolute Count,21,IVW,-0.0101999734472977,0.0145454123912561,0.989851869865337,0.962030636899982,1.01847767284543,0.48314688221153,0.991312533955065
ebi-a-GCST90001964,FSC-A on plasmacytoid Dendritic Cell,26,IVW,-0.00806513776493456,0.0115078293684362,0.991967298199899,0.969843575047032,1.0145956997759,0.483403380271502,0.991312533955065
ebi-a-GCST90001453,CD11c+ CD62L- monocyte %monocyte,18,IVW,-0.0228224760543494,0.0326631510132356,0.977435986665336,0.916821710980788,1.04205768317419,0.484725517304826,0.991312533955065
ebi-a-GCST90002077,SSC-A on HLA DR+ Natural Killer,28,IVW,0.0114192987576132,0.0163529005546692,1.01148474783996,0.979579005021052,1.04442968853838,0.484986987801218,0.991312533955065
ebi-a-GCST90001805,CD27 on memory B cell,25,IVW,-0.00869301001962787,0.0124499400734133,0.991344664943324,0.967446751730821,1.01583290548381,0.485028930000209,0.991312533955065
ebi-a-GCST90001535,CD45RA- CD4+ T cell %CD4+ T cell,30,IVW,0.013766060038434,0.0197720884712951,1.01386124853156,0.975322363533176,1.0539229589182,0.486280404688983,0.991312533955065
ebi-a-GCST90001804,CD27 on IgD- CD38dim B cell,31,IVW,0.0111965245863306,0.016177289559399,1.01125944026078,0.979697956035848,1.04383769427721,0.488865895661777,0.991312533955065
ebi-a-GCST90001767,CD24 on IgD+ CD38- unswitched memory B cell,21,IVW,0.0104326378582038,0.0151043466349518,1.0104872475671,0.981010730109615,1.04084944859027,0.489751357893172,0.991312533955065
ebi-a-GCST90001998,PDL-1 on CD14+ CD16+ monocyte,28,IVW,0.012008504116884,0.017419551369405,1.01208089568371,0.978109339059329,1.0472323476566,0.490590891118122,0.991312533955065
ebi-a-GCST90001912,CD45 on HLA DR+ Natural Killer,12,IVW,-0.0250690210187395,0.036816064150625,0.975242597467704,0.907348647148637,1.04821683142902,0.495918217157391,0.991312533955065
ebi-a-GCST90001748,CD20 on IgD+ CD38- B cell,25,IVW,-0.0151911218664663,0.0224716366658529,0.984923681161213,0.942484759830766,1.02927357455238,0.4990322967012,0.991312533955065
ebi-a-GCST90002094,CD11b on Monocytic Myeloid-Derived Suppressor Cells,16,IVW,-0.0107373880669676,0.015988956590511,0.989320051915334,0.958797155664131,1.02081463147834,0.501870048331164,0.991312533955065
ebi-a-GCST90001460,Plasmacytoid Dendritic Cell Absolute Count,30,IVW,0.009939773661929,0.014853042703722,1.00998933729313,0.981010427476618,1.03982428002289,0.50336286127416,0.991312533955065
ebi-a-GCST90001695,CD45RA- CD28- CD8+ T cell Absolute Count,350,IVW,4.79678861867641e-06,7.22271246918409e-06,1.00000479680012,0.999990640315981,1.00001895348467,0.506609894129928,0.991312533955065
ebi-a-GCST90001750,CD20 on IgD+ CD38- unswitched memory B cell,19,IVW,-0.0172540219871107,0.0260089899630353,0.982893976239577,0.934044084382034,1.03429868534225,0.507082824125004,0.991312533955065
ebi-a-GCST90002010,HLA DR on monocyte,17,IVW,-0.0144112690105807,0.0217720430372342,0.985692076285419,0.944514279698384,1.0286650928794,0.508024898965416,0.991312533955065
ebi-a-GCST90001706,BAFF-R on IgD+ CD38- naive B cell,28,IVW,-0.00934381688813634,0.014243324599845,0.990699700922592,0.963424905832544,1.01874665214302,0.511815272510479,0.991312533955065
ebi-a-GCST90001463,CD62L- Dendritic Cell %Dendritic Cell,23,IVW,-0.00868241025188218,0.0132355507545756,0.99135517302222,0.965968465482175,1.01740907099627,0.511829522365542,0.991312533955065
ebi-a-GCST90001926,CD127 on granulocyte,31,IVW,0.0152651239080325,0.0233945887833774,1.01538223103816,0.969874817334377,1.06302489422464,0.514074407675194,0.991312533955065
ebi-a-GCST90001578,Transitional B cell %lymphocyte,26,IVW,0.0186437378393807,0.0285740923149567,1.01881861743218,0.963327845668451,1.07750583551975,0.514098023777173,0.991312533955065
ebi-a-GCST90002099,CD4RA on Terminally Differentiated CD4+ T cell,33,IVW,-0.0083002022482443,0.0127408812539197,0.991734149323071,0.967275106165832,1.01681167711654,0.514748184630965,0.991312533955065
ebi-a-GCST90001954,CD33 on basophil,22,IVW,-0.00590829849504499,0.00916833652370333,0.99410912117675,0.976404591416413,1.01213467602934,0.51930035606778,0.991312533955065
ebi-a-GCST90002013,CCR2 on myeloid Dendritic Cell,14,IVW,-0.010338422509858,0.0160435988442654,0.989714835288254,0.959077037506151,1.02133136013422,0.519319017581929,0.991312533955065
ebi-a-GCST90002021,CD14 on CD33dim HLA DR+ CD11b+,19,IVW,0.0212439996509529,0.0331835800420509,1.0214712598638,0.957149370930794,1.09011567725637,0.522045095948196,0.991312533955065
ebi-a-GCST90001967,FSC-A on CD14+ monocyte,23,IVW,0.0150842366870349,0.0235998105075654,1.01519857797888,0.969309427046447,1.06326021802009,0.522713839779219,0.991312533955065
ebi-a-GCST90001780,CD25 on IgD+ CD38- B cell,29,IVW,0.00620133007192457,0.0097028533860805,1.00622059812786,0.987265515990316,1.02553960985984,0.522742026431702,0.991312533955065
ebi-a-GCST90002027,CD4 on CD45RA+ CD4+ T cell,27,IVW,-0.0137706427700624,0.0218035987697981,0.986323738802747,0.945061101072631,1.02938795874857,0.527663581328014,0.991312533955065
ebi-a-GCST90001454,CD62L- HLA DR++ monocyte Absolute Count,19,IVW,0.0217680431710458,0.0345487063042379,1.02200669554204,0.955092178485258,1.0936092968422,0.528649926802609,0.991312533955065
ebi-a-GCST90001851,CD3 on T cell,31,IVW,0.00916491054914392,0.0146651113118214,1.00920703693834,0.980611710535329,1.03863622314877,0.532006146723696,0.991312533955065
ebi-a-GCST90001844,CD3 on Terminally Differentiated CD4+ T cell,23,IVW,-0.0116638983974937,0.0186786197419124,0.988403861162676,0.952872670778099,1.02525995625788,0.532330891573423,0.991312533955065
ebi-a-GCST90001841,CD3 on Central Memory CD4+ T cell,26,IVW,-0.00955971510087468,0.0154018591687694,0.990485833715407,0.961032204553114,1.02084215507336,0.534806381867893,0.991312533955065
ebi-a-GCST90001858,CD3 on CD45RA+ CD4+ T cell,32,IVW,0.0090600349987258,0.0146131169789076,1.00910120134474,0.980608801400159,1.03842147154037,0.535262180906018,0.991312533955065
ebi-a-GCST90001455,CD62L- HLA DR++ monocyte %monocyte,12,IVW,0.0264427222575745,0.0426826238782748,1.02679543305299,0.944390795192376,1.11639044631275,0.535574111118666,0.991312533955065
ebi-a-GCST90001475,HLA DR++ monocyte %monocyte,22,IVW,-0.0203331003444121,0.0329345380869507,0.97987222316443,0.918618107709496,1.04521080704937,0.536984606813705,0.991312533955065
ebi-a-GCST90001746,CD20 on IgD+ CD24+ B cell,23,IVW,0.0149256773168432,0.0243185520125116,1.01503762149265,0.967791425325379,1.06459030952776,0.539376030379161,0.991312533955065
ebi-a-GCST90001505,CD25++ CD4+ T cell %CD4+ T cell,26,IVW,-0.0131088171360687,0.021456834536382,0.986976729195559,0.946329735711959,1.02936960259491,0.541239961473784,0.991312533955065
ebi-a-GCST90001539,Central Memory CD4+ T cell %T cell,24,IVW,0.0192676908628791,0.0315670170839317,1.01945451075208,0.958291121401974,1.08452168269313,0.541613995413662,0.991312533955065
ebi-a-GCST90001625,HLA DR+ CD4+ T cell %T cell,25,IVW,-0.0224356651859199,0.0370708588434623,0.977814142660882,0.909286958668469,1.05150578535488,0.545039280355137,0.991312533955065
ebi-a-GCST90001451,CD62L- monocyte %monocyte,23,IVW,0.0135443725086253,0.0225276637571836,1.01363651304725,0.969853889263784,1.05939563882405,0.547684877341854,0.991312533955065
ebi-a-GCST90001940,CD25 on CD39+ activated CD4 regulatory T cell,12,IVW,0.0156562310791492,0.0260921322126532,1.01577943197914,0.965137840393616,1.06907823032932,0.548481925983274,0.991312533955065
ebi-a-GCST90001849,CD3 on HLA DR+ CD4+ T cell,26,IVW,0.0125266987877337,0.0209411836291853,1.01260548651867,0.971884779530767,1.05503233811602,0.549716599099337,0.991312533955065
ebi-a-GCST90001469,CD62L- myeloid Dendritic Cell %Dendritic Cell,24,IVW,0.00941645466106546,0.0157673199574933,1.00946092895738,0.978741719048078,1.04114430524386,0.550364918055898,0.991312533955065
ebi-a-GCST90001884,CD16-CD56 on Natural Killer,28,IVW,-0.0114396675271519,0.019254981997662,0.988625516670789,0.952010293030332,1.02664899672618,0.552435410878175,0.991312533955065
ebi-a-GCST90001856,CD3 on CD39+ secreting CD4 regulatory T cell,27,IVW,-0.0115423852585554,0.0195176687954112,0.988523972515791,0.951422528359238,1.02707221566803,0.554264935720086,0.991312533955065
ebi-a-GCST90001450,CD62L- monocyte Absolute Count,20,IVW,0.011497637142392,0.0194640343582284,1.01156398902511,0.973700156568724,1.05090021500902,0.55471345858092,0.991312533955065
ebi-a-GCST90001753,CD20 on IgD- CD24- B cell,28,IVW,0.0154140681121752,0.0261435438192718,1.01553347759983,0.964806922692161,1.06892707739728,0.555463092282941,0.991312533955065
ebi-a-GCST90001457,CD11c+ HLA DR++ monocyte %monocyte,18,IVW,0.0119914915214898,0.020355627980175,1.01206367770739,0.972480223606296,1.05325832121938,0.555794487407226,0.991312533955065
ebi-a-GCST90001517,CD33+ HLA DR+ Absolute Count,30,IVW,0.00602747295926785,0.0102626303912293,1.00604567472625,0.98601147885397,1.02648693381519,0.556987183594953,0.991312533955065
ebi-a-GCST90001897,CD28 on CD39+ CD8+ T cell,20,IVW,-0.00844712896947868,0.0143868599064844,0.991588447780162,0.964017940192862,1.01994746028727,0.557108375979697,0.991312533955065
ebi-a-GCST90001432,Unswitched memory B cell %lymphocyte,22,IVW,-0.016460797864848,0.0283839550272681,0.983673940753594,0.930444035068494,1.03994908371515,0.561959665976111,0.991312533955065
ebi-a-GCST90002106,HLA DR on Dendritic Cell,19,IVW,-0.00922778754301532,0.015926552175059,0.99081465782916,0.960363106778317,1.02223177800157,0.562321709432148,0.991312533955065
ebi-a-GCST90001536,CD45RA- CD4+ T cell %T cell,26,IVW,0.0048392271871308,0.00836162222814401,1.00485095515749,0.988516887669786,1.02145492371013,0.562762850941046,0.991312533955065
ebi-a-GCST90001696,CD45RA- CD28- CD8+ T cell %CD8+ T cell,50,IVW,-0.000213574341123255,0.000370355366492064,0.999786448464253,0.999060970305136,1.00051245343662,0.564159643765809,0.991312533955065
ebi-a-GCST90001595,CD4+CD8+ T cell %T cell,8,IVW,0.0337936026444733,0.0587301340863143,1.03437109323629,0.921900978148298,1.16056234225052,0.565017540340952,0.991312533955065
ebi-a-GCST90001686,CD28- CD8+ T cell %CD8+ T cell,23,IVW,-0.0175018764072776,0.030517826237035,0.982650391810997,0.925596563504236,1.04322102155459,0.56630834924821,0.991312533955065
ebi-a-GCST90001895,CD28 on CD28+ CD4-CD8- T cell,3,IVW,-0.0604527163047969,0.105800056977271,0.941338277918341,0.765044843453431,1.15825596506776,0.567737729105975,0.991312533955065
ebi-a-GCST90001530,Monocytic Myeloid-Derived Suppressor Cells Absolute Count,19,IVW,0.00979520552635491,0.0171554812989191,1.00984333557154,0.976452143733706,1.04437638745803,0.568022335099924,0.991312533955065
ebi-a-GCST90001749,CD20 on IgD+ CD38- naive B cell,18,IVW,-0.0151135526193078,0.026485755899217,0.985000083912883,0.935171228680253,1.03748397678744,0.568250843480125,0.991312533955065
ebi-a-GCST90001835,CD62L on granulocyte,16,IVW,0.0219604668175783,0.0386045758510698,1.02220337271924,0.94771211230459,1.10254973175098,0.569453476794919,0.991312533955065
ebi-a-GCST90001657,CD28+ CD4-CD8- T cell Absolute Count,12,IVW,0.0297543245618655,0.052343703723321,1.03020140767914,0.929750196587397,1.14150547564236,0.569735333201821,0.991312533955065
ebi-a-GCST90001538,Central Memory CD4+ T cell %CD4+ T cell,32,IVW,-0.00421231574817155,0.00741430484334853,0.995796543609973,0.98143022963198,1.01037315371609,0.569944249971432,0.991312533955065
ebi-a-GCST90002018,CCR2 on granulocyte,17,IVW,-0.018062780220875,0.0317986878921693,0.982099374007237,0.922758054334655,1.0452568535106,0.570010934585031,0.991312533955065
ebi-a-GCST90001510,CD25++ CD45RA- CD4 not regulatory T cell Absolute Count,20,IVW,-0.00628648623242682,0.0110957919337148,0.993733232380249,0.972355074327447,1.01558140972312,0.571009828696772,0.991312533955065
ebi-a-GCST90002057,CD8 on Terminally Differentiated CD8+ T cell,17,IVW,-0.0141481089545928,0.0250168829466679,0.985951505201568,0.938773352986307,1.03550060034929,0.571704867976237,0.991312533955065
ebi-a-GCST90001755,CD20 on IgD- CD38- B cell,27,IVW,0.0150473500939364,0.0266286315770833,1.01516113145266,0.963536636175514,1.06955157086993,0.572018253999938,0.991312533955065
ebi-a-GCST90001705,BAFF-R on IgD+ CD38- B cell,22,IVW,0.010457236213549,0.0186219414003704,1.0105121041972,0.97429439352337,1.04807614568764,0.574419543445,0.991312533955065
ebi-a-GCST90001789,CD25 on IgD- CD38dim B cell,20,IVW,-0.0141964228082809,0.0253087287396545,0.985903871235502,0.938191182790712,1.03604303807871,0.574845322524149,0.991312533955065
ebi-a-GCST90001670,CD39+ CD8+ T cell %T cell,20,IVW,0.0147359484291209,0.0263103627686989,1.01484505780175,0.963837697054721,1.06855178469553,0.575423822992086,0.991312533955065
ebi-a-GCST90001982,CCR2 on CD14- CD16+ monocyte,28,IVW,-0.00750188181552788,0.0134221570877605,0.99252618706619,0.966755838015145,1.01898348401462,0.576217856129342,0.991312533955065
ebi-a-GCST90001485,CD39+ resting CD4 regulatory T cell %CD4 regulatory T cell,36,IVW,0.00257049077097867,0.00460101826466396,1.00257379731492,0.993573235533881,1.01165589320887,0.57638103810166,0.991312533955065
ebi-a-GCST90001437,Naive-mature B cell %lymphocyte,21,IVW,-0.0180863125721395,0.0324146498932398,0.982076263171719,0.921623005890839,1.04649491225869,0.576866758153244,0.991312533955065
ebi-a-GCST90002120,CD8 on CD28- CD8+ T cell,20,IVW,-0.019175183193609,0.0344052636100136,0.981007491163527,0.917035128060171,1.04944256579865,0.577300043899053,0.991312533955065
ebi-a-GCST90002049,CD45 on Monocytic Myeloid-Derived Suppressor Cells,17,IVW,-0.011998307222176,0.0216101700555652,0.98807338544923,0.947096547087107,1.03082311727963,0.578747083087514,0.991312533955065
ebi-a-GCST90001816,CD38 on naive-mature B cell,26,IVW,-0.0119411778978313,0.0215189603287009,0.988129835026592,0.947319993885541,1.03069773378778,0.57895330917504,0.991312533955065
ebi-a-GCST90002032,CD39 on CD39+ CD4+ T cell,20,IVW,0.00800221632330888,0.0145830161050424,1.00803431963176,0.979629837759261,1.03726239278266,0.583187088769894,0.991312533955065
ebi-a-GCST90002045,CD45 on CD33- HLA DR-,14,IVW,-0.0165068012670451,0.0301752731085136,0.983628689446532,0.927140336967638,1.04355873660588,0.584357629581566,0.991312533955065
ebi-a-GCST90001778,CD25 on IgD+ CD24+ B cell,26,IVW,0.00664377125457833,0.0121592109830402,1.00666589005978,0.98295859353332,1.03094496642752,0.58479223245011,0.991312533955065
ebi-a-GCST90001667,CD28+ CD45RA- CD8dim T cell %T cell,28,IVW,0.00426623226215839,0.00782882344295887,1.00427534558626,0.98898287627922,1.01980427967253,0.585795380433778,0.991312533955065
ebi-a-GCST90002031,CD39 on CD39+ secreting CD4 regulatory T cell,23,IVW,0.00755216609055092,0.0139365370902231,1.00758075562253,0.98043057005634,1.03548278695811,0.587889540130034,0.991312533955065
ebi-a-GCST90001601,Lymphocyte Absolute Count,19,IVW,0.0178796926965587,0.0334781461885831,1.01804049131571,0.953384042485062,1.08708180100946,0.593292708681986,0.991312533955065
ebi-a-GCST90002074,SSC-A on CD14+ monocyte,23,IVW,-0.0154944376474442,0.0290341450710791,0.984624983567795,0.930157491022379,1.04228194431921,0.59357498204555,0.991312533955065
ebi-a-GCST90001779,CD25 on IgD+ CD24- B cell,24,IVW,0.00756229882854145,0.014202285233607,1.00759096522605,0.979929959049473,1.03603277339326,0.594400123905189,0.991312533955065
ebi-a-GCST90001645,Natural Killer Absolute Count,22,IVW,0.0161580187133124,0.0306962769275253,1.01628926544051,0.956947561152317,1.0793108347608,0.598621663782439,0.991312533955065
ebi-a-GCST90001939,CD25 on activated CD4 regulatory T cell,17,IVW,-0.0212788065098553,0.0406352090714873,0.978945990002875,0.904001900481189,1.06010313787239,0.600518928924292,0.991312533955065
ebi-a-GCST90001542,Effector Memory CD4+ T cell Absolute Count,23,IVW,-0.00699131688495243,0.0133582188741425,0.993033065516154,0.967370777913836,1.01937611898407,0.600715449269884,0.991312533955065
ebi-a-GCST90001966,FSC-A on granulocyte,21,IVW,-0.0134930712686571,0.0260736340002734,0.986597552163433,0.937444808401262,1.03832750601595,0.604808087718966,0.991312533955065
ebi-a-GCST90001574,Terminally Differentiated CD4-CD8- T cell %T cell,24,IVW,-0.00345593554386035,0.00667885372407296,0.996550029327999,0.983589652382814,1.00968118010163,0.604845963169521,0.991312533955065
ebi-a-GCST90001949,CD33 on CD33dim HLA DR+ CD11b-,22,IVW,-0.00678856792682956,0.0132220668985856,0.993234422347323,0.96782516852261,1.01931076998291,0.607652568412165,0.991312533955065
ebi-a-GCST90001418,CD24+ CD27+ B cell Absolute Count,26,IVW,0.00669898575483674,0.0131123363928465,1.00672147414834,0.981178191132208,1.03292973251058,0.609426790610954,0.991312533955065
ebi-a-GCST90001680,CD25++ CD8+ T cell %CD8+ T cell,22,IVW,-0.0135331418806108,0.0265059276633466,0.986558019387823,0.936613320543484,1.03916600828787,0.609651912478638,0.991312533955065
ebi-a-GCST90001490,CD39+ activated CD4 regulatory T cell %activated CD4 regulatory T cell,8,IVW,0.0186999817289444,0.0367357321076843,1.01887592136547,0.948093594521613,1.09494268196395,0.610723716309778,0.991312533955065
ebi-a-GCST90001883,CD16-CD56 on Natural Killer T,28,IVW,-0.00991154373118569,0.0195656915827888,0.990137413736844,0.952885719370669,1.02884540942535,0.612451133719473,0.991312533955065
ebi-a-GCST90001581,CD14- CD16- Absolute Count,25,IVW,0.00148315335502599,0.00293515280197616,1.00148425377092,0.995739356269593,1.00726229633888,0.613343203549679,0.991312533955065
ebi-a-GCST90001393,IgD+ CD38dim B cell %B cell,15,IVW,0.0209978171821728,0.0418672145227988,1.02121982249826,0.940764982716491,1.10855521306926,0.615995597345068,0.991312533955065
ebi-a-GCST90001537,Central Memory CD4+ T cell Absolute Count,28,IVW,0.012005613753048,0.0241887839278819,1.01207797040592,0.965215001723741,1.06121622265683,0.619661760277498,0.991312533955065
ebi-a-GCST90001413,IgD- CD24- B cell %B cell,18,IVW,-0.0104022330627472,0.0210300499760882,0.989651683052322,0.949688606249015,1.03129641371257,0.620856640307264,0.991312533955065
ebi-a-GCST90001566,Naive CD4-CD8- T cell Absolute Count,18,IVW,-0.0153232170571917,0.0314390340149132,0.984793586072357,0.925941960703383,1.04738574157773,0.625978682424334,0.991312533955065
ebi-a-GCST90001644,B cell %lymphocyte,35,IVW,0.00978460874568445,0.0201596278777812,1.0098326345399,0.970709276411897,1.05053281611897,0.627423401970599,0.991312533955065
ebi-a-GCST90001794,CD25 on IgD+ B cell,27,IVW,-0.00621666190749942,0.0128383204542695,0.993802621554855,0.969107465242286,1.01912706901126,0.628224748978351,0.991312533955065
ebi-a-GCST90001620,HLA DR+ T cell%lymphocyte,25,IVW,-0.00767649236080889,0.0158688878899621,0.992352896657068,0.961962786414822,1.02370308437173,0.628566978379508,0.991312533955065
ebi-a-GCST90001438,IgD- CD38dim B cell Absolute Count,17,IVW,0.0169071324665068,0.035103300305435,1.01705086693394,0.949428232473864,1.08948989565628,0.630062132658924,0.991312533955065
ebi-a-GCST90002107,HLA DR on Hematopoietic Stem Cell,6,IVW,-0.0127133142393606,0.0264456530597241,0.987367158553821,0.937492244001912,1.0398954359655,0.630705841143901,0.991312533955065
ebi-a-GCST90001503,Activated & secreting CD4 regulatory T cell %CD4+ T cell,32,IVW,0.00255723140184342,0.0053290543798759,1.00256050390699,0.992143311213304,1.01308707384728,0.631322759840479,0.991312533955065
ebi-a-GCST90002093,CD11b on CD66b++ myeloid cell,17,IVW,-0.014554199365055,0.0303408919639134,0.985551201035467,0.928650940476333,1.04593785191693,0.631448381072654,0.991312533955065
ebi-a-GCST90002011,CD64 on CD14+ CD16+ monocyte,12,IVW,0.0296955575587559,0.0619769101280096,1.03014086760871,0.912306577103281,1.16319473491802,0.631839714166704,0.991312533955065
ebi-a-GCST90001412,IgD+ CD24+ B cell Absolute Count,23,IVW,0.0148495452886762,0.0312272821908191,1.01496034756141,0.954702096688494,1.07902193856614,0.634408438859969,0.991312533955065
ebi-a-GCST90001495,CD39+ secreting CD4 regulatory T cell Absolute Count,26,IVW,0.00697385501080547,0.0146796444800971,1.00699822896486,0.978437616719017,1.03639252601382,0.634737259854273,0.991312533955065
ebi-a-GCST90001636,CD4-CD8- Natural Killer T Absolute Count,10,IVW,0.0209096413481925,0.0440438441094548,1.0211297795586,0.936677449837831,1.11319646574381,0.634967985459376,0.991312533955065
ebi-a-GCST90001927,CD127 on CD8+ T cell,25,IVW,-0.0121876955647389,0.0257321046932039,0.987886273587391,0.939297878328697,1.0389880697685,0.635758267741448,0.991312533955065
ebi-a-GCST90001700,CD45RA+ CD28- CD8+ T cell %T cell,206,IVW,9.74068699352827e-05,0.00020618817971647,1.00009741161414,0.999693325072063,1.00050166149224,0.636628934917411,0.991312533955065
ebi-a-GCST90001904,CD86 on CD62L+ myeloid Dendritic Cell,22,IVW,0.00983066168659469,0.0208106424428731,1.00987914137343,0.969516100424343,1.05192258254892,0.636651105231385,0.991312533955065
ebi-a-GCST90001516,Immature Myeloid-Derived Suppressor Cells %CD33dim HLA DR- CD66b-,19,IVW,0.0082019774701894,0.0173774301628985,1.00823570583744,0.974473663894478,1.04316748229288,0.636933753557663,0.991312533955065
ebi-a-GCST90002096,CD11b on basophil,19,IVW,0.0108535007650941,0.0230079960747348,1.01091261367161,0.966337456867367,1.0575439306609,0.63712142048963,0.991312533955065
ebi-a-GCST90001486,Activated CD4 regulatory T cell Absolute Count,15,IVW,-0.00829174171699625,0.0176368371351899,0.991742539956326,0.958045562135342,1.02662472896052,0.638256654221577,0.991312533955065
ebi-a-GCST90001715,BAFF-R on memory B cell,17,IVW,-0.00733520701722788,0.0156319739054307,0.992691629955424,0.962738091255932,1.02357710901208,0.638895372870793,0.991312533955065
ebi-a-GCST90001935,CD25 on CD39+ CD4 regulatory T cell,17,IVW,0.0128482537282303,0.0274643096891646,1.01293114717173,0.959846605463867,1.06895154191308,0.639915911350336,0.991312533955065
ebi-a-GCST90001910,CD45 on B cell,15,IVW,0.0100763570255449,0.0215445835377693,1.01012729445515,0.968360322762772,1.05369574425784,0.640000624855952,0.991312533955065
ebi-a-GCST90001459,Myeloid Dendritic Cell %Dendritic Cell,26,IVW,-0.0112916838489525,0.0241956415022302,0.98877182793668,0.942975345733793,1.03679245925614,0.640727011117599,0.991312533955065
ebi-a-GCST90001879,HVEM on Terminally Differentiated CD4+ T cell,26,IVW,0.00745021756393207,0.0159849153940958,1.00747803948501,0.976402659575484,1.03954243681174,0.641159662526532,0.991312533955065
ebi-a-GCST90001710,BAFF-R on IgD- CD24- B cell,22,IVW,-0.00790550612239762,0.0170163919597512,0.992125660208511,0.959581876832643,1.02577315121161,0.642230963298881,0.991312533955065
ebi-a-GCST90001534,CD45RA- CD4+ T cell Absolute Count,16,IVW,0.00700069262150747,0.0150727972652096,1.00702525475396,0.977710182262945,1.03721929269991,0.642319104605592,0.991312533955065
ebi-a-GCST90001882,HVEM on Central Memory CD8+ T cell,18,IVW,0.00563308026480175,0.0121403927865251,1.00564897589454,0.982001847174065,1.0298655400986,0.642651403815439,0.991312533955065
ebi-a-GCST90001823,IgD on IgD+ CD38- unswitched memory B cell,17,IVW,0.00902505874288416,0.0195320395065919,1.00906590738018,0.971166125122027,1.04844472958635,0.644035189056116,0.991312533955065
ebi-a-GCST90001573,Terminally Differentiated CD4-CD8- T cell %CD4-CD8- T cell,27,IVW,-0.00350681529233096,0.00763845580513047,0.996499326403055,0.981691486354869,1.01153052799602,0.646162334850009,0.991312533955065
ebi-a-GCST90001802,CD27 on IgD- CD38- B cell,31,IVW,0.0101330121047918,0.0221048349227778,1.01018452491825,0.967352360833894,1.05491319988574,0.646660029654234,0.991312533955065
ebi-a-GCST90001548,Central Memory CD8+ T cell Absolute Count,25,IVW,0.0136646535896052,0.029899067078429,1.01375844167547,0.956057216444698,1.07494212730282,0.64765229611364,0.991312533955065
ebi-a-GCST90001614,CD8+ and CD8dim T cell %leukocyte,15,IVW,-0.0191523255072086,0.0419326927351584,0.981029914981394,0.903625383492709,1.06506491702174,0.647858151965207,0.991312533955065
ebi-a-GCST90001617,TCRgd T cell %lymphocyte,20,IVW,0.00597109465950668,0.0131201548392828,1.00598895718046,0.980449235456294,1.03219396310513,0.649031146434721,0.991312533955065
ebi-a-GCST90002081,SSC-A on CD4+ T cell,30,IVW,0.0105578403936443,0.0232160214629674,1.01061377105289,0.965657983631051,1.05766245560495,0.64927811447328,0.991312533955065
ebi-a-GCST90001493,Secreting CD4 regulatory T cell %CD4 regulatory T cell,31,IVW,-0.00594762923956811,0.01311700347961,0.994070022893764,0.968838879386444,1.01995825254434,0.650239887271723,0.991312533955065
ebi-a-GCST90001489,CD39+ activated CD4 regulatory T cell Absolute Count,30,IVW,0.00494204892482416,0.0109038642024088,1.0049542809908,0.983704703623483,1.02666288283632,0.650377152894032,0.991312533955065
ebi-a-GCST90001891,CD28 on CD45RA- CD4 not regulatory T cell,13,IVW,0.0125413337647181,0.0279570563140849,1.01262030608511,0.958625782512702,1.06965606705066,0.653725439158798,0.991312533955065
ebi-a-GCST90001850,CD3 on HLA DR+ CD8+ T cell,26,IVW,-0.00932191395587221,0.0208762877394925,0.990721400388675,0.951001691365911,1.03210004997819,0.655213575711703,0.991312533955065
ebi-a-GCST90002043,CD45 on CD33+ HLA DR+ CD14dim,16,IVW,-0.0086973980398161,0.0195227806425633,0.991340314912465,0.954123607707718,1.03000870330818,0.655958487045758,0.991312533955065
ebi-a-GCST90001852,CD3 on CD39+ resting CD4 regulatory T cell,20,IVW,-0.00894846405152291,0.0200907977165522,0.991091454294884,0.952822708700861,1.0308972086902,0.656029894098945,0.991312533955065
ebi-a-GCST90002038,CD80 on CD62L+ plasmacytoid Dendritic Cell,21,IVW,-0.00685890515351764,0.0155797422017058,0.993164563449473,0.963295365911711,1.0239599244394,0.659759598842408,0.991312533955065
ebi-a-GCST90001723,CD19 on CD24+ CD27+ B cell,29,IVW,-0.00839771796228129,0.0191090613386567,0.991637444374568,0.955183817289367,1.02948228737404,0.66032636896324,0.991312533955065
ebi-a-GCST90001826,IgD on unswitched memory B cell,22,IVW,0.00988476518649562,0.0225703247242325,1.00993378084754,0.966230296244904,1.05561401423753,0.661419591146595,0.991312533955065
ebi-a-GCST90002082,SSC-A on CD8+ T cell,18,IVW,0.00800270405044558,0.0183577895386991,1.00803481127757,0.97240921168098,1.04496560557138,0.662887800453334,0.991312533955065
ebi-a-GCST90001855,CD3 on secreting CD4 regulatory T cell,20,IVW,0.00862363882369115,0.0197898949493385,1.00866092951371,0.970285854753264,1.04855374912806,0.663011080873042,0.991312533955065
ebi-a-GCST90001684,CD127- CD8+ T cell Absolute Count,13,IVW,0.0144560607127226,0.0334717546150642,1.01456105488235,0.95013749020029,1.08335282493378,0.665822565856811,0.991312533955065
ebi-a-GCST90001796,CD27 on CD20- B cell,16,IVW,-0.0104714392280973,0.0243008622753757,0.989583195424216,0.943554521614904,1.03785724961602,0.666535168561092,0.991312533955065
ebi-a-GCST90001431,IgD+ CD38- B cell %lymphocyte,20,IVW,0.0102620736458496,0.0238267082760957,1.01031490930341,0.964217608800922,1.05861602883412,0.666689253741196,0.991312533955065
ebi-a-GCST90002119,CD8 on CD28+ CD45RA+ CD8+ T cell,22,IVW,-0.00920993673536437,0.0214571343295402,0.990832344828897,0.95002600600392,1.0333914328184,0.667759550414718,0.991312533955065
ebi-a-GCST90001419,CD20- B cell %B cell,19,IVW,-0.0109557486979841,0.0255697053017228,0.989104046948869,0.940755153837008,1.03993776882367,0.668311900798871,0.991312533955065
ebi-a-GCST90001871,HVEM on T cell,25,IVW,0.0068786699820444,0.0161150673603946,1.00690238237112,0.975595854290308,1.03921352593505,0.669490688391962,0.991312533955065
ebi-a-GCST90001564,Central Memory CD4-CD8- T cell %CD4-CD8- T cell,16,IVW,0.011775883299187,0.0282220285551697,1.01184549197915,0.957394934749668,1.06939285187071,0.676489288107659,0.991312533955065
ebi-a-GCST90001813,CD38 on IgD+ CD38dim B cell,23,IVW,-0.00863267582348225,0.0207497848819461,0.991404478731177,0.951893372450526,1.03255560853201,0.677383014429213,0.991312533955065
ebi-a-GCST90001414,IgD- CD24- B cell Absolute Count,18,IVW,-0.0119229181655319,0.0288334484975622,0.988147878177587,0.933852779143386,1.04559974650666,0.679233025891437,0.991312533955065
ebi-a-GCST90001933,CD25 on CD45RA- CD4 not regulatory T cell,26,IVW,0.00659023898317823,0.0160849508489722,1.00661200239052,0.975372075697877,1.03885250419094,0.682015328795283,0.991312533955065
ebi-a-GCST90001442,CD24+ CD27+ B cell %lymphocyte,24,IVW,0.00470514723570317,0.011546785518353,1.00471623382215,0.982233172397545,1.02771392666546,0.683651469359477,0.991312533955065
ebi-a-GCST90001868,CD3 on CD4 regulatory T cell,11,IVW,-0.00989490089119908,0.024285168517255,0.990153892572513,0.944127714517648,1.0384238444662,0.683680262459109,0.991312533955065
ebi-a-GCST90001959,CD4 on HLA DR+ CD4+ T cell,21,IVW,-0.0154879441312472,0.0380160651517532,0.984631377266832,0.91393170454086,1.06080021546625,0.683710379322064,0.991312533955065
ebi-a-GCST90002110,HLA DR on CD33dim HLA DR+ CD11b+,23,IVW,-0.00610464034791106,0.0150188707608017,0.993913955110208,0.965082559864399,1.02360667495807,0.684401210996415,0.991312533955065
ebi-a-GCST90001627,HLA DR+ CD8+ T cell Absolute Count,34,IVW,0.00628266229561856,0.0155937905114941,1.00630243961476,0.976011248915868,1.03753373857057,0.687025372218776,0.991312533955065
ebi-a-GCST90001870,CD34 on Hematopoietic Stem Cell,12,IVW,0.00556204626559425,0.0138474741449771,1.00557754316309,0.978652157901205,1.03324371907837,0.687930556125115,0.991312533955065
ebi-a-GCST90002095,CD11b on CD33dim HLA DR-,23,IVW,0.00730424461545554,0.0182683702455402,1.00733098567826,0.97190058256375,1.0440529956581,0.689281646590514,0.991312533955065
ebi-a-GCST90001607,CD8+ T cell %leukocyte,17,IVW,0.0139411344654781,0.0350172157495585,1.01403876524762,0.946776134255109,1.08607999316958,0.690540037329,0.991312533955065
ebi-a-GCST90001648,HLA DR+ Natural Killer Absolute Count,18,IVW,-0.0110990260651856,0.027890435836644,0.988962340877013,0.936351554782948,1.04452916928157,0.690666325641973,0.991312533955065
ebi-a-GCST90001421,CD20- B cell Absolute Count,22,IVW,0.00558362264681854,0.0142373833696796,1.00559924012158,0.977925635892748,1.03405595949016,0.694924928056404,0.991312533955065
ebi-a-GCST90001586,CD14+ CD16- monocyte %monocyte,24,IVW,0.00443345139136191,0.0113467474355685,1.0044432936767,0.982351419563195,1.02703198684308,0.696000941122062,0.991312533955065
ebi-a-GCST90001570,Effector Memory CD4-CD8- T cell %CD4-CD8- T cell,29,IVW,0.00286371286715039,0.00733899995617371,1.00286781720979,0.988545382409013,1.01739776108631,0.696385126919342,0.991312533955065
ebi-a-GCST90001996,CX3CR1 on CD14+ CD16+ monocyte,34,IVW,0.00676137566058816,0.0174339499396169,1.0067842853656,0.972963056450911,1.04178117610806,0.698143250003161,0.991312533955065
ebi-a-GCST90001976,FSC-A on Natural Killer T,20,IVW,-0.0151976317011368,0.0393832263322426,0.984917269491755,0.91175063273741,1.06395542038793,0.699577413091896,0.991312533955065
ebi-a-GCST90001946,CD33 on CD14+ monocyte,21,IVW,0.00481541661359547,0.0125344656833572,1.00482702936477,0.980441659259898,1.0298189080462,0.700849440509387,0.991312533955065
ebi-a-GCST90001612,CD8dim T cell %leukocyte,18,IVW,0.00902332534477995,0.0235021010963561,1.00906415826877,0.963636825099062,1.05663300631748,0.701025168661799,0.991312533955065
ebi-a-GCST90001803,CD27 on IgD- CD38+ B cell,15,IVW,0.0189506628158289,0.0494741812635297,1.01913136630511,0.924947099846066,1.12290610128922,0.701689020562033,0.991312533955065
ebi-a-GCST90001846,CD3 on Central Memory CD8+ T cell,19,IVW,-0.00975561368720963,0.0255303469610589,0.990291817945125,0.941957526813296,1.04110626729292,0.702373592118572,0.991312533955065
ebi-a-GCST90001795,CD25 on transitional B cell,22,IVW,-0.00973738219359164,0.0256329542442025,0.990309872608665,0.941785278519474,1.04133465042893,0.704036361040269,0.991312533955065
ebi-a-GCST90001691,CD28+ CD45RA- CD8+ T cell %T cell,26,IVW,-0.00323614668465157,0.00852500875592863,0.996769083994095,0.980252425105647,1.01356403856828,0.704237713759861,0.991312533955065
ebi-a-GCST90001759,CD20 on naive-mature B cell,23,IVW,0.00429258319451299,0.0113148609661957,1.00430180952663,0.982274434994924,1.02682314502431,0.704408899715695,0.991312533955065
ebi-a-GCST90002079,SSC-A on lymphocyte,21,IVW,-0.0118964365852407,0.0314587688530506,0.988174046241447,0.929084465389868,1.05102171227826,0.705312008496662,0.991312533955065
ebi-a-GCST90001971,FSC-A on lymphocyte,17,IVW,0.00782005048472995,0.0208461194731383,1.00785070693909,0.967501461308826,1.04988270105919,0.707562156837058,0.991312533955065
ebi-a-GCST90001626,HLA DR+ CD4+ T cell %lymphocyte,21,IVW,-0.0152972451065398,0.0409570019285328,0.984819163414922,0.908852041312625,1.06713605795341,0.708779890259311,0.991312533955065
ebi-a-GCST90001613,CD4-CD8- T cell %leukocyte,20,IVW,-0.00600059343864056,0.0162193934293169,0.994017374165441,0.962914549698199,1.0261248419732,0.711409232837956,0.991312533955065
ebi-a-GCST90002009,HLA DR on CD14- CD16-,25,IVW,0.000959794090793344,0.00259571281190325,1.00096025484054,0.995880704648332,1.00606571358789,0.711560368023292,0.991312533955065
ebi-a-GCST90001611,CD4+ CD8dim T cell %leukocyte,14,IVW,0.0136760186404546,0.0369997007129082,1.01376996315718,0.942854413540548,1.09001933218984,0.711661835127984,0.991312533955065
ebi-a-GCST90001529,CD66b++ myeloid cell Absolute Count,16,IVW,0.00888001299917665,0.0240411522411516,1.00891955727918,0.962481296329946,1.0575983937993,0.711854045478168,0.991312533955065
ebi-a-GCST90001892,CD28 on CD39+ CD4+ T cell,17,IVW,-0.00854240359775082,0.0231755513054945,0.991493979059708,0.947463861020124,1.03757024511014,0.712429260647635,0.991312533955065
ebi-a-GCST90001728,CD19 on IgD+ CD38- unswitched memory B cell,22,IVW,0.00372173971845049,0.0101142400007945,1.00372867399157,0.984026776231134,1.02382503741568,0.712895395420334,0.991312533955065
ebi-a-GCST90001589,CD4+/CD8+ T cell,15,IVW,-0.0123446002756595,0.0345716255567353,0.987731281737006,0.923019436842418,1.05698000061551,0.72103702199791,0.991312533955065
ebi-a-GCST90001922,CD127 on T cell,18,IVW,0.0137013030686629,0.0386879145713411,1.01379559607509,0.93976352032438,1.09365972225277,0.723226896259913,0.991312533955065
ebi-a-GCST90001806,CD27 on unswitched memory B cell,30,IVW,0.00832598178629033,0.0236295512166931,1.00836073916879,0.962724552628605,1.05616022518673,0.724572322552199,0.991312533955065
ebi-a-GCST90001500,Activated & resting CD4 regulatory T cell %CD4+ T cell,27,IVW,-0.00750754874236955,0.0215306178914148,0.992520562508837,0.951507642893921,1.03530126569113,0.727320741646933,0.991312533955065
ebi-a-GCST90001704,BAFF-R on IgD+ CD24- B cell,22,IVW,-0.00668043288438652,0.0192006546764822,0.993341831600987,0.956653792742906,1.03143687078192,0.72789474528134,0.991312533955065
ebi-a-GCST90001991,HLA DR on CD14+ monocyte,21,IVW,-0.00663776409620099,0.0191199348534691,0.993384217197459,0.956845984316673,1.0313177033206,0.728467681221194,0.991312533955065
ebi-a-GCST90001836,CD66b on CD66b++ myeloid cell,26,IVW,0.00574292207694479,0.0165899963707937,1.00575944426734,0.973581761234274,1.03900062635782,0.729216633553537,0.991312533955065
ebi-a-GCST90001434,Switched memory B cell %lymphocyte,18,IVW,0.0101854442929186,0.0294612309305318,1.01023749249189,0.953554623394393,1.0702898042729,0.729550408845184,0.991312533955065
ebi-a-GCST90002036,CD80 on CD62L+ myeloid Dendritic Cell,26,IVW,0.00573891657820679,0.0166293417992515,1.00575541570723,0.973502785013769,1.0390765920717,0.730013283872327,0.991312533955065
ebi-a-GCST90001771,CD24 on memory B cell,31,IVW,-0.00588605054230763,0.0170908324327447,0.994131238315523,0.961381388833438,1.02799672478992,0.730546903253831,0.991312533955065
ebi-a-GCST90001470,CD62L- plasmacytoid Dendritic Cell Absolute Count,24,IVW,-0.0080799264495175,0.023604259217807,0.991952628416883,0.947105985912218,1.0389228150379,0.732119125747828,0.991312533955065
ebi-a-GCST90001924,CD127 on CD28+ CD4+ T cell,20,IVW,0.0072298278952146,0.021131755226746,1.00725602619926,0.966389407784827,1.04985080976864,0.732252332217193,0.991312533955065
ebi-a-GCST90001615,TCRgd T cell Absolute Count,19,IVW,0.0087157864117466,0.0254852729383549,1.00875387946802,0.959603262136159,1.06042197801261,0.732356116968068,0.991312533955065
ebi-a-GCST90001563,Central Memory CD4-CD8- T cell Absolute Count,4,IVW,0.00813358730278152,0.0239866315947312,1.00816675478655,0.961865923565343,1.05669634463123,0.734543175290914,0.991312533955065
ebi-a-GCST90002075,SSC-A on B cell,13,IVW,-0.0098381135473509,0.0290415182314316,0.990210122378628,0.935420152857638,1.0482092816428,0.734790307625499,0.991312533955065
ebi-a-GCST90001400,IgD+ B cell Absolute Count,15,IVW,0.00422325935624223,0.0125524578637331,1.00423218988359,0.979826701600055,1.02924556919253,0.73653245673187,0.991312533955065
ebi-a-GCST90001775,CD25 on B cell,25,IVW,0.00525671810114275,0.0157971774231671,1.00527055888548,0.974621830236271,1.03688309168792,0.739313096530435,0.991312533955065
ebi-a-GCST90001436,Memory B cell %lymphocyte,28,IVW,0.0044988114988303,0.0135919430942269,1.00450894634383,0.978101924628664,1.03162891093163,0.740651246930254,0.991312533955065
ebi-a-GCST90001499,Activated & resting CD4 regulatory T cell %CD4 regulatory T cell,29,IVW,0.00432785228061547,0.0130822042421102,1.00433723095826,0.978912254613372,1.03042256211952,0.740780598802915,0.991312533955065
ebi-a-GCST90001446,IgD- CD38- B cell Absolute Count,14,IVW,0.0110538507347378,0.0335680235457363,1.0111151702735,0.946731762727164,1.07987703360898,0.741931182510092,0.991312533955065
ebi-a-GCST90001958,CD4 on monocyte,15,IVW,-0.00942430875681314,0.0288521434114722,0.990619960861623,0.93615472671817,1.04825396790729,0.743939015757316,0.991312533955065
ebi-a-GCST90001701,BAFF-R on CD20- CD38- B cell,17,IVW,-0.00636814434390336,0.019683547388601,0.993652089314221,0.956047293251905,1.03273601794338,0.746296728191053,0.991312533955065
ebi-a-GCST90001402,Switched memory B cell %B cell,13,IVW,0.0118856713837167,0.0371735493916527,1.01195658665588,0.940847244788374,1.08844038067684,0.749169499162861,0.991312533955065
ebi-a-GCST90001931,CD127 on CD4+ T cell,8,IVW,0.0133043715900125,0.0419752050181419,1.0133932685436,0.933357452136941,1.10029219178379,0.751275569845137,0.991312533955065
ebi-a-GCST90001561,CD45RA+ CD8+ T cell %CD8+ T cell,27,IVW,0.0028181241164085,0.00897585142076619,1.00282209876098,0.985334063380728,1.02062051758663,0.753545850935929,0.991312533955065
ebi-a-GCST90001697,CD45RA- CD28- CD8+ T cell %T cell,180,IVW,8.11867468047766e-05,0.000259462070852362,1.00008119004254,0.999572732392747,1.00058990633202,0.754353519492186,0.991312533955065
ebi-a-GCST90002059,CD8 on Natural Killer T,18,IVW,0.00807303897448351,0.0260058782352189,1.00810571382288,0.958008639900612,1.06082251027274,0.756232983743712,0.991312533955065
ebi-a-GCST90002104,HLA DR on myeloid Dendritic Cell,16,IVW,-0.00441177097572156,0.0142393268494311,0.995597946590039,0.968195885038626,1.02377554642753,0.756690218672598,0.991312533955065
ebi-a-GCST90002065,CD4 on CD39+ resting CD4 regulatory T cell,15,IVW,-0.00807441230961347,0.026095872846288,0.991958098197535,0.942497206972903,1.04401462550749,0.757007091092636,0.991312533955065
ebi-a-GCST90001693,CD28+ CD45RA- CD8+ T cell Absolute Count,29,IVW,-0.00258927846137686,0.00837394993045588,0.997414070828727,0.981177183708088,1.01391965203209,0.757164566715312,0.991312533955065
ebi-a-GCST90001716,BAFF-R on naive-mature B cell,23,IVW,0.00588078804357469,0.0190559661459433,1.00589811382401,0.969021087112183,1.04417853115055,0.757621154162033,0.991312533955065
ebi-a-GCST90002084,SSC-A on Natural Killer T,20,IVW,0.00370632717037507,0.0121014625799009,1.00371320409434,0.98018638219605,1.02780472609323,0.759398309763739,0.991312533955065
ebi-a-GCST90001764,CD24 on CD24+ CD27+ B cell,3,IVW,0.0154569951563408,0.0505158816724744,1.01557707238596,0.919841291626849,1.12127689781342,0.759617677850099,0.991312533955065
ebi-a-GCST90001930,CD127 on CD28- CD8+ T cell,21,IVW,-0.00696857064808889,0.0231263461132039,0.99305565353837,0.949047708702967,1.03910427471794,0.763165874406249,0.991312533955065
ebi-a-GCST90001688,CD28+ CD45RA+ CD8+ T cell %T cell,110,IVW,-0.000352606727349994,0.00117086738060991,0.999647455431096,0.997355994761953,1.00194418081216,0.763300104927098,0.991312533955065
ebi-a-GCST90001520,CD33+ HLA DR+ CD14dim Absolute Count,28,IVW,-0.00353316175308408,0.0118203771096451,0.996473072518511,0.973652221819805,1.01982880745508,0.765013052704828,0.991312533955065
ebi-a-GCST90001458,Myeloid Dendritic Cell Absolute Count,23,IVW,0.00477156897969707,0.0160023907313703,1.00478297104299,0.973757366391489,1.03679710546301,0.765566924867257,0.991312533955065
ebi-a-GCST90001523,CD33- HLA DR+ Absolute Count,36,IVW,0.00404025327469268,0.0135509010890463,1.00404842610101,0.977732158656628,1.03107301220513,0.765585746239236,0.991312533955065
ebi-a-GCST90001828,IgD on transitional B cell,32,IVW,-0.00594113963102669,0.0203967424371134,0.994076474040008,0.955119557910619,1.03462234445449,0.770838063616298,0.991312533955065
ebi-a-GCST90001407,Memory B cell Absolute Count,17,IVW,0.00392560581943039,0.0135272138156739,1.00393332110237,0.977665459653349,1.03090694599869,0.771662762868857,0.991312533955065
ebi-a-GCST90001822,IgD on IgD+ CD38-  B cell,27,IVW,-0.00602237293636611,0.0209997920275765,0.993995725202054,0.953913802575519,1.0357618257041,0.77427886045646,0.991312533955065
ebi-a-GCST90001950,CD33 on Granulocytic Myeloid-Derived Suppressor Cells,20,IVW,-0.00569760356381589,0.0199790815851269,0.994318596996643,0.956134578383398,1.0340275257119,0.775507427840702,0.991312533955065
ebi-a-GCST90001633,CD8dim Natural Killer T Absolute Count,27,IVW,0.00625672414590614,0.0221117101502074,1.00627633832993,0.963596897687972,1.05084612820183,0.777207685533558,0.991312533955065
ebi-a-GCST90002070,CD4 on activated & secreting CD4 regulatory T cell,32,IVW,-0.00356423913297983,0.0128593830881248,0.996442105227474,0.971641247110855,1.02187599798023,0.781649339859173,0.991312533955065
ebi-a-GCST90001782,CD25 on IgD+ CD38- unswitched memory B cell,24,IVW,0.00313803215217172,0.0114139116269858,1.00314296092927,0.980950543915913,1.02583744542804,0.783369652865715,0.991312533955065
ebi-a-GCST90001471,CD62L- plasmacytoid Dendritic Cell %Dendritic Cell,18,IVW,0.0053826987912681,0.0196778981717364,1.00539721154198,0.967358631927283,1.04493154825373,0.784437893879822,0.991312533955065
ebi-a-GCST90001834,CD62L on monocyte,25,IVW,-0.00482709643340386,0.0177871919761374,0.995184535273269,0.961087337058726,1.03049142472112,0.786098424989777,0.991312533955065
ebi-a-GCST90001452,CD11c+ CD62L- monocyte Absolute Count,22,IVW,-0.0049586797267849,0.0182927949770814,0.995053594229611,0.960009059215599,1.03137740824892,0.786335017004702,0.991312533955065
ebi-a-GCST90001599,CD4-CD8- T cell %T cell,15,IVW,0.0100616555116086,0.0371323523422135,1.01011244416381,0.939208523118234,1.08636913394593,0.786416135800969,0.991312533955065
ebi-a-GCST90001893,CD28 on CD28+ CD45RA- CD8+ T cell,17,IVW,0.00940409283060704,0.0350283015987487,1.00944845024965,0.942469822912119,1.08118705653925,0.788336581887544,0.991312533955065
ebi-a-GCST90002087,CD11c on myeloid Dendritic Cell,30,IVW,-0.00410797579918648,0.0153921816319216,0.995900450391253,0.966304137878545,1.02640324946447,0.789556035156913,0.991312533955065
ebi-a-GCST90002086,SSC-A on HLA DR+ CD8+ T cell,24,IVW,-0.00605787425919959,0.0229855818515907,0.993960437665299,0.950174511740913,1.03976410589425,0.792125880683912,0.991312533955065
ebi-a-GCST90001918,CD45 on HLA DR+ T cell,18,IVW,0.00499491747705009,0.018972417389275,1.00500741287318,0.968321595033774,1.04308310907268,0.792340484174709,0.991312533955065
ebi-a-GCST90001793,CD25 on switched memory B cell,20,IVW,0.00762958611775524,0.0292092743754986,1.00765876557177,0.95159039735304,1.06703072105183,0.793935013733053,0.991312533955065
ebi-a-GCST90002002,PDL-1 on monocyte,15,IVW,0.00837672646840549,0.032315110324579,1.00841190941225,0.946522165931309,1.07434840476653,0.795465415369121,0.991312533955065
ebi-a-GCST90001975,FSC-A on HLA DR+ T cell,19,IVW,0.00333803921805408,0.01294566893642,1.00334361667516,0.97820553562946,1.0291277001157,0.796522764878422,0.991312533955065
ebi-a-GCST90001788,CD25 on IgD- CD38+ B cell,20,IVW,0.00850851037216549,0.0333407517631505,1.0085448106272,0.944745818232976,1.07665216972913,0.798569777196106,0.991312533955065
ebi-a-GCST90001541,Naive CD4+ T cell %CD4+ T cell,35,IVW,0.00513595722400522,0.0202578880802958,1.00514916886076,0.966021195582661,1.04586199172585,0.799859640493361,0.991312533955065
ebi-a-GCST90001857,CD3 on activated & secreting CD4 regulatory T cell,22,IVW,0.00443717824313523,0.0175305673164578,1.00444703709495,0.970520519183924,1.03955952541548,0.800182490874954,0.991312533955065
ebi-a-GCST90001874,HVEM on Terminally Differentiated CD8+ T cell,25,IVW,0.00412973566011471,0.0163913092782933,1.00413827476913,0.972391059809917,1.03692199211851,0.801082291507734,0.991312533955065
ebi-a-GCST90001977,FSC-A on HLA DR+ CD4+ T cell,17,IVW,0.00536878251990239,0.0213131407397437,1.00538322025891,0.96424971898269,1.04827141733013,0.801118273722,0.991312533955065
ebi-a-GCST90001885,CD16-CD56 on HLA DR+ Natural Killer,24,IVW,0.00329097425082794,0.0130733826825039,1.00329639545197,0.977914676293517,1.02933689567083,0.801249079342394,0.991312533955065
ebi-a-GCST90001999,PDL-1 on CD14- CD16+ monocyte,19,IVW,0.00583673356038388,0.0231885423355708,1.00585380047857,0.961161519803501,1.05262419176334,0.801267041431483,0.991312533955065
ebi-a-GCST90001762,CD20 on IgD+ B cell,20,IVW,0.00324868833525314,0.0129211545797403,1.00325397104228,0.978165133891284,1.02898630869005,0.801486316227826,0.991312533955065
ebi-a-GCST90001456,CD11c+ HLA DR++ monocyte Absolute Count,17,IVW,0.00755573589397255,0.0306242456252426,1.00758435249418,0.948884888385788,1.06991505483682,0.805121843555722,0.991312533955065
ebi-a-GCST90002042,CD45 on CD33+ HLA DR+ CD14-,18,IVW,0.00701157923011215,0.0284297286433543,1.00703621790344,0.952456646111249,1.06474341725661,0.805195803115031,0.991312533955065
ebi-a-GCST90001391,IgD+ B cell %B cell,17,IVW,-0.00819340296203213,0.0332917743580848,0.991840071478436,0.929186988858454,1.05871771687088,0.80559791057923,0.991312533955065
ebi-a-GCST90002121,CD8 on CD39+ CD8+ T cell,25,IVW,0.00603741028489583,0.0245845008765139,1.00605567217939,0.958727675639225,1.05572003525347,0.80600899276377,0.991312533955065
ebi-a-GCST90001623,Natural Killer T %lymphocyte,33,IVW,-0.00605525431466383,0.0248309590740056,0.993963041789928,0.946746476298223,1.04353441304289,0.807339978201665,0.991312533955065
ebi-a-GCST90002029,CD39 on CD39+ CD8+ T cell,23,IVW,0.00713013354677585,0.0292582419005494,1.0071556134714,0.951023961563247,1.06660028636879,0.807465820739769,0.991312533955065
ebi-a-GCST90001920,CD45 on HLA DR+ CD4+ T cell,18,IVW,0.000745819365262168,0.00310717063790843,1.00074609755768,0.994670019933921,1.0068592917312,0.810305703047871,0.991312533955065
ebi-a-GCST90001567,Naive CD4-CD8- T cell %CD4-CD8- T cell,22,IVW,0.00671610351005505,0.0280013312007739,1.0067387071076,0.952975098134651,1.06353547576694,0.810446980533047,0.991312533955065
ebi-a-GCST90001814,CD38 on IgD- CD38+ B cell,14,IVW,-0.00201300062650034,0.00844224774952472,0.997989024100441,0.981611366375269,1.01463993423665,0.811536991934876,0.991312533955065
ebi-a-GCST90001867,CD3 on CD4+ T cell,29,IVW,0.00492271925882891,0.0207391561734392,1.00493485574795,0.964904615238399,1.04662579942955,0.812374782395302,0.991312533955065
ebi-a-GCST90001955,CD33 on Immature Myeloid-Derived Suppressor Cells,23,IVW,0.00322206585297903,0.0136744949625155,1.00322726228674,0.976695890304256,1.03047934345442,0.813722935914341,0.991312533955065
ebi-a-GCST90001587,CD16+ monocyte %monocyte,22,IVW,-0.00749312861568381,0.0318123522127658,0.992534874884279,0.93253803606265,1.05639173928062,0.813788485639315,0.991312533955065
ebi-a-GCST90001745,CD20 on CD24+ CD27+ B cell,29,IVW,0.00509397343206147,0.0217713584238672,1.00510696977303,0.963119398316633,1.04892500602941,0.815003679486444,0.991312533955065
ebi-a-GCST90001719,BAFF-R on IgD+ B cell,24,IVW,0.00450958179900177,0.0195087527472535,1.00451976526497,0.966834860117627,1.04367353767657,0.817192952244054,0.991312533955065
ebi-a-GCST90001972,FSC-A on T cell,22,IVW,0.00419296616495627,0.0181849731389639,1.00420176894654,0.969039813058807,1.04063958896823,0.817646444771658,0.991312533955065
ebi-a-GCST90001811,CD38 on IgD+ CD24- B cell,17,IVW,-0.0064586308998286,0.0284460407336679,0.993562181226669,0.939682834520908,1.05053085115383,0.820386028704669,0.991312533955065
ebi-a-GCST90001983,CD14 on CD14+ CD16+ monocyte,15,IVW,-0.00817169822134529,0.0362786059034478,0.991861599343617,0.92378329340685,1.06495694312064,0.821786032815305,0.991312533955065
ebi-a-GCST90001659,CD39+ CD4+ T cell %CD4+ T cell,25,IVW,-0.00327893872827521,0.0146741133373042,0.996726431120578,0.968467648055183,1.02580977329431,0.823184863780844,0.991312533955065
ebi-a-GCST90001562,CD45RA+ CD8+ T cell %T cell,35,IVW,0.000806198091192846,0.00369639069550721,1.00080652315622,0.993581956517918,1.00808362130717,0.827347976554373,0.991312533955065
ebi-a-GCST90001799,CD27 on T cell,21,IVW,0.00320198541374808,0.0147028387877153,1.00320711724493,0.974709716860804,1.03253769063904,0.827600465580632,0.991312533955065
ebi-a-GCST90001430,IgD+ CD38dim B cell %lymphocyte,33,IVW,-0.00238048603036426,0.0109890894225052,0.997622345079588,0.976364693198932,1.01934282377755,0.828502407261853,0.991312533955065
ebi-a-GCST90001953,CD33 on CD33dim HLA DR-,19,IVW,0.00281746592925957,0.0130115718873335,1.00282143871658,0.977570159796996,1.02872497474598,0.828570434051383,0.991312533955065
ebi-a-GCST90001896,CD28 on CD28+ CD45RA+ CD8+ T cell,15,IVW,0.0052832866210798,0.0244426998470456,1.00529726779117,0.958271244295264,1.05463103755308,0.828870920520321,0.991312533955065
ebi-a-GCST90002067,CD4 on CD39+ activated CD4 regulatory T cell,23,IVW,-0.00444507492202214,0.0206260574313812,0.995564789801618,0.956119716326895,1.03663718441077,0.829371481972112,0.991312533955065
ebi-a-GCST90001547,Terminally Differentiated CD4+ T cell %T cell,26,IVW,0.00346063164370075,0.0161270018503729,1.00346662654277,0.972244180093189,1.03569174411372,0.83008997348934,0.991312533955065
ebi-a-GCST90002020,CD14 on CD33+ HLA DR+ CD14dim,18,IVW,-0.00650304330112006,0.0304193706073477,0.993518055724235,0.936013846175402,1.05455504860672,0.830718871989332,0.991312533955065
ebi-a-GCST90002076,SSC-A on Natural Killer,23,IVW,0.00559247844176956,0.0262124436657537,1.00560814554169,0.955248358415768,1.05862285286404,0.831052382421245,0.991312533955065
ebi-a-GCST90001674,CD28- CD127- CD25++ CD8+ T cell %CD8+ T cell,18,IVW,-0.00398749537515086,0.0187510656012974,0.996020444128116,0.960079117403909,1.03330726305529,0.831596587845848,0.991312533955065
ebi-a-GCST90001917,CD45 on CD8+ T cell,26,IVW,-0.0013385816104528,0.00630680649417669,0.9986623138903,0.986393494509232,1.011083733557,0.831916709649864,0.991312533955065
ebi-a-GCST90002053,CD45 on CD33+ HLA DR+,16,IVW,0.00366721287865138,0.0172944046187814,1.00367394533106,0.970222531213174,1.03827870012131,0.832070986943199,0.991312533955065
ebi-a-GCST90001546,Terminally Differentiated CD4+ T cell %CD4+ T cell,21,IVW,0.00775813049905966,0.0374562740325998,1.00778830276981,0.936452792686701,1.08455788816196,0.835912243669154,0.991312533955065
ebi-a-GCST90002066,CD4 on activated CD4 regulatory T cell,24,IVW,-0.00292655335141869,0.0141717530288979,0.99707772483138,0.969763366519056,1.02516141945375,0.836395605653536,0.991312533955065
ebi-a-GCST90002028,CD19 on B cell,24,IVW,-0.0047580406025965,0.0230884254225365,0.995253260941085,0.951218623893386,1.04132638757595,0.836729169116543,0.991312533955065
ebi-a-GCST90001741,CD19 on IgD+ B cell,27,IVW,0.00238358355848827,0.0117519130037614,1.00238642655217,0.979561588653644,1.02574310770703,0.839271696919795,0.991312533955065
ebi-a-GCST90001872,HVEM on naive CD8+ T cell,21,IVW,0.00221754718480961,0.0110519352862957,1.00222000776105,0.980743574064811,1.02416673483111,0.840973930673678,0.991312533955065
ebi-a-GCST90001944,CD123 on plasmacytoid Dendritic Cell,18,IVW,0.00207969157479356,0.0104331824064438,1.00208185563325,0.981798342149971,1.0227844174094,0.842001215272082,0.991312533955065
ebi-a-GCST90001945,CD123 on CD62L+ plasmacytoid Dendritic Cell,18,IVW,0.0020788813290823,0.0104314107605564,1.00208104370105,0.981800955877584,1.02278003716895,0.842035490315365,0.991312533955065
ebi-a-GCST90001639,CD3- lymphocyte Absolute Count,18,IVW,0.00638509824181942,0.0324555408344441,1.00640552643713,0.944378951425729,1.07250599149218,0.844035946099579,0.991312533955065
ebi-a-GCST90001635,CD8dim Natural Killer T %lymphocyte,26,IVW,0.00524615322188484,0.0268986954704432,1.00525993837951,0.953634037233737,1.0596806576264,0.845366532820418,0.991312533955065
ebi-a-GCST90001679,CD25++ CD8+ T cell %T cell,17,IVW,0.00647029005195907,0.0333312725937082,1.00649126759783,0.942839696193145,1.07443998788016,0.846081371682073,0.991312533955065
ebi-a-GCST90002017,CCR2 on monocyte,25,IVW,0.00628673837978048,0.0324480106770921,1.00630654139655,0.944300003933759,1.07238467758021,0.846373176204389,0.991312533955065
ebi-a-GCST90001812,CD38 on IgD+ CD38+ B cell,17,IVW,0.00464214656586375,0.0242212057408945,1.00465293802028,0.958072891556255,1.05349763548081,0.848011442356329,0.991312533955065
ebi-a-GCST90001763,CD20 on transitional B cell,22,IVW,-0.00196970410972211,0.0103489372308688,0.99803223448439,0.977992164163454,1.01848294656012,0.84905123671798,0.991312533955065
ebi-a-GCST90002051,CD45 on basophil,17,IVW,0.00429612905819913,0.0227592385547913,1.00430537065026,0.960489740247689,1.0501197829108,0.850277645403318,0.991312533955065
ebi-a-GCST90001397,Unswitched memory B cell %B cell,32,IVW,0.00333746336148445,0.0179648317465918,1.00334303889331,0.968629002401821,1.03930116814534,0.85261916979817,0.992459575035767
ebi-a-GCST90001549,Central Memory CD8+ T cell %CD8+ T cell,31,IVW,-0.00484614107903456,0.0264060418075253,0.995165582516932,0.944970108673703,1.04802736884054,0.854386929029267,0.992936160763743
ebi-a-GCST90001622,Natural Killer T %T cell,32,IVW,-0.00451264987466673,0.025089195195705,0.995497516831102,0.947728251403328,1.04567454283384,0.857259123094968,0.992979938389335
ebi-a-GCST90002111,HLA DR on CD33dim HLA DR+ CD11b-,18,IVW,0.00366344095187912,0.0205052398503153,1.00367015955358,0.964132226696629,1.04482949670686,0.858205644167488,0.992979938389335
ebi-a-GCST90001673,CD28- CD127- CD25++ CD8+ T cell %T cell,18,IVW,0.00405812663099549,0.022762116447638,1.00406637197665,0.960255752058523,1.04987580357958,0.858499755214856,0.992979938389335
ebi-a-GCST90001948,CD33 on CD33dim HLA DR+ CD11b+,22,IVW,-0.0023081762475679,0.013421348201853,0.997694485542873,0.971791485404739,1.02428792743341,0.863454846629225,0.993348687063394
ebi-a-GCST90001738,CD19 on unswitched memory B cell,21,IVW,-0.00312854310536413,0.018323268575711,0.996876345686023,0.961710172675922,1.03332841517441,0.864426997735307,0.993348687063394
ebi-a-GCST90001479,CD4 regulatory T cell %T cell,16,IVW,-0.00449297855667016,0.0266566358518386,0.995517099771931,0.944839710091344,1.04891262015491,0.866150535701946,0.993348687063394
ebi-a-GCST90001533,Basophil %CD33dim HLA DR- CD66b-,20,IVW,0.00388120616089506,0.0230492545899748,1.00388874779525,0.959545702744039,1.05028099763034,0.866278447953668,0.993348687063394
ebi-a-GCST90001824,IgD on IgD+ CD38+ B cell,25,IVW,-0.0037608580478755,0.022424863095764,0.996246205121453,0.953406813493479,1.04101049748338,0.866811981042645,0.993348687063394
ebi-a-GCST90001900,CD28 on resting CD4 regulatory T cell,6,IVW,0.00667496026767155,0.0399923456155748,1.00669728746503,0.930800754334723,1.08878234559854,0.86744405474619,0.993348687063394
ebi-a-GCST90002062,CD4 on CD28+ CD4+ T cell,21,IVW,0.00512922742270865,0.0310181378398376,1.00514240442934,0.945854693439554,1.06814636559877,0.868658906360352,0.993348687063394
ebi-a-GCST90001515,Immature Myeloid-Derived Suppressor Cells Absolute Count,22,IVW,0.00320465764865407,0.0199869810010227,1.00320979805359,0.964669401833805,1.0432899571579,0.872615414060538,0.993348687063394
ebi-a-GCST90001911,CD45 on Natural Killer,30,IVW,0.00364184887748456,0.0227432229626184,1.00364848846679,0.959891647450554,1.04939999329826,0.872779480514078,0.993348687063394
ebi-a-GCST90001558,Terminally Differentiated CD8+ T cell %CD8+ T cell,23,IVW,0.00304911826188302,0.0194645967430832,1.00305377155125,0.965507420628839,1.04206021323781,0.875521132694242,0.993348687063394
ebi-a-GCST90001448,CD11c+ monocyte Absolute Count,15,IVW,-0.00410346264408937,0.0266726712106428,0.995904945054589,0.945178105123235,1.04935424784821,0.877731787483475,0.993348687063394
ebi-a-GCST90002008,CCR2 on monocyte,24,IVW,0.00176234167688661,0.012467300199767,1.00176389551364,0.977581546850069,1.02654444080723,0.887587825659948,0.993348687063394
ebi-a-GCST90001751,CD20 on IgD+ CD38+ B cell,26,IVW,-0.00319114503512628,0.023024404594568,0.996813941256388,0.95282980681388,1.04282845307461,0.889767528406641,0.993348687063394
ebi-a-GCST90001932,CD127 on CD45RA+ CD4+ T cell,22,IVW,0.00402404101951345,0.0290790571758611,1.00403214834366,0.948407600266887,1.06291910210748,0.889937898912452,0.993348687063394
ebi-a-GCST90001550,Central Memory CD8+ T cell %T cell,22,IVW,-0.00423332375947325,0.0306666690991393,0.99577562412467,0.937686136548154,1.05746374501289,0.890206311157995,0.993348687063394
ebi-a-GCST90001739,CD19 on Plasma Blast-Plasma Cell,23,IVW,0.00557824802176934,0.0405173879578175,1.00559383541724,0.928824164182161,1.08870871454937,0.890496953843478,0.993348687063394
ebi-a-GCST90001708,BAFF-R on IgD+ CD38+ B cell,27,IVW,-0.00220100352639747,0.0161472279996874,0.997801416905745,0.966716916533581,1.02988543031721,0.89157744870408,0.993348687063394
ebi-a-GCST90001951,CD33 on CD66b++ myeloid cell,18,IVW,-0.00191560558699827,0.014129308288621,0.998086228014378,0.970825003564309,1.02611296051769,0.892155892713537,0.993348687063394
ebi-a-GCST90001727,CD19 on IgD+ CD38- naive B cell,19,IVW,0.00158561532655501,0.0118835158095624,1.00158687307922,0.978527805926445,1.02518932854936,0.893853466555693,0.993348687063394
ebi-a-GCST90001734,CD19 on IgD- CD38+ B cell,18,IVW,0.00357029233634172,0.0269982103694877,1.00357667342188,0.951851541657948,1.05811263139022,0.894793028081466,0.993348687063394
ebi-a-GCST90001777,CD25 on CD24+ CD27+ B cell,24,IVW,-0.00100735798456689,0.00780715459630849,0.998993149230158,0.983822896861245,1.01439732231556,0.897333826857221,0.993348687063394
ebi-a-GCST90001842,CD3 on Naive CD4+ T cell,30,IVW,-0.00192183362950658,0.014945455353054,0.99808001191028,0.969267229841227,1.02774929297672,0.897682210463138,0.993348687063394
ebi-a-GCST90001989,CD40 on CD14- CD16+ monocyte,27,IVW,0.00166976858768717,0.0130290673497116,1.0016711634275,0.976415365772214,1.02758022334961,0.898024582442253,0.993348687063394
ebi-a-GCST90001711,BAFF-R on IgD- CD27- B cell,18,IVW,0.00205322909671388,0.0160450883044747,1.00205533841497,0.971032690926438,1.03406910048305,0.898175715767408,0.993348687063394
ebi-a-GCST90001632,CD8+ Natural Killer T %lymphocyte,27,IVW,-0.00390506864992353,0.0321415001849042,0.996102546215242,0.935286472413679,1.06087312480408,0.903298060958194,0.993348687063394
ebi-a-GCST90002054,CD8 on Central Memory CD8+ T cell,14,IVW,-0.00387699653035364,0.0333623173605125,0.996130509317513,0.93307738583525,1.06344447594229,0.907487023072353,0.993348687063394
ebi-a-GCST90001521,CD33+ HLA DR+ CD14dim %CD33+ HLA DR+,25,IVW,-0.00198730954254844,0.0171729197648726,0.998014663849597,0.964981612448986,1.03217849584826,0.907871719741232,0.993348687063394
ebi-a-GCST90001491,CD39+ activated CD4 regulatory T cell %CD4 regulatory T cell,23,IVW,-0.00131146804016879,0.0114174425910534,0.998689391558222,0.976588741659877,1.02129018927222,0.908551884608397,0.993348687063394
ebi-a-GCST90001494,Secreting CD4 regulatory T cell %CD4+ T cell,26,IVW,-0.000715302398954212,0.00626374149427489,0.999284953368819,0.987091799040015,1.01162872490732,0.909081388094937,0.993348687063394
ebi-a-GCST90001646,Natural Killer %CD3- lymphocyte,27,IVW,0.00145143659961909,0.0128308802148385,1.00145249044352,0.976581482602315,1.02695689861236,0.909934959988254,0.993348687063394
ebi-a-GCST90001445,IgD- CD38- B cell %B cell,12,IVW,0.00548770987960531,0.0499716823601518,1.00550279494099,0.911688606414969,1.10897061071086,0.912554990408717,0.993348687063394
ebi-a-GCST90001894,CD28 on CD28+ CD4+ T cell,27,IVW,0.000627081849636905,0.00571485939171015,1.00062727850656,0.989481666101748,1.01189843611362,0.912624849691903,0.993348687063394
ebi-a-GCST90001810,CD38 on CD3- CD19-,18,IVW,-0.00261139138910023,0.0248590864352108,0.997392015327325,0.949960189740324,1.04719212760972,0.9163379099493,0.993348687063394
ebi-a-GCST90001672,CD39+ CD8+ T cell Absolute Count,24,IVW,0.00206095559591243,0.0198633579316141,1.00206308082465,0.963800239818387,1.04184495548683,0.917362464248304,0.993348687063394
ebi-a-GCST90001988,HLA DR on CD14+ CD16- monocyte,22,IVW,-0.00186063456249315,0.0186411873601624,0.99814109534492,0.962330471549664,1.0352843182987,0.92049271346933,0.993348687063394
ebi-a-GCST90001797,CD27 on CD20- CD38- B cell,20,IVW,0.00244592148013754,0.0246800174609045,1.00244891518637,0.955111766138685,1.05213218304382,0.921054633593216,0.993348687063394
ebi-a-GCST90001443,CD20- B cell %lymphocyte,17,IVW,-0.00170528289104332,0.0174074049715733,0.998296170277687,0.964810281324309,1.03294426156317,0.921961615437873,0.993348687063394
ebi-a-GCST90002033,CD39 on granulocyte,26,IVW,0.00225553264866135,0.0240720144289279,1.00225807827598,0.956068595746409,1.05067906208678,0.925347968696826,0.993348687063394
ebi-a-GCST90002061,CD4 on CD39+ CD4+ T cell,27,IVW,0.0019183361716024,0.0208806152231513,1.00192017735558,0.961743332868156,1.04377541022149,0.926800031496188,0.993348687063394
ebi-a-GCST90001720,BAFF-R on transitional B cell,24,IVW,0.00188086239919926,0.0206676555757756,1.00188263233037,0.96210879467865,1.04330073118238,0.927488525713899,0.993348687063394
ebi-a-GCST90001743,CD20 on B cell,23,IVW,0.00208843410500081,0.0233470613316795,1.00209061640244,0.957268075462582,1.04901190086859,0.928722944978512,0.993348687063394
ebi-a-GCST90001484,CD39+ resting CD4 regulatory T cell %resting CD4 regulatory T cell,28,IVW,0.00145105039553161,0.0163038979394238,1.00145210367855,0.969955980380259,1.03397095976357,0.929081740541604,0.993348687063394
ebi-a-GCST90001941,CD25 on secreting CD4 regulatory T cell,14,IVW,-0.00146919909727175,0.0168971314110486,0.99853187964736,0.966003736598291,1.03215533946399,0.930711560509693,0.993348687063394
ebi-a-GCST90002007,HLA DR on CD14+ CD16+ monocyte,19,IVW,-0.00120341333462897,0.013889953325734,0.998797310476821,0.97197254398169,1.02636239428027,0.930958369439858,0.993348687063394
ebi-a-GCST90001818,CD38 on IgD+ B cell,15,IVW,0.00372249235682654,0.0430173279426939,1.00372942943657,0.922570511820383,1.09202793131677,0.931041358335152,0.993348687063394
ebi-a-GCST90001637,CD4-CD8- Natural Killer T %T cell,30,IVW,0.00205346673527991,0.0249717629054532,1.00205557654199,0.954191218862922,1.0523209170542,0.934462586227882,0.993348687063394
ebi-a-GCST90001642,B cell Absolute Count,30,IVW,-0.00206866031376969,0.0252113086339279,0.997933477889318,0.949819962755563,1.04848420263047,0.934604668330261,0.993348687063394
ebi-a-GCST90001730,CD19 on IgD+ CD38dim B cell,24,IVW,0.000917554261870198,0.0113376098660304,1.00091797534356,0.978921169567118,1.02340905939226,0.935497516765531,0.993348687063394
ebi-a-GCST90001555,Effector Memory CD8+ T cell %CD8+ T cell,24,IVW,0.000963356986584465,0.012197005673675,1.00096382116397,0.977318410065598,1.02518131343901,0.93704608697705,0.993348687063394
ebi-a-GCST90001772,CD24 on unswitched memory B cell,25,IVW,0.00105570046854412,0.0135007576303026,1.00105625791643,0.974914226683078,1.02789927984035,0.937672425158485,0.993348687063394
ebi-a-GCST90001993,PDL-1 on CD14+ CD16- monocyte,15,IVW,-0.0026648265082879,0.0362338724776339,0.997338720990016,0.928965928252793,1.07074381754432,0.941372296578992,0.993348687063394
ebi-a-GCST90001709,BAFF-R on IgD+ CD38dim B cell,25,IVW,-0.0010800750371847,0.0147215082180244,0.998920508033919,0.97050936073946,1.02816337661129,0.941513961110965,0.993348687063394
ebi-a-GCST90001854,CD3 on CD39+ activated CD4 regulatory T cell,26,IVW,-0.00134589538952053,0.0189460051895908,0.998655009921482,0.962250886480114,1.03643638353966,0.943367131116056,0.993348687063394
ebi-a-GCST90001981,CD40 on CD14+ CD16+ monocyte,21,IVW,-0.000888386079155515,0.0125727494723603,0.999112008418926,0.974792184266347,1.02403858122661,0.943668635044705,0.993348687063394
ebi-a-GCST90001449,CD11c+ monocyte %monocyte,20,IVW,0.00176945154567609,0.0250719646316732,1.00177101794882,0.953732925406047,1.05222871693871,0.943736082756388,0.993348687063394
ebi-a-GCST90002037,CD80 on plasmacytoid Dendritic Cell,21,IVW,-0.0011614655399032,0.0165676530635817,0.998839208700136,0.966925271178471,1.03180648450812,0.944110556822361,0.993348687063394
ebi-a-GCST90001898,CD28 on CD4+ T cell,27,IVW,-0.000382053851476005,0.00568993626792053,0.999618019121803,0.988531936415253,1.0108284288483,0.946465838849086,0.993348687063394
ebi-a-GCST90001713,BAFF-R on IgD- CD38+ B cell,15,IVW,0.0028472040150628,0.0424093732717956,1.00285126115,0.922862369623934,1.08977317213613,0.946473278290737,0.993348687063394
ebi-a-GCST90001820,IgD on IgD+ CD24+ B cell,28,IVW,-0.00139375628839107,0.0213088013143167,0.99860721453882,0.957759087689356,1.04119750127855,0.947849520359582,0.993348687063394
ebi-a-GCST90001979,CD16 on CD14- CD16+ monocyte,20,IVW,-0.000987878741545726,0.0161152143079825,0.999012609050019,0.967951110381563,1.03107086952719,0.951119494948143,0.993348687063394
ebi-a-GCST90001703,BAFF-R on IgD+ CD24+ B cell,18,IVW,-0.000975274988582768,0.0166186227049382,0.999025200437499,0.967008710812541,1.03210171733671,0.953202474275384,0.993348687063394
ebi-a-GCST90001766,CD24 on IgD+ CD38- B cell,22,IVW,-0.000960012287863278,0.0164324338399822,0.999040448376507,0.967376430533234,1.0317408880245,0.953412654194984,0.993348687063394
ebi-a-GCST90001837,CD66b on Granulocytic Myeloid-Derived Suppressor Cells,22,IVW,0.00101635577900753,0.0178122831444861,1.00101687244357,0.966672304758222,1.03658165645629,0.954497985580854,0.993348687063394
ebi-a-GCST90001698,CD45RA+ CD28- CD8+ T cell Absolute Count,719,IVW,2.67784211179405e-07,4.6983948439724e-06,1.00000026778425,0.999991058970288,1.00000947668301,0.954549314227273,0.993348687063394
ebi-a-GCST90001506,CD25++ CD4+ T cell %T cell,20,IVW,0.0012829220566633,0.0227180826542711,1.0012837453532,0.957677190260367,1.0468758668419,0.954966274306634,0.993348687063394
ebi-a-GCST90001618,HLA DR+ T cell Absolute Count,30,IVW,0.00103870131487463,0.018434105886618,1.00103924095191,0.965516443464966,1.03786897541527,0.955065604551999,0.993348687063394
ebi-a-GCST90001860,CD3 on CD39+ CD4+ T cell,27,IVW,0.000885235509485588,0.0161552216441097,1.00088562744608,0.969689851908581,1.03308499852444,0.956301283817005,0.993348687063394
ebi-a-GCST90001783,CD25 on IgD+ CD38+ B cell,13,IVW,0.0017996766375886,0.0332463103967853,1.0018012970275,0.938602612955009,1.06925532155331,0.956830300131313,0.993348687063394
ebi-a-GCST90001606,CD4+ T cell %leukocyte,13,IVW,0.00351176363459509,0.0650151570905623,1.00351793710098,0.883452330240771,1.13990106269678,0.956923581975604,0.993348687063394
ebi-a-GCST90002000,PDL-1 on CD14- CD16-,28,IVW,0.000975307924529732,0.0195052302445433,1.00097578369196,0.963430483837132,1.03998424001199,0.960120492144829,0.993348687063394
ebi-a-GCST90001643,B cell %CD3- lymphocyte,29,IVW,0.00063552598887227,0.012763807160331,1.0006357279783,0.97591329261885,1.02598444726556,0.960288734804284,0.993348687063394
ebi-a-GCST90001477,HLA DR++ monocyte Absolute Count,23,IVW,0.00106974937767812,0.0217726830500076,1.00107032176363,0.959248887706853,1.04471509110802,0.960813592599779,0.993348687063394
ebi-a-GCST90001565,Central Memory CD4-CD8- T cell %T cell,16,IVW,-0.0012298181401384,0.026910674344835,0.998770937776279,0.947456039075493,1.05286508819965,0.963549354256607,0.993348687063394
ebi-a-GCST90001398,Unswitched memory B cell Absolute Count,20,IVW,0.0013875231158055,0.0305598304976385,1.00138848617137,0.943169049493585,1.06320166122395,0.963785695135046,0.993348687063394
ebi-a-GCST90001726,CD19 on IgD+ CD38- B cell,31,IVW,-0.000552864809154574,0.012369400042351,0.999447287992433,0.975508028424189,1.02397402416976,0.964349486413373,0.993348687063394
ebi-a-GCST90001423,CD20- CD38- B cell Absolute Count,14,IVW,0.0018142912461161,0.0434611442763934,1.00181593806827,0.920011092878037,1.09089464413735,0.966701874405834,0.993348687063394
ebi-a-GCST90001664,CD28+ CD45RA+ CD8dim T cell %T cell,41,IVW,9.77250659422979e-05,0.00255161064874462,1.00009772984119,0.995108570390808,1.00511190335814,0.969448997582821,0.993348687063394
ebi-a-GCST90001876,HVEM on Central Memory CD4+ T cell,18,IVW,0.000452325945522917,0.0119843644978877,1.00045242826033,0.977226297908343,1.02423058339131,0.969892586287892,0.993348687063394
ebi-a-GCST90001638,CD4-CD8- Natural Killer T %lymphocyte,29,IVW,-0.000962293799168956,0.0256080906613465,0.999038169057029,0.950132194944315,1.05046147109173,0.970024367922844,0.993348687063394
ebi-a-GCST90001791,CD25 on naive-mature B cell,23,IVW,0.00091652990183854,0.0250487825383689,1.00091695004372,0.952963111470161,1.05128386275022,0.970812077827081,0.993348687063394
ebi-a-GCST90001880,HVEM on CD45RA- CD4+ T cell,19,IVW,0.000521137565321912,0.0143253002396523,1.00052127338109,0.972819764447862,1.02901159605478,0.970980299604748,0.993348687063394
ebi-a-GCST90001809,CD38 on CD20- B cell,19,IVW,0.00162006559471961,0.0457960003850994,1.00162137860995,0.915632592042952,1.09568553457676,0.971780160755611,0.993348687063394
ebi-a-GCST90002105,HLA DR on plasmacytoid Dendritic Cell,23,IVW,0.000449223496625411,0.0132014939134739,1.00044932441261,0.974894806500356,1.02667369242702,0.97285463791334,0.993348687063394
ebi-a-GCST90001992,CCR2 on CD14+ CD16+ monocyte,37,IVW,0.000426448957075245,0.0129154747797097,1.00042653989936,0.975419268334605,1.02607493436522,0.973659874762188,0.993348687063394
ebi-a-GCST90001597,CD8dim T cell %T cell,19,IVW,0.000898261022630201,0.0279089876341338,1.00089866457989,0.947618432853952,1.05717459900044,0.974324225204451,0.993348687063394
ebi-a-GCST90001608,CD4+CD8+ T cell %leukocyte,22,IVW,-0.000887450650453673,0.0306579440534994,0.999112943017413,0.940844859206042,1.0609896659767,0.976906987059183,0.993956005199104
ebi-a-GCST90001776,CD25 on CD20- CD38- B cell,20,IVW,0.00065165449065737,0.0243583613107175,1.00065186686357,0.954000833658513,1.0495841547828,0.978656895871187,0.993956005199104
ebi-a-GCST90002058,CD8 on CD8+ T cell,27,IVW,0.000487051186540404,0.0187392598204384,1.00048716981523,0.964406977086596,1.03791718719078,0.979264555952309,0.993956005199104
ebi-a-GCST90002040,CD80 on granulocyte,33,IVW,-0.000493293266346261,0.0200370263487299,0.999506828382773,0.961014420011197,1.03954100914755,0.980358795825656,0.993956005199104
ebi-a-GCST90002034,CD39 on monocyte,22,IVW,0.000244633292194847,0.0113197186531784,1.00024466321736,0.978296959693603,1.02268475474784,0.982758057843913,0.995008504548339
ebi-a-GCST90001427,IgD- CD38- B cell %lymphocyte,28,IVW,0.000483395957351369,0.0333988062343109,1.00048351281201,0.937087831451728,1.06816802631826,0.988452260750742,0.998590887675843
ebi-a-GCST90001829,BAFF-R on B cell,21,IVW,-0.000147421484358871,0.0190280631445362,0.999852589381654,0.963249874997341,1.03784617724031,0.993818385577463,0.998590887675843
ebi-a-GCST90001435,Plasma Blast-Plasma Cell %lymphocyte,18,IVW,-8.79522517639926e-05,0.0120632881817976,0.999912051615922,0.97654739223525,1.02383572872816,0.994182753409122,0.998590887675843
ebi-a-GCST90001725,CD19 on IgD+ CD24- B cell,25,IVW,-6.51543476923758e-05,0.011501477825582,0.999934847774806,0.977645596013448,1.02273227013102,0.99548011387408,0.998590887675843
ebi-a-GCST90002102,CD45RA on resting CD4 regulatory T cell,29,IVW,-5.46113844220993e-05,0.0101546929467665,0.999945390106752,0.980240029192392,1.02004687976224,0.99570904106481,0.998590887675843
ebi-a-GCST90001889,CD28 on activated & secreting CD4 regulatory T cell,25,IVW,5.86505206665616e-05,0.0110759458219835,1.00005865224064,0.978582480121219,1.02200614484482,0.995774976965492,0.998590887675843
ebi-a-GCST90001513,CD4 regulatory T cell Absolute Count,21,IVW,0.000114810631906903,0.0248682367156102,1.0001148172229,0.952536423011068,1.05006971226041,0.996316373121163,0.998590887675843
ebi-a-GCST90002052,CD45 on Immature Myeloid-Derived Suppressor Cells,10,IVW,5.61593038979571e-05,0.0161462148097437,1.00005616088086,0.968903342582851,1.03221062510706,0.997224826269994,0.998590887675843
ebi-a-GCST90002072,SSC-A on plasmacytoid Dendritic Cell,26,IVW,1.01797841228915e-05,0.0202211725732455,1.00001017983594,0.961151418969696,1.04043997651012,0.999598327336782,0.999598327336782
