id,trait,nIV,method,mean_F,min_F,b,se,OR,OR_L,OR_U,p,FDR
ebi-a-GCST90001554,Effector Memory CD8+ T cell Absolute Count,2,IVW,36.9148675913837,32.0459078934073,0.123093996128163,0.0295263548277393,1.13099072470045,1.06739632361184,1.19837401634485,3.0600159465705e-05,0.0185742967956829
ebi-a-GCST90001689,CD28+ CD45RA+ CD8+ T cell %CD8+ T cell,1,Wald,33.2337929241503,33.2337929241503,-0.183366068744363,0.0486831345826235,0.832463361135267,0.756702567302333,0.915809298894246,0.000165537893763546,0.0366063134011357
ebi-a-GCST90001500,Activated & resting CD4 regulatory T cell %CD4+ T cell,3,IVW,61.852562634926,47.9952538303507,-0.0911079918893772,0.0243326610584212,0.912919117715359,0.870402084886045,0.957513004577997,0.000180920824058331,0.0366063134011357
ebi-a-GCST90001480,Resting CD4 regulatory T cell Absolute Count,4,IVW,56.0093083436528,30.8436931650252,-0.0917931112039511,0.0253092770315204,0.912293873403103,0.868142598190088,0.958690557500555,0.000286892833332996,0.0406110329872981
ebi-a-GCST90001556,Effector Memory CD8+ T cell %T cell,2,IVW,46.0101291680762,45.7343749778272,0.106813829085097,0.029778157638025,1.11272707777668,1.04964146097073,1.17960427027373,0.00033452251225122,0.0406110329872981
ebi-a-GCST90001691,CD28+ CD45RA- CD8+ T cell %T cell,3,IVW,51.2823083187745,29.878503719732,0.0717583118553745,0.0220619315256721,1.07439564399207,1.02892742637969,1.12187309836872,0.00114360307505169,0.0923501099837404
ebi-a-GCST90001534,CD45RA- CD4+ T cell Absolute Count,2,IVW,40.5158154627596,32.6588244616889,0.147518396997761,0.0454035943767244,1.15895460591892,1.0602739859326,1.26681951684332,0.00115792479898138,0.0923501099837404
ebi-a-GCST90002103,CD45RA on CD39+ resting CD4 regulatory T cell,1,Wald,42.4025438592187,42.4025438592187,-0.0949551484523058,0.029353948199621,0.909413722166462,0.858568435240025,0.963270118162975,0.00121713489270169,0.0923501099837404
ebi-a-GCST90001646,Natural Killer %CD3- lymphocyte,5,IVW,40.2479140849826,31.9181203052701,0.0834556197676497,0.0271236605273446,1.08703697126899,1.03075675404158,1.14639013741353,0.00209195761463693,0.134527226979702
ebi-a-GCST90001483,CD39+ resting CD4 regulatory T cell Absolute Count,12,IVW,73.4950911920079,30.9475816247015,-0.0534295581083148,0.0174628734293173,0.947972715643265,0.916075228927877,0.980980864045194,0.00221626403590942,0.134527226979702
ebi-a-GCST90001511,CD25++ CD45RA- CD4 not regulatory T cell %CD4+ T cell,3,IVW,70.5310191790487,31.2667834419794,0.0714595530579899,0.0246270513107489,1.07407470678535,1.02346152364264,1.12719086072732,0.00371180424279856,0.204824106852611
ebi-a-GCST90002090,CD11c on granulocyte,3,IVW,78.1204470781442,33.9120102731566,-0.0903780698664612,0.0322590807583437,0.913585720739038,0.857609965809668,0.973214983982009,0.00508448508165817,0.257190203713876
ebi-a-GCST90001590,CD4+ T cell Absolute Count,1,Wald,47.1757481103135,47.1757481103135,0.195236670293798,0.0738454842219804,1.21559864853715,1.05179635977447,1.40491080863047,0.00819680316104234,0.355389965625194
ebi-a-GCST90001537,Central Memory CD4+ T cell Absolute Count,1,Wald,35.3816065955768,35.3816065955768,0.223023617153512,0.084355500310752,1.24985009128889,1.05938318365874,1.4745611170642,0.00819680316104236,0.355389965625194
ebi-a-GCST90001643,B cell %CD3- lymphocyte,3,IVW,39.6559670136678,33.3272698145658,-0.0736854809128509,0.0282558045045554,0.928963824752661,0.878915201295608,0.981862398587467,0.00911262372314813,0.355532605188649
ebi-a-GCST90001555,Effector Memory CD8+ T cell %CD8+ T cell,4,IVW,71.6533102938023,32.2525613801228,0.0737796583451855,0.0293865270396093,1.07656956624059,1.01631370407059,1.14039791681776,0.0120504765298866,0.355532605188649
ebi-a-GCST90001807,CD27 on Plasma Blast-Plasma Cell,1,Wald,33.0591583564273,33.0591583564273,0.222634770889488,0.089838948787062,1.24936418622761,1.04765091209901,1.48991505834786,0.0132064045445756,0.355532605188649
ebi-a-GCST90001714,BAFF-R on IgD- CD38dim B cell,1,Wald,41.5138866219303,41.5138866219303,0.189988499137435,0.0766653248993675,1.2092356903238,1.04052403112769,1.40530243512792,0.0132064045445756,0.355532605188649
ebi-a-GCST90001487,Activated CD4 regulatory T cell %CD4 regulatory T cell,3,IVW,38.6573548872175,33.1093430129973,0.0572434417936097,0.0234690878986499,1.05891356283738,1.01130748120666,1.10876064342277,0.0147239113821258,0.355532605188649
ebi-a-GCST90002117,HLA DR on HLA DR+ Natural Killer,6,IVW,98.5780432169117,30.2221817778523,-0.0701392098681915,0.0289266831323712,0.932264030519368,0.880878557444929,0.986647041473197,0.0153200478090675,0.355532605188649
ebi-a-GCST90002094,CD11b on Monocytic Myeloid-Derived Suppressor Cells,1,Wald,145.030048621552,145.030048621552,-0.0693091106290673,0.0289006507592191,0.933038223465797,0.881655061576937,0.987416013799226,0.0164765358317811,0.355532605188649
ebi-a-GCST90001525,CD33dim HLA DR+ CD11b+ Absolute Count,1,Wald,56.5846439867803,56.5846439867803,-0.122092090179595,0.0509102025219717,0.885066858783583,0.801014614211002,0.977938892274308,0.0164765358317811,0.355532605188649
ebi-a-GCST90001799,CD27 on T cell,1,Wald,89.146597228768,89.146597228768,0.102671915167095,0.0428123393316195,1.10812778950958,1.01893679933743,1.20512596922779,0.0164765358317811,0.355532605188649
ebi-a-GCST90001998,PDL-1 on CD14+ CD16+ monocyte,1,Wald,30.3674919132957,30.3674919132957,-0.220964730290456,0.0921383125864454,0.8017449571033,0.669277957580321,0.960430519129161,0.0164765358317811,0.355532605188649
ebi-a-GCST90002021,CD14 on CD33dim HLA DR+ CD11b+,1,Wald,79.1528328565158,79.1528328565158,0.0945590411364309,0.0394294169872744,1.09917405770275,1.01742750113609,1.18748864934123,0.0164765358317811,0.355532605188649
ebi-a-GCST90002091,CD11b on CD14+ monocyte,1,Wald,295.011118149689,295.011118149689,-0.0512043269230769,0.0213512820512821,0.950084522851086,0.911145354337246,0.990687815357143,0.0164765358317811,0.355532605188649
ebi-a-GCST90002012,CX3CR1 on CD14- CD16+ monocyte,1,Wald,84.4220873420253,84.4220873420253,0.133800251256281,0.0557922948073702,1.14316445117426,1.02474864018996,1.27526391465746,0.0164765358317811,0.355532605188649
ebi-a-GCST90002097,CD11b on CD33+ HLA DR+ CD14dim,1,Wald,178.138125871775,178.138125871775,-0.0646660595021251,0.0269645820684072,0.93738044040761,0.889125716254719,0.988254050012246,0.0164765358317811,0.355532605188649
ebi-a-GCST90002003,CCR2 on CD14- CD16-,3,IVW,40.0868854093037,30.9552240040982,-0.132538819290039,0.0555249757626324,0.875868932836115,0.785552669149257,0.976569003754115,0.0169859070024231,0.355532605188649
ebi-a-GCST90001885,CD16-CD56 on HLA DR+ Natural Killer,2,IVW,62.1031859801205,59.384403926474,0.186503152959064,0.0806721801692368,1.20502842148499,1.02879239238766,1.41145434912921,0.0207851492110988,0.406100316903896
ebi-a-GCST90002062,CD4 on CD28+ CD4+ T cell,2,IVW,39.423392269528,37.7833828761819,-0.117821248589881,0.0509663953577528,0.888854922485874,0.804354341615311,0.982232621061953,0.0207918060004021,0.406100316903896
ebi-a-GCST90001928,CD127 on CD28+ CD45RA- CD8+ T cell,1,Wald,32.4228861004034,32.4228861004034,0.0766125543669919,0.0332997531444693,1.07962369986095,1.01140963721136,1.15243842891905,0.0214089129175036,0.406100316903896
ebi-a-GCST90002011,CD64 on CD14+ CD16+ monocyte,2,IVW,33.1219501228835,32.4197795335344,0.20323175903998,0.0890882168525274,1.22535642276989,1.02903230818186,1.45913626898298,0.0225341459402265,0.414491714718711
ebi-a-GCST90001581,CD14- CD16- Absolute Count,3,IVW,61.2342077303104,33.8884884810017,0.136920335023257,0.0604741854867898,1.1467367901217,1.01856108614973,1.29104212177345,0.0235672210361046,0.420744210850456
ebi-a-GCST90001721,CD19 on CD20- B cell,1,Wald,29.9081528484662,29.9081528484662,0.100495540138751,0.0448989098116948,1.10571871034105,1.012572048934,1.20743394772294,0.0252039507164553,0.429826852483862
ebi-a-GCST90001645,Natural Killer Absolute Count,3,IVW,47.7122049644824,34.8753495346537,0.111355320497907,0.0498488073691182,1.11779201071451,1.01374526742759,1.23251769390523,0.0254922021242488,0.429826852483862
ebi-a-GCST90001678,CD28- CD25++ CD8+ T cell Absolute Count,1,Wald,32.953047241665,32.953047241665,-0.197178459611772,0.0893143393863494,0.821044097026839,0.689192563240856,0.978120550362108,0.0272658234778897,0.436087468485924
ebi-a-GCST90001548,Central Memory CD8+ T cell Absolute Count,1,Wald,33.5381593858922,33.5381593858922,0.177375203915171,0.0803622349102773,1.19407903221555,1.02006385011711,1.39777988898746,0.0273003687025785,0.436087468485924
ebi-a-GCST90001970,FSC-A on HLA DR+ Natural Killer,4,IVW,109.132107389434,29.9534331628926,-0.0684694903534097,0.031554123608052,0.933821950246589,0.8778183717587,0.993398478338124,0.030013947992797,0.440756548380196
ebi-a-GCST90001528,CD33dim HLA DR+ CD11b- %CD33dim HLA DR+,3,IVW,122.612313166087,33.4252857763496,0.041969179399272,0.0195151946091458,1.04286233661175,1.00372632350958,1.08352429108426,0.0315085873671469,0.440756548380196
ebi-a-GCST90001982,CCR2 on CD14- CD16+ monocyte,1,Wald,68.2640229131672,68.2640229131672,0.227844295800818,0.105947603121516,1.25588976289799,1.02039212906998,1.54573820359584,0.0315127213664551,0.440756548380196
ebi-a-GCST90001906,CD86 on granulocyte,2,IVW,37.1531573683957,36.1041214206957,-0.217843016461288,0.101374185488447,0.804251686032846,0.659326499674752,0.981032576129966,0.0316423049376704,0.440756548380196
ebi-a-GCST90001536,CD45RA- CD4+ T cell %T cell,2,IVW,46.3508929142495,38.0417624343766,0.0933397355241625,0.043591890833408,1.09783464534778,1.00793091388785,1.1957574590871,0.0322564728314434,0.440756548380196
ebi-a-GCST90001526,CD33dim HLA DR+ CD11b+ %CD33dim HLA DR+,3,IVW,123.761819672852,33.823572301761,-0.0415907470120011,0.0194419266386446,0.959262281205836,0.923396163913963,0.996521493270967,0.0324170694478259,0.440756548380196
ebi-a-GCST90001568,Naive CD4-CD8- T cell %T cell,1,Wald,33.9793886777519,33.9793886777519,-0.214229303547963,0.100292378449409,0.807163278397167,0.663117973767034,0.982498716317034,0.0326755266509207,0.440756548380196
ebi-a-GCST90001647,Natural Killer %lymphocyte,3,IVW,68.4469030349561,40.2497611028798,0.0887433778740943,0.041840653229505,1.09280018363381,1.00675843337353,1.18619541864519,0.0339231050071218,0.445631311868571
ebi-a-GCST90001570,Effector Memory CD4-CD8- T cell %CD4-CD8- T cell,3,IVW,42.3997998617964,30.6516077433257,0.0723565794312677,0.0343013598008344,1.07503861238395,1.00513907419596,1.14979911515318,0.0349068234986081,0.445631311868571
ebi-a-GCST90002084,SSC-A on Natural Killer T,2,IVW,33.5841697787186,32.1428186385852,-0.14526468061098,0.0689897852646647,0.864793368778942,0.755417532262455,0.990005578033366,0.0352393788627535,0.445631311868571
ebi-a-GCST90001573,Terminally Differentiated CD4-CD8- T cell %CD4-CD8- T cell,2,IVW,46.5445674935143,32.5427616164942,-0.0952771788565797,0.0457396141016915,0.90912091044753,0.831165104214583,0.994388269697577,0.037248109512527,0.461420458655181
ebi-a-GCST90001833,CD62L on CD62L+ Dendritic Cell,2,IVW,43.11866737297,42.8247748562565,0.113923414764714,0.0549786350242767,1.12066629510566,1.00618433463646,1.24817382039605,0.0382524107070803,0.463770960466332
ebi-a-GCST90001458,Myeloid Dendritic Cell Absolute Count,3,IVW,210.382889439098,34.2139963202086,0.0614204360796562,0.0297500859710578,1.06334588919537,1.00311510947715,1.12719315000454,0.0389659291330855,0.463770960466332
ebi-a-GCST90002077,SSC-A on HLA DR+ Natural Killer,3,IVW,148.495352964969,39.0851810853112,-0.0664990818208245,0.0325181916287675,0.93566377496293,0.877889333260919,0.997240388519086,0.0408567380307349,0.476923845858771
ebi-a-GCST90001542,Effector Memory CD4+ T cell Absolute Count,1,Wald,46.2152385206813,46.2152385206813,0.113372209821429,0.0560318080357143,1.12004874851703,1.00355617430825,1.25006375444732,0.0430366137122678,0.492476901256138
ebi-a-GCST90002025,CD4 on Effector Memory CD4+ T cell,3,IVW,66.2607989720625,43.1177215939747,-0.0642266130170069,0.0318602233524956,0.9377924594709,0.881022027264715,0.998221009037536,0.0438117836372841,0.492476901256138
ebi-a-GCST90001987,CD64 on CD14+ CD16- monocyte,9,IVW,131.482884510872,30.1605204242049,-0.0344080601912494,0.0171508833906169,0.966177165746941,0.934238246255708,0.999207985063895,0.0448351754683866,0.494817300169285
ebi-a-GCST90001631,CD8+ Natural Killer T %T cell,1,Wald,110.975892521239,110.975892521239,0.299662561576355,0.15053078817734,1.34940339018981,1.0046329156705,1.81249238508226,0.0465132052812194,0.497194129733342
ebi-a-GCST90001959,CD4 on HLA DR+ CD4+ T cell,2,IVW,38.2192723213538,35.7084337871429,0.115477223700044,0.0584716435582478,1.12240894993423,1.00087318332867,1.25870277261567,0.0482764404177031,0.497194129733342
ebi-a-GCST90001547,Terminally Differentiated CD4+ T cell %T cell,6,IVW,50.2215633580863,31.6478666604443,-0.0736505742527206,0.0372940666046123,0.928996252343131,0.863512466092049,0.999445949834828,0.0482839955592335,0.497194129733342
ebi-a-GCST90002005,CD16 on CD14+ CD16+ monocyte,5,IVW,263.191209510108,30.4285756463502,-0.0439540867516983,0.022613649766024,0.956997895346367,0.915507392302769,1.00036873475566,0.0519319817148639,0.497194129733342
ebi-a-GCST90001579,CD14- CD16+ monocyte Absolute Count,1,Wald,204.814988197075,204.814988197075,-0.117857482698962,0.0606862024221453,0.888822716203141,0.789147176971529,1.00108806556275,0.0521273710158284,0.497194129733342
ebi-a-GCST90001586,CD14+ CD16- monocyte %monocyte,1,Wald,302.81048460201,302.81048460201,0.0987627763682494,0.0508541138093512,1.10380442000484,0.999089128397544,1.21949500098797,0.0521273710158284,0.497194129733342
ebi-a-GCST90001587,CD16+ monocyte %monocyte,1,Wald,292.414307320648,292.414307320648,-0.100344872030934,0.0516687534524029,0.904525418720948,0.817409056069165,1.00092631349937,0.0521273710158284,0.497194129733342
ebi-a-GCST90001832,CD62L on CD62L+ plasmacytoid Dendritic Cell,3,IVW,68.3165579177282,38.1984094271807,0.0704099013345482,0.0363319990694076,1.07294789390227,0.999199503726738,1.15213946637843,0.0526283029251164,0.497194129733342
ebi-a-GCST90002006,CD64 on monocyte,8,IVW,120.788405817565,29.9559420042381,-0.0393738094130611,0.0203716416542418,0.961391264864283,0.923760696776876,1.00055476205283,0.0532638625734809,0.497194129733342
ebi-a-GCST90001649,HLA DR+ Natural Killer %Natural Killer,4,IVW,185.977545456294,29.8588850564433,-0.0503880068960031,0.0261178261393936,0.950860412518553,0.903409855815689,1.00080325477367,0.053698927119648,0.497194129733342
ebi-a-GCST90001761,CD20 on switched memory B cell,7,IVW,49.0880054504137,30.9139584216674,0.0605146980393588,0.0314369721830475,1.06238321240584,0.998898839283488,1.12990229402143,0.0542352220169423,0.497194129733342
ebi-a-GCST90001585,CD14+ CD16+ monocyte %monocyte,3,IVW,245.595825252942,34.5325092482494,-0.0541838952387657,0.0284097256052168,0.94725789426725,0.8959533273053,1.00150029126,0.0564907452300674,0.497194129733342
ebi-a-GCST90001996,CX3CR1 on CD14+ CD16+ monocyte,3,IVW,144.769105995014,30.5157804060142,0.04941848807485,0.0260024281368339,1.05065994740934,0.998454923787832,1.10559455293425,0.0573631313386506,0.497194129733342
ebi-a-GCST90001580,CD14+ CD16+ monocyte Absolute Count,3,IVW,209.859140981459,38.0862666508301,-0.0578935672930503,0.0306423509226124,0.943750388000103,0.888738199934233,1.00216778677484,0.0588473862519251,0.497194129733342
ebi-a-GCST90001462,CD62L- Dendritic Cell Absolute Count,3,IVW,279.996826947505,33.3767165497229,0.0515802344261393,0.0273973178873569,1.05293366443139,0.997883733822501,1.1110205168352,0.0597444800288841,0.497194129733342
ebi-a-GCST90001464,CD86+ myeloid Dendritic Cell Absolute Count,3,IVW,308.385466399284,32.1255980889382,0.048204599542818,0.02561137026302,1.04938533712204,0.998008299899489,1.10340724208169,0.0598148095169522,0.497194129733342
ebi-a-GCST90001468,CD62L- myeloid Dendritic Cell Absolute Count,3,IVW,314.189685168448,39.7103095813487,0.0477160604696226,0.0253860593098819,1.04887279659025,0.997961464863127,1.1023813866179,0.0601603385945292,0.497194129733342
ebi-a-GCST90001469,CD62L- myeloid Dendritic Cell %Dendritic Cell,3,IVW,338.762355947661,37.5463983096398,0.0466937095993055,0.024962464490628,1.04780102852866,0.997769769864766,1.10034100906316,0.061406526599481,0.497194129733342
ebi-a-GCST90001472,CD62L- CD86+ myeloid Dendritic Cell Absolute Count,3,IVW,424.072978429455,34.6901034185579,0.0421264056246249,0.0225258369954614,1.043026314811,0.997977812495265,1.09010829676474,0.0614647684291308,0.497194129733342
ebi-a-GCST90001473,CD62L- CD86+ myeloid Dendritic Cell %Dendritic Cell,3,IVW,433.103536918603,30.3396706993171,0.041698663345263,0.0223728644773972,1.04258026376192,0.997850163186115,1.08931545685695,0.0623490514813472,0.497194129733342
ebi-a-GCST90001986,CD14 on CD14+ CD16- monocyte,1,Wald,54.8963615939771,54.8963615939771,-0.108191817830953,0.0581593979158626,0.897455431964519,0.800767819085282,1.00581745815243,0.062848224014599,0.497194129733342
ebi-a-GCST90001604,T cell %lymphocyte,2,IVW,58.5447978122298,52.7411510792609,-0.0901763762947144,0.0485777454388335,0.913770003689869,0.830781248744355,1.00504870675087,0.0634063885914379,0.497194129733342
ebi-a-GCST90001459,Myeloid Dendritic Cell %Dendritic Cell,1,Wald,475.452706722189,475.452706722189,0.06371907957814,0.0344937679769895,1.06579295369719,0.996118845567749,1.14034045757176,0.0647089559290511,0.497194129733342
ebi-a-GCST90001903,CD86 on myeloid Dendritic Cell,1,Wald,280.940853277835,280.940853277835,0.076742494226328,0.0415438799076212,1.07976399512742,0.995327440139875,1.17136355148582,0.0647089559290511,0.497194129733342
ebi-a-GCST90001559,Terminally Differentiated CD8+ T cell %T cell,2,IVW,40.5880695074344,30.0149900734529,-0.0938214742966022,0.051296036416778,0.910445285618055,0.823360036405086,1.00674137856301,0.0673966186862783,0.504895389615419
ebi-a-GCST90002029,CD39 on CD39+ CD8+ T cell,2,IVW,47.1987604448077,44.3639947470334,-0.0945063048171009,0.0517678626840193,0.909821998346653,0.822035813880171,1.00698297409724,0.067913754336424,0.504895389615419
ebi-a-GCST90001584,CD14- CD16+ monocyte %monocyte,2,IVW,114.888246554404,34.214432866988,-0.0940619131472105,0.0519006681404193,0.910226405514734,0.822187158829333,1.00769283538306,0.0699329151297737,0.504895389615419
ebi-a-GCST90002069,CD4 on CD39+ secreting CD4 regulatory T cell,3,IVW,69.5913349645063,35.5873959571938,0.0624084570565747,0.0345220765610833,1.06439701642198,0.99475896937486,1.1389100711301,0.0706401276187024,0.504895389615419
ebi-a-GCST90001979,CD16 on CD14- CD16+ monocyte,5,IVW,530.022715379666,42.1685113940574,-0.0299747901474655,0.0166002250050858,0.970469998645681,0.93940251217672,1.00256493469348,0.0709674359239974,0.504895389615419
ebi-a-GCST90001592,CD8+ T cell Absolute Count,1,Wald,44.1476021622694,44.1476021622694,0.127381558028617,0.0710317965023847,1.13585032792167,0.988229062850227,1.30552319896233,0.0729244333829004,0.504895389615419
ebi-a-GCST90001607,CD8+ T cell %leukocyte,1,Wald,37.2215727153884,37.2215727153884,0.133464186563021,0.074423653525819,1.1427803385106,0.987670464972408,1.32224962515497,0.0729244333829004,0.504895389615419
ebi-a-GCST90001684,CD127- CD8+ T cell Absolute Count,1,Wald,37.7143279371766,37.7143279371766,0.126177952755906,0.0703606299212598,1.13448403488167,0.988339633314902,1.30223860504775,0.0729244333829004,0.504895389615419
ebi-a-GCST90001963,FSC-A on myeloid Dendritic Cell,3,IVW,84.4027025053082,30.4853687409079,-0.0631636833723955,0.0352585064194056,0.938789796832387,0.876104103097264,1.00596068380558,0.0732218752027714,0.504895389615419
ebi-a-GCST90001467,CD86+ plasmacytoid Dendritic Cell %Dendritic Cell,1,Wald,86.91214762454,86.91214762454,-0.141076670317634,0.079710843373494,0.86842272689885,0.742813761369448,1.0152720261995,0.0767512243912736,0.504895389615419
ebi-a-GCST90001728,CD19 on IgD+ CD38- unswitched memory B cell,3,IVW,37.6519584184681,32.1600646997235,-0.0830486923807731,0.0470429189029013,0.920306334222654,0.839244821584595,1.00919746780346,0.0774996931527845,0.504895389615419
ebi-a-GCST90001865,CD3 on CD28- CD8+ T cell,2,IVW,54.1036562306264,30.2110054826216,-0.0835129989840401,0.0474463223510213,0.919879129099401,0.838192248948244,1.00952688743477,0.078381109828951,0.504895389615419
ebi-a-GCST90001465,CD86+ myeloid Dendritic Cell %Dendritic Cell,2,IVW,443.722225272644,48.064013910942,0.0456320530733925,0.0259583244673591,1.04668921401586,0.994767474720294,1.10132100071444,0.0787650864236868,0.504895389615419
ebi-a-GCST90001879,HVEM on Terminally Differentiated CD4+ T cell,1,Wald,35.8914300693497,35.8914300693497,-0.0985642317380353,0.0561049538203191,0.906137487959247,0.811776728748287,1.01146672232297,0.0789547957514168,0.504895389615419
ebi-a-GCST90001881,HVEM on CD8+ T cell,1,Wald,43.9893072028807,43.9893072028807,-0.090859133126935,0.051719040247678,0.913146333908401,0.825118347011617,1.01056561176989,0.0789547957514168,0.504895389615419
ebi-a-GCST90001681,CD25++ CD8+ T cell Absolute Count,3,IVW,32.1581538970164,30.7440645373546,-0.0639295074237594,0.0364013753480659,0.938071124250297,0.873474621963512,1.00744476373462,0.0790476437713079,0.504895389615419
ebi-a-GCST90001452,CD11c+ CD62L- monocyte Absolute Count,1,Wald,34.4071257702615,34.4071257702615,-0.210551686014373,0.120208955223881,0.810137181309214,0.640080558269756,1.02537445335598,0.0798516596426362,0.504895389615419
ebi-a-GCST90001482,Resting CD4 regulatory T cell %CD4+ T cell,5,IVW,84.3767579505045,36.8880493482949,-0.0412907926051088,0.0236401134422087,0.959550059312447,0.916103971310478,1.00505657126387,0.0806996215785166,0.504996601011954
ebi-a-GCST90001999,PDL-1 on CD14- CD16+ monocyte,1,Wald,388.111069804684,388.111069804684,-0.0681842200506696,0.0391603329714079,0.934088379917471,0.865075517256176,1.00860686043258,0.0816563657675623,0.505769530825615
ebi-a-GCST90001957,CD33 on CD33+ HLA DR+ CD14-,5,IVW,277.071174432871,43.2589196875908,-0.0179545796307464,0.0104157972608191,0.982205643488176,0.962357243500069,1.00246341222656,0.0847469313769622,0.510859523586813
ebi-a-GCST90001947,CD33 on CD33+ HLA DR+ CD14dim,5,IVW,266.635436057423,40.0074043357454,-0.0181269426804552,0.0105290553636882,0.982036362117369,0.961977813768307,1.00251315853423,0.0851399205961846,0.510859523586813
ebi-a-GCST90001888,CD28 on CD39+ secreting CD4 regulatory T cell,2,IVW,152.759592468827,42.3755757964252,0.0546534198992808,0.0317556368312114,1.05617450217017,0.992441085093583,1.12400080547775,0.0852395735174795,0.510859523586813
ebi-a-GCST90001956,CD33 on CD33+ HLA DR+,5,IVW,273.524850376122,41.0679725159846,-0.0179786933941877,0.0104664995127904,0.982181959099199,0.962238409171026,1.00253886311919,0.0858445986916884,0.510859523586813
ebi-a-GCST90001755,CD20 on IgD- CD38- B cell,4,IVW,42.5235218937932,30.1381058667771,0.0858365342479933,0.0501438446910388,1.08962819685372,0.987631722384089,1.202158234157,0.0869324258328936,0.512310509520062
ebi-a-GCST90001632,CD8+ Natural Killer T %lymphocyte,1,Wald,105.356207184304,105.356207184304,0.23935975763696,0.141785660186822,1.27043550325484,0.962193085066371,1.67742461776168,0.0913766246145885,0.533323184048608
ebi-a-GCST90001955,CD33 on Immature Myeloid-Derived Suppressor Cells,6,IVW,180.253781824472,48.3615202230842,-0.0196786323626592,0.0116992064512215,0.98051372806001,0.958285932858538,1.00325710515889,0.0925594405583146,0.535081718275209
ebi-a-GCST90001574,Terminally Differentiated CD4-CD8- T cell %T cell,3,IVW,34.7886538555843,34.4762097702788,-0.0843743886466244,0.0508811568150337,0.919087095900346,0.831851403225902,1.01547113652116,0.0972641997630639,0.543917375095975
ebi-a-GCST90001477,HLA DR++ monocyte Absolute Count,1,Wald,59.3963413922946,59.3963413922946,-0.0955437181663837,0.0576485568760611,0.908878626278092,0.811772711747972,1.01760054920597,0.0974491460444871,0.543917375095975
ebi-a-GCST90002015,CCR2 on plasmacytoid Dendritic Cell,2,IVW,154.503766722299,51.4898078896057,-0.0547920825247958,0.0331455052711056,0.946681959215306,0.887135742510796,1.01022502978773,0.0983151315463161,0.543917375095975
ebi-a-GCST90002016,CCR2 on CD62L+ plasmacytoid Dendritic Cell,2,IVW,154.210501292085,51.1347193511792,-0.0549171776650226,0.0332233579387656,0.946563541309774,0.886889431208018,1.01025280740633,0.0983371917101933,0.543917375095975
ebi-a-GCST90001872,HVEM on naive CD8+ T cell,2,IVW,37.8632369806179,35.0028948239441,-0.0738769923175605,0.0447242001572264,0.928785934620196,0.850835539534862,1.01387785566633,0.0985682228345259,0.543917375095975
ebi-a-GCST90001992,CCR2 on CD14+ CD16+ monocyte,2,IVW,46.7094890821565,31.3816636917149,0.141780004355597,0.0862831409015011,1.15232311458369,0.97303526700932,1.36464587196832,0.100342645267085,0.545140297631404
ebi-a-GCST90001869,CD3 on resting CD4 regulatory T cell,5,IVW,40.8341452447504,30.0943303447032,0.0387056054256554,0.0235836693716236,1.03946442591429,0.992509805827419,1.08864042087781,0.100755137994388,0.545140297631404
ebi-a-GCST90002067,CD4 on CD39+ activated CD4 regulatory T cell,3,IVW,48.4178376590729,43.3168165780314,-0.0646954927622894,0.0396721480883036,0.937352850651265,0.867228397172956,1.01314759697476,0.102942351216949,0.545140297631404
ebi-a-GCST90001973,FSC-A on CD4+ T cell,3,IVW,35.788403396526,30.0822385535327,0.0959585740505042,0.058873623127574,1.10071346494909,0.980753890263351,1.23534573143002,0.103120997447603,0.545140297631404
ebi-a-GCST90001426,IgD- CD38dim B cell %lymphocyte,2,IVW,31.6219888892845,29.8907471083158,-0.11922146452523,0.0731799558653498,0.887611204599201,0.769007791128499,1.0245067210228,0.103280287030661,0.545140297631404
ebi-a-GCST90001840,CD3 on Terminally Differentiated CD8+ T cell,2,IVW,44.6002792951653,30.5134085763189,-0.0842018074950831,0.0519804964257438,0.919245726697672,0.830204203208351,1.01783718124571,0.105259540982959,0.550797770488414
ebi-a-GCST90001737,CD19 on naive-mature B cell,2,IVW,31.964589375691,31.0319352960771,-0.201538263799513,0.124860201317296,0.81747229736556,0.640014620485081,1.0441338925252,0.106503283415452,0.55254267549726
ebi-a-GCST90001461,Dendritic Cell Absolute Count,2,IVW,232.877914482333,37.588705574166,0.0562979231196854,0.0351235638811135,1.05791281347781,0.987534089206447,1.13330722772302,0.108967028203307,0.555965544625538
ebi-a-GCST90001741,CD19 on IgD+ B cell,2,IVW,32.4842270544805,30.9046221467435,-0.123076349969211,0.0767918264099658,0.884196151634672,0.760645145806004,1.02781545228576,0.108994892603689,0.555965544625538
ebi-a-GCST90002089,CD11c on monocyte,2,IVW,61.5826249354946,34.9948140758152,-0.0657941700609072,0.0413697819885575,0.936323567881803,0.863398491729826,1.01540810201606,0.111746473864989,0.563464970064092
ebi-a-GCST90001598,CD4-CD8- T cell Absolute Count,2,IVW,42.714534441609,33.5229303132333,-0.0971009697673972,0.06127195804771,0.907464375040496,0.804773821968423,1.02325842303547,0.113022277724,0.563464970064092
ebi-a-GCST90001786,CD25 on IgD- CD27- B cell,2,IVW,71.8839116771958,62.500206269357,0.0896198616463066,0.0565870228566579,1.09375842514125,0.978934343901301,1.2220507943361,0.113249961034299,0.563464970064092
ebi-a-GCST90001551,Naive CD8+ T cell Absolute Count,1,Wald,31.8146698649161,31.8146698649161,0.259624501992032,0.164779880478088,1.29644318342307,0.938620472850839,1.79067575922271,0.115121763546354,0.56504772158739
ebi-a-GCST90001650,HLA DR+ Natural Killer  %CD3- lymphocyte,3,IVW,266.967149682763,30.6876214321519,-0.0417641760042876,0.0265295836525258,0.959095931740395,0.910499289674828,1.01028635245777,0.115429847573042,0.56504772158739
ebi-a-GCST90001941,CD25 on secreting CD4 regulatory T cell,2,IVW,40.4926806349207,38.5222644748661,-0.0706318382827159,0.0452448969169924,0.931804883871723,0.852730405260956,1.01821201196817,0.118500003212518,0.575436015599989
ebi-a-GCST90001519,CD33+ HLA DR+ CD14- %CD33+ HLA DR+,1,Wald,63.6089622186435,63.6089622186435,-0.0688136189258312,0.0444012148337596,0.933500650719299,0.85569609079322,1.01837962597861,0.121186195206269,0.5838096864302
ebi-a-GCST90001984,HLA DR on CD14- CD16+ monocyte,8,IVW,98.844849665853,31.5151438979822,-0.0282735024298668,0.0183833345768855,0.972122452585902,0.937719103352806,1.00778800329727,0.124049494601589,0.587799174058951
ebi-a-GCST90001942,CD25 on CD39+ secreting CD4 regulatory T cell,2,IVW,35.9862175002365,31.1087224325461,-0.0727764299500549,0.0473356330795728,0.929808684163905,0.847423871597332,1.02020277941547,0.124181801612801,0.587799174058951
ebi-a-GCST90001946,CD33 on CD14+ monocyte,6,IVW,239.186608832649,31.4602954733126,-0.0170189590449589,0.0111119795420151,0.983125045346284,0.961944580169497,1.00477187013916,0.125624479537665,0.587799174058951
ebi-a-GCST90001877,HVEM on naive CD4+ T cell,1,Wald,42.5286148150175,42.5286148150175,-0.082037037037037,0.0538019323671498,0.921237838144559,0.829038383066438,1.02369102777869,0.127309682917636,0.587799174058951
ebi-a-GCST90001952,CD33 on Monocytic Myeloid-Derived Suppressor Cells,4,IVW,258.834537176115,31.8827496979811,-0.0171497377467545,0.0112525941979018,0.982996481936012,0.96155374125471,1.00491739779172,0.127491303379194,0.587799174058951
ebi-a-GCST90001434,Switched memory B cell %lymphocyte,3,IVW,36.1537592506277,32.6206238736633,-0.0835341733894321,0.0550791636223692,0.919859651412024,0.825728432205255,1.02472162189702,0.129362596663454,0.587799174058951
ebi-a-GCST90002098,CD45RA on naive CD4+ T cell,10,IVW,76.1066734719622,33.9979484758775,-0.0279483239185744,0.0184721534011301,0.972438617320031,0.937860797426977,1.00829128059265,0.13028026634166,0.587799174058951
ebi-a-GCST90001517,CD33+ HLA DR+ Absolute Count,1,Wald,90.9746747138397,90.9746747138397,-0.0567489177489178,0.0377242965367965,0.944831269949001,0.87749103610343,1.01733931395764,0.132502375742916,0.587799174058951
ebi-a-GCST90001518,CD33+ HLA DR+ CD14- Absolute Count,1,Wald,92.4877250953194,92.4877250953194,-0.0556793204141227,0.0370132731616671,0.945842399611568,0.879655139006042,1.01700974078755,0.132502375742916,0.587799174058951
ebi-a-GCST90002027,CD4 on CD45RA+ CD4+ T cell,2,IVW,74.3445897608007,40.4283718550459,-0.0556812919822794,0.0370193493852464,0.94584053482065,0.879642928627384,1.01701984770774,0.132552222658911,0.587799174058951
ebi-a-GCST90001995,CX3CR1 on monocyte,3,IVW,148.32806357908,70.581252478482,0.0394053936980368,0.0262061456451226,1.04019208550323,0.988112568726577,1.09501650822838,0.132666370421872,0.587799174058951
ebi-a-GCST90002023,CD4 on Central Memory CD4+ T cell,2,IVW,63.1995313356771,33.4559753775702,-0.060104116870802,0.0400880703158337,0.941666485112318,0.8705093884663,1.01864009846703,0.133795349890839,0.588505633215504
ebi-a-GCST90001408,Naive-mature B cell %B cell,1,Wald,30.8359668538207,30.8359668538207,0.164380994410121,0.110333627537511,1.17866329368443,0.94944951943345,1.46321329511865,0.136262633446155,0.59024792483653
ebi-a-GCST90001417,CD24+ CD27+ B cell %B cell,3,IVW,31.4542981721219,30.826377625259,-0.063792802056248,0.0431864394952248,0.938199372373993,0.86205326018736,1.02107155436272,0.139635725126818,0.59024792483653
ebi-a-GCST90001686,CD28- CD8+ T cell %CD8+ T cell,3,IVW,33.5410564029626,30.6396293086898,0.0875652230255126,0.0594016043420012,1.09151345393118,0.971550605470432,1.22628879381522,0.140448695201456,0.59024792483653
ebi-a-GCST90001648,HLA DR+ Natural Killer Absolute Count,3,IVW,258.495770743682,37.2428069045936,-0.039760945220409,0.0270188173022586,0.961019147915328,0.911450650657382,1.01328338730549,0.141128388771043,0.59024792483653
ebi-a-GCST90001954,CD33 on basophil,7,IVW,170.200279796948,38.7107619301792,-0.0165963060725469,0.011308167819681,0.983540653891859,0.961981253993901,1.00558323131748,0.142202357393616,0.59024792483653
ebi-a-GCST90001759,CD20 on naive-mature B cell,6,IVW,40.3990274994242,30.2950987637732,0.0495963325153647,0.0339728081940056,1.05084681805632,0.98315315083532,1.12320144026479,0.144322172511029,0.59024792483653
ebi-a-GCST90001510,CD25++ CD45RA- CD4 not regulatory T cell Absolute Count,2,IVW,74.7637479665765,53.6500396333794,0.061316282653742,0.0421424610248341,1.06323514384544,0.978941942612813,1.15478653217246,0.145675818598844,0.59024792483653
ebi-a-GCST90001997,CX3CR1 on CD14+ CD16- monocyte,3,IVW,174.862885571919,98.6725038020868,0.0345377333381441,0.0238084356326715,1.03514108696787,0.987946432815789,1.0845902513915,0.146877038449072,0.59024792483653
ebi-a-GCST90002073,SSC-A on monocyte,8,IVW,153.5163811627,34.679012345679,-0.0262714013157248,0.0181509502363754,0.974070689664342,0.940026451914899,1.00934788221158,0.147789306366667,0.59024792483653
ebi-a-GCST90001875,HVEM on CD4+ T cell,1,Wald,57.8389880249621,57.8389880249621,-0.0659689207650273,0.045692281420765,0.936159958974833,0.855964999295598,1.0238683468471,0.148805065228843,0.59024792483653
ebi-a-GCST90001871,HVEM on T cell,1,Wald,52.6249552182424,52.6249552182424,-0.0674430865921788,0.0467133379888268,0.934780920669877,0.852995310594362,1.02440817528006,0.148805065228843,0.59024792483653
ebi-a-GCST90001873,HVEM on Effector Memory CD8+ T cell,1,Wald,52.2620701966103,52.2620701966103,-0.0676083304165208,0.0468277913895695,0.93462646665726,0.852663071807176,1.02446870406248,0.148805065228843,0.59024792483653
ebi-a-GCST90001876,HVEM on Central Memory CD4+ T cell,1,Wald,55.3263304616783,55.3263304616783,-0.0676083304165208,0.0468277913895695,0.93462646665726,0.852663071807176,1.02446870406248,0.148805065228843,0.59024792483653
ebi-a-GCST90001880,HVEM on CD45RA- CD4+ T cell,1,Wald,59.7577537269727,59.7577537269727,-0.0642999334221039,0.0445362849533955,0.937723702668544,0.859339634177791,1.02325751958099,0.148805065228843,0.59024792483653
ebi-a-GCST90001882,HVEM on Central Memory CD8+ T cell,1,Wald,64.6003093772191,64.6003093772191,-0.0624699223803364,0.0432687580853816,0.939441318547217,0.863055147178019,1.02258817861113,0.148805065228843,0.59024792483653
ebi-a-GCST90001524,Granulocytic Myeloid-Derived Suppressor Cells Absolute Count,2,IVW,41.3059582632769,31.5698010154881,-0.0650904682895137,0.0451886757599555,0.936982692321437,0.857563309129224,1.02375714581515,0.149749885378625,0.59024792483653
ebi-a-GCST90001748,CD20 on IgD+ CD38- B cell,4,IVW,38.564858667574,33.9581309617185,0.0707195707606172,0.0494955653867688,1.07328020451134,0.974050881084606,1.18261830030196,0.153059942713439,0.599402485335856
ebi-a-GCST90002111,HLA DR on CD33dim HLA DR+ CD11b-,5,IVW,71.2699066391926,31.6896308394793,-0.0313641215325923,0.0222227987056374,0.969122630405459,0.927816960031772,1.01226719624939,0.15814177534081,0.614523500520793
ebi-a-GCST90001435,Plasma Blast-Plasma Cell %lymphocyte,1,Wald,29.9886621315193,29.9886621315193,0.145896650035638,0.103573770491803,1.15707659804592,0.944492115264056,1.41750919050416,0.158945946592693,0.614523500520793
ebi-a-GCST90001950,CD33 on Granulocytic Myeloid-Derived Suppressor Cells,3,IVW,118.703092150064,30.9789791411844,-0.0216962272013622,0.0155437136096952,0.978537442964706,0.949175177362696,1.00880801576,0.162768689239228,0.622090340646016
ebi-a-GCST90001577,Transitional B cell Absolute Count,1,Wald,33.152740258465,33.152740258465,0.153273142857143,0.109856761904762,1.16564332261166,0.939839549342779,1.44569821146523,0.162952823991296,0.622090340646016
ebi-a-GCST90001654,CD28- CD4-CD8- T cell Absolute Count,2,IVW,42.3069571695344,36.8156869677787,-0.0782709581720322,0.0563419640915416,0.924713833824934,0.828033879808013,1.03268198961312,0.164768155897912,0.625089191437705
ebi-a-GCST90002042,CD45 on CD33+ HLA DR+ CD14-,1,Wald,32.8872430404633,32.8872430404633,0.0967545335085414,0.0699752956636005,1.10158993701394,0.960408037278294,1.26352585799815,0.166758221247221,0.627730707648236
ebi-a-GCST90001392,IgD+ CD38+ B cell Absolute Count,2,IVW,33.0257053086255,32.1159115163981,0.148910082708248,0.107892168191343,1.16056862932924,0.939358045869719,1.43387236560695,0.167532742403648,0.627730707648236
ebi-a-GCST90001543,Effector Memory CD4+ T cell %CD4+ T cell,2,IVW,37.7892424704115,35.893372883429,0.0683134073360057,0.0499039550506251,1.07070082139202,0.970932484957211,1.18072087059695,0.171031267057502,0.63539409500401
ebi-a-GCST90001415,IgD+ CD24- B cell %B cell,1,Wald,30.3454218475278,30.3454218475278,0.0733275362318841,0.0537710144927536,1.07608293534976,0.968444936491758,1.19568438030738,0.172661981999882,0.63539409500401
ebi-a-GCST90001597,CD8dim T cell %T cell,2,IVW,60.1359307521249,57.4661810613944,0.0904972242611461,0.0663702395935808,1.09471846898484,0.961184937900196,1.24680327279634,0.172718328954962,0.63539409500401
ebi-a-GCST90001994,CX3CR1 on CD14- CD16-,3,IVW,110.611976017628,34.34524442456,0.0594493246014825,0.0439141324458364,1.06125198024984,0.973728876480315,1.15664205179498,0.17581202391939,0.64065669755147
ebi-a-GCST90001757,CD20 on IgD- CD38dim B cell,7,IVW,49.8594429290083,30.7545114297833,0.04303056531293,0.031904317422819,1.0439698036267,0.98068703498463,1.11133614701192,0.177421134906608,0.64065669755147
ebi-a-GCST90001612,CD8dim T cell %leukocyte,2,IVW,52.2256216721135,52.186000316301,0.0946082526669392,0.0701753170220306,1.09922815107142,0.957973303129796,1.26131127470906,0.177603731758095,0.64065669755147
ebi-a-GCST90002014,CCR2 on CD62L+ myeloid Dendritic Cell,3,IVW,81.7925208299941,55.0254659976268,0.0388773937836407,0.0288881839591817,1.03964300914002,0.982413041262756,1.10020687944494,0.17837064561153,0.64065669755147
ebi-a-GCST90002019,CD14 on Monocytic Myeloid-Derived Suppressor Cells,1,Wald,30.1700264725232,30.1700264725232,0.062507224563516,0.0466122817579771,1.06450214945347,0.971559421168926,1.16633609998625,0.179919374867873,0.641149220337413
ebi-a-GCST90001533,Basophil %CD33dim HLA DR- CD66b-,3,IVW,91.1018044461425,30.4870990278588,-0.0311293374562739,0.0232508445692508,0.969350191679915,0.92616674272187,1.01454711205503,0.180620291067047,0.641149220337413
ebi-a-GCST90002101,CD45RA on Terminally Differentiated CD8+ T cell,1,Wald,38.8028304481252,38.8028304481252,0.109013942680093,0.0816502711076685,1.11517789880174,0.950259105739983,1.3087185784002,0.181832935697386,0.641701116094846
ebi-a-GCST90001562,CD45RA+ CD8+ T cell %T cell,3,IVW,35.8391572571697,32.0213287320685,-0.0637422594217668,0.0481195152495323,0.938246792640303,0.853801532869008,1.03104411272459,0.18528213663029,0.648397693328382
ebi-a-GCST90001785,CD25 on IgD- CD24- B cell,2,IVW,63.0920790513286,41.3215342053446,0.104257177672674,0.0789944784178969,1.10988585607601,0.950685476828656,1.29574569459799,0.186900681049519,0.648397693328382
ebi-a-GCST90001401,IgD- CD27- B cell Absolute Count,2,IVW,75.3932960216212,30.7434279815847,0.061052559551855,0.0462624411285123,1.06295478114595,0.970812601133409,1.16384239908086,0.186935084567491,0.648397693328382
ebi-a-GCST90001762,CD20 on IgD+ B cell,5,IVW,44.1011295073801,32.0184201610332,0.0461017079673282,0.0351505796836007,1.04718091218284,0.977464379483639,1.12186989711008,0.189672347232896,0.654154061195273
ebi-a-GCST90001460,Plasmacytoid Dendritic Cell Absolute Count,2,IVW,52.8106294706121,51.2951600738575,0.0685981707078933,0.0528664171943492,1.07100576118398,0.965586097589988,1.18793481322092,0.194433226170771,0.665801416489808
ebi-a-GCST90002033,CD39 on granulocyte,2,IVW,33.766668420733,30.0664847105049,-0.100524588173038,0.077736106519362,0.904362875508517,0.776555350459681,1.05320529967876,0.195958553070212,0.665801416489808
ebi-a-GCST90001878,HVEM on Effector Memory CD4+ T cell,1,Wald,53.8599753626941,53.8599753626941,-0.0599722414989591,0.0464163775156142,0.941790675918869,0.85989211830943,1.03148948381051,0.196340121172447,0.665801416489808
ebi-a-GCST90002074,SSC-A on CD14+ monocyte,6,IVW,150.884236168534,43.6902346359995,-0.0288493741918855,0.0224293659954964,0.971562795876948,0.92977660483651,1.01522694959421,0.19836201433035,0.666368476588003
ebi-a-GCST90001496,CD39+ secreting CD4 regulatory T cell %secreting CD4 regulatory T cell,7,IVW,94.593761081946,31.1210882217083,-0.0437054742659553,0.0342081029662163,0.957235846549574,0.895159507353703,1.02361697372603,0.201378105924444,0.666368476588003
ebi-a-GCST90001424,IgD+ B cell %Lymphocyte,2,IVW,46.0118165166482,38.6926170640621,-0.107849427441036,0.0845150020567472,0.897762764690686,0.760713225269851,1.05950304910127,0.201920868709758,0.666368476588003
ebi-a-GCST90001658,CD39+ CD4+ T cell %T cell,6,IVW,114.03826076214,31.3850300128052,-0.0410467913842377,0.03219088731129,0.959784219264902,0.901098296225861,1.02229218655524,0.202271749860695,0.666368476588003
ebi-a-GCST90001433,IgD- CD27- B cell %lymphocyte,2,IVW,88.9899036572507,31.8115228750839,0.0589729741650214,0.046361256140992,1.06074657279094,0.968608195496508,1.16164956782238,0.203361958290463,0.666368476588003
ebi-a-GCST90001687,CD28- CD8+ T cell Absolute Count,3,IVW,35.248229084974,31.7367583836977,0.0728100675483344,0.0572516138124865,1.0755262401784,0.961363109865188,1.2032463919637,0.203459924995504,0.666368476588003
ebi-a-GCST90001497,CD39+ secreting CD4 regulatory T cell %CD4 regulatory T cell,7,IVW,91.8668292489417,33.1509662329096,-0.0440815946017194,0.0347181545935765,0.956875878381482,0.893928774463365,1.02425548073221,0.204191987883638,0.666368476588003
ebi-a-GCST90001745,CD20 on CD24+ CD27+ B cell,5,IVW,48.2338687610842,30.7823374237875,0.0485750425199242,0.0385830723994183,1.04977414656187,0.973314736035854,1.13223987882693,0.208040120754706,0.675296006941745
ebi-a-GCST90001606,CD4+ T cell %leukocyte,1,Wald,31.0325481759128,31.0325481759128,-0.162789818548387,0.130491683467742,0.849769775491037,0.657997913821979,1.09743307109246,0.212210166920457,0.678324386592281
ebi-a-GCST90001463,CD62L- Dendritic Cell %Dendritic Cell,3,IVW,261.170101999356,30.2975269588636,0.0324694310484963,0.0261218478608655,1.03300231486365,0.981444914374313,1.08726813587286,0.213868198026233,0.678324386592281
ebi-a-GCST90001961,CD25 on CD39+ CD4+ T cell,6,IVW,202.909499479807,30.9376323763236,-0.0216636068514636,0.0174316554163234,0.978569363719115,0.945700220814557,1.01258091997148,0.213951153058171,0.678324386592281
ebi-a-GCST90001508,CD25++ CD45RA+ CD4 not regulatory T cell %CD4+ T cell,5,IVW,65.7299291693697,33.6853620662512,-0.0266443093360935,0.0214566602811187,0.973707518610668,0.933607314339049,1.0155301026858,0.214320190868522,0.678324386592281
ebi-a-GCST90001805,CD27 on memory B cell,8,IVW,99.5581753224669,30.8786049049385,-0.0281329574624832,0.022667354326539,0.972259089105856,0.930009040473813,1.01642854554118,0.214560596747476,0.678324386592281
ebi-a-GCST90001509,CD25++ CD45RA+ CD4 not regulatory T cell %T cell,5,IVW,57.0740374259863,29.883525297806,-0.0276931218857958,0.0225275773413437,0.972686817301146,0.930673116481845,1.01659715725751,0.218959828770944,0.683774204478288
ebi-a-GCST90002007,HLA DR on CD14+ CD16+ monocyte,6,IVW,127.114055103661,62.3819332977364,-0.0273721049105732,0.0222838621236631,0.97299911640505,0.931416740911357,1.01643790468987,0.219320275391431,0.683774204478288
ebi-a-GCST90001910,CD45 on B cell,2,IVW,32.5716824383761,30.4111434674029,0.0903761239055884,0.0736308249355631,1.09458590621587,0.947488676549588,1.26451992064912,0.219663871290389,0.683774204478288
ebi-a-GCST90001908,CCR7 on naive CD8+ T cell,2,IVW,42.4247200027437,31.1470604347426,0.067986309917489,0.0560236370541449,1.07035065518969,0.959042374725236,1.1945775862023,0.224927622408226,0.689491193763056
ebi-a-GCST90001481,Resting CD4 regulatory T cell %CD4 regulatory T cell,11,IVW,70.3079395889459,30.8052241625275,-0.0213735746420683,0.0176653450897798,0.978853221515683,0.945541356947381,1.01333867866443,0.226311323145826,0.689491193763056
ebi-a-GCST90001904,CD86 on CD62L+ myeloid Dendritic Cell,1,Wald,31.5528392725177,31.5528392725177,-0.0422690391459075,0.0349594306049822,0.958611841765057,0.895127132658764,1.02659904905654,0.226628916792518,0.689491193763056
ebi-a-GCST90001953,CD33 on CD33dim HLA DR-,6,IVW,180.788599474347,40.7708311640983,-0.0135522407384738,0.0112111201374961,0.986539177436367,0.965097606420897,1.0084571157794,0.226731509362415,0.689491193763056
ebi-a-GCST90002046,CD45 on CD33- HLA DR+,2,IVW,55.532090500837,38.0343100118838,0.0397265372699619,0.0328955991493324,1.04052619014996,0.975554904495813,1.10982451874152,0.227179964996065,0.689491193763056
ebi-a-GCST90002059,CD8 on Natural Killer T,2,IVW,43.4819185183586,36.3062231167071,-0.0658990786712563,0.0553936131408519,0.936225344629782,0.839901580208857,1.04359596002807,0.23418351088565,0.707210901032783
ebi-a-GCST90001639,CD3- lymphocyte Absolute Count,1,Wald,35.5884843649394,35.5884843649394,-0.0735578713968958,0.062130155210643,0.92908237694071,0.822560719793935,1.04939859437738,0.236440029645835,0.710490584133771
ebi-a-GCST90001541,Naive CD4+ T cell %CD4+ T cell,4,IVW,36.9412867503096,32.6979297334198,-0.05980589606906,0.0507755612079888,0.941947351524504,0.852718330857266,1.04051335703318,0.238857186371179,0.710794826616761
ebi-a-GCST90001474,Plasmacytoid Dendritic Cell %Dendritic Cell,2,IVW,241.411158765754,40.45577285247,-0.0393478978377992,0.0334084544686133,0.961416176349145,0.900478969761319,1.02647712515797,0.238883269571366,0.710794826616761
ebi-a-GCST90002035,CD80 on myeloid Dendritic Cell,4,IVW,80.7906793199624,51.0204081632653,0.043320269365558,0.03693972510897,1.04427228972324,0.971337208035452,1.12268386927067,0.240904688372145,0.713312906545814
ebi-a-GCST90001439,IgD+ CD24+ B cell %lymphocyte,2,IVW,56.8200433961322,34.9351453883602,-0.0913226737402693,0.0813132464006445,0.912723151585391,0.778258430808371,1.07042020807237,0.261396244513191,0.770230681648091
ebi-a-GCST90001951,CD33 on CD66b++ myeloid cell,5,IVW,154.557435294281,41.3505579819053,-0.0153628356534427,0.013789083116376,0.984754570705752,0.958496432407239,1.01173205422412,0.265223280796589,0.777268633623483
ebi-a-GCST90001507,CD25++ CD45RA+ CD4 not regulatory T cell Absolute Count,3,IVW,65.9202293681214,48.581422098781,-0.0365894819729905,0.0329185005481908,0.96407182298771,0.903833837963226,1.02832450041184,0.266345759132923,0.777268633623483
ebi-a-GCST90001937,CD25 on resting CD4 regulatory T cell,1,Wald,41.9022702324039,41.9022702324039,-0.408636363636364,0.370535491905355,0.664555845060897,0.321458788763595,1.37384475597395,0.27010251302024,0.783932034467669
ebi-a-GCST90001729,CD19 on IgD+ CD38+ B cell,4,IVW,48.9387351255353,42.9189138703099,-0.0309933471371908,0.0281971609523008,0.969482022885465,0.917355887161785,1.02457007782012,0.271695874469808,0.783932034467669
ebi-a-GCST90002110,HLA DR on CD33dim HLA DR+ CD11b+,4,IVW,76.9436953896809,36.9160256736395,-0.029766764876661,0.0271269006854988,0.970671901929722,0.920410520785002,1.02367793492003,0.272503557286126,0.783932034467669
ebi-a-GCST90001544,Effector Memory CD4+ T cell %T cell,4,IVW,39.1665324351468,32.1562078138083,0.0535480801830691,0.0494698788499145,1.05500771551228,0.957515966986207,1.16242581655714,0.279057919760254,0.795938486332295
ebi-a-GCST90001622,Natural Killer T %T cell,5,IVW,58.5308733141622,34.8296979962968,0.0544112179185411,0.0503445022809294,1.05591872558978,0.956701348704887,1.16542571677202,0.279795987947572,0.795938486332295
ebi-a-GCST90001839,CD3 on Effector Memory CD8+ T cell,3,IVW,72.4855335725494,30.3233777777778,-0.0373644658417729,0.0346304619423366,0.96332497231254,0.900108316485677,1.03098147776721,0.280610932578437,0.795938486332295
ebi-a-GCST90001680,CD25++ CD8+ T cell %CD8+ T cell,1,Wald,35.3796921730343,35.3796921730343,-0.0447808513495367,0.0419981200483416,0.956207010349197,0.880648098819206,1.03824881682809,0.286306816108153,0.798084030031285
ebi-a-GCST90001679,CD25++ CD8+ T cell %T cell,2,IVW,31.5134981284988,30.6158714049266,-0.0417283328149659,0.0392200093154152,0.959130309413553,0.888163393636629,1.03576769435299,0.28734899537499,0.798084030031285
ebi-a-GCST90001730,CD19 on IgD+ CD38dim B cell,4,IVW,35.3176421365269,32.2189393932982,-0.035510308878456,0.0334704031355628,0.965112784948321,0.903831527787934,1.03054901166188,0.28871419062536,0.798084030031285
ebi-a-GCST90001522,CD33- HLA DR- Absolute Count,1,Wald,32.2261015691976,32.2261015691976,0.0762794117647059,0.0721050420168067,1.07926409111591,0.937023918312954,1.24309631334643,0.290104273983477,0.798084030031285
ebi-a-GCST90001907,CCR7 on naive CD4+ T cell,4,IVW,63.4716683503027,30.1546994553777,0.0406444268766815,0.0385433400108865,1.04148171679232,0.965701479902207,1.12320855770307,0.291648423344281,0.798084030031285
ebi-a-GCST90001422,CD20- CD38- B cell %B cell,1,Wald,31.2222132617933,31.2222132617933,0.0577943219932918,0.054867872544322,1.05949705805555,0.951470393636432,1.17978869709035,0.292186886460582,0.798084030031285
ebi-a-GCST90001965,FSC-A on monocyte,2,IVW,34.2198674416089,32.1050475486243,-0.0730933084370705,0.0694964932142293,0.929514094471886,0.811146633725375,1.06515445654233,0.2929118099272,0.798084030031285
ebi-a-GCST90001663,CD28- CD8dim T cell Absolute Count,2,IVW,36.2335888835925,30.4828407062091,-0.064762200854374,0.0617071813920912,0.937290323716537,0.830515840730951,1.05779216704579,0.29394422368624,0.798084030031285
ebi-a-GCST90001913,CD45 on granulocyte,1,Wald,33.9068076563291,33.9068076563291,-0.0903849710982659,0.0861994219653179,0.913579415893961,0.771563858948325,1.0817346347492,0.294382248609171,0.798084030031285
ebi-a-GCST90001532,Basophil Absolute Count,3,IVW,82.5363428310116,33.1637905904485,-0.0122265915616097,0.0116913032732534,0.987847849513262,0.965468748367969,1.01074568745756,0.295660230384159,0.798084030031285
ebi-a-GCST90001800,CD27 on IgD+ CD24+ B cell,6,IVW,125.834096286456,32.7064376949037,-0.0259540397250832,0.0248264884550665,0.974379871346411,0.928101704256538,1.02296561824071,0.295830159402041,0.798084030031285
ebi-a-GCST90001531,CD33dim HLA DR- Absolute Count,3,IVW,80.1282909629595,33.2482440166493,-0.0121653798191972,0.0116839282813001,0.987908319252079,0.965541804991775,1.01079294775412,0.297779809113221,0.799789133326217
ebi-a-GCST90001898,CD28 on CD4+ T cell,2,IVW,109.483774061594,46.9076011240751,-0.0424385423245656,0.0410711781141627,0.958449367781096,0.884318443128473,1.03879456290671,0.301467013097159,0.801924770584653
ebi-a-GCST90002100,CD45RA on naive CD8+ T cell,2,IVW,42.0179028590622,32.5637731739313,-0.047462082429467,0.0459524392185614,0.953646632410534,0.871509195004659,1.04352530612496,0.301673025253508,0.801924770584653
ebi-a-GCST90001943,CD25 on activated & secreting CD4 regulatory T cell,1,Wald,33.4718034014572,33.4718034014572,-0.062337265917603,0.0608000936329588,0.939565949775867,0.834013700384976,1.0584768254655,0.305229957825759,0.801924770584653
ebi-a-GCST90001546,Terminally Differentiated CD4+ T cell %CD4+ T cell,5,IVW,50.5960889951961,30.4842324419821,-0.0495440008016652,0.0483795009372853,0.951663283267826,0.865569313510166,1.04632060146326,0.305802161544428,0.801924770584653
ebi-a-GCST90001601,Lymphocyte Absolute Count,2,IVW,32.5616468533586,32.0243369808217,0.0604654725077594,0.0590671252863556,1.06233091731459,0.946195479759429,1.19272074536795,0.305989343100743,0.801924770584653
ebi-a-GCST90001894,CD28 on CD28+ CD4+ T cell,2,IVW,123.428991493898,54.6824766766361,-0.0396188800306468,0.0387862520323659,0.961155684981294,0.890795910867561,1.037072846318,0.307033193074716,0.801924770584653
ebi-a-GCST90001630,CD8+ Natural Killer T Absolute Count,2,IVW,67.248370251957,30.6559252832903,-0.0745622605290345,0.0731145204927396,0.928149685169597,0.804232622089023,1.07116002810573,0.307822852629694,0.801924770584653
ebi-a-GCST90001724,CD19 on IgD+ CD24+ B cell,4,IVW,36.8065325395139,33.5013242842235,-0.0366182855074822,0.0362223050700926,0.964044054711619,0.897974144469324,1.03497516621044,0.312049000762955,0.804270920871231
ebi-a-GCST90001774,CD24 on transitional B cell,1,Wald,69.0773219470716,69.0773219470716,0.0882258353891007,0.0876061897286387,1.09223475943931,0.919907372126533,1.29684444964243,0.313899656205629,0.804270920871231
ebi-a-GCST90001742,CD19 on transitional B cell,4,IVW,37.246491622197,35.1085956644832,-0.0331007585877581,0.0330357156267438,0.967441076681369,0.906784221030714,1.03215540714477,0.316358629048924,0.804270920871231
ebi-a-GCST90001897,CD28 on CD39+ CD8+ T cell,2,IVW,43.6468515739193,35.4369087849456,-0.0167378734137084,0.0167413291998911,0.98340142651182,0.951656737898894,1.01620503186962,0.317410414552706,0.804270920871231
ebi-a-GCST90002018,CCR2 on granulocyte,2,IVW,53.3368761904476,38.6329231600304,0.063192048548404,0.0636641694198573,1.06523139573155,0.940268577753204,1.20680192159949,0.320912628646833,0.804270920871231
ebi-a-GCST90002080,SSC-A on T cell,1,Wald,32.2541552575735,32.2541552575735,-0.139035477178423,0.14051265560166,0.870197155770858,0.660709988398443,1.14610510391593,0.322424818868981,0.804270920871231
ebi-a-GCST90001399,IgD- CD27- B cell %B cell,3,IVW,102.174147891278,36.0393227715095,0.0346220815672696,0.0350580415601904,1.03522840296787,0.966482893529595,1.10886375070496,0.323365919683847,0.804270920871231
ebi-a-GCST90002030,CD39 on CD39+ activated CD4 regulatory T cell,5,IVW,122.150538736567,34.9190290551072,-0.0332668940663449,0.0337858079537854,0.96728036374552,0.90530164841246,1.03350226273021,0.324800408963093,0.804270920871231
ebi-a-GCST90001746,CD20 on IgD+ CD24+ B cell,2,IVW,43.3113502453233,31.8008014752403,0.0552943524217591,0.0563016265985184,1.05685165573971,0.946431355325516,1.18015471059241,0.326045992624466,0.804270920871231
ebi-a-GCST90002002,PDL-1 on monocyte,2,IVW,61.0269092991047,34.7249217874627,-0.0405364026499595,0.0413053660522864,0.960274207349315,0.885595552063268,1.04125020857656,0.326403684293937,0.804270920871231
ebi-a-GCST90002083,SSC-A on HLA DR+ T cell,1,Wald,49.5482600526919,49.5482600526919,0.0694274670304684,0.0708099135970896,1.07189431070769,0.932990776888051,1.2314777828349,0.326850889005958,0.804270920871231
ebi-a-GCST90001918,CD45 on HLA DR+ T cell,1,Wald,85.3028657997728,85.3028657997728,0.0530660410149461,0.0541226972540841,1.05449928302276,0.94836631266004,1.17250973917093,0.326850889005959,0.804270920871231
ebi-a-GCST90001752,CD20 on IgD+ CD38dim B cell,7,IVW,49.0579701351656,30.1554793569536,0.0284612375920921,0.0290726713529944,1.02887012857795,0.971881691727196,1.0892002087196,0.327595405861782,0.804270920871231
ebi-a-GCST90001849,CD3 on HLA DR+ CD4+ T cell,2,IVW,164.004108544995,40.3876116778704,-0.0317392197263665,0.0325557087654328,0.96875918242585,0.908874362974554,1.03258975251861,0.329599820518032,0.804270920871231
ebi-a-GCST90001974,FSC-A on CD8+ T cell,1,Wald,29.9860492528143,29.9860492528143,0.168046203110705,0.173014181152791,1.18299126726163,0.842769664047066,1.66055851096596,0.331406018967531,0.804270920871231
ebi-a-GCST90001758,CD20 on memory B cell,5,IVW,46.2307561403358,30.8537647097004,0.0404173615070435,0.042101192015316,1.04124525920801,0.958772963735072,1.13081170499373,0.337052618805039,0.804270920871231
ebi-a-GCST90001900,CD28 on resting CD4 regulatory T cell,1,Wald,238.893244709278,238.893244709278,-0.0369982638888889,0.0390941358024691,0.963677808399352,0.892594605789248,1.04042183582347,0.34395016427534,0.804270920871231
ebi-a-GCST90001891,CD28 on CD45RA- CD4 not regulatory T cell,3,IVW,90.5526333302842,29.9850232386337,-0.0351592388437455,0.0371561545949619,0.96545166660935,0.897640789992568,1.03838521037629,0.344017966185595,0.804270920871231
ebi-a-GCST90001949,CD33 on CD33dim HLA DR+ CD11b-,7,IVW,206.400315481383,33.6842049886621,-0.0131750059521193,0.0140280974160316,0.986911404536289,0.960145852005871,1.01442308829329,0.347634770732326,0.804270920871231
ebi-a-GCST90001516,Immature Myeloid-Derived Suppressor Cells %CD33dim HLA DR- CD66b-,2,IVW,45.3304764595926,31.0319148123793,-0.0307960692795587,0.0328127363200245,0.969673299088612,0.909273788699091,1.03408491331378,0.347966912270513,0.804270920871231
ebi-a-GCST90001738,CD19 on unswitched memory B cell,4,IVW,35.1089502924366,30.3085061576035,-0.0322960253634655,0.0344417740119056,0.96821992199764,0.905016681887893,1.0358370581607,0.348398993797572,0.804270920871231
ebi-a-GCST90001644,B cell %lymphocyte,2,IVW,56.2759244740848,38.0932370012036,-0.073812665612104,0.0791228686389249,0.928845682281109,0.795413249934584,1.08466171711776,0.350878510580382,0.804270920871231
ebi-a-GCST90001801,CD27 on IgD+ CD38- unswitched memory B cell,5,IVW,117.317031239816,30.2045625298818,-0.0190740875196357,0.0205380820739981,0.981106671790301,0.942396925613629,1.02140645334202,0.353035224337043,0.804270920871231
ebi-a-GCST90001848,CD3 on Natural Killer T,2,IVW,34.932810925025,30.6730144210849,0.0656404237477222,0.0707325250475934,1.06784267725641,0.929605175598596,1.22663687047124,0.353402872442508,0.804270920871231
ebi-a-GCST90001889,CD28 on activated & secreting CD4 regulatory T cell,1,Wald,153.284401138378,153.284401138378,-0.0461010546970812,0.0497373068432671,0.95494545559083,0.866246147247469,1.05272713310327,0.353983207571846,0.804270920871231
ebi-a-GCST90001902,CD28 on activated CD4 regulatory T cell,1,Wald,121.351390410383,121.351390410383,-0.0523694622457509,0.0565001393145723,0.948978190452622,0.84949796338382,1.06010802235184,0.353983207571846,0.804270920871231
ebi-a-GCST90001751,CD20 on IgD+ CD38+ B cell,5,IVW,53.2810220879833,30.8200212022688,0.0315389363614015,0.034040451522468,1.03204155875646,0.965431286353251,1.10324763041783,0.354179207829625,0.804270920871231
ebi-a-GCST90001432,Unswitched memory B cell %lymphocyte,4,IVW,38.4242932642109,33.2427792881913,-0.057671477075626,0.0625371210023252,0.943960009005494,0.835066234735898,1.0670536797401,0.356426397232823,0.804270920871231
ebi-a-GCST90001725,CD19 on IgD+ CD24- B cell,4,IVW,32.2963447478209,30.0271646627905,-0.0405441083079274,0.0439653841313645,0.960266807833227,0.880983606364058,1.04668501838746,0.356433384270056,0.804270920871231
ebi-a-GCST90001594,CD4+CD8+ T cell Absolute Count,2,IVW,64.0886329924645,30.6223370977062,-0.0440816308839302,0.0481452108424166,0.956875843663911,0.870710055783251,1.0515686296558,0.359878084482477,0.804270920871231
ebi-a-GCST90001471,CD62L- plasmacytoid Dendritic Cell %Dendritic Cell,3,IVW,94.6371584535553,36.4749181024069,-0.037664004249622,0.0411632744272395,0.963036462696105,0.888390374091433,1.04395461221733,0.360196627620408,0.804270920871231
ebi-a-GCST90001733,CD19 on IgD- CD38- B cell,1,Wald,32.901696,32.901696,-0.0873493723849372,0.0957775453277545,0.916356889908809,0.759516402125668,1.10558501084801,0.361767337753012,0.804270920871231
ebi-a-GCST90001475,HLA DR++ monocyte %monocyte,5,IVW,56.4449622178428,39.3836042803277,-0.0363521222396772,0.0399758095233253,0.96430068197839,0.891629395257137,1.04289496309823,0.363163823580583,0.804270920871231
ebi-a-GCST90002070,CD4 on activated & secreting CD4 regulatory T cell,1,Wald,56.5003573445113,56.5003573445113,-0.0565268272074356,0.062460498521335,0.945041131340606,0.836148203822756,1.06811536022249,0.365464742192028,0.804270920871231
ebi-a-GCST90002022,CD4 on CD4+ T cell,1,Wald,75.7554773224114,75.7554773224114,-0.0486011623683255,0.0537028695968035,0.952560971107688,0.857393087703531,1.05829218440279,0.365464742192028,0.804270920871231
ebi-a-GCST90002063,CD4 on CD4 regulatory T cell,1,Wald,59.5158322558916,59.5158322558916,-0.0553574679354572,0.0611683905668184,0.946146870327009,0.839249269580541,1.06666032688597,0.365464742192028,0.804270920871231
ebi-a-GCST90002064,CD4 on resting CD4 regulatory T cell,1,Wald,36.1015679599588,36.1015679599588,-0.0724412560909583,0.0800454791553871,0.930120383962692,0.795065804151606,1.08811613346402,0.365464742192028,0.804270920871231
ebi-a-GCST90002066,CD4 on activated CD4 regulatory T cell,1,Wald,62.6883614377036,62.6883614377036,-0.053972972972973,0.0596385639370714,0.947457713120981,0.842935734397966,1.0649401627202,0.365464742192028,0.804270920871231
ebi-a-GCST90002068,CD4 on secreting CD4 regulatory T cell,1,Wald,42.1078742459947,42.1078742459947,-0.0653954056695992,0.0722600195503421,0.936697014833141,0.812999288987955,1.07921533202019,0.365464742192028,0.804270920871231
ebi-a-GCST90001485,CD39+ resting CD4 regulatory T cell %CD4 regulatory T cell,15,IVW,186.259683364758,33.4546227944108,0.00917016886488186,0.0101362739600745,1.00921234368154,0.989360080584831,1.02946295754841,0.365630519881085,0.804270920871231
ebi-a-GCST90001694,CD28- CD4-CD8- T cell %T cell,3,IVW,38.1461050400653,32.2417187051209,-0.0467789729790939,0.0517412870152398,0.954298299992251,0.862265634145069,1.05615393830584,0.365945704780965,0.804270920871231
ebi-a-GCST90001498,Activated & resting CD4 regulatory T cell Absolute Count,1,Wald,36.5118304781516,36.5118304781516,-0.0797624419376244,0.0885195753151958,0.92333566616679,0.776265397986698,1.09826968280026,0.367550452545685,0.804270920871231
ebi-a-GCST90001538,Central Memory CD4+ T cell %CD4+ T cell,1,Wald,45.4570922851563,45.4570922851563,0.0696419466975666,0.0772879490150637,1.07212423489876,0.921417131849311,1.24748101085366,0.367550452545685,0.804270920871231
ebi-a-GCST90001899,CD28 on CD4 regulatory T cell,1,Wald,120.455721803142,120.455721803142,-0.0513548660084626,0.0569977433004231,0.949941508760852,0.849531342874627,1.06221963160695,0.367589259095517,0.804270920871231
ebi-a-GCST90001406,Memory B cell %B cell,2,IVW,32.7969109145873,31.4051168866267,-0.0730156136090678,0.0812102180876909,0.929586315715154,0.79279734801345,1.08997680243276,0.368602634467061,0.804270920871231
ebi-a-GCST90001916,CD45 on CD4+ T cell,1,Wald,35.9442238875262,35.9442238875262,0.0682220067862336,0.0760484730974309,1.07060296322051,0.922347710204235,1.24268829658908,0.369673125079198,0.804270920871231
ebi-a-GCST90001713,BAFF-R on IgD- CD38+ B cell,3,IVW,78.7411098342662,32.408771126537,-0.0344840530368249,0.038572978071861,0.96610374598451,0.895756120447229,1.0419760766349,0.371324517751165,0.804978508124848
ebi-a-GCST90001628,HLA DR+ CD8+ T cell %T cell,3,IVW,117.913706331681,30.0085210761536,0.0275672809894069,0.0310916514320902,1.02795077432583,0.967178358043456,1.09254181056604,0.375269647686243,0.810635858169215
ebi-a-GCST90001479,CD4 regulatory T cell %T cell,1,Wald,34.7173136443816,34.7173136443816,0.109209834469328,0.124046251217137,1.11539637439374,0.874659319208893,1.422392747311,0.37864477428456,0.815026163087687
ebi-a-GCST90001410,IgD- CD38+ B cell %B cell,1,Wald,32.2132943754565,32.2132943754565,0.0835039090262971,0.0954385216773277,1.08708946474588,0.90162589684416,1.31070270773926,0.38160125727298,0.818487502348758
ebi-a-GCST90001927,CD127 on CD8+ T cell,1,Wald,36.5881346551472,36.5881346551472,0.0642666303162486,0.0741504907306434,1.06637668921348,0.922130678704702,1.23318665082833,0.386103448998394,0.825228146274738
ebi-a-GCST90001812,CD38 on IgD+ CD38+ B cell,3,IVW,48.5858472553878,32.4358151176407,-0.0333805796040489,0.0388045314704291,0.96717040420778,0.896338218448726,1.04360002900953,0.389665714841983,0.829919610207312
ebi-a-GCST90001993,PDL-1 on CD14+ CD16- monocyte,1,Wald,30.6382136550253,30.6382136550253,0.0823380662609872,0.0960669371196755,1.08582282785135,0.899466804653166,1.31078902232277,0.391394830215958,0.830687629164639
ebi-a-GCST90001523,CD33- HLA DR+ Absolute Count,1,Wald,46.1408523469339,46.1408523469339,0.0488697196999605,0.0572791156731149,1.05008353662991,0.938570461411096,1.17484566075451,0.39355635831801,0.830700086681557
ebi-a-GCST90001572,Terminally Differentiated CD4-CD8- T cell Absolute Count,1,Wald,50.705333993935,50.705333993935,0.234731186821415,0.275461624859603,1.26456879028354,0.736995422425699,2.16980211369005,0.394137767651217,0.830700086681557
ebi-a-GCST90001765,CD24 on IgD+ CD24+ B cell,2,IVW,136.041497317161,45.7964953155914,0.0239567611737036,0.0282292311708727,1.02424602973698,0.969114479741798,1.08251393551717,0.396075600018819,0.830868533670716
ebi-a-GCST90001515,Immature Myeloid-Derived Suppressor Cells Absolute Count,2,IVW,91.6097174019692,36.1281822023329,-0.0251539097496388,0.0297424177628856,0.975159813875033,0.919937957636304,1.03369651692613,0.397706107872409,0.830868533670716
ebi-a-GCST90001772,CD24 on unswitched memory B cell,2,IVW,113.575390032154,42.1798010921055,0.0259025879314093,0.030675979148564,1.02624097534795,0.966356629522817,1.08983630608832,0.398449725785003,0.830868533670716
ebi-a-GCST90001767,CD24 on IgD+ CD38- unswitched memory B cell,2,IVW,85.3769827806377,35.6014479262835,0.0208545890283322,0.0248589100056335,1.02107356554273,0.97251587999154,1.07205573471891,0.401515281842061,0.830868533670716
ebi-a-GCST90001887,CD28 on secreting CD4 regulatory T cell,3,IVW,71.5908070015936,30.7784279529474,-0.0345726614309992,0.0412763292996391,0.966018144875517,0.890943498717398,1.04741889645321,0.402260728299894,0.830868533670716
ebi-a-GCST90001520,CD33+ HLA DR+ CD14dim Absolute Count,2,IVW,51.264082719036,32.4222982638118,-0.0319396897576578,0.0381877352891147,0.968564994707295,0.89871649434609,1.04384214029022,0.402937747852872,0.830868533670716
ebi-a-GCST90002052,CD45 on Immature Myeloid-Derived Suppressor Cells,2,IVW,136.831020796969,32.5614431191077,0.0198442978105705,0.0238345160257032,1.02004250481027,0.973486468999005,1.0688250373829,0.405077939019645,0.830868533670716
ebi-a-GCST90001659,CD39+ CD4+ T cell %CD4+ T cell,5,IVW,136.75857963236,74.6669130630832,-0.0319004310564434,0.0384171719222197,0.968603020057437,0.898347703442635,1.0443526564036,0.406330151406619,0.830868533670716
ebi-a-GCST90001926,CD127 on granulocyte,8,IVW,51.1366484834048,29.9097872771477,-0.0180049289123503,0.021742348883184,0.982156191384589,0.941180883862624,1.02491540235732,0.407611530626582,0.830868533670716
ebi-a-GCST90001859,CD3 on CD8+ T cell,2,IVW,142.600289563415,40.933738179329,-0.0275513827193413,0.0332913195663841,0.972824694890948,0.911373598111375,1.03841924864935,0.407905804009676,0.830868533670716
ebi-a-GCST90001747,CD20 on IgD+ CD24- B cell,4,IVW,46.7569239149295,32.4652892531635,0.031597823229651,0.0384587453683361,1.03210233424118,0.957163249256212,1.11290861738984,0.411302841969121,0.834134257317917
ebi-a-GCST90001923,CD127 on CD45RA- CD4 not regulatory T cell,1,Wald,34.2940054273046,34.2940054273046,-0.0737666533705624,0.089967291583566,0.928888421536254,0.778720925137541,1.10801401607606,0.412257458311985,0.834134257317917
ebi-a-GCST90001766,CD24 on IgD+ CD38- B cell,2,IVW,51.3192031656116,30.3499245307231,0.0368939334501278,0.0453952964209912,1.03758296215649,0.949252119046564,1.13413326318276,0.416375224327212,0.839666980619993
ebi-a-GCST90001769,CD24 on IgD- CD38- B cell,2,IVW,80.3150129153867,50.5854054838968,0.0294566947136088,0.0365467758552227,1.02989483461541,0.958702006500378,1.10637441371317,0.420242953633792,0.844660506144741
ebi-a-GCST90002055,CD8 on naive CD8+ T cell,1,Wald,211.109457834629,211.109457834629,0.0281249482829954,0.035113363673976,1.02852418872446,0.960119767472508,1.10180213201537,0.423145759319752,0.845858321621555
ebi-a-GCST90001530,Monocytic Myeloid-Derived Suppressor Cells Absolute Count,5,IVW,81.2210709591894,39.4029123345936,-0.0175662126849804,0.0219537451712883,0.982587173776133,0.941203829664212,1.0257900824881,0.423625913958736,0.845858321621555
ebi-a-GCST90002079,SSC-A on lymphocyte,1,Wald,31.2272783447392,31.2272783447392,-0.0629266547406082,0.079706022659511,0.939012343267363,0.803200860140451,1.09778789411938,0.429828993313716,0.85326328502904
ebi-a-GCST90001603,T cell Absolute Count,2,IVW,35.8246424610121,31.0849657326328,0.0446335140843619,0.0568457653522694,1.04564457566912,0.935397051328509,1.16888606509224,0.432354680851548,0.85326328502904
ebi-a-GCST90001854,CD3 on CD39+ activated CD4 regulatory T cell,5,IVW,142.556770677952,33.8989579888693,-0.016020968895762,0.020427221875515,0.984106684208451,0.945483990089805,1.02430710202905,0.432867006379958,0.85326328502904
ebi-a-GCST90001666,CD28+ CD45RA+ CD8dim T cell Absolute Count,8,IVW,42.8261186463671,31.0211408756527,0.00275486068458247,0.00351322059504524,1.00275865880024,0.995877469374613,1.00968739500683,0.432957317609463,0.85326328502904
ebi-a-GCST90001642,B cell Absolute Count,1,Wald,40.8769805454581,40.8769805454581,-0.0831014964216005,0.10736955107352,0.920257739612415,0.745615060589922,1.13580633235401,0.438944759544229,0.862263653861964
ebi-a-GCST90002120,CD8 on CD28- CD8+ T cell,2,IVW,46.3254337744564,46.2770142070434,-0.0458161567015711,0.0597924881840064,0.955217556395596,0.849583173798045,1.07398617132132,0.443525944702943,0.863275701133049
ebi-a-GCST90002028,CD19 on B cell,1,Wald,38.1701952754744,38.1701952754744,-0.0653927294398093,0.0855351609058403,0.936699521652951,0.792120585121993,1.10766720414132,0.444561683393428,0.863275701133049
ebi-a-GCST90001450,CD62L- monocyte Absolute Count,3,IVW,42.9285421856018,32.6328769806669,-0.038010191171685,0.049758776109285,0.962703129768329,0.873246509582462,1.06132381394674,0.44493327998615,0.863275701133049
ebi-a-GCST90001527,CD33dim HLA DR+ CD11b- Absolute Count,2,IVW,56.6916662644628,30.5005165289256,-0.0350469516743315,0.0459798320783285,0.965560080530832,0.882349165072331,1.05661829355081,0.445926062878089,0.863275701133049
ebi-a-GCST90001407,Memory B cell Absolute Count,1,Wald,42.2671005650254,42.2671005650254,-0.159305780346821,0.211228323699422,0.852735569320856,0.563654786927249,1.29007677757701,0.450736588429116,0.863275701133049
ebi-a-GCST90001412,IgD+ CD24+ B cell Absolute Count,1,Wald,56.9586772070778,56.9586772070778,-0.140396841569027,0.186156393275599,0.869013306358241,0.603346649650994,1.25165877205835,0.450736588429116,0.863275701133049
ebi-a-GCST90001418,CD24+ CD27+ B cell Absolute Count,1,Wald,40.6268092689697,40.6268092689697,-0.16297989355411,0.216099940863394,0.849608270845582,0.556250927745298,1.29767732130371,0.450736588429116,0.863275701133049
ebi-a-GCST90001948,CD33 on CD33dim HLA DR+ CD11b+,7,IVW,215.151704388935,32.6123593758745,-0.0108496748684252,0.0143891184979493,0.989208970567688,0.96170036558003,1.01750443534604,0.450837557263882,0.863275701133049
ebi-a-GCST90001808,CD27 on switched memory B cell,10,IVW,125.967293112411,31.9500669244497,0.0181526191865327,0.0243499446716383,1.01831837945345,0.970859737841124,1.06809694697876,0.455976077045987,0.870369430084635
ebi-a-GCST90001553,Naive CD8+ T cell %T cell,3,IVW,33.5739445436197,31.0871978162554,0.00253206957418115,0.00346556896399232,1.00253527796973,0.995748617227968,1.00936819412499,0.465001494121919,0.878919494768191
ebi-a-GCST90001700,CD45RA+ CD28- CD8+ T cell %T cell,67,IVW,43.5247963369553,29.9179862694863,0.000137386517484387,0.000188218845755507,1.00013739595544,0.999768504379051,1.00050642364434,0.465433183329779,0.878919494768191
ebi-a-GCST90001736,CD19 on memory B cell,3,IVW,33.5498489234884,32.7774188920476,-0.0221023184030642,0.0302995540861221,0.978140148192997,0.921742439336094,1.03798860579333,0.4657202126356,0.878919494768191
ebi-a-GCST90001715,BAFF-R on memory B cell,9,IVW,295.725502834486,35.418878040569,-0.00998830333881338,0.0137253719829459,0.990061414094357,0.963782114303388,1.01705726754124,0.466781630660673,0.878919494768191
ebi-a-GCST90002057,CD8 on Terminally Differentiated CD8+ T cell,2,IVW,62.8643540878332,32.0745707941842,0.0251417736264847,0.0350883461209715,1.02546049347214,0.957306770297682,1.09846629763741,0.47366554016938,0.878919494768191
ebi-a-GCST90001773,CD24 on switched memory B cell,2,IVW,114.266331732523,45.8464195388298,0.0323398889827856,0.0451472454364469,1.03286850627701,0.945398533260639,1.12843135855044,0.473793586842666,0.878919494768191
ebi-a-GCST90001717,BAFF-R on unswitched memory B cell,9,IVW,297.743187674311,34.7342614258059,-0.00981010182636954,0.0136985357139756,0.99023786025678,0.964004581465067,1.01718502042354,0.473903443954484,0.878919494768191
ebi-a-GCST90001771,CD24 on memory B cell,2,IVW,127.760775857593,52.1991742068677,0.0308797788621335,0.0432496576215471,1.03136150497935,0.947536756085026,1.12260189076804,0.475233994753618,0.878919494768191
ebi-a-GCST90002076,SSC-A on Natural Killer,1,Wald,104.592518386348,104.592518386348,0.0417678571428571,0.0585760135135135,1.04265240634554,0.929562596940073,1.16950062753895,0.475812380666971,0.878919494768191
ebi-a-GCST90001735,CD19 on IgD- CD38dim B cell,4,IVW,39.8577860227869,30.3893783786919,-0.0180146749022964,0.0252866559491591,0.982146619346867,0.934656197461454,1.03205005703101,0.476205824506068,0.878919494768191
ebi-a-GCST90002040,CD80 on granulocyte,3,IVW,51.1167028950495,30.6573038043497,0.0346501977050937,0.0486569888512759,1.03525751000151,0.941089059469284,1.138848763813,0.476383054001211,0.878919494768191
ebi-a-GCST90001852,CD3 on CD39+ resting CD4 regulatory T cell,1,Wald,140.043504529182,140.043504529182,-0.0325525267993874,0.0461056661562021,0.967971604045676,0.88433473150697,1.05951852037078,0.480162153044454,0.880405532471734
ebi-a-GCST90001723,CD19 on CD24+ CD27+ B cell,3,IVW,39.5816360176417,36.7669936589537,-0.0190481513195246,0.0270372336476772,0.981132118299262,0.930492624542745,1.0345275267834,0.481111774592372,0.880405532471734
ebi-a-GCST90001917,CD45 on CD8+ T cell,2,IVW,30.2927722746482,30.2521244096417,0.0205264985562471,0.0291993822998141,1.02073861598446,0.963961145432924,1.08086028892164,0.482069989480277,0.880405532471734
ebi-a-GCST90001850,CD3 on HLA DR+ CD8+ T cell,1,Wald,112.890625,112.890625,-0.0376459893048128,0.0536648841354724,0.963053811901102,0.866902155893867,1.0698700404787,0.482990185029798,0.880405532471734
ebi-a-GCST90001702,BAFF-R on CD24+ CD27+ B cell,9,IVW,298.899025494673,34.7859225322782,-0.00951450797766189,0.0136808948598792,0.990530611742667,0.964322919333149,1.01745055844757,0.486767398362325,0.881834207375777
ebi-a-GCST90001404,Plasma Blast-Plasma Cell %B cell,1,Wald,30.4340129926196,30.4340129926196,-0.098510752688172,0.143214204867006,0.906185948626952,0.684401466490496,1.19984104899684,0.491543455681307,0.881834207375777
ebi-a-GCST90001608,CD4+CD8+ T cell %leukocyte,1,Wald,113.409678399581,113.409678399581,-0.032788591983556,0.0476865364850976,0.967743126619541,0.881390765691,1.06255567402631,0.491713565116709,0.881834207375777
ebi-a-GCST90002078,SSC-A on granulocyte,3,IVW,94.3963716008307,40.5202726702722,0.0274077639463786,0.0398909831044253,1.0277868117357,0.950489120748909,1.11137066939337,0.492040731833951,0.881834207375777
ebi-a-GCST90001844,CD3 on Terminally Differentiated CD4+ T cell,1,Wald,101.030921022198,101.030921022198,-0.0377647058823529,0.0550222871757399,0.962939488234757,0.864496183337739,1.07259288805855,0.492490603460277,0.881834207375777
ebi-a-GCST90001866,CD3 on CD39+ CD8+ T cell,1,Wald,174.963928589272,174.963928589272,-0.0295657894736842,0.0430766590389016,0.970867002710943,0.89226148816918,1.05639742323408,0.492490603460277,0.881834207375777
ebi-a-GCST90001779,CD25 on IgD+ CD24- B cell,5,IVW,74.3843863755589,31.3578503247483,0.0222442677353737,0.0327218314501016,1.02249351614412,0.958974761554118,1.09021950573803,0.496631750840845,0.885110273006329
ebi-a-GCST90001802,CD27 on IgD- CD38- B cell,8,IVW,94.647913284352,32.1500690827931,0.0189823777694814,0.0279684569577975,1.0191636885217,0.964798702481309,1.07659206146299,0.497323750823136,0.885110273006329
ebi-a-GCST90001457,CD11c+ HLA DR++ monocyte %monocyte,1,Wald,33.3602190633822,33.3602190633822,0.0575499367888749,0.0850644753476612,1.05923816428663,0.896572216919847,1.25141674870973,0.49869475019467,0.885110273006329
ebi-a-GCST90001692,CD28+ CD45RA- CD8+ T cell %CD8+ T cell,4,IVW,51.2952132024357,31.1700183360415,0.0143760101297536,0.0214396062594955,1.01447984192906,0.972733024667068,1.05801830880848,0.502516691228035,0.889293386517252
ebi-a-GCST90001990,CD64 on CD14- CD16+ monocyte,2,IVW,68.1921499469816,58.6577702815375,0.0459797875489477,0.0694004683107312,1.04705324723054,0.913889940176732,1.19961983860334,0.50763258169921,0.893740393213083
ebi-a-GCST90001781,CD25 on IgD+ CD38- naive B cell,3,IVW,46.8963598172184,30.0435864096331,0.0257355448106491,0.0388981058626482,1.02606956316978,0.950749419561243,1.10735670914139,0.508218412090686,0.893740393213083
ebi-a-GCST90001861,CD3 on CD28+ CD4+ T cell,2,IVW,194.553946937309,51.0776748466926,-0.0177317084484856,0.0268784666025618,0.982424573216821,0.932008351975583,1.03556801826336,0.509446748025909,0.893740393213083
ebi-a-GCST90001697,CD45RA- CD28- CD8+ T cell %T cell,42,IVW,40.9508122422597,30.4368548278712,-0.000171215527927918,0.000260909651639951,0.999828799128614,0.999317634472177,1.00034022525277,0.511679139358214,0.894617253739668
ebi-a-GCST90001870,CD34 on Hematopoietic Stem Cell,4,IVW,50.7319864687493,31.9278501623972,-0.0214729320615337,0.0329073221119238,0.978755970016967,0.917620581784169,1.04396443133527,0.514060949563452,0.894617253739668
ebi-a-GCST90001935,CD25 on CD39+ CD4 regulatory T cell,1,Wald,48.3285195458835,48.3285195458835,-0.0495348351648352,0.0762346153846154,0.951672005907839,0.819587035094968,1.10504384287107,0.515841909075591,0.894617253739668
ebi-a-GCST90001940,CD25 on CD39+ activated CD4 regulatory T cell,1,Wald,42.151572543618,42.151572543618,-0.0525982497082847,0.0809492415402567,0.948761100975051,0.809564554319646,1.11189110481729,0.515841909075591,0.894617253739668
ebi-a-GCST90001667,CD28+ CD45RA- CD8dim T cell %T cell,3,IVW,55.1412582696398,32.262660103558,0.0108172657625823,0.0171370822348483,1.01087598391416,0.977485896443281,1.04540664839528,0.5278968119829,0.898256411460129
ebi-a-GCST90001476,HLA DR++ monocyte %leukocyte,2,IVW,59.4711145297261,44.0372597425217,0.0249626491138521,0.0397268789449261,1.02527682481129,0.948472926391835,1.10830002443407,0.529770319485433,0.898256411460129
ebi-a-GCST90001740,CD19 on switched memory B cell,2,IVW,37.546803271662,30.6136562529259,-0.0478400163824521,0.0763338736375965,0.953286285067033,0.820817561904421,1.10713364756531,0.530842352618607,0.898256411460129
ebi-a-GCST90001791,CD25 on naive-mature B cell,4,IVW,80.5309145882795,30.3404030767433,0.0234819679859972,0.0376366587123155,1.02375984012842,0.950957522961282,1.10213567373233,0.532685292242463,0.898256411460129
ebi-a-GCST90001636,CD4-CD8- Natural Killer T Absolute Count,1,Wald,47.9706216948903,47.9706216948903,-0.0498777621062529,0.0800296191819464,0.951345707889009,0.813234465386536,1.11291232041999,0.533125980212407,0.898256411460129
ebi-a-GCST90001655,CD28+ CD4-CD8- T cell %T cell,1,Wald,33.2285348919531,33.2285348919531,-0.0638842676311031,0.102602772754671,0.938113563353415,0.767216919388291,1.14707722875731,0.533523187207358,0.898256411460129
ebi-a-GCST90002108,HLA DR on CD33+ HLA DR+ CD14-,3,IVW,124.279735431188,64.4674716265176,0.0121017441020355,0.0194692784053399,1.0121752664909,0.974278539309224,1.05154607102636,0.534217060869535,0.898256411460129
ebi-a-GCST90002104,HLA DR on myeloid Dendritic Cell,7,IVW,129.255623382025,37.0260768956924,-0.0102230820166669,0.0164556671484711,0.989828996069028,0.958413285426442,1.02227447840842,0.534435194010736,0.898256411460129
ebi-a-GCST90001514,Hematopoietic Stem Cell Absolute Count,2,IVW,71.0840513912234,64.1588636222739,0.0136884473809263,0.0221183617967385,1.01378256311925,0.970772102898887,1.05869861959938,0.536000310856769,0.898256411460129
ebi-a-GCST90001712,BAFF-R on IgD- CD38- B cell,7,IVW,360.73198699491,32.2839384043386,-0.0086481703257875,0.0139991081581202,0.991389117531203,0.964556930637397,1.01896772615569,0.536729727018374,0.898256411460129
ebi-a-GCST90001896,CD28 on CD28+ CD45RA+ CD8+ T cell,3,IVW,136.597212555596,32.9556002959782,0.0206885084198885,0.0335286613051276,1.02090399910493,0.955971031910996,1.09024744536975,0.537208671962243,0.898256411460129
ebi-a-GCST90001660,CD39+ CD4+ T cell Absolute Count,6,IVW,110.98434054054,31.5358963569274,-0.023514830269933,0.0381671398516765,0.97675948895455,0.906356625165362,1.05263102047573,0.53782756402521,0.898256411460129
ebi-a-GCST90001768,CD24 on IgD+ CD38+ B cell,2,IVW,51.5060134530068,38.4834675532784,0.045457283521102,0.0738783995201767,1.04650630059485,0.90543084247095,1.20956276925132,0.538357472915797,0.898256411460129
ebi-a-GCST90001703,BAFF-R on IgD+ CD24+ B cell,7,IVW,358.97567401623,33.7378896243828,-0.00858747211405979,0.0139669166800666,0.991449294904075,0.964676343915335,1.0189652836061,0.538657881007392,0.898256411460129
ebi-a-GCST90002034,CD39 on monocyte,2,IVW,30.8794617910236,29.959500211591,0.049415719087855,0.0809121897970219,1.05065703814964,0.896576038099263,1.23121761557848,0.541376562657284,0.90031663981636
ebi-a-GCST90001621,Natural Killer T Absolute Count,5,IVW,52.1176252440304,30.9534003673985,0.0390566253760739,0.064852075747493,1.03982936271183,0.915711936941035,1.18076991239148,0.547013251267103,0.903187824127288
ebi-a-GCST90001589,CD4+/CD8+ T cell,1,Wald,31.2824437824998,31.2824437824998,0.088259842519685,0.146754855643045,1.09227190384099,0.819238790166321,1.45630056369547,0.547566918087055,0.903187824127288
ebi-a-GCST90001593,CD8+ T cell %T cell,1,Wald,35.5208653350776,35.5208653350776,-0.0869364012409514,0.144554291623578,0.916735397012811,0.690552820650484,1.21700145594163,0.547566918087055,0.903187824127288
ebi-a-GCST90002017,CCR2 on monocyte,2,IVW,98.0290396802115,76.4957998603877,-0.019384482735364,0.0328131728591541,0.980802188230822,0.919708688938229,1.04595394607931,0.554685880987757,0.912406050866569
ebi-a-GCST90001834,CD62L on monocyte,2,IVW,138.797080220324,46.8018359633173,-0.0182509159166983,0.0310098614910443,0.981914623437774,0.924011977798442,1.04344570296389,0.556161843197085,0.912406050866569
ebi-a-GCST90001795,CD25 on transitional B cell,2,IVW,53.5472833628873,52.4391780712295,0.0329655341590995,0.0569364584766617,1.03351491766672,0.924381952307752,1.15553217192631,0.562597176131429,0.920475703266246
ebi-a-GCST90001696,CD45RA- CD28- CD8+ T cell %CD8+ T cell,10,IVW,42.5665769140474,30.4977198359587,-0.000392226432389769,0.000680134147480174,0.999607850478342,0.998276198094686,1.00094127922216,0.564149017207694,0.920533477002876
ebi-a-GCST90001846,CD3 on Central Memory CD8+ T cell,3,IVW,113.872078834312,34.7467704423664,-0.0174255956909987,0.0305053405279572,0.982725351945706,0.925689824560812,1.04327507090726,0.567843077852784,0.921051463763142
ebi-a-GCST90001760,CD20 on unswitched memory B cell,4,IVW,43.7526593815552,31.9065692331581,0.0265499604519704,0.0467150970352401,1.02690555064554,0.937056565592528,1.12536964007057,0.569805544364676,0.921051463763142
ebi-a-GCST90001763,CD20 on transitional B cell,2,IVW,68.1720803303452,56.5055960624917,0.0261865094724863,0.0461726623178386,1.02653238863448,0.937712473261536,1.12376530649146,0.570616923808795,0.921051463763142
ebi-a-GCST90001535,CD45RA- CD4+ T cell %CD4+ T cell,4,IVW,44.894458066459,30.3108164555467,0.0140227458298041,0.0247329989992816,1.01412152571178,0.966132846267569,1.06449384562914,0.570737932170925,0.921051463763142
ebi-a-GCST90001614,CD8+ and CD8dim T cell %leukocyte,2,IVW,36.1235733521095,34.512452826668,-0.0454248076990655,0.0803936254836054,0.955591452990725,0.816281250520956,1.11867695655896,0.572053380294406,0.921051463763142
ebi-a-GCST90002065,CD4 on CD39+ resting CD4 regulatory T cell,1,Wald,29.9419087438264,29.9419087438264,0.0485217624932832,0.086444653412144,1.04971821605738,0.886113920504961,1.24352897254424,0.574590056949284,0.922688266053479
ebi-a-GCST90001484,CD39+ resting CD4 regulatory T cell %resting CD4 regulatory T cell,8,IVW,320.673681321414,31.6568805547166,-0.0130714652464286,0.0235400647729339,0.987013595329931,0.942508828871075,1.03361985323044,0.578699145077761,0.926834778528234
ebi-a-GCST90001818,CD38 on IgD+ B cell,1,Wald,45.2911984857077,45.2911984857077,0.0498316032295271,0.0904381281924535,1.05109408062336,0.88035756688903,1.2549432274724,0.581632199555756,0.928290746444909
ebi-a-GCST90001787,CD25 on IgD- CD38- B cell,3,IVW,85.9526540500831,31.4221688050817,0.0226470931008675,0.0412144899005334,1.02290548543875,0.943524160579275,1.10896538303618,0.582666844144169,0.928290746444909
ebi-a-GCST90001634,CD8dim Natural Killer T %T cell,5,IVW,66.0352541840894,30.5045799707579,0.0204115669134699,0.0374933427600447,1.02062130755983,0.948308521648181,1.09844826832801,0.58616273890226,0.929901466053826
ebi-a-GCST90001783,CD25 on IgD+ CD38+ B cell,3,IVW,60.0592113387023,39.1380195570492,0.023998580890146,0.0441504523616031,1.02428886431117,0.939378957347499,1.1168737274192,0.586741781711063,0.929901466053826
ebi-a-GCST90001722,CD19 on CD20- CD38- B cell,1,Wald,31.1822037456078,31.1822037456078,-0.0640618260244429,0.119160316319195,0.937947008203406,0.742586404031187,1.18470333609929,0.590846044678987,0.933967575833711
ebi-a-GCST90001431,IgD+ CD38- B cell %lymphocyte,2,IVW,39.2552505998553,37.0839001189061,-0.0817669676339551,0.152857574038559,0.921486669897013,0.682926654288512,1.24338049696206,0.592703394796306,0.934470027639891
ebi-a-GCST90001838,CD3 on naive CD8+ T cell,7,IVW,120.298898946578,30.7166450345388,-0.00988652394372676,0.0187095139468247,0.990162187074401,0.954509988452668,1.02714604202445,0.597206279743405,0.939130082394421
ebi-a-GCST90001883,CD16-CD56 on Natural Killer T,4,IVW,131.589860396229,41.3199832646665,0.0195114240648698,0.0376536981518986,1.01970301594752,0.947157557429978,1.09780493496125,0.604332117735744,0.945711095389411
ebi-a-GCST90001442,CD24+ CD27+ B cell %lymphocyte,3,IVW,43.4895793485446,31.8139295590772,-0.0342856444101043,0.0664164488892406,0.96629544831909,0.848350091842523,1.10063864249044,0.605699236827225,0.945711095389411
ebi-a-GCST90001919,CD45 on Natural Killer T,1,Wald,30.3457530395772,30.3457530395772,0.0450372248803828,0.0873325358851675,1.04606679889542,0.881496237492471,1.24136179056654,0.606065265414301,0.945711095389411
ebi-a-GCST90001661,CD28- CD8dim T cell %T cell,3,IVW,34.5865045384014,32.147176375171,-0.0244532375256514,0.0486958607053488,0.975843320699724,0.887011683786793,1.07357118734769,0.615553184709952,0.956264067448672
ebi-a-GCST90002000,PDL-1 on CD14- CD16-,1,Wald,40.3724268490573,40.3724268490573,-0.0543432248838041,0.108779764032892,0.947106980026072,0.76525087144297,1.17217982375203,0.617377121123247,0.956264067448672
ebi-a-GCST90001671,CD39+ CD8+ T cell %CD8+ T cell,7,IVW,110.717967311344,32.0414796826301,0.0132828270046401,0.0266018644092419,1.013371435641,0.961888415509921,1.06760997431154,0.617554389522042,0.956264067448672
ebi-a-GCST90001823,IgD on IgD+ CD38- unswitched memory B cell,2,IVW,153.938210855239,37.4832448509743,0.00992413707255666,0.0200862269826621,1.00997354462807,0.970984408659084,1.05052825951887,0.621252000816479,0.959541894390847
ebi-a-GCST90002032,CD39 on CD39+ CD4+ T cell,5,IVW,513.284042011208,31.0158839449447,0.0106229610856876,0.0216085664744878,1.01067958506395,0.968768279623036,1.05440407696102,0.62299593264737,0.959793226185161
ebi-a-GCST90001826,IgD on unswitched memory B cell,6,IVW,97.813397001757,31.5033962311772,-0.0100875062598465,0.0209318099397887,0.989963201981621,0.950170483908846,1.03142242142277,0.629861134753107,0.967913186823128
ebi-a-GCST90001486,Activated CD4 regulatory T cell Absolute Count,2,IVW,34.3655694361494,30.167966139452,0.0166626210669865,0.0355251790306037,1.01680221680322,0.948411565768585,1.09012456765864,0.639043236039952,0.975068848195545
ebi-a-GCST90001863,CD3 on CD28+ CD45RA- CD8+ T cell,5,IVW,65.8920857670664,30.2114371778798,-0.0142054475020021,0.0302894659645,0.985894973795173,0.929068506405968,1.04619723158484,0.639076999604686,0.975068848195545
ebi-a-GCST90001436,Memory B cell %lymphocyte,2,IVW,51.3023197247239,30.7434279815847,-0.0400333838285099,0.0855539597236622,0.960757364857837,0.812435181247385,1.13615797965734,0.639833650482372,0.975068848195545
ebi-a-GCST90001489,CD39+ activated CD4 regulatory T cell Absolute Count,5,IVW,414.585960860207,43.2163327032136,0.0136735976949346,0.0293604988800921,1.0137675088783,0.957075517379516,1.07381762817551,0.641420173393973,0.975068848195545
ebi-a-GCST90001693,CD28+ CD45RA- CD8+ T cell Absolute Count,2,IVW,63.6305402538111,43.2625567473357,0.00848741027010308,0.0182864274075329,1.00852353045327,0.973016744839172,1.04532600993012,0.642549488102501,0.975068848195545
ebi-a-GCST90001451,CD62L- monocyte %monocyte,4,IVW,54.5516305598896,29.8939112835217,0.01597560113567,0.0348557967170452,1.01610389332261,0.949004479235976,1.08794757518593,0.646712409986198,0.976142016461755
ebi-a-GCST90002060,CD8 on HLA DR+ CD8+ T cell,2,IVW,48.3176449249605,34.0414724261059,0.0255477475345426,0.0558595152095791,1.02587688819321,0.91948927194486,1.1445738649054,0.647414372956136,0.976142016461755
ebi-a-GCST90002099,CD4RA on Terminally Differentiated CD4+ T cell,3,IVW,48.4415769272468,34.7049308891285,-0.00846828709031469,0.0186891277284367,0.991567467853913,0.955902864334141,1.0285627127931,0.65046736100893,0.976142016461755
ebi-a-GCST90001706,BAFF-R on IgD+ CD38- naive B cell,8,IVW,185.774870682377,40.0101039134232,-0.00784574741771705,0.0175329281353688,0.992184950124372,0.95866816434126,1.02687354380829,0.654523883628359,0.976142016461755
ebi-a-GCST90001521,CD33+ HLA DR+ CD14dim %CD33+ HLA DR+,1,Wald,30.9526019181966,30.9526019181966,-0.0252699356913183,0.0569061093247588,0.975046676602896,0.872139483286369,1.09009629740864,0.65699655253766,0.976142016461755
ebi-a-GCST90001720,BAFF-R on transitional B cell,8,IVW,272.739354656743,66.0468786982249,-0.00860751158195708,0.0196221827380384,0.99142942698683,0.954023485656294,1.03030200353952,0.660906256335865,0.976142016461755
ebi-a-GCST90001924,CD127 on CD28+ CD4+ T cell,3,IVW,39.1508657239447,33.2495449599477,-0.0203470428330335,0.0464050804225488,0.979858561402348,0.894669412490061,1.07315929990414,0.661048623557095,0.976142016461755
ebi-a-GCST90001668,CD28+ CD45RA- CD8dim T cell %CD8dim T cell,2,IVW,60.2292297479695,42.9494245093954,0.00827780448741726,0.0189483581235479,1.0083121602423,0.971551522663285,1.04646371167785,0.662211934767256,0.976142016461755
ebi-a-GCST90001933,CD25 on CD45RA- CD4 not regulatory T cell,2,IVW,77.6981639476647,33.3764792454157,-0.0224531305405726,0.0515057634608303,0.977797064939231,0.883906114833781,1.08166137122331,0.662884375674535,0.976142016461755
ebi-a-GCST90001858,CD3 on CD45RA+ CD4+ T cell,5,IVW,176.624261685336,36.7658217995447,-0.00789320483542203,0.0183336027386879,0.992137864706038,0.957119461464431,1.02843749627385,0.666808607677623,0.976142016461755
ebi-a-GCST90001958,CD4 on monocyte,1,Wald,76.9202454085139,76.9202454085139,-0.0253267185912631,0.0592302742973248,0.974991312196908,0.8681263102269,1.0950112301181,0.668944169458787,0.976142016461755
ebi-a-GCST90001495,CD39+ secreting CD4 regulatory T cell Absolute Count,5,IVW,527.534096377209,44.2000768280166,0.0114939425023183,0.0269629125629737,1.01156025166716,0.95949001876995,1.06645626607427,0.669898637738879,0.976142016461755
ebi-a-GCST90001831,CD62L on CD62L+ myeloid Dendritic Cell,2,IVW,71.2976845257705,41.9555568109597,0.0191104192146121,0.0448903717537784,1.01929419206796,0.933443624442532,1.11304059803715,0.670316916946972,0.976142016461755
ebi-a-GCST90001695,CD45RA- CD28- CD8+ T cell Absolute Count,146,IVW,40.8501368524597,29.8844444444444,2.75570549656478e-06,6.48402771300267e-06,1.00000275570929,0.99999004706071,1.00001546451939,0.670837380950172,0.976142016461755
ebi-a-GCST90001983,CD14 on CD14+ CD16+ monocyte,2,IVW,40.919694952272,38.3020352262234,-0.0239920782468906,0.0564601767231369,0.976293443682899,0.874018248176363,1.09053659939819,0.670881824934652,0.976142016461755
ebi-a-GCST90001841,CD3 on Central Memory CD4+ T cell,4,IVW,154.367514793728,30.4805442403939,-0.00912030424786397,0.0214909214438126,0.990921159576944,0.950048246129381,1.033552504831,0.671289145077361,0.976142016461755
ebi-a-GCST90001886,CD28 on CD39+ activated CD4 regulatory T cell,2,IVW,80.9151337101112,30.3018391483365,-0.021589224445819,0.0508788016792702,0.978642154769631,0.885757847336326,1.08126670282661,0.67132770685377,0.976142016461755
ebi-a-GCST90001911,CD45 on Natural Killer,3,IVW,48.1041897669619,32.3616475881734,-0.0199616882827926,0.0487523418422318,0.980236227120505,0.890906069688497,1.07852341975334,0.682208822013394,0.976142016461755
ebi-a-GCST90001588,T/B cell,2,IVW,54.73500749525,40.538054623381,0.0315362774163051,0.0770949699557755,1.03203881461827,0.887302015454399,1.20038509586076,0.68249744788002,0.976142016461755
ebi-a-GCST90001602,Lymphocyte %leukocyte,1,Wald,32.76515327558,32.76515327558,0.055502396804261,0.13601930758988,1.05707155066298,0.809696780815847,1.38002310209898,0.683238487311594,0.976142016461755
ebi-a-GCST90001652,Granulocyte %leukocyte,1,Wald,32.5545603417586,32.5545603417586,-0.0551353174603175,0.135119708994709,0.946357080652101,0.726170860293311,1.23330716374191,0.683238487311594,0.976142016461755
ebi-a-GCST90001842,CD3 on Naive CD4+ T cell,5,IVW,201.900217696641,39.1981620038353,-0.00712115295453942,0.0174770478354439,0.992904142375575,0.959468142079962,1.02750533624744,0.683672055834069,0.976142016461755
ebi-a-GCST90002071,SSC-A on myeloid Dendritic Cell,5,IVW,39.4621893492338,30.950920477705,-0.0199186511153811,0.048922615527014,0.980278414618923,0.890647121597808,1.07892985545596,0.683900701347181,0.976142016461755
ebi-a-GCST90001743,CD20 on B cell,4,IVW,45.7943249849689,39.574436254244,0.0157071749497794,0.0386223098919827,1.01583118103325,0.941771547459643,1.09571476346139,0.684238201491626,0.976142016461755
ebi-a-GCST90002109,HLA DR on CD33+ HLA DR+ CD14dim,3,IVW,63.305283409566,35.3822521814501,0.0107764379301538,0.0266378098665902,1.01083471288139,0.959412971660966,1.06501250967773,0.685805228109084,0.976142016461755
ebi-a-GCST90001782,CD25 on IgD+ CD38- unswitched memory B cell,1,Wald,148.668246298654,148.668246298654,0.0149840643597091,0.0373140841966057,1.01509688826796,0.943506956930347,1.09211880739461,0.68800351897507,0.976142016461755
ebi-a-GCST90001966,FSC-A on granulocyte,2,IVW,103.927792759036,35.9406919375811,0.0203897276122666,0.050852030282303,1.02059901814707,0.923780996931602,1.12756417300484,0.688448161586759,0.976142016461755
ebi-a-GCST90001690,CD28+ CD45RA+ CD8+ T cell Absolute Count,3,IVW,33.0139122956678,30.4013668930402,0.0298101452651265,0.0745164745145714,1.03025891585127,0.890259625471372,1.19227403256554,0.689121374027159,0.976142016461755
ebi-a-GCST90001705,BAFF-R on IgD+ CD38- B cell,9,IVW,306.3804193676,32.0195322937529,-0.0068553873109243,0.0171813977694557,0.993168057252222,0.960279465547657,1.027183049659,0.689892792524041,0.976142016461755
ebi-a-GCST90001884,CD16-CD56 on Natural Killer,8,IVW,150.529881702679,33.0734881739624,0.0100145061120172,0.0252489132572608,1.01006481909131,0.961295558840935,1.06130828274717,0.691639460543914,0.976337564070129
ebi-a-GCST90001688,CD28+ CD45RA+ CD8+ T cell %T cell,38,IVW,32.7396576392323,30.0372324393322,0.00054699139606266,0.00140413906447955,1.00054714102314,0.997797308323267,1.00330455199548,0.696864578203896,0.977221476698678
ebi-a-GCST90002031,CD39 on CD39+ secreting CD4 regulatory T cell,5,IVW,556.428116937391,32.041949350074,0.00800576627523951,0.0206493351436635,1.00803789811149,0.968054462276083,1.04967276493916,0.698237373351469,0.977221476698678
ebi-a-GCST90001749,CD20 on IgD+ CD38- naive B cell,1,Wald,46.0373096422679,46.0373096422679,0.0226079842931937,0.0583390052356021,1.02286548160711,0.912345551967942,1.14677360042646,0.698365534324147,0.977221476698678
ebi-a-GCST90001583,Monocyte Absolute Count,1,Wald,31.8947191615157,31.8947191615157,-0.0373922351233672,0.0969034833091437,0.96329822184154,0.796663368724763,1.16478741289241,0.699592276991601,0.977221476698678
ebi-a-GCST90001811,CD38 on IgD+ CD24- B cell,2,IVW,54.6390316756768,33.4464660893861,0.01732550552257,0.0450135919737806,1.01747646263599,0.931553985896473,1.11132405388398,0.700315226299711,0.977221476698678
ebi-a-GCST90001810,CD38 on CD3- CD19-,1,Wald,34.0533898532266,34.0533898532266,0.0270089769307924,0.0709638916750251,1.02737702541455,0.893972512654969,1.18068904514184,0.703498828854371,0.978327342306499
ebi-a-GCST90001804,CD27 on IgD- CD38dim B cell,9,IVW,136.96310177343,38.9481918452592,0.00929887048133218,0.0245691197584453,1.00934223930022,0.961888630003611,1.05913691487523,0.705075558889087,0.978327342306499
ebi-a-GCST90001672,CD39+ CD8+ T cell Absolute Count,6,IVW,123.9551008584,61.08201141052,0.00979017078776162,0.0260082236868284,1.00983825128713,0.959650668580546,1.06265053227236,0.706600243281254,0.978327342306499
ebi-a-GCST90001988,HLA DR on CD14+ CD16- monocyte,5,IVW,197.84968443538,46.5160342269162,0.00600033761617304,0.0160834093466772,1.00601837570208,0.974799817252089,1.03823672751933,0.70909171433436,0.978327342306499
ebi-a-GCST90001938,CD25 on CD39+ resting CD4 regulatory T cell,1,Wald,31.0680127795894,31.0680127795894,-0.0424895161290323,0.11498064516129,0.958400513215593,0.765021316647474,1.20066137210027,0.711728060585666,0.978327342306499
ebi-a-GCST90001599,CD4-CD8- T cell %T cell,3,IVW,46.4799381410852,33.3605826397146,0.0198662094029077,0.0537636620043942,1.02006485581068,0.918043441004406,1.13342382678715,0.711747639469511,0.978327342306499
ebi-a-GCST90001991,HLA DR on CD14+ monocyte,5,IVW,185.436476072217,47.1588957503954,0.00610689703578412,0.0165656477012235,1.00612558214814,0.973982665760332,1.03932926389681,0.712389926358274,0.978327342306499
ebi-a-GCST90001845,CD3 on CD45RA- CD4+ T cell,3,IVW,163.023811281171,37.2511349577074,-0.00878045257793979,0.0242474275949254,0.991257983019553,0.945250402248483,1.03950486195264,0.717263156873467,0.982796244293893
ebi-a-GCST90001794,CD25 on IgD+ B cell,2,IVW,88.48320075994,38.0779298036883,0.0168052925352689,0.0476901861644225,1.01694729581751,0.926197788782095,1.11658850301343,0.724549765406727,0.987772535434594
ebi-a-GCST90001976,FSC-A on Natural Killer T,2,IVW,30.2055348236364,30.0449020630394,0.0293425130371699,0.0834097713230183,1.02977724620998,0.874467071993652,1.21267136382182,0.724997650681877,0.987772535434594
ebi-a-GCST90002039,CD80 on monocyte,6,IVW,122.892110494363,30.244845580414,-0.0075702879883775,0.0217290421317773,0.992458294470443,0.951077990780259,1.035639007328,0.727543613879686,0.987772535434594
ebi-a-GCST90001561,CD45RA+ CD8+ T cell %CD8+ T cell,5,IVW,70.6923223380983,30.8354367440882,-0.00652997116256697,0.0190982712347857,0.993491302767887,0.956989764697074,1.03138508381839,0.732415422266841,0.987772535434594
ebi-a-GCST90002072,SSC-A on plasmacytoid Dendritic Cell,5,IVW,37.4764342097501,30.1281998284746,0.0147182109041317,0.0432881641964183,1.01482705712183,0.932275794784305,1.10468807795747,0.733852438344664,0.987772535434594
ebi-a-GCST90001851,CD3 on T cell,3,IVW,111.624791286595,32.3864462809917,-0.00942663090490093,0.0279892917369111,0.990617660498046,0.937737103504472,1.04648024016887,0.736272051412075,0.987772535434594
ebi-a-GCST90001670,CD39+ CD8+ T cell %T cell,7,IVW,108.80999686105,31.5226152141912,0.00857639654193915,0.0257053163598871,1.00861327919545,0.959055796794803,1.06073155531644,0.7386490346577,0.987772535434594
ebi-a-GCST90002056,CD8 on Effector Memory CD8+ T cell,3,IVW,62.2714887109359,36.0778738956678,0.00977503103640645,0.0305093249331685,1.00982296270283,0.951207312637749,1.07205064811173,0.748669017863094,0.987772535434594
ebi-a-GCST90001625,HLA DR+ CD4+ T cell %T cell,1,Wald,141.696265622817,141.696265622817,-0.0177025761124122,0.0552559384409502,0.982453193956547,0.881611130382059,1.09482995966388,0.748684694277701,0.987772535434594
ebi-a-GCST90001803,CD27 on IgD- CD38+ B cell,2,IVW,38.4701824984791,30.432618657967,-0.020491372129126,0.0646062690872846,0.97971714931111,0.863190682236171,1.1119741123337,0.751112242629168,0.987772535434594
ebi-a-GCST90001867,CD3 on CD4+ T cell,2,IVW,41.0128263334809,30.3498482032101,-0.0143059183791782,0.045366312615889,0.985795925038194,0.901925017884257,1.07746607151618,0.752501754316229,0.987772535434594
ebi-a-GCST90001789,CD25 on IgD- CD38dim B cell,3,IVW,108.794080058294,34.979128655488,0.0127287696445358,0.0405856070975567,1.012810125252,0.93536446803138,1.09666807418065,0.753803836737341,0.987772535434594
ebi-a-GCST90001753,CD20 on IgD- CD24- B cell,2,IVW,39.8747483123396,35.3352710775047,0.018094015181635,0.0584568978731202,1.01825870366679,0.908026691716205,1.14187258706403,0.756920326160897,0.987772535434594
ebi-a-GCST90001969,FSC-A on Natural Killer,3,IVW,53.7212217703174,30.8460247499048,-0.0139478361724084,0.0453382789914909,0.98614898422679,0.902297615211576,1.0777927401077,0.758356816462458,0.987772535434594
ebi-a-GCST90001395,IgD+ CD38- B cell %B cell,2,IVW,32.5331237295278,30.3243699780862,-0.0276651027487896,0.0901189712401707,0.972714071528162,0.815219166143132,1.16063594214218,0.758855377768632,0.987772535434594
ebi-a-GCST90001558,Terminally Differentiated CD8+ T cell %CD8+ T cell,4,IVW,51.616276915153,30.9502509537563,-0.0215577843258899,0.0709288786261271,0.978672923880035,0.851651063066348,1.12463981256286,0.761177244633416,0.987772535434594
ebi-a-GCST90001624,HLA DR+ CD4+ T cell Absolute Count,2,IVW,72.7259295347522,34.4329682345179,-0.0135661448655075,0.0446656135743961,0.986525460565681,0.903832930131392,1.07678360889423,0.761336021722387,0.987772535434594
ebi-a-GCST90001397,Unswitched memory B cell %B cell,1,Wald,38.1346437675813,38.1346437675813,0.0282507656278148,0.0940511619528013,1.02865360304808,0.855482611155582,1.23687871765679,0.763889931844984,0.987772535434594
ebi-a-GCST90001890,CD28 on CD45RA+ CD4+ T cell,2,IVW,130.885808627601,115.097293649099,-0.0111275417512205,0.0370969272005512,0.988934140339481,0.919580658283101,1.06351816463272,0.764208746987499,0.987772535434594
ebi-a-GCST90001981,CD40 on CD14+ CD16+ monocyte,4,IVW,212.518526092576,32.9272634742858,0.00946209846914283,0.0320396357718816,1.00950700564983,0.948061801265397,1.07493455921952,0.767745786556661,0.987772535434594
ebi-a-GCST90002113,HLA DR on HLA DR+ T cell,1,Wald,76.6491113827153,76.6491113827153,-0.0172616933826552,0.0585618577887382,0.982886436100029,0.876303370494417,1.10243299158413,0.768177222501379,0.987772535434594
ebi-a-GCST90002114,HLA DR on HLA DR+ CD4+ T cell,1,Wald,36.3902410518627,36.3902410518627,-0.0250882317801673,0.0851140979689367,0.975223862494787,0.825379611109079,1.15227171737534,0.768177222501379,0.987772535434594
ebi-a-GCST90001816,CD38 on naive-mature B cell,3,IVW,58.7384168718537,36.5257565161996,0.0109027093078652,0.03715307897924,1.01096236043217,0.939960594359027,1.08732738408842,0.769175367667285,0.987772535434594
ebi-a-GCST90001934,CD25 on CD45RA+ CD4 not regulatory T cell,1,Wald,58.5106997900661,58.5106997900661,0.0178032003507234,0.0607378342832091,1.01796262198862,0.903713444652634,1.14665539823218,0.769433873511091,0.987772535434594
ebi-a-GCST90002008,CCR2 on monocyte,2,IVW,52.8589677817461,35.2846710565503,0.014941606884248,0.051210876669588,1.01505379073165,0.918115837769551,1.12222679937834,0.770465330095605,0.987772535434594
ebi-a-GCST90001626,HLA DR+ CD4+ T cell %lymphocyte,2,IVW,90.6858019510325,32.3613004123458,-0.0127590051004727,0.0437539443537486,0.987322045928738,0.906180526619421,1.07572916625509,0.770586272499591,0.987772535434594
ebi-a-GCST90001775,CD25 on B cell,3,IVW,74.242947175005,31.4359781671933,0.0116267043105795,0.040237039792574,1.01169455715046,0.934972750766974,1.0947119861282,0.772615614793042,0.987772535434594
ebi-a-GCST90001843,CD3 on Effector Memory CD4+ T cell,2,IVW,186.753805085202,36.1168081886456,-0.00814499365649325,0.0284605441787074,0.991888086929689,0.938072857035302,1.04879058125867,0.774736086771372,0.987772535434594
ebi-a-GCST90001718,BAFF-R on switched memory B cell,10,IVW,262.766518957421,31.6874826388984,-0.00448110788087328,0.0159138616095018,0.995528917302813,0.964956480453738,1.02706997181893,0.778261590993099,0.987772535434594
ebi-a-GCST90001815,CD38 on IgD- CD38dim B cell,3,IVW,72.5384447364102,46.7899609044492,0.00941514387779779,0.0336239694595467,1.00945960577375,0.945077980105308,1.07822710627048,0.779467637984697,0.987772535434594
ebi-a-GCST90002054,CD8 on Central Memory CD8+ T cell,2,IVW,80.1027522162632,44.600526657775,-0.0116123071065612,0.0416971840548467,0.988454855509257,0.91088485129176,1.07263064040888,0.780635166887377,0.987772535434594
ebi-a-GCST90001892,CD28 on CD39+ CD4+ T cell,6,IVW,124.395080800748,30.0243948207919,-0.0118935846925158,0.0431030079590181,0.988176864411839,0.908122969766597,1.07528776153497,0.782598771638351,0.987772535434594
ebi-a-GCST90002106,HLA DR on Dendritic Cell,7,IVW,162.629534581273,41.3909947663841,-0.00385024732507731,0.0140739841886197,0.996157155373367,0.969053694510757,1.02401867287917,0.784413591111481,0.987772535434594
ebi-a-GCST90001711,BAFF-R on IgD- CD27- B cell,9,IVW,271.397480369914,31.3583308716887,0.00392791357394435,0.014460242198189,1.0039356379367,0.975881453880069,1.0327963105683,0.785902382564945,0.987772535434594
ebi-a-GCST90001503,Activated & secreting CD4 regulatory T cell %CD4+ T cell,9,IVW,47.878252692733,30.3474234474117,-0.00273671277360558,0.0101000435001572,0.997267028610987,0.977719169400983,1.01720571456517,0.786421417367145,0.987772535434594
ebi-a-GCST90001638,CD4-CD8- Natural Killer T %lymphocyte,6,IVW,61.7551033034705,32.1313163087306,-0.0113203117914876,0.0423628533827016,0.988743521838784,0.909962850053517,1.07434468552278,0.789297776966284,0.987772535434594
ebi-a-GCST90001613,CD4-CD8- T cell %leukocyte,4,IVW,39.2665264336593,31.2924003940467,-0.0152725373298151,0.0573913941624406,0.984843496407532,0.880064859817191,1.1020968529725,0.790152971616724,0.987772535434594
ebi-a-GCST90001980,CD40 on CD14+ CD16- monocyte,4,IVW,187.758285604334,32.4993304118251,0.0096666145714717,0.0363946084091061,1.00971348720158,0.940196091109449,1.08437094759001,0.790542913713897,0.987772535434594
ebi-a-GCST90001710,BAFF-R on IgD- CD24- B cell,9,IVW,266.532206489607,30.1846564251792,0.00384179675780982,0.014560470847811,1.0038491859185,0.975605742921885,1.03291026665257,0.791894630316476,0.987772535434594
ebi-a-GCST90001699,CD45RA+ CD28- CD8+ T cell %CD8+ T cell,1,Wald,54.4501170655567,54.4501170655567,-0.00129166848816029,0.00492269581056466,0.998709165356526,0.989119473552413,1.00839183095335,0.793020415956566,0.987772535434594
ebi-a-GCST90001793,CD25 on switched memory B cell,2,IVW,141.362954070364,86.2451696111207,0.0110750598373696,0.0435345539656227,1.01113661534634,0.928437079779961,1.10120252320852,0.799188869959061,0.987772535434594
ebi-a-GCST90001502,Activated & secreting CD4 regulatory T cell %CD4 regulatory T cell,9,IVW,86.1826766839747,31.976515479401,0.00272461646229324,0.0109868277556056,1.00272833160307,0.981366230006057,1.02455543736539,0.804142633663708,0.987772535434594
ebi-a-GCST90001701,BAFF-R on CD20- CD38- B cell,1,Wald,164.770615465292,164.770615465292,-0.0112058177615103,0.0454856482373338,0.988856733550122,0.904513826148045,1.0810643366853,0.805404019096851,0.987772535434594
ebi-a-GCST90001629,HLA DR+ CD8+ T cell %lymphocyte,2,IVW,158.369387999042,35.8660050790176,0.00800747522149949,0.0325465327477651,1.00803962079556,0.945743650733302,1.07443901558922,0.805657778169287,0.987772535434594
ebi-a-GCST90001905,CD86 on monocyte,1,Wald,39.4065421830368,39.4065421830368,0.022250055029716,0.0908668280871671,1.02249943363219,0.855688451154542,1.2218291486434,0.806561395899632,0.987772535434594
ebi-a-GCST90001698,CD45RA+ CD28- CD8+ T cell Absolute Count,428,IVW,65.7954740029602,29.913932883739,-9.022256373036e-07,3.7058671626118e-06,0.99999909777477,0.999991834308063,1.00000636129423,0.80765006789822,0.987772535434594
ebi-a-GCST90001989,CD40 on CD14- CD16+ monocyte,9,IVW,138.322009508755,31.0573076617832,0.00433284836460917,0.0178286928020678,1.00434224872396,0.969852394650274,1.04005862968007,0.807984714320356,0.987772535434594
ebi-a-GCST90001820,IgD on IgD+ CD24+ B cell,6,IVW,103.890462872853,31.9765242642974,0.0057619511976921,0.0239761976831722,1.00577858316735,0.959607054770292,1.05417165633518,0.810082470501775,0.987772535434594
ebi-a-GCST90001491,CD39+ activated CD4 regulatory T cell %CD4 regulatory T cell,6,IVW,405.455639893909,43.1995639381636,0.00521876467722591,0.0220151424733668,1.00523240614983,0.962779452625605,1.04955728710043,0.812615352777642,0.987772535434594
ebi-a-GCST90001540,Naive CD4+ T cell Absolute Count,2,IVW,48.0738094426101,42.2384005582921,0.0109426783882843,0.0473868542420975,1.01100276847559,0.9213313311275,1.10940175736177,0.817375214904406,0.987772535434594
ebi-a-GCST90001868,CD3 on CD4 regulatory T cell,4,IVW,193.353331208032,40.3214165317566,-0.00457799458101688,0.0201617238976878,0.995432468463499,0.956863076598161,1.03555652162285,0.8203742503666,0.987772535434594
ebi-a-GCST90002102,CD45RA on resting CD4 regulatory T cell,7,IVW,73.5600069242421,38.9557354445175,-0.00309628527847181,0.0137303248694824,0.99690850326928,0.970438039775044,1.02410099682508,0.82158482894853,0.987772535434594
ebi-a-GCST90001790,CD25 on memory B cell,4,IVW,95.5658465447806,31.5677791049709,-0.00695273304115226,0.0309423249961655,0.993071381288022,0.934634542222674,1.05516190958235,0.822212850304648,0.987772535434594
ebi-a-GCST90001777,CD25 on CD24+ CD27+ B cell,4,IVW,98.7361823454788,30.4215227308102,-0.00666828714394225,0.0305184559009654,0.993353896546314,0.935677455506845,1.05458559247773,0.8270394426885,0.987772535434594
ebi-a-GCST90001620,HLA DR+ T cell%lymphocyte,4,IVW,105.93997657051,30.8167324128863,-0.00613510612383458,0.0280878902236459,0.993883675211617,0.940646973334453,1.05013335273969,0.827097747212588,0.987772535434594
ebi-a-GCST90001932,CD127 on CD45RA+ CD4+ T cell,4,IVW,50.5647934795347,47.1190066460259,0.00871291582658672,0.0402160176422154,1.00875098375826,0.93229081589019,1.09148189587348,0.828478876273309,0.987772535434594
ebi-a-GCST90001857,CD3 on activated & secreting CD4 regulatory T cell,4,IVW,191.329696643697,36.7906680138744,-0.00436041745725332,0.0201264869584754,0.995649075360386,0.95713739260259,1.0357103263623,0.828480572289984,0.987772535434594
ebi-a-GCST90001830,BAFF-R on CD20- B cell,1,Wald,111.596189722426,111.596189722426,-0.0120270699881376,0.0558279952550415,0.988044966134403,0.88563538653733,1.10229657706025,0.829431454479546,0.987772535434594
ebi-a-GCST90002024,CD4 on naive CD4+ T cell,6,IVW,37.4901506169635,29.966022174202,0.0127000725419214,0.0594715002589819,1.01278106095294,0.901347811135842,1.13799075645659,0.830898863997286,0.987772535434594
ebi-a-GCST90001582,CD14+ CD16- monocyte Absolute Count,3,IVW,37.2162885090547,36.9099803302223,0.0125544855057064,0.059002708654483,1.01263362389267,0.902045042911725,1.13678010238602,0.831500029561173,0.987772535434594
ebi-a-GCST90001860,CD3 on CD39+ CD4+ T cell,4,IVW,196.169241396944,32.2773424822199,0.00526041290669116,0.0248820988472256,1.00527427317158,0.957424415150476,1.05551555643358,0.832564582504837,0.987772535434594
ebi-a-GCST90001798,CD27 on CD24+ CD27+ B cell,11,IVW,110.578205478916,31.0808373004387,0.00526689904616159,0.0251780501963481,1.00528079354187,0.956875414548489,1.05613485151672,0.834302934460263,0.987772535434594
ebi-a-GCST90001675,CD28- CD127- CD25++ CD8+ T cell Absolute Count,1,Wald,30.0598309278269,30.0598309278269,-0.0158376187814421,0.0759295695919508,0.984287136824001,0.848182397284473,1.14223210811608,0.834773768652246,0.987772535434594
ebi-a-GCST90001778,CD25 on IgD+ CD24+ B cell,3,IVW,98.1182976290437,38.2239959843488,-0.00725360727974624,0.0353219569364614,0.992772636636846,0.926367140515363,1.06393832957693,0.837293298034494,0.987772535434594
ebi-a-GCST90002116,HLA DR on B cell,9,IVW,121.42612915523,30.3051169032416,-0.00325320188078085,0.0158726238678144,0.996752084046841,0.966220176592434,1.02824877923327,0.837605892566181,0.987772535434594
ebi-a-GCST90001641,CD3- lymphocyte %leukocyte,1,Wald,35.3525311946886,35.3525311946886,0.0214708295350957,0.105593892433911,1.02170298635158,0.830694484587107,1.25663166385243,0.838873974922202,0.987772535434594
ebi-a-GCST90001653,CD28- CD4-CD8- T cell %CD4-CD8- T cell,1,Wald,43.077462384028,43.077462384028,-0.0193457905544148,0.0951429158110883,0.980840138340746,0.813974772443391,1.18191301444444,0.838873974922202,0.987772535434594
ebi-a-GCST90001656,CD28+ CD4-CD8- T cell %CD4-CD8- T cell,1,Wald,43.077462384028,43.077462384028,0.0193457905544148,0.0951429158110883,1.0195341329441,0.8460859536859,1.22853930349487,0.838873974922202,0.987772535434594
ebi-a-GCST90001662,CD28- CD8dim T cell %CD8dim T cell,1,Wald,39.2083435013506,39.2083435013506,-0.0206338151554972,0.10147744196233,0.979577605374141,0.802896390482711,1.19513837193069,0.838873974922202,0.987772535434594
ebi-a-GCST90001853,CD3 on activated CD4 regulatory T cell,4,IVW,183.991771841864,34.8732026585846,-0.00410737471344972,0.0204154491617826,0.995901049012988,0.956837546252995,1.03655934417411,0.840550374446626,0.987772535434594
ebi-a-GCST90002009,HLA DR on CD14- CD16-,4,IVW,105.924484127601,51.3668201069786,0.0100743420202737,0.0529542910664987,1.01012525904538,0.910541256913782,1.12060055622291,0.849116367061214,0.987772535434594
ebi-a-GCST90001504,CD25++ CD4+ T cell Absolute Count,1,Wald,66.865896625781,66.865896625781,-0.0138191135135135,0.0727264864864865,0.986275932116466,0.855248655631355,1.13737707492111,0.849297482135301,0.987772535434594
ebi-a-GCST90001505,CD25++ CD4+ T cell %CD4+ T cell,1,Wald,115.477631760909,115.477631760909,-0.0107961824324324,0.0568175675675676,0.989261887180536,0.885007981947763,1.10579689832194,0.849297482135301,0.987772535434594
ebi-a-GCST90001506,CD25++ CD4+ T cell %T cell,1,Wald,85.9337666688518,85.9337666688518,-0.0123959270752521,0.0652366175329713,0.987680585952494,0.86913249460416,1.12239842132672,0.849297482135301,0.987772535434594
ebi-a-GCST90001960,CD25 on CD4+ T cell,1,Wald,46.0203668755656,46.0203668755656,-0.0165578756476684,0.087139896373057,0.983578452503377,0.82915176342414,1.16676658593086,0.849297482135301,0.987772535434594
ebi-a-GCST90001635,CD8dim Natural Killer T %lymphocyte,6,IVW,58.5277545481974,31.1488848688864,0.00699546783683748,0.0368352332134075,1.00701999327759,0.936878579678643,1.0824126934449,0.849377769280481,0.987772535434594
ebi-a-GCST90001627,HLA DR+ CD8+ T cell Absolute Count,3,IVW,103.294185981222,30.7412421430991,0.00600259905295854,0.0319408615132682,1.00602065075162,0.944970575024823,1.07101488288365,0.850932679885156,0.987772535434594
ebi-a-GCST90001792,CD25 on unswitched memory B cell,4,IVW,88.1177875941812,33.2763593951814,-0.00603848492003497,0.0321370727933461,0.99397971008818,0.933301342847419,1.05860306710017,0.850956776058865,0.987772535434594
ebi-a-GCST90002095,CD11b on CD33dim HLA DR-,1,Wald,86.1963995256104,86.1963995256104,0.00698617700729927,0.0379313412408759,1.00701063726995,0.934859291095932,1.08473053991478,0.853872609081631,0.987772535434594
ebi-a-GCST90002096,CD11b on basophil,1,Wald,93.2337444499441,93.2337444499441,0.00678197519929141,0.0368226306465899,1.00680502487106,0.936701721561601,1.08215490029818,0.853872609081631,0.987772535434594
ebi-a-GCST90002013,CCR2 on myeloid Dendritic Cell,3,IVW,85.0265201040252,35.5891617086334,-0.00551146659026081,0.0313080352810251,0.994503693677171,0.935311906258247,1.05744146965286,0.860262516181852,0.987772535434594
ebi-a-GCST90001847,CD3 on HLA DR+ T cell,2,IVW,135.176644865394,45.8149464442775,-0.00590470878079472,0.0344293790272014,0.994112689750834,0.929241802314081,1.06351224994677,0.863829025567177,0.987772535434594
ebi-a-GCST90001512,CD25++ CD45RA- CD4 not regulatory T cell %T cell,3,IVW,61.227928505665,31.8211702827088,0.00358609716902745,0.0209390114793666,1.00359253490863,0.963238373782661,1.04563730384728,0.864016249611396,0.987772535434594
ebi-a-GCST90001813,CD38 on IgD+ CD38dim B cell,4,IVW,72.3997274010345,41.2010973200436,0.00519720831886091,0.0304891576716797,1.00521073723339,0.946900234144775,1.0671120249135,0.864647705770335,0.987772535434594
ebi-a-GCST90001400,IgD+ B cell Absolute Count,1,Wald,34.294379809172,34.294379809172,0.0135448771719593,0.0799736369083283,1.01363702459257,0.866577744704777,1.1856524401915,0.865508153638598,0.987772535434594
ebi-a-GCST90001409,Naive-mature B cell Absolute Count,1,Wald,31.3178384482064,31.3178384482064,0.014084984423676,0.0831626168224299,1.01418464517377,0.861643433137277,1.19373102022164,0.865508153638598,0.987772535434594
ebi-a-GCST90001416,IgD+ CD24- B cell Absolute Count,1,Wald,31.1110841395382,31.1110841395382,0.0141910860012555,0.083789077212806,1.01429225747339,0.860677417241801,1.19532447693053,0.865508153638598,0.987772535434594
ebi-a-GCST90001596,CD8dim T cell Absolute Count,3,IVW,40.9075644588792,31.257203376903,0.0106551338264356,0.0639549180462343,1.0107121019193,0.891636709645134,1.14568965355037,0.867681785668491,0.987772535434594
ebi-a-GCST90001825,IgD on IgD+ CD38dim B cell,5,IVW,122.088710760462,31.7334737600491,-0.00317411029065337,0.0190845622110341,0.996830921871794,0.960232484750195,1.03482427701691,0.867906533435351,0.987772535434594
ebi-a-GCST90001494,Secreting CD4 regulatory T cell %CD4+ T cell,7,IVW,55.6738497432711,30.2091834231457,0.0020559305416596,0.0124488560179934,1.00205804541595,0.977903947213599,1.02680874665036,0.868825794404335,0.987772535434594
ebi-a-GCST90001619,HLA DR+ T cell%T cell,4,IVW,107.751131714972,33.078688642049,-0.00565202162528646,0.0350896958525787,0.99436392099878,0.928274469390365,1.0651586788048,0.872035477949765,0.987772535434594
ebi-a-GCST90001821,IgD on IgD+ CD24- B cell,5,IVW,135.658057456923,35.2163499956022,-0.00291853599436415,0.0182366083305846,0.997085718791556,0.962075558441485,1.03336990727485,0.872851759283043,0.987772535434594
ebi-a-GCST90002105,HLA DR on plasmacytoid Dendritic Cell,8,IVW,161.991122764022,32.5370042307059,0.00200708575390752,0.0126100140282495,1.00200910129875,0.977547356507172,1.02708296677611,0.873538074091152,0.987772535434594
ebi-a-GCST90001609,CD4+ CD8dim T cell Absolute Count,2,IVW,90.4878914730037,44.3396535715084,0.00664448235092131,0.0419591041500685,1.00666660589647,0.927191307701504,1.09295422315732,0.874176161943918,0.987772535434594
ebi-a-GCST90001669,CD28+ CD45RA- CD8dim T cell Absolute Count,3,IVW,60.005437942904,34.9225258239534,0.00285161886577293,0.0181990389023039,1.00285568859837,0.967714186307767,1.03927331683682,0.875488672263281,0.987772535434594
ebi-a-GCST90001909,CD45 on CD14+ monocyte,1,Wald,34.9907485698107,34.9907485698107,0.0223209769153563,0.149952157912345,1.02257195379169,0.762170303703655,1.37194193423721,0.88166884781582,0.988041030180951
ebi-a-GCST90002010,HLA DR on monocyte,5,IVW,161.675842763597,31.1961335266171,0.00257593150182264,0.0174596315987581,1.00257925206394,0.968850514850711,1.03748219282722,0.882708636997739,0.988041030180951
ebi-a-GCST90001493,Secreting CD4 regulatory T cell %CD4 regulatory T cell,6,IVW,96.103842668419,32.2976507125524,0.0027613572512432,0.0190717914270241,1.00276517330987,0.965973040112099,1.04095865106803,0.884878641429565,0.988041030180951
ebi-a-GCST90001618,HLA DR+ T cell Absolute Count,3,IVW,110.640916750323,38.3691319861852,0.00449811093659836,0.0311377462913302,1.00450824262305,0.94503636401045,1.06772273313971,0.885138454937132,0.988041030180951
ebi-a-GCST90001637,CD4-CD8- Natural Killer T %T cell,5,IVW,71.1183679614191,46.177975191688,0.00559841309061357,0.0388689824057551,1.00561411349061,0.931848722463224,1.0852187923576,0.8854744730973,0.988041030180951
ebi-a-GCST90001828,IgD on transitional B cell,5,IVW,107.453705372588,31.9470699432892,0.00457153100333864,0.0317983543870534,1.00458199639274,0.94388282783632,1.06918460397228,0.885685033773295,0.988041030180951
ebi-a-GCST90001499,Activated & resting CD4 regulatory T cell %CD4 regulatory T cell,6,IVW,96.3087592921636,31.0062649957837,-0.00265854439161334,0.0187289652657724,0.997344986407906,0.961397507294685,1.03463657266182,0.887120859058679,0.988041030180951
ebi-a-GCST90001569,Effector Memory CD4-CD8- T cell Absolute Count,4,IVW,32.8563639317474,29.9681514954964,0.00684812799419924,0.0509329718335081,1.00687163004042,0.911211271658991,1.11257455972258,0.893043797656257,0.992816090068403
ebi-a-GCST90002081,SSC-A on CD4+ T cell,4,IVW,41.3187661756036,31.3742656435419,0.00552994205754416,0.0419786722406718,1.00554526041064,0.926122970594831,1.09177863290107,0.89519613041941,0.993389490246036
ebi-a-GCST90001571,Effector Memory CD4-CD8- T cell %T cell,3,IVW,40.9050207749419,35.4876968681001,0.00668743266348782,0.0520681972315386,1.00670984347037,0.909039952240908,1.11487367132963,0.897803917593216,0.994465288282996
ebi-a-GCST90001478,CD4 regulatory T cell %CD4+ T cell,2,IVW,40.8397801910009,30.6350689487563,-0.00949637524362724,0.0771742389448946,0.990548572933645,0.851498207853049,1.15230597820614,0.902066630885627,0.994715281614631
ebi-a-GCST90002036,CD80 on CD62L+ myeloid Dendritic Cell,3,IVW,84.9772260439312,65.7649571219748,0.00503707740226163,0.0411042461441865,1.00504978480374,0.927254467104483,1.08937201789745,0.902468227355046,0.994715281614631
ebi-a-GCST90001985,CD40 on monocytes,5,IVW,190.684442318183,30.3725935927486,0.00323646254583846,0.0265412411171147,1.00324170554548,0.952386470611916,1.05681249241089,0.90294583223997,0.994715281614631
ebi-a-GCST90001708,BAFF-R on IgD+ CD38+ B cell,10,IVW,253.191503756663,31.7291629798581,-0.0023490895652132,0.0199949708202028,0.997653667386482,0.959311698528988,1.03752809600458,0.906476506004424,0.996292048562196
ebi-a-GCST90002058,CD8 on CD8+ T cell,1,Wald,194.574413765146,194.574413765146,0.00502613548883757,0.0433321785989223,1.00503878769617,0.92320410701505,1.09412746011248,0.907659807009711,0.996292048562196
ebi-a-GCST90001855,CD3 on secreting CD4 regulatory T cell,5,IVW,148.652006388527,31.3197226285208,0.0024043825142123,0.021212239601617,1.00240727535989,0.961585680051967,1.04496184431545,0.909754006894871,0.996639138617528
ebi-a-GCST90001560,CD45RA+ CD8+ T cell Absolute Count,3,IVW,48.6417303606716,32.2451569053574,-0.00643343739750009,0.0592845569829231,0.993587212853111,0.884589866490792,1.11601498834883,0.913584858516082,0.996639138617528
ebi-a-GCST90001429,IgD+ CD38+ B cell %lymphocyte,1,Wald,31.5681794026996,31.5681794026996,0.0431087016958577,0.401234361968307,1.04405137883799,0.475536971198307,2.29223666649243,0.914439760911304,0.996639138617528
ebi-a-GCST90001611,CD4+ CD8dim T cell %leukocyte,2,IVW,114.133236345647,67.6217022510264,0.00405994697364058,0.0386893558784376,1.00406819972315,0.930743834435711,1.08316908734239,0.916425757526266,0.996639138617528
ebi-a-GCST90001391,IgD+ B cell %B cell,1,Wald,31.2820506748476,31.2820506748476,0.00956232166018158,0.0955817120622568,1.00960818673357,0.837128384310745,1.21762528881243,0.92030985170284,0.996639138617528
ebi-a-GCST90002061,CD4 on CD39+ CD4+ T cell,6,IVW,100.289897164781,30.1083324439044,0.00362219462611735,0.0381905402651914,1.00362876270096,0.931246503157889,1.08163702081562,0.924437676180318,0.996639138617528
ebi-a-GCST90001719,BAFF-R on IgD+ B cell,10,IVW,283.490399362333,31.8149427431605,-0.00179420048040263,0.0190936795840704,0.998207408135076,0.96154125066568,1.0362717449365,0.925134343661908,0.996639138617528
ebi-a-GCST90001470,CD62L- plasmacytoid Dendritic Cell Absolute Count,2,IVW,79.681661323296,36.9214287146246,0.00503571403771746,0.0542473154463574,1.00504841455543,0.903671812081996,1.11779774703067,0.926039558375181,0.996639138617528
ebi-a-GCST90001623,Natural Killer T %lymphocyte,7,IVW,47.4069574206753,30.3523894178832,-0.00485075181223124,0.0533389626121725,0.995160994084523,0.896376172680948,1.10483236204873,0.92753867914036,0.996639138617528
ebi-a-GCST90001901,CD28 on CD39+ resting CD4 regulatory T cell,2,IVW,41.0363498853178,35.1696789169317,0.00514671332405905,0.0571764711398362,1.00515998040393,0.898598303656923,1.12435843924248,0.928275666384404,0.996639138617528
ebi-a-GCST90001856,CD3 on CD39+ secreting CD4 regulatory T cell,3,IVW,175.067622667908,29.9607395395028,0.00215291881964651,0.0247624420050646,1.00215523801342,0.954677714189991,1.05199388877518,0.93071688968604,0.996639138617528
ebi-a-GCST90001709,BAFF-R on IgD+ CD38dim B cell,10,IVW,286.774289985426,34.9269969218464,-0.00161412999708977,0.0189920621123334,0.998387172010104,0.961905975424376,1.03625195258255,0.932269565234768,0.996639138617528
ebi-a-GCST90001704,BAFF-R on IgD+ CD24- B cell,10,IVW,285.338801169215,32.2672949791941,-0.00152277139505158,0.0190197449707776,0.998478387433025,0.961941662989956,1.03640285947492,0.936187419536701,0.996639138617528
ebi-a-GCST90001929,CD127 on CD28+ CD45RA+ CD8+ T cell,2,IVW,45.8217134539984,33.3260356854979,-0.00412656863079909,0.0539284408683754,0.995881933954013,0.895989743792555,1.10691091415619,0.93900592904548,0.996639138617528
ebi-a-GCST90001829,BAFF-R on B cell,10,IVW,278.430806850914,30.4938172862919,-0.00146693322929159,0.0192171102791637,0.998534142191337,0.961623315067717,1.03686174981269,0.93915278327891,0.996639138617528
ebi-a-GCST90002088,CD11c on CD62L+ myeloid Dendritic Cell,1,Wald,145.074712917351,145.074712917351,0.00282323456106342,0.0377430074771532,1.00282722364091,0.931319333392985,1.0798255812123,0.940372627523633,0.996639138617528
ebi-a-GCST90001610,CD4+ CD8dim T cell %lymphocyte,2,IVW,120.491912342131,78.2188807437227,0.00281723758363932,0.0379745066945395,1.00282120972672,0.930891271291405,1.08030917217931,0.940861110944263,0.996639138617528
ebi-a-GCST90001864,CD3 on CD28+ CD45RA+ CD8+ T cell,4,IVW,180.794436143811,47.2034620225726,0.00154519357863567,0.020978431985886,1.00154638800536,0.961200232616313,1.04358606384878,0.941283875675803,0.996639138617528
ebi-a-GCST90001819,CD38 on transitional B cell,5,IVW,66.3786592598282,32.4250785233113,0.00199755322838393,0.0287594142800272,1.00199954966694,0.947080770266983,1.06010292791578,0.944625565866274,0.996639138617528
ebi-a-GCST90001552,Naive CD8+ T cell %CD8+ T cell,1,Wald,30.0600564663514,30.0600564663514,-0.00854689265536723,0.127873822975518,0.9914895281961,0.771684427120867,1.27390348952649,0.946710284944871,0.996639138617528
ebi-a-GCST90001822,IgD on IgD+ CD38-  B cell,1,Wald,267.294860922516,267.294860922516,0.00186158281964605,0.0288246172201233,1.00186331664066,0.946830993447147,1.06009426410507,0.948505949610722,0.996639138617528
ebi-a-GCST90001716,BAFF-R on naive-mature B cell,10,IVW,278.823975931858,29.9513140286205,-0.0011800041125322,0.0191251170029397,0.99882069181856,0.962072725021552,1.03697230828632,0.950802389825674,0.996639138617528
ebi-a-GCST90001707,BAFF-R on IgD+ CD38- unswitched memory B cell,7,IVW,193.15006457061,33.5218500756015,-0.000870826858538105,0.0142262537164165,0.999129552201131,0.971655186223612,1.02738077893807,0.951189845923028,0.996639138617528
ebi-a-GCST90002121,CD8 on CD39+ CD8+ T cell,5,IVW,46.1682148430476,34.261739359292,0.0022329916049464,0.0367021923101138,1.00223548658745,0.932670497231612,1.07698911197116,0.951485978059904,0.996639138617528
ebi-a-GCST90002004,CCR2 on CD14+ CD16- monocyte,3,IVW,53.1329033460538,34.0523954494472,-0.0021616759052539,0.0383410426355648,0.997840658833487,0.92560276165363,1.07571630257716,0.955038924711573,0.996639138617528
ebi-a-GCST90002119,CD8 on CD28+ CD45RA+ CD8+ T cell,8,IVW,87.2906410205484,32.7499371809433,-0.00150644577216591,0.0275177420190711,0.998494688347698,0.946067631768937,1.05382703009764,0.956341995077136,0.996639138617528
ebi-a-GCST90002045,CD45 on CD33- HLA DR-,2,IVW,46.6239002045192,42.6108880583295,-0.00207999824234907,0.0420923406921447,0.99792216345496,0.918897234552875,1.08374321618151,0.960588475533311,0.996639138617528
ebi-a-GCST90001780,CD25 on IgD+ CD38- B cell,3,IVW,61.3596875603974,35.8032118478513,-0.00242927808943209,0.0511461490153615,0.997573670218683,0.902419553486153,1.10276115324538,0.962117285693133,0.996639138617528
ebi-a-GCST90001827,IgD on IgD+ B cell,2,IVW,215.098835421455,48.1320021694797,-0.00106049155920222,0.0232879787004957,0.998940070563245,0.954368961876551,1.04559274708053,0.96367836397584,0.996639138617528
ebi-a-GCST90001446,IgD- CD38- B cell Absolute Count,1,Wald,30.7333478741144,30.7333478741144,-0.00314162679425837,0.0697583732057416,0.996863302951374,0.869472964978798,1.14291816398841,0.964078743335854,0.996639138617528
ebi-a-GCST90001754,CD20 on IgD- CD27- B cell,4,IVW,40.5334150490301,31.1771293788258,0.0019497226667936,0.0456237033321358,1.00195162461192,0.916243851907155,1.09567671965584,0.965912889070025,0.996639138617528
ebi-a-GCST90001964,FSC-A on plasmacytoid Dendritic Cell,4,IVW,37.9308019741853,30.4854309625669,-0.00262028993621019,0.0655823285695461,0.997383140026978,0.877075980149244,1.13419264752958,0.968129634576333,0.996639138617528
ebi-a-GCST90001806,CD27 on unswitched memory B cell,11,IVW,83.5964672718474,30.3596074379995,-0.000977860192717751,0.0249394208704715,0.999022617756759,0.951363438291238,1.0490693152789,0.968723424450129,0.996639138617528
ebi-a-GCST90001665,CD28+ CD45RA+ CD8dim T cell %CD8dim T cell,5,IVW,51.8937249814853,34.9252382831235,-0.00107259251917611,0.0274372650709231,0.998927982502574,0.946627479677936,1.05411805134387,0.968816604664042,0.996639138617528
ebi-a-GCST90001545,Terminally Differentiated CD4+ T cell Absolute Count,2,IVW,38.813712026405,35.9306469899344,-0.00231082850847594,0.0607334829605641,0.9976918394003,0.885725270316277,1.12381236006795,0.969648873672584,0.996639138617528
ebi-a-GCST90001920,CD45 on HLA DR+ CD4+ T cell,2,IVW,35.7615438638625,33.0044446995205,0.00234046296736734,0.0631224609797108,1.00234320398882,0.885697719869019,1.13435077910233,0.970422707831691,0.996639138617528
ebi-a-GCST90002001,CD64 on CD14- CD16-,3,IVW,41.5808042868152,30.4901789783887,-0.00157072501607319,0.0438884556461025,0.998430507926842,0.9161344935353,1.08811914210568,0.971450584611438,0.996639138617528
ebi-a-GCST90002112,HLA DR on CD33- HLA DR+,3,IVW,141.503425359208,31.3538502100084,-0.000583278377938063,0.0169885591470397,0.999416891695827,0.966686674330946,1.03325529349854,0.972611132500151,0.996639138617528
ebi-a-GCST90001967,FSC-A on CD14+ monocyte,1,Wald,32.1619708935174,32.1619708935174,0.00674225737754792,0.199120170368117,1.00676503756267,0.681449401390496,1.48738239228086,0.972988596394334,0.996639138617528
ebi-a-GCST90001557,Terminally Differentiated CD8+ T cell Absolute Count,1,Wald,45.905186594546,45.905186594546,-0.00296377615062762,0.107946129707113,0.997040611498168,0.806913994794129,1.23196522478243,0.978095980220352,0.996639138617528
ebi-a-GCST90001398,Unswitched memory B cell Absolute Count,2,IVW,32.4267869901398,31.5476852942182,-0.00264022859176684,0.0962602757322661,0.997363253746344,0.825876221969749,1.20445828740657,0.978118351383798,0.996639138617528
ebi-a-GCST90001664,CD28+ CD45RA+ CD8dim T cell %T cell,6,IVW,55.0018124429134,35.1575520827554,-0.000554688330525847,0.0250782712758772,0.999445465480606,0.951507128868981,1.0497990064006,0.982353601386605,0.996639138617528
ebi-a-GCST90002118,CD8 on CD28+ CD45RA- CD8+ T cell,2,IVW,96.962662168836,52.0553200438418,0.000885792967624906,0.0438994558838071,1.00088618539808,0.918367960202351,1.09081893046442,0.983901564086466,0.996639138617528
ebi-a-GCST90002087,CD11c on myeloid Dendritic Cell,5,IVW,53.70883414557,30.0206730575154,0.000789999852250287,0.0460084370476546,1.00079031198432,0.914492020464527,1.09523235429973,0.98630038851274,0.996639138617528
ebi-a-GCST90001784,CD25 on IgD+ CD38dim B cell,3,IVW,87.5731149782575,33.8984341462337,-0.000476470033083475,0.0395072715143263,0.999523643460737,0.925047009017879,1.07999648028451,0.990377496275186,0.996639138617528
ebi-a-GCST90001944,CD123 on plasmacytoid Dendritic Cell,2,IVW,71.5933203331908,43.6443807881535,0.000514467327847898,0.0433036424715054,1.00051459968886,0.919099702856645,1.08914132066333,0.990520984879181,0.996639138617528
ebi-a-GCST90001945,CD123 on CD62L+ plasmacytoid Dendritic Cell,2,IVW,70.2337694093974,43.3263900016023,0.000495919613824508,0.0437010059134351,1.00049604260229,0.918367123191271,1.08996969293113,0.990945789402772,0.996639138617528
ebi-a-GCST90002037,CD80 on plasmacytoid Dendritic Cell,2,IVW,63.8103383171636,40.0562295170858,0.000488509638996146,0.0459333715595845,1.00048862897926,0.914350868672875,1.09474112292326,0.99151451465576,0.996639138617528
ebi-a-GCST90001492,Secreting CD4 regulatory T cell Absolute Count,4,IVW,47.8548118112371,35.9079765669966,0.000233782620151502,0.023297432290187,1.00023380994944,0.955587270405187,1.04696630600966,0.99199360640013,0.996639138617528
ebi-a-GCST90002038,CD80 on CD62L+ plasmacytoid Dendritic Cell,2,IVW,62.6692620371404,39.9032703077627,0.000462281177615197,0.0463267393549702,1.00046238804603,0.913622211824908,1.09555675961015,0.992038272101781,0.996639138617528
ebi-a-GCST90001633,CD8dim Natural Killer T Absolute Count,5,IVW,59.4422905710506,35.9511367548666,0.000385933710738574,0.0449363849644165,1.00038600819273,0.916045373799208,1.09249191580674,0.993147495865266,0.996639138617528
ebi-a-GCST90001396,IgD+ CD38- B cell Absolute Count,1,Wald,30.9301500615432,30.9301500615432,0.00199746670795912,0.239850418086095,1.00199946297352,0.626185044862557,1.60336458373833,0.993355319379908,0.996639138617528
ebi-a-GCST90001824,IgD on IgD+ CD38+ B cell,6,IVW,137.805098587287,33.4684529919278,-3.2745397272824e-05,0.0223412916431533,0.999967255138852,0.957124619572555,1.04472760485097,0.998830549370909,0.999306872188948
ebi-a-GCST90001501,Activated & secreting CD4 regulatory T cell Absolute Count,4,IVW,47.4793409511671,33.4553178389614,2.03191349751241e-05,0.0233900902371802,1.00002031934141,0.955209818182457,1.0469329565713,0.999306872188948,0.999306872188948
