id,trait,nIV,method,b,se,OR,OR_L,OR_U,p,FDR
ebi-a-GCST90001649,HLA DR+ Natural Killer %Natural Killer,23,IVW,-0.0579777571511965,0.0165014285939409,0.943670937133337,0.913638265005119,0.974690828634592,0.000442245645849868,0.323281567116254
ebi-a-GCST90001913,CD45 on granulocyte,15,IVW,-0.0573772143112029,0.0173053748525004,0.944237822160277,0.912747726729849,0.976814336193763,0.000914558164027829,0.334271008952171
ebi-a-GCST90001483,CD39+ resting CD4 regulatory T cell Absolute Count,28,IVW,-0.0337661962479053,0.0110110856997679,0.966797519102444,0.946155900127129,0.987889461786426,0.00216534629155287,0.460262298965819
ebi-a-GCST90002046,CD45 on CD33- HLA DR+,25,IVW,0.0185423873874082,0.00613761645484921,1.01871536493726,1.00653391261425,1.03104424178203,0.00251853515165975,0.460262298965819
ebi-a-GCST90002091,CD11b on CD14+ monocyte,20,IVW,-0.0310438240588674,0.0107394830406285,0.96943308765239,0.949240383246064,0.990055341115453,0.00384475924273691,0.562103801288136
ebi-a-GCST90001557,Terminally Differentiated CD8+ T cell Absolute Count,17,IVW,-0.0562420929374032,0.0213810930286348,0.94531025524987,0.906513791155078,0.985767108453955,0.0085269603240802,0.744029720495043
ebi-a-GCST90001903,CD86 on myeloid Dendritic Cell,22,IVW,0.0517580379896088,0.0196989552336117,1.05312089643379,1.01323490188241,1.09457700326456,0.00860272517578066,0.744029720495043
ebi-a-GCST90001752,CD20 on IgD+ CD38dim B cell,28,IVW,0.0386644101830081,0.0147870562614806,1.03942160580704,1.00972879996505,1.0699875794925,0.00892935852920936,0.744029720495043
ebi-a-GCST90002005,CD16 on CD14+ CD16+ monocyte,22,IVW,-0.0407153304941252,0.0156969356222576,0.960102402926342,0.9310136647516,0.990099994236794,0.00949108024403612,0.744029720495043
ebi-a-GCST90002103,CD45RA on CD39+ resting CD4 regulatory T cell,8,IVW,-0.0585147761104851,0.0227709277884286,0.943164303996743,0.901995457849461,0.986212177225978,0.010178245150411,0.744029720495043
ebi-a-GCST90001509,CD25++ CD45RA+ CD4 not regulatory T cell %T cell,27,IVW,-0.0197688993614606,0.00805222036484322,0.980425224023051,0.96507327172536,0.996021388285011,0.0140850601652036,0.862594456093442
ebi-a-GCST90001696,CD45RA- CD28- CD8+ T cell %CD8+ T cell,50,IVW,-0.000678341688718176,0.00027701131366982,0.999321888332991,0.998779461600122,0.999864609652175,0.0143338206239804,0.862594456093442
ebi-a-GCST90001585,CD14+ CD16+ monocyte %monocyte,25,IVW,-0.0423366520122493,0.017966420688695,0.958547029461823,0.925379980064046,0.992902837196126,0.0184514361988977,0.862594456093442
ebi-a-GCST90001508,CD25++ CD45RA+ CD4 not regulatory T cell %CD4+ T cell,32,IVW,-0.0187083261497099,0.00805326723627629,0.981465588345522,0.966095363239162,0.997080348131179,0.0201752413515718,0.862594456093442
ebi-a-GCST90001396,IgD+ CD38- B cell Absolute Count,17,IVW,0.0561827337633582,0.0246560524518609,1.05779096020001,1.00788781716202,1.11016493743469,0.0226873487317136,0.862594456093442
ebi-a-GCST90001596,CD8dim T cell Absolute Count,27,IVW,-0.0286216094537003,0.0125787168630567,0.971784108825467,0.948118395738897,0.99604053503227,0.0228819591832231,0.862594456093442
ebi-a-GCST90002023,CD4 on Central Memory CD4+ T cell,15,IVW,-0.0459913052379592,0.0202283307731132,0.955050266089415,0.917925695321442,0.993676302348256,0.0229895346035713,0.862594456093442
ebi-a-GCST90001662,CD28- CD8dim T cell %CD8dim T cell,15,IVW,-0.0162569378895165,0.00716188461969833,0.983874492940478,0.970160039669334,0.997782817553293,0.0232121598680055,0.862594456093442
ebi-a-GCST90001943,CD25 on activated & secreting CD4 regulatory T cell,21,IVW,-0.0210480839214702,0.00932982243397694,0.979171881013655,0.961429022825748,0.997242177846747,0.0240706008555037,0.862594456093442
ebi-a-GCST90001501,Activated & secreting CD4 regulatory T cell Absolute Count,22,IVW,0.0131357246706325,0.00582459578712629,1.01322237730129,1.00172099614482,1.02485581296097,0.0241197411758789,0.862594456093442
ebi-a-GCST90001519,CD33+ HLA DR+ CD14- %CD33+ HLA DR+,19,IVW,-0.0315862130279956,0.0141314862995474,0.968907420410283,0.942439148024004,0.996119050544999,0.0254064744410962,0.862594456093442
ebi-a-GCST90002108,HLA DR on CD33+ HLA DR+ CD14-,25,IVW,0.01677597834978,0.00755037758049664,1.01691748527279,1.0019791943166,1.03207848797584,0.0262919050998478,0.862594456093442
ebi-a-GCST90001528,CD33dim HLA DR+ CD11b- %CD33dim HLA DR+,24,IVW,0.0173532465096027,0.0078539539342063,1.01750468882886,1.00196141786698,1.03328908012519,0.0271404548428853,0.862594456093442
ebi-a-GCST90001472,CD62L- CD86+ myeloid Dendritic Cell Absolute Count,19,IVW,0.0327479827397877,0.0149881523301891,1.03329009948515,1.00337689307242,1.06409509434155,0.0288943754491401,0.880074518888392
ebi-a-GCST90002030,CD39 on CD39+ activated CD4 regulatory T cell,22,IVW,-0.0338685734287056,0.0156234178744157,0.966698546164405,0.937545046715031,0.99675859035328,0.0301732824505822,0.882266778855023
ebi-a-GCST90001773,CD24 on switched memory B cell,38,IVW,0.021712737927219,0.0101815529910769,1.02195017477551,1.00175843830731,1.04254890179753,0.0329611175815924,0.910873375638658
ebi-a-GCST90001790,CD25 on memory B cell,24,IVW,-0.0308524950309561,0.0145234977788028,0.969618586087727,0.942406517102473,0.99761640589815,0.0336437498525906,0.910873375638658
ebi-a-GCST90001461,Dendritic Cell Absolute Count,21,IVW,0.045768518000544,0.0217307981519484,1.04683206012972,1.00318120294303,1.09238227241551,0.0351905356792441,0.918724342197409
ebi-a-GCST90001406,Memory B cell %B cell,29,IVW,-0.0292874960297597,0.0141228087993891,0.971137226231693,0.944624106729668,0.998394499414235,0.0381004211528889,0.924454769589637
ebi-a-GCST90002022,CD4 on CD4+ T cell,22,IVW,-0.0344832265496424,0.0169153112155839,0.966104544457203,0.934599450626977,0.99867166644996,0.0414918955928244,0.924454769589637
ebi-a-GCST90001735,CD19 on IgD- CD38dim B cell,28,IVW,-0.0303355505574497,0.0151740084610363,0.970119954635899,0.941692390459134,0.999405682702711,0.0455890504911929,0.924454769589637
ebi-a-GCST90002025,CD4 on Effector Memory CD4+ T cell,20,IVW,-0.0326701748442326,0.0164314546241903,0.96785773077761,0.93718383010386,0.999535584093648,0.0467817927060413,0.924454769589637
ebi-a-GCST90001626,HLA DR+ CD4+ T cell %lymphocyte,21,IVW,-0.0578875380964046,0.0293533294398998,0.94375607807393,0.890991791889841,0.999645050615243,0.0485988253500745,0.924454769589637
ebi-a-GCST90002013,CCR2 on myeloid Dendritic Cell,14,IVW,-0.0234691808475587,0.0119836441020037,0.976804078478754,0.954128306598447,1.00001876176837,0.0501790615454126,0.924454769589637
ebi-a-GCST90001525,CD33dim HLA DR+ CD11b+ Absolute Count,26,IVW,-0.033092276432546,0.0170170252464049,0.967449282701542,0.935713774339694,1.00026112713816,0.0518162799720156,0.924454769589637
ebi-a-GCST90001819,CD38 on transitional B cell,24,IVW,-0.0342026046191946,0.0175948109585139,0.966375692622764,0.933617518152512,1.00028326497144,0.051907157567619,0.924454769589637
ebi-a-GCST90001401,IgD- CD27- B cell Absolute Count,25,IVW,0.0424915502809178,0.0219046015085336,1.04340723983836,0.999558628757149,1.08917940061285,0.0523984268686829,0.924454769589637
ebi-a-GCST90001843,CD3 on Effector Memory CD4+ T cell,19,IVW,0.0278089679988107,0.0143425019782635,1.02819924669936,0.9996977098203,1.05751336681882,0.0525110457160149,0.924454769589637
ebi-a-GCST90001997,CX3CR1 on CD14+ CD16- monocyte,27,IVW,0.0351649202803614,0.0181781435811211,1.03579051757687,0.999535866604608,1.07336017860635,0.0530564019435567,0.924454769589637
ebi-a-GCST90001873,HVEM on Effector Memory CD8+ T cell,18,IVW,-0.0258812450629649,0.0133827865862766,0.974450803581634,0.949223016146962,1.00034907755953,0.0531229056245773,0.924454769589637
ebi-a-GCST90002080,SSC-A on T cell,22,IVW,-0.0345302114188004,0.0179568420626974,0.966059153227947,0.932649683486509,1.00066542031802,0.054485616258427,0.924454769589637
ebi-a-GCST90002089,CD11c on monocyte,19,IVW,-0.0333789530089951,0.0173703931570831,0.967171977403655,0.934797899245536,1.00066724008458,0.054656068601749,0.924454769589637
ebi-a-GCST90001492,Secreting CD4 regulatory T cell Absolute Count,23,IVW,0.0119220149485156,0.0062536296789082,1.01199336543399,0.999664956917329,1.02447381454735,0.0565963525219581,0.924454769589637
ebi-a-GCST90001907,CCR7 on naive CD4+ T cell,24,IVW,0.0211781973539561,0.011305657503329,1.02140404691999,0.999019589564099,1.0442900599374,0.0610354037477485,0.924454769589637
ebi-a-GCST90001792,CD25 on unswitched memory B cell,24,IVW,0.0174343238075978,0.0093308763029849,1.01758718870411,0.999146170973371,1.03636856818054,0.0616986571618912,0.924454769589637
ebi-a-GCST90001742,CD19 on transitional B cell,26,IVW,-0.0319347972475461,0.0171028796982908,0.968569733432918,0.936639844538772,1.00158810666898,0.0618712127925464,0.924454769589637
ebi-a-GCST90001408,Naive-mature B cell %B cell,29,IVW,0.0230853345422067,0.0123916984335663,1.02335386325474,0.998798328198908,1.04851309806141,0.0624668037937677,0.924454769589637
ebi-a-GCST90001909,CD45 on CD14+ monocyte,17,IVW,-0.0303531139604292,0.0164032287076048,0.970102916177824,0.939409829145718,1.00179883026404,0.0642508305518952,0.924454769589637
ebi-a-GCST90001544,Effector Memory CD4+ T cell %T cell,20,IVW,0.0298305134012406,0.016209949261176,1.03027990051881,0.99806089534673,1.06353898681131,0.0657301457528456,0.924454769589637
ebi-a-GCST90002041,CD45 on lymphocyte,17,IVW,0.0371679735246474,0.0203882211922722,1.0378673404325,0.997210956616222,1.08018128881327,0.0683015613053331,0.924454769589637
ebi-a-GCST90002027,CD4 on CD45RA+ CD4+ T cell,27,IVW,-0.0295365518193553,0.016480529610278,0.970895388999739,0.940034793674752,1.00276911314743,0.0730995097840211,0.924454769589637
ebi-a-GCST90002099,CD4RA on Terminally Differentiated CD4+ T cell,33,IVW,-0.0156547065724888,0.00874286156686837,0.984467191425033,0.967741071851456,1.00148239976845,0.0733623076028154,0.924454769589637
ebi-a-GCST90001404,Plasma Blast-Plasma Cell %B cell,27,IVW,-0.0254980070856403,0.0142806565015519,0.974824321705194,0.947917227001516,1.00249518746901,0.0741814440114897,0.924454769589637
ebi-a-GCST90001466,CD86+ plasmacytoid Dendritic Cell Absolute Count,20,IVW,-0.0431749317974825,0.0243394564040882,0.95774383556147,0.913127036387606,1.00454068054407,0.0760853340087154,0.924454769589637
ebi-a-GCST90001507,CD25++ CD45RA+ CD4 not regulatory T cell Absolute Count,26,IVW,-0.0219957066976201,0.0124983632764178,0.978244434941355,0.954571721053447,1.00250421564725,0.0784269727388651,0.924454769589637
ebi-a-GCST90001862,CD3 on CD28+ CD4-CD8- T cell,16,IVW,-0.0264794165029325,0.0150977196256712,0.973868089240191,0.945472055134016,1.00311696161756,0.0794530237177364,0.924454769589637
ebi-a-GCST90001425,IgD- CD38+ B cell %lymphocyte,30,IVW,0.0214468966361155,0.0122398486181955,1.02167853432982,0.997460024554707,1.04648507390192,0.0797361391043843,0.924454769589637
ebi-a-GCST90001967,FSC-A on CD14+ monocyte,23,IVW,0.0272147042456209,0.0156082055459032,1.02758840667401,0.996628318303472,1.05951026489827,0.0812262131476814,0.924454769589637
ebi-a-GCST90001460,Plasmacytoid Dendritic Cell Absolute Count,30,IVW,0.0180198144302034,0.0103378869022418,1.0181831509089,0.997760068500806,1.03902427199003,0.0813187879709317,0.924454769589637
ebi-a-GCST90001978,FSC-A on HLA DR+ CD8+ T cell,18,IVW,-0.019395282736692,0.0111448070117125,0.980791595623087,0.959599657938117,1.00245153912603,0.0818067462619693,0.924454769589637
ebi-a-GCST90001571,Effector Memory CD4-CD8- T cell %T cell,23,IVW,0.0375232898632586,0.0216085502742908,1.03823617717884,0.995182174458564,1.08315280083207,0.082475118442714,0.924454769589637
ebi-a-GCST90001447,IgD+ CD38+ B cell %B cell,25,IVW,0.0247686656864563,0.0142714887626617,1.0250779573879,0.996801673290278,1.05415635514945,0.0826461194940992,0.924454769589637
ebi-a-GCST90001669,CD28+ CD45RA- CD8dim T cell Absolute Count,37,IVW,0.00486628677515774,0.00281306936357618,1.00487814637825,0.999352880294879,1.01043396079535,0.0836508060416297,0.924454769589637
ebi-a-GCST90001582,CD14+ CD16- monocyte Absolute Count,28,IVW,-0.0182228596849674,0.0105344370788695,0.981942172648451,0.961875402092154,1.00242757879901,0.0836593907116616,0.924454769589637
ebi-a-GCST90001440,IgD- CD24- B cell %lymphocyte,24,IVW,-0.0326126843405919,0.0189647403158084,0.967913375005496,0.932595634741218,1.00456861110496,0.0854963822239622,0.924454769589637
ebi-a-GCST90002056,CD8 on Effector Memory CD8+ T cell,24,IVW,0.0288693959117116,0.0168595171083754,1.02929015619379,0.995833446648992,1.06387090050297,0.086832167919794,0.924454769589637
ebi-a-GCST90002042,CD45 on CD33+ HLA DR+ CD14-,18,IVW,0.0311139965493126,0.018312409357096,1.03160309637707,0.995233072246347,1.06930223495562,0.0893067031149706,0.924454769589637
ebi-a-GCST90001633,CD8dim Natural Killer T Absolute Count,27,IVW,-0.0248485165122242,0.0146322736599827,0.975457666566373,0.947879615285936,1.00383808652334,0.0894701574654103,0.924454769589637
ebi-a-GCST90001591,CD4+ T cell %T cell,23,IVW,-0.0323585478437172,0.0193094318528964,0.968159388379063,0.93220266681184,1.00550302490791,0.0937793839109868,0.924454769589637
ebi-a-GCST90001576,Transitional B cell %B cell,15,IVW,-0.0525915247498006,0.0314491682091304,0.94876748137552,0.89205107021241,1.00908990950631,0.0944709407173875,0.924454769589637
ebi-a-GCST90001473,CD62L- CD86+ myeloid Dendritic Cell %Dendritic Cell,18,IVW,0.0242527666547706,0.014593787445753,1.024549257052,0.995658395394575,1.05427844025743,0.096541741088491,0.924454769589637
ebi-a-GCST90001779,CD25 on IgD+ CD24- B cell,24,IVW,0.0168725666216308,0.0101555050206299,1.01701571231902,0.996972369326973,1.0374620109101,0.0966289761322909,0.924454769589637
ebi-a-GCST90001984,HLA DR on CD14- CD16+ monocyte,19,IVW,-0.0258356687027352,0.0155703863855127,0.974495216514566,0.945204827764096,1.00469326765519,0.0970588921767644,0.924454769589637
ebi-a-GCST90001986,CD14 on CD14+ CD16- monocyte,16,IVW,-0.0400812682743177,0.0242605881176494,0.960711360625317,0.916097919517334,1.00749745062278,0.0985112211101014,0.924454769589637
ebi-a-GCST90001639,CD3- lymphocyte Absolute Count,18,IVW,-0.0400313523889008,0.0242483813837371,0.960759316580385,0.916165567678232,1.00752363651392,0.0987615262271991,0.924454769589637
ebi-a-GCST90001956,CD33 on CD33+ HLA DR+,23,IVW,-0.0145486944498989,0.00882371038235129,0.985556626426144,0.96865848797799,1.00274955100022,0.0991848810275365,0.924454769589637
ebi-a-GCST90001995,CX3CR1 on monocyte,26,IVW,0.0289753459093673,0.0176358150980075,1.02939921526073,0.994424748043084,1.06560375379304,0.10038643288203,0.924454769589637
ebi-a-GCST90001560,CD45RA+ CD8+ T cell Absolute Count,28,IVW,-0.00656942785190419,0.00400370592752125,0.993452103663533,0.985686731424778,1.00127865254603,0.100831305846626,0.924454769589637
ebi-a-GCST90002078,SSC-A on granulocyte,25,IVW,-0.0237246932291408,0.0144823610565347,0.976554524825705,0.949224331649586,1.00467161255787,0.101384452929219,0.924454769589637
ebi-a-GCST90001747,CD20 on IgD+ CD24- B cell,25,IVW,0.0141908059405929,0.00866691153979301,1.01429197341007,0.997207565441396,1.03166907570414,0.101556435582019,0.924454769589637
ebi-a-GCST90001759,CD20 on naive-mature B cell,23,IVW,0.0152607060384766,0.0093909526943325,1.01537774522182,0.996859380852105,1.03424011981556,0.104153303856529,0.924454769589637
ebi-a-GCST90002069,CD4 on CD39+ secreting CD4 regulatory T cell,23,IVW,0.0165496934300855,0.0102006218968058,1.0166873982149,0.996562396646615,1.03721881255721,0.104713440194567,0.924454769589637
ebi-a-GCST90001925,CD127 on CD28+ CD4-CD8- T cell,24,IVW,-0.0295546951593789,0.0182717801977783,0.970877773874368,0.936723262690096,1.00627761618332,0.105769325169267,0.924454769589637
ebi-a-GCST90001740,CD19 on switched memory B cell,27,IVW,-0.0318762833273552,0.0197330878247367,0.968626409903164,0.931878222428665,1.00682374518492,0.106230096642311,0.924454769589637
ebi-a-GCST90001863,CD3 on CD28+ CD45RA- CD8+ T cell,18,IVW,-0.0297769832234007,0.018756142155406,0.970661983318333,0.935626405272612,1.00700950780131,0.112380052092206,0.966468447992974
ebi-a-GCST90001895,CD28 on CD28+ CD4-CD8- T cell,3,IVW,-0.124170513131073,0.0791521983186905,0.883229225861439,0.756306303245593,1.03145228602237,0.116704724632428,0.967533682599991
ebi-a-GCST90001600,Leukocyte Absolute Count,11,IVW,-0.021454984279834,0.0137313825046966,0.978773536673095,0.952782627710248,1.00547345032292,0.118175403936615,0.967533682599991
ebi-a-GCST90001480,Resting CD4 regulatory T cell Absolute Count,25,IVW,-0.029641408139794,0.0190471244798759,0.970793589818955,0.93521972984563,1.00772060720868,0.119657133942437,0.967533682599991
ebi-a-GCST90001965,FSC-A on monocyte,19,IVW,-0.0192837314470523,0.0124056190690955,0.980901010293007,0.957338017250966,1.00504396008083,0.120080632964431,0.967533682599991
ebi-a-GCST90001520,CD33+ HLA DR+ CD14dim Absolute Count,28,IVW,-0.0139835265748391,0.00906188440374147,0.98611378880076,0.968753757118556,1.00378491161195,0.122802960939001,0.967533682599991
ebi-a-GCST90001415,IgD+ CD24- B cell %B cell,18,IVW,0.0245192699255918,0.0158930422575467,1.02482233916715,0.993390844281375,1.05724834580672,0.122887184563299,0.967533682599991
ebi-a-GCST90001858,CD3 on CD45RA+ CD4+ T cell,32,IVW,0.0184563058279665,0.0119977020080615,1.01862767610427,0.994953586039706,1.04286507138051,0.123970374130699,0.967533682599991
ebi-a-GCST90001865,CD3 on CD28- CD8+ T cell,20,IVW,-0.0302951568838936,0.019833862609301,0.970159142136115,0.933168468858827,1.00861612075394,0.126650110548733,0.967533682599991
ebi-a-GCST90001901,CD28 on CD39+ resting CD4 regulatory T cell,22,IVW,0.013919283549943,0.0092707828815548,1.01401660781429,0.995757573725686,1.03261045464712,0.133248505563005,0.967533682599991
ebi-a-GCST90001761,CD20 on switched memory B cell,31,IVW,0.0237050257813599,0.0158066556123432,1.0239882232117,0.992750386926317,1.05620898776248,0.133695666065691,0.967533682599991
ebi-a-GCST90002098,CD45RA on naive CD4+ T cell,33,IVW,-0.017715220913348,0.0118169988213124,0.982440771110024,0.959947639108451,1.00546095372001,0.133839834066124,0.967533682599991
ebi-a-GCST90001583,Monocyte Absolute Count,27,IVW,-0.014958955303215,0.0100002643461402,0.985152374053727,0.96603088481585,1.00465235155365,0.134691187606515,0.967533682599991
ebi-a-GCST90001877,HVEM on naive CD4+ T cell,18,IVW,0.0169410498548812,0.0113302340565541,1.0170853632282,0.994747633272859,1.03992470199654,0.134860321720715,0.967533682599991
ebi-a-GCST90001833,CD62L on CD62L+ Dendritic Cell,26,IVW,0.0246089607262407,0.0164598967901747,1.02491426042545,0.992376768368531,1.05851857349542,0.134892007475467,0.967533682599991
ebi-a-GCST90001526,CD33dim HLA DR+ CD11b+ %CD33dim HLA DR+,24,IVW,-0.0157700114350025,0.0105735444440812,0.984353684114974,0.964163725998505,1.00496642769594,0.135840943209197,0.967533682599991
ebi-a-GCST90001980,CD40 on CD14+ CD16- monocyte,23,IVW,0.0239823279923574,0.0161385287268019,1.02427221678424,0.992379992278729,1.05718936520178,0.137271347436635,0.967533682599991
ebi-a-GCST90001577,Transitional B cell Absolute Count,31,IVW,0.029424060471709,0.0200817269911152,1.02986122532665,0.990113075765547,1.07120506676599,0.142862093753512,0.967533682599991
ebi-a-GCST90002064,CD4 on resting CD4 regulatory T cell,13,IVW,-0.0368025368695962,0.0251592315173758,0.963866444644351,0.917489052831263,1.0125881287024,0.143526323306926,0.967533682599991
ebi-a-GCST90002085,SSC-A on HLA DR+ CD4+ T cell,22,IVW,-0.024921399060854,0.0170506819651308,0.97538657531624,0.943328466972646,1.00853414755979,0.143848887699738,0.967533682599991
ebi-a-GCST90001655,CD28+ CD4-CD8- T cell %T cell,23,IVW,0.0319675676290957,0.0222003487408275,1.03248401885745,0.988521273212055,1.07840193032178,0.149879309377608,0.967533682599991
ebi-a-GCST90001431,IgD+ CD38- B cell %lymphocyte,20,IVW,0.0244367964068071,0.0170275740127733,1.02473782194797,0.991102569837667,1.05951456053904,0.151249820001711,0.967533682599991
ebi-a-GCST90001781,CD25 on IgD+ CD38- naive B cell,25,IVW,-0.016671469704325,0.0117338604733571,0.983466730182533,0.961106709386394,1.00634695391256,0.155374892275543,0.967533682599991
ebi-a-GCST90002050,CD45 on CD33dim HLA DR-,18,IVW,0.0223049410647421,0.0157056726684949,1.02255555611207,0.99155766102728,1.0545225017498,0.155554193990051,0.967533682599991
ebi-a-GCST90001556,Effector Memory CD8+ T cell %T cell,15,IVW,0.0193419870429523,0.0136211706049013,1.01953025514171,0.992671478196833,1.04711575176658,0.155609288667585,0.967533682599991
ebi-a-GCST90001603,T cell Absolute Count,19,IVW,-0.0290969894686956,0.0205126371761336,0.971322251868723,0.93304508346342,1.01116969983189,0.156047489359579,0.967533682599991
ebi-a-GCST90001663,CD28- CD8dim T cell Absolute Count,28,IVW,-0.0187439961424891,0.0133983741667153,0.981430580099448,0.955992883965424,1.00754513941463,0.161820353760223,0.967533682599991
ebi-a-GCST90001409,Naive-mature B cell Absolute Count,23,IVW,0.0172557768518702,0.0123635779373221,1.01740551782825,0.993047445711908,1.04236105956178,0.162806532593383,0.967533682599991
ebi-a-GCST90001545,Terminally Differentiated CD4+ T cell Absolute Count,11,IVW,-0.0566303527141159,0.0407154430742576,0.944943300542729,0.872465103983602,1.02344247026454,0.164261392083979,0.967533682599991
ebi-a-GCST90001616,TCRgd T cell %T cell,18,IVW,0.018604179758464,0.0133772284550113,1.01877831572001,0.992413734068618,1.04584330199278,0.16430580136232,0.967533682599991
ebi-a-GCST90002004,CCR2 on CD14+ CD16- monocyte,27,IVW,0.00924191202134654,0.00666535698922806,1.00928475035793,0.996185107584201,1.02255665091738,0.165576218218976,0.967533682599991
ebi-a-GCST90001632,CD8+ Natural Killer T %lymphocyte,27,IVW,-0.0302020335473547,0.0218667584753778,0.970249490799124,0.929544237502064,1.01273724952103,0.167222159545891,0.967533682599991
ebi-a-GCST90002058,CD8 on CD8+ T cell,27,IVW,0.0208219670587767,0.0151237590278138,1.02104025665526,0.991218186735634,1.05175956178122,0.168582768755762,0.967533682599991
ebi-a-GCST90001758,CD20 on memory B cell,28,IVW,0.0222959884543056,0.0162284362315863,1.02254640161151,0.990533347015563,1.05559408635661,0.169477705815595,0.967533682599991
ebi-a-GCST90001428,IgD- CD38dim B cell %B cell,26,IVW,0.0139852217868199,0.0101991768566906,1.01408347248602,0.994012830111232,1.03455937188881,0.170309242375845,0.967533682599991
ebi-a-GCST90002094,CD11b on Monocytic Myeloid-Derived Suppressor Cells,16,IVW,-0.0162836489374909,0.0119776301263767,0.983848212972681,0.961020244664853,1.00721843430791,0.173986595571357,0.967533682599991
ebi-a-GCST90001882,HVEM on Central Memory CD8+ T cell,18,IVW,0.0112691881554943,0.00832147130234179,1.01133292465085,0.994971788395271,1.02796310047387,0.175662931236779,0.967533682599991
ebi-a-GCST90001729,CD19 on IgD+ CD38+ B cell,21,IVW,-0.0221786661296857,0.016409605671947,0.978065472267071,0.947108620073078,1.01003416901347,0.176514173009708,0.967533682599991
ebi-a-GCST90001936,CD25 on CD4 regulatory T cell,22,IVW,-0.0127384395103597,0.0094267883311675,0.987342350998036,0.969267211892379,1.00575455985049,0.176598657800557,0.967533682599991
ebi-a-GCST90001904,CD86 on CD62L+ myeloid Dendritic Cell,22,IVW,-0.0207357843195253,0.0153580344435574,0.979477723757129,0.950433073112479,1.00940996107667,0.176965072205239,0.967533682599991
ebi-a-GCST90002012,CX3CR1 on CD14- CD16+ monocyte,18,IVW,0.026393659978105,0.0196543430827875,1.02674505736428,0.987944405589067,1.06706957077549,0.17930694911245,0.967533682599991
ebi-a-GCST90001412,IgD+ CD24+ B cell Absolute Count,23,IVW,0.0311194264578517,0.0232183333858621,1.03160869790274,0.985714512895493,1.07963968437728,0.180149312060444,0.967533682599991
ebi-a-GCST90001505,CD25++ CD4+ T cell %CD4+ T cell,26,IVW,-0.0214244176164397,0.0160747258673066,0.978803454971578,0.94844556647424,1.01013304013406,0.182596976468166,0.967533682599991
ebi-a-GCST90001985,CD40 on monocytes,29,IVW,0.00949783211828998,0.00712904002082544,1.00954307966351,0.995534911956322,1.02374835624167,0.182770284911241,0.967533682599991
ebi-a-GCST90001887,CD28 on secreting CD4 regulatory T cell,17,IVW,-0.014292875126003,0.0107536474718331,0.985808783107879,0.965248185010274,1.00680733923607,0.183808775593118,0.967533682599991
ebi-a-GCST90001687,CD28- CD8+ T cell Absolute Count,14,IVW,0.0473369436654451,0.03561533887086,1.0484752266551,0.97778143010787,1.12428019909131,0.183809452972723,0.967533682599991
ebi-a-GCST90001604,T cell %lymphocyte,17,IVW,-0.0349943247312284,0.0263639604259987,0.965610896343382,0.916981769817262,1.01681890941287,0.184391402942969,0.967533682599991
ebi-a-GCST90001599,CD4-CD8- T cell %T cell,15,IVW,0.0364971433874759,0.0277841801954218,1.03717134121687,0.982200467116203,1.09521877361757,0.188982735780345,0.967533682599991
ebi-a-GCST90001650,HLA DR+ Natural Killer  %CD3- lymphocyte,23,IVW,-0.0243973273652064,0.0185928913096622,0.975897881781599,0.9409743534553,1.01211756959012,0.189457462592166,0.967533682599991
ebi-a-GCST90001888,CD28 on CD39+ secreting CD4 regulatory T cell,21,IVW,0.0282337488092323,0.0215256802812087,1.02863609878527,0.986140357068803,1.07296310929739,0.189644679788275,0.967533682599991
ebi-a-GCST90001468,CD62L- myeloid Dendritic Cell Absolute Count,16,IVW,0.028874915089294,0.0221375057871055,1.02929583704463,0.985590232702574,1.07493954891608,0.192116438971771,0.967533682599991
ebi-a-GCST90002088,CD11c on CD62L+ myeloid Dendritic Cell,26,IVW,-0.0151250384918997,0.011601945212375,0.984988770392389,0.962843059270805,1.00764384024732,0.192348163429101,0.967533682599991
ebi-a-GCST90001717,BAFF-R on unswitched memory B cell,24,IVW,-0.0133829029668418,0.0103099776997793,0.986706249927744,0.966967436117819,1.00684799433913,0.19426894051455,0.967533682599991
ebi-a-GCST90001405,Plasma Blast-Plasma Cell Absolute Count,24,IVW,0.0137392992779986,0.0105940714981333,1.01383411719661,0.992999537340179,1.03510583695237,0.194670535430416,0.967533682599991
ebi-a-GCST90001834,CD62L on monocyte,25,IVW,-0.0143604889101496,0.0110991642995822,0.98574213109893,0.964529510003145,1.0074212752913,0.195722368390189,0.967533682599991
ebi-a-GCST90001497,CD39+ secreting CD4 regulatory T cell %CD4 regulatory T cell,22,IVW,-0.0149071609672653,0.0115299263342169,0.985203400688184,0.963188815237485,1.00772115017578,0.196042071161597,0.967533682599991
ebi-a-GCST90001540,Naive CD4+ T cell Absolute Count,25,IVW,0.0304888920547157,0.0235832266730552,1.03095843815526,0.984388904142743,1.07973108669803,0.196072955527201,0.967533682599991
ebi-a-GCST90002114,HLA DR on HLA DR+ CD4+ T cell,22,IVW,-0.0257785652152547,0.0199784568855399,0.974550865178813,0.937127118324724,1.01346911240666,0.19694022309624,0.967533682599991
ebi-a-GCST90001947,CD33 on CD33+ HLA DR+ CD14dim,27,IVW,-0.00989255916689485,0.00767289387252837,0.990156211242663,0.975376790193371,1.00515957783664,0.197298471678135,0.967533682599991
ebi-a-GCST90001485,CD39+ resting CD4 regulatory T cell %CD4 regulatory T cell,36,IVW,0.00449104102421068,0.00348448664252272,1.00450114086289,0.997664179489175,1.01138495571875,0.197444210702206,0.967533682599991
ebi-a-GCST90001575,Naive CD4+ T cell %T cell,34,IVW,-0.0214664463233077,0.0166971574358701,0.978762317992561,0.94724938825271,1.01132361445938,0.198570552699943,0.967533682599991
ebi-a-GCST90001527,CD33dim HLA DR+ CD11b- Absolute Count,28,IVW,-0.0122766456591289,0.00972308703681161,0.98779840491813,0.969151922852274,1.00680364528104,0.206722762802183,0.967533682599991
ebi-a-GCST90001712,BAFF-R on IgD- CD38- B cell,17,IVW,-0.0150053478798382,0.0119113864773591,0.98510667135687,0.962374447605052,1.00837585242087,0.207760205345408,0.967533682599991
ebi-a-GCST90001590,CD4+ T cell Absolute Count,24,IVW,0.0191942223315946,0.0152383591319933,1.01937961567771,0.989383792396781,1.05028484279284,0.207814046815765,0.967533682599991
ebi-a-GCST90001640,CD3- lymphocyte %lymphocyte,6,IVW,-0.0761803855640836,0.0605379266311798,0.926649037373067,0.822970665958393,1.04338887639993,0.208250364067644,0.967533682599991
ebi-a-GCST90001524,Granulocytic Myeloid-Derived Suppressor Cells Absolute Count,21,IVW,0.0232205554828804,0.0184785427187953,1.02349225148305,0.987086713044633,1.0612404918457,0.208890305818911,0.967533682599991
ebi-a-GCST90002060,CD8 on HLA DR+ CD8+ T cell,25,IVW,0.0140127731188346,0.0111661430651132,1.01411141222135,0.992158042561313,1.03655054162807,0.2095027026445,0.967533682599991
ebi-a-GCST90001770,CD24 on IgD- CD38dim B cell,7,IVW,0.0553053829833029,0.0440810278832714,1.05686331347124,0.969384997587612,1.15223576405767,0.20961308320816,0.967533682599991
ebi-a-GCST90001498,Activated & resting CD4 regulatory T cell Absolute Count,19,IVW,-0.0302243439518633,0.0241585625966156,0.970227844381981,0.925357502784086,1.01727393702642,0.210904544724026,0.967533682599991
ebi-a-GCST90001572,Terminally Differentiated CD4-CD8- T cell Absolute Count,22,IVW,-0.00814637047201508,0.00655042625115009,0.991886721283716,0.979233451316137,1.004703491835,0.213632179246631,0.967533682599991
ebi-a-GCST90001453,CD11c+ CD62L- monocyte %monocyte,18,IVW,-0.0298996313204219,0.024042984065149,0.970542940773548,0.925867743539204,1.01737381657198,0.213650241669895,0.967533682599991
ebi-a-GCST90001963,FSC-A on myeloid Dendritic Cell,20,IVW,-0.0126808189764018,0.010199491309524,0.987399243830582,0.96785613662158,1.00733696861231,0.213764836928242,0.967533682599991
ebi-a-GCST90001992,CCR2 on CD14+ CD16+ monocyte,37,IVW,0.0103657327396073,0.00836350822761621,1.01041964305953,0.993991381002776,1.02711942436621,0.215197373022767,0.967533682599991
ebi-a-GCST90001769,CD24 on IgD- CD38- B cell,29,IVW,0.0141528825893448,0.0114254364043559,1.01425350878865,0.991792890965645,1.03722278054293,0.215450311595582,0.967533682599991
ebi-a-GCST90001574,Terminally Differentiated CD4-CD8- T cell %T cell,24,IVW,-0.00702571584546549,0.00569119234692412,0.99299890679846,0.98198381459554,1.00413755730696,0.21702064524308,0.967533682599991
ebi-a-GCST90001475,HLA DR++ monocyte %monocyte,22,IVW,-0.0245795195001083,0.0199729770908728,0.975720097059052,0.938261527756332,1.0146741389701,0.218458006697606,0.967533682599991
ebi-a-GCST90001731,CD19 on IgD- CD24- B cell,23,IVW,-0.0319242986213874,0.0259498383952551,0.968579902137836,0.920548140125268,1.01911783418266,0.218610571349095,0.967533682599991
ebi-a-GCST90001617,TCRgd T cell %lymphocyte,20,IVW,0.0123781515553514,0.0101305787876882,1.01245507794782,0.992550106190391,1.03275923146766,0.221760478658973,0.967533682599991
ebi-a-GCST90001512,CD25++ CD45RA- CD4 not regulatory T cell %T cell,30,IVW,-0.0111661016267288,0.00914658524525762,0.988896007897339,0.971325729948042,1.00678411400427,0.222163809212434,0.967533682599991
ebi-a-GCST90001775,CD25 on B cell,25,IVW,0.0155968119146671,0.0127785608717077,1.01571907700714,0.99059533570562,1.04148001329053,0.222258242648447,0.967533682599991
ebi-a-GCST90001535,CD45RA- CD4+ T cell %CD4+ T cell,30,IVW,0.0182676987606743,0.014968003676453,1.01843557384211,0.988991454003118,1.04875630003557,0.222294366448042,0.967533682599991
ebi-a-GCST90001968,FSC-A on B cell,20,IVW,0.0232318908170995,0.0190606375701957,1.02350385317555,0.985972358428651,1.06246400166298,0.222904461755354,0.967533682599991
ebi-a-GCST90001668,CD28+ CD45RA- CD8dim T cell %CD8dim T cell,28,IVW,0.0150653778701282,0.0123706164146347,1.0151794327153,0.990860986671463,1.04009472011826,0.223286428138355,0.967533682599991
ebi-a-GCST90002006,CD64 on monocyte,29,IVW,-0.017337592085066,0.0146017407771197,0.982811839125855,0.955083026049854,1.01134569956803,0.23508378334243,0.967533682599991
ebi-a-GCST90001635,CD8dim Natural Killer T %lymphocyte,26,IVW,-0.0208477128353081,0.0175745018655383,0.979368098404483,0.946207171554523,1.01369118836481,0.2355244844939,0.967533682599991
ebi-a-GCST90001678,CD28- CD25++ CD8+ T cell Absolute Count,25,IVW,-0.016883839015164,0.0142387823929333,0.983257894206772,0.956196491024784,1.0110851646023,0.235715416369491,0.967533682599991
ebi-a-GCST90002107,HLA DR on Hematopoietic Stem Cell,6,IVW,-0.0234206286742631,0.0197811223741667,0.976851505590984,0.939702795673198,1.01546879329199,0.236417469718088,0.967533682599991
ebi-a-GCST90001462,CD62L- Dendritic Cell Absolute Count,18,IVW,0.0108974719997531,0.00921410298322871,1.01095706572467,0.992863417367983,1.029380447361,0.236930112262761,0.967533682599991
ebi-a-GCST90001531,CD33dim HLA DR- Absolute Count,24,IVW,0.00822876582666863,0.00701167646802032,1.00826271517671,0.994501054804512,1.02221480601179,0.240563149809944,0.967533682599991
ebi-a-GCST90002003,CCR2 on CD14- CD16-,17,IVW,-0.0215443831034456,0.0183796184446874,0.97868603938147,0.944057281374864,1.01458500726277,0.241121259356903,0.967533682599991
ebi-a-GCST90002010,HLA DR on monocyte,17,IVW,-0.01494596000532,0.0127744074101064,0.985165176485485,0.960805005480534,1.0101429732605,0.242004014039028,0.967533682599991
ebi-a-GCST90001750,CD20 on IgD+ CD38- unswitched memory B cell,19,IVW,-0.0228183787806615,0.0195402315831125,0.97743999149629,0.940712951007704,1.01560091838094,0.242901977522479,0.967533682599991
ebi-a-GCST90001957,CD33 on CD33+ HLA DR+ CD14-,21,IVW,-0.0103086572176455,0.00887447546230377,0.989744294877967,0.972677569780068,1.0071104749182,0.24539493593503,0.967533682599991
ebi-a-GCST90001804,CD27 on IgD- CD38dim B cell,31,IVW,0.0117531497394678,0.0101195247451957,1.01182248939069,0.991951445700964,1.032091595283,0.245465865148745,0.967533682599991
ebi-a-GCST90002079,SSC-A on lymphocyte,21,IVW,-0.0272471637305801,0.0234721736358792,0.973120691657505,0.929366020153371,1.01893533871155,0.245711726341905,0.967533682599991
ebi-a-GCST90002101,CD45RA on Terminally Differentiated CD8+ T cell,14,IVW,0.0297306468643789,0.0257001531491295,1.03017701517064,0.979569927325656,1.08339859460903,0.247342797164317,0.967533682599991
ebi-a-GCST90001683,CD127- CD8+ T cell %CD8+ T cell,14,IVW,-0.0208473805836372,0.0180490444566151,0.979368423801224,0.945327824211059,1.01463480178358,0.248073768130953,0.967533682599991
ebi-a-GCST90001647,Natural Killer %lymphocyte,27,IVW,0.0173792150860052,0.0150573041739709,1.0175311123202,0.987940208186934,1.04800832677889,0.248416151633014,0.967533682599991
ebi-a-GCST90001736,CD19 on memory B cell,24,IVW,-0.0200892576495185,0.0174231540574891,0.980111186981585,0.947206038656237,1.01415943273466,0.248901879716816,0.967533682599991
ebi-a-GCST90001754,CD20 on IgD- CD27- B cell,19,IVW,-0.0314121342605906,0.0272499744896153,0.969076101301212,0.918675716732179,1.0222415516257,0.249017138142456,0.967533682599991
ebi-a-GCST90001624,HLA DR+ CD4+ T cell Absolute Count,24,IVW,-0.0112802190551741,0.00981160476509456,0.988783164066764,0.969949797096436,1.0079822156452,0.250275136692924,0.967533682599991
ebi-a-GCST90001987,CD64 on CD14+ CD16- monocyte,35,IVW,0.00764845492812287,0.00667173328741539,1.00767777907331,0.994586563428963,1.02094130744874,0.251630929484282,0.967533682599991
ebi-a-GCST90002096,CD11b on basophil,19,IVW,-0.0196849875750085,0.0171915873720995,0.980507496706857,0.948019223646753,1.01410913103654,0.252194217563958,0.967533682599991
ebi-a-GCST90001952,CD33 on Monocytic Myeloid-Derived Suppressor Cells,21,IVW,-0.0118203082345777,0.0103633453484186,0.988249277165322,0.968378297237845,1.00852800667208,0.254041377496923,0.967533682599991
ebi-a-GCST90001416,IgD+ CD24- B cell Absolute Count,23,IVW,0.00905172841458188,0.00795385461207949,1.00909281919551,0.993483498464841,1.02494738898573,0.255107784942445,0.967533682599991
ebi-a-GCST90001658,CD39+ CD4+ T cell %T cell,31,IVW,-0.0102012200037314,0.00899949066669442,0.989850635959889,0.972543745764032,1.00746551070611,0.256990474863062,0.967533682599991
ebi-a-GCST90001417,CD24+ CD27+ B cell %B cell,26,IVW,-0.016196967587349,0.0143168261850735,0.983933497960371,0.956707145990113,1.01193466826947,0.257918789916817,0.967533682599991
ebi-a-GCST90001682,CD127- CD8+ T cell %T cell,14,IVW,0.0315035096757058,0.0278594684570579,1.03200499759216,0.977163737854208,1.08992410769759,0.258138936258902,0.967533682599991
ebi-a-GCST90001851,CD3 on T cell,31,IVW,0.0112209700000057,0.00993267449430223,1.01128416121829,0.991786841795633,1.03116477415589,0.258601484966374,0.967533682599991
ebi-a-GCST90001876,HVEM on Central Memory CD4+ T cell,18,IVW,0.00872260219072638,0.00773921259506057,1.00876075493494,0.993574478029952,1.02417914630274,0.259714642329588,0.967533682599991
ebi-a-GCST90001990,CD64 on CD14- CD16+ monocyte,20,IVW,0.0286778760909608,0.0256329595715021,1.02909304560347,0.978668088911762,1.08211610096231,0.263230117532034,0.967533682599991
ebi-a-GCST90001470,CD62L- plasmacytoid Dendritic Cell Absolute Count,24,IVW,-0.0197255491609381,0.0176806819325786,0.98046772657435,0.947072448315876,1.01504057536816,0.264569646911075,0.967533682599991
ebi-a-GCST90001929,CD127 on CD28+ CD45RA+ CD8+ T cell,21,IVW,0.0260849326639458,0.0233962944277356,1.0264281220462,0.980422375839994,1.07459266096884,0.264885876188558,0.967533682599991
ebi-a-GCST90001795,CD25 on transitional B cell,22,IVW,-0.0213071746515173,0.0192093626033014,0.978918219518252,0.942746811143791,1.0164774562771,0.267340552562567,0.967533682599991
ebi-a-GCST90001835,CD62L on granulocyte,16,IVW,0.0296484436531581,0.026747469272689,1.03009233479241,0.977480832391704,1.0855355757737,0.267664110815373,0.967533682599991
ebi-a-GCST90002065,CD4 on CD39+ resting CD4 regulatory T cell,15,IVW,-0.0227672087416982,0.020562996812132,0.977490008418413,0.938877109168611,1.01769092805333,0.268210438448612,0.967533682599991
ebi-a-GCST90001823,IgD on IgD+ CD38- unswitched memory B cell,17,IVW,0.0160358081089086,0.0146149585582516,1.01616507170419,0.987469656113538,1.04569436291908,0.272545732332779,0.967533682599991
ebi-a-GCST90001543,Effector Memory CD4+ T cell %CD4+ T cell,28,IVW,0.0144461639553682,0.0131676482166557,1.01455101406745,0.988701882021678,1.04107595915624,0.272599768288099,0.967533682599991
ebi-a-GCST90001699,CD45RA+ CD28- CD8+ T cell %CD8+ T cell,31,IVW,-0.000252076518983885,0.000231925226036358,0.999747955249632,0.999293599656268,1.00020251742793,0.277086741129686,0.967533682599991
ebi-a-GCST90001857,CD3 on activated & secreting CD4 regulatory T cell,22,IVW,0.0144933554965395,0.0133711312868509,1.01459889342314,0.988354280680133,1.04154040171413,0.278396328991792,0.967533682599991
ebi-a-GCST90001818,CD38 on IgD+ B cell,15,IVW,-0.034753497768048,0.0321816366114994,0.96584346948698,0.906803495559487,1.02872740579268,0.28017912427682,0.967533682599991
ebi-a-GCST90001667,CD28+ CD45RA- CD8dim T cell %T cell,28,IVW,0.00577758425695496,0.00535306763897864,1.00579430668645,0.995296667158607,1.01640266740858,0.280452484920786,0.967533682599991
ebi-a-GCST90001949,CD33 on CD33dim HLA DR+ CD11b-,22,IVW,-0.0107901297834859,0.0100061201651768,0.989267874853576,0.970055371292494,1.00886089307806,0.280876249357132,0.967533682599991
ebi-a-GCST90001437,Naive-mature B cell %lymphocyte,21,IVW,-0.0261462794019188,0.0242591725572033,0.974192574878312,0.928955671550537,1.02163235772484,0.281127744302748,0.967533682599991
ebi-a-GCST90001914,CD45 on lymphocyte,24,IVW,0.0183367700245045,0.0170202668013628,1.01850592090378,0.985089328680644,1.05305608406641,0.281324310816449,0.967533682599991
ebi-a-GCST90001721,CD19 on CD20- B cell,22,IVW,0.0202723581125816,0.0188399815043682,1.02047923798034,0.9834839056627,1.0588662093532,0.281914485000195,0.967533682599991
ebi-a-GCST90001615,TCRgd T cell Absolute Count,19,IVW,0.0204475153323504,0.0190721063319451,1.02065799794159,0.983208758042502,1.0595336343791,0.283667815926012,0.967533682599991
ebi-a-GCST90001502,Activated & secreting CD4 regulatory T cell %CD4 regulatory T cell,38,IVW,-0.00345969337837022,0.00322776164533399,0.996546284464944,0.990261621916386,1.00287083241598,0.283785036886302,0.967533682599991
ebi-a-GCST90001706,BAFF-R on IgD+ CD38- naive B cell,28,IVW,-0.0113750973948623,0.0106327927552803,0.988689354412168,0.968298016119401,1.00951011285292,0.284703596293873,0.967533682599991
ebi-a-GCST90001898,CD28 on CD4+ T cell,27,IVW,-0.00494086202826908,0.0046417092188406,0.995071323952511,0.986059469703711,1.00416553988384,0.287125415354256,0.967533682599991
ebi-a-GCST90001762,CD20 on IgD+ B cell,20,IVW,0.0102630009860531,0.00967582703222043,1.01031584620948,0.991336129524838,1.02965894079865,0.288833248661105,0.967533682599991
ebi-a-GCST90001675,CD28- CD127- CD25++ CD8+ T cell Absolute Count,29,IVW,-0.0116021421405351,0.01093882047603,0.988464903170348,0.967497701033727,1.0098864976688,0.288853886452752,0.967533682599991
ebi-a-GCST90002083,SSC-A on HLA DR+ T cell,20,IVW,0.0197051921358981,0.0186021428879435,1.0199006209781,0.983384576553852,1.05777261660616,0.289464590207788,0.967533682599991
ebi-a-GCST90002014,CCR2 on CD62L+ myeloid Dendritic Cell,14,IVW,0.021985485204394,0.020824231726244,1.02222894691853,0.981346168101682,1.06481489802882,0.291075807464147,0.967533682599991
ebi-a-GCST90001894,CD28 on CD28+ CD4+ T cell,27,IVW,-0.00466556426373906,0.00442985216400188,0.995345302574664,0.986740615986994,1.00402502471887,0.292244790848659,0.967533682599991
ebi-a-GCST90001778,CD25 on IgD+ CD24+ B cell,26,IVW,0.00914103661332996,0.00872314137288693,1.00918294348193,0.99207524726374,1.0265856508605,0.294681683630259,0.967533682599991
ebi-a-GCST90001420,IgD- CD38+ B cell Absolute Count,20,IVW,0.0141844513454858,0.0136075387109957,1.01428552801574,0.987591306178723,1.04170128463645,0.297227867426729,0.967533682599991
ebi-a-GCST90002113,HLA DR on HLA DR+ T cell,19,IVW,0.0148906732357381,0.0143436956017746,1.01500209165527,0.986864069263777,1.04394240113854,0.299207831856636,0.967533682599991
ebi-a-GCST90001847,CD3 on HLA DR+ T cell,27,IVW,-0.0145527519751308,0.0140255018103385,0.985552627513378,0.958828803646136,1.01302127961207,0.299459927716004,0.967533682599991
ebi-a-GCST90002100,CD45RA on naive CD8+ T cell,22,IVW,-0.0194279867399754,0.0187601154381406,0.980759520336022,0.945352114456753,1.01749308222841,0.300388513544178,0.967533682599991
ebi-a-GCST90001955,CD33 on Immature Myeloid-Derived Suppressor Cells,23,IVW,-0.010780490349097,0.0104272337668099,0.989277410882309,0.969264377863298,1.00970366603118,0.301193077454445,0.967533682599991
ebi-a-GCST90002097,CD11b on CD33+ HLA DR+ CD14dim,21,IVW,-0.0182024238201682,0.0176886725686176,0.981962239690975,0.948501202274222,1.01660370895359,0.303458960848103,0.967533682599991
ebi-a-GCST90001496,CD39+ secreting CD4 regulatory T cell %secreting CD4 regulatory T cell,28,IVW,-0.0129810918355982,0.0126154657281865,0.987102799145843,0.962994667422649,1.01181446693714,0.303487959026063,0.967533682599991
ebi-a-GCST90001694,CD28- CD4-CD8- T cell %T cell,22,IVW,0.0192984752098462,0.0188086383012778,1.01948589447652,0.98258693483486,1.05777051596077,0.304871227211828,0.967533682599991
ebi-a-GCST90001979,CD16 on CD14- CD16+ monocyte,20,IVW,-0.0148333815326633,0.0144719504162169,0.985276091119552,0.957721355134315,1.01362360829438,0.305375174535356,0.967533682599991
ebi-a-GCST90001551,Naive CD8+ T cell Absolute Count,28,IVW,0.00358467269329952,0.00350228779280212,1.00359110531644,0.996725561325328,1.01050393985184,0.306060552000033,0.967533682599991
ebi-a-GCST90002033,CD39 on granulocyte,26,IVW,-0.0164370384846507,0.0161049077923692,0.983697312514391,0.953131253882215,1.01524359704568,0.307433112376346,0.967533682599991
ebi-a-GCST90002071,SSC-A on myeloid Dendritic Cell,18,IVW,-0.0073799118067777,0.00724062346355071,0.99264725287696,0.978659467739077,1.00683496264595,0.308090434130763,0.967533682599991
ebi-a-GCST90001674,CD28- CD127- CD25++ CD8+ T cell %CD8+ T cell,18,IVW,-0.0155918643309224,0.0153135629349674,0.984529059494034,0.955417895137118,1.01452722826497,0.308595499534896,0.967533682599991
ebi-a-GCST90002062,CD4 on CD28+ CD4+ T cell,21,IVW,-0.02489011423435,0.0245025636362696,0.975417090593353,0.929679720264983,1.02340459825285,0.309716664471133,0.967533682599991
ebi-a-GCST90002063,CD4 on CD4 regulatory T cell,29,IVW,-0.0145294639152593,0.0144107433195806,0.985575579389225,0.958127403492557,1.01381008323905,0.313340056340586,0.974687579510504
ebi-a-GCST90002067,CD4 on CD39+ activated CD4 regulatory T cell,23,IVW,-0.0155165526128971,0.0154434679902491,0.984603208861073,0.955246601972921,1.01486200201841,0.31502572382305,0.975778830994276
ebi-a-GCST90002011,CD64 on CD14+ CD16+ monocyte,12,IVW,0.039626053205697,0.0395998081668233,1.04042163910235,0.96272298126813,1.12439113657237,0.316989878701471,0.976120388751441
ebi-a-GCST90001869,CD3 on resting CD4 regulatory T cell,37,IVW,0.0140640901649435,0.0140826587581596,1.01416345475877,0.986553304519495,1.04254631580114,0.317949026224287,0.976120388751441
ebi-a-GCST90001806,CD27 on unswitched memory B cell,30,IVW,0.0164452848111144,0.0165644886746667,1.01658125282907,0.984106542403145,1.05012760211908,0.320805651010192,0.976120388751441
ebi-a-GCST90001645,Natural Killer Absolute Count,22,IVW,0.0233450144992029,0.0235993378865357,1.02361964224918,0.977350746524355,1.07207896011183,0.322553909296928,0.976120388751441
ebi-a-GCST90001399,IgD- CD27- B cell %B cell,15,IVW,0.0226709108469357,0.0229294598446486,1.022929849032,0.977975333682834,1.0699507850573,0.322798120469521,0.976120388751441
ebi-a-GCST90001702,BAFF-R on CD24+ CD27+ B cell,19,IVW,-0.0126725403703387,0.0128988821396233,0.987407418153785,0.962756890352389,1.01268910063917,0.32587692084662,0.976120388751441
ebi-a-GCST90001654,CD28- CD4-CD8- T cell Absolute Count,31,IVW,0.0163488131946982,0.0167480405336986,1.01648318632278,0.983657662671718,1.05040412664557,0.328983822606146,0.976120388751441
ebi-a-GCST90001622,Natural Killer T %T cell,32,IVW,-0.0168658002604508,0.017279968590604,0.983275631114721,0.950530966231427,1.01714831088276,0.329048665446148,0.976120388751441
ebi-a-GCST90001718,BAFF-R on switched memory B cell,19,IVW,-0.0120617476590194,0.0123659203037172,0.988010703630326,0.964351955966112,1.01224987873867,0.329360721051981,0.976120388751441
ebi-a-GCST90001573,Terminally Differentiated CD4-CD8- T cell %CD4-CD8- T cell,27,IVW,-0.00599035890492404,0.00616920539938031,0.994027547521831,0.982080496994532,1.00611993442098,0.331543398161636,0.976120388751441
ebi-a-GCST90001441,IgD+ CD24- B cell %lymphocyte,21,IVW,-0.0237758226456619,0.0245575821002806,0.976504595439091,0.930615872457686,1.02465609402876,0.332961337782963,0.976120388751441
ebi-a-GCST90001932,CD127 on CD45RA+ CD4+ T cell,22,IVW,0.0214683644830068,0.0222422420990847,1.0217004678036,0.978116563925809,1.06722642720656,0.334441215545266,0.976120388751441
ebi-a-GCST90001802,CD27 on IgD- CD38- B cell,31,IVW,0.015849330939262,0.0164233068465947,1.01597559778455,0.983792428842886,1.04921158674471,0.334519199495074,0.976120388751441
ebi-a-GCST90001629,HLA DR+ CD8+ T cell %lymphocyte,30,IVW,-0.0132665177589397,0.0137882693942914,0.986821094622763,0.960509385093056,1.01385357384938,0.335969366825937,0.976120388751441
ebi-a-GCST90001471,CD62L- plasmacytoid Dendritic Cell %Dendritic Cell,18,IVW,-0.0141416327009834,0.0147315040575262,0.985957890494238,0.957896656876935,1.01484116772812,0.337076096255039,0.976120388751441
ebi-a-GCST90001429,IgD+ CD38+ B cell %lymphocyte,25,IVW,0.0157891004815465,0.0164938867520946,1.01591440695206,0.983597099453982,1.04929353983017,0.338431069527659,0.976120388751441
ebi-a-GCST90001794,CD25 on IgD+ B cell,27,IVW,0.00919179051938068,0.00960982311637805,1.00923416475806,0.990402886290365,1.02842349655297,0.338819962426343,0.976120388751441
ebi-a-GCST90001801,CD27 on IgD+ CD38- unswitched memory B cell,23,IVW,-0.0114159712958975,0.0119983584955764,0.98864894364722,0.965670351593644,1.0121743223883,0.341370359753021,0.976120388751441
ebi-a-GCST90001994,CX3CR1 on CD14- CD16-,19,IVW,0.00874761201336653,0.00922514090376063,1.00878598417799,0.990709759280357,1.02719202303324,0.343009252040949,0.976120388751441
ebi-a-GCST90001916,CD45 on CD4+ T cell,13,IVW,0.027586022753049,0.0292554723049431,1.02797004011682,0.970683610159416,1.08863731942917,0.345713906816933,0.976120388751441
ebi-a-GCST90002034,CD39 on monocyte,22,IVW,0.00994181881011319,0.0105547238719581,1.0099914028731,0.989312086029449,1.03110297375586,0.346228103442905,0.976120388751441
ebi-a-GCST90001881,HVEM on CD8+ T cell,16,IVW,-0.0164888522690558,0.0175932681649263,0.983646344754348,0.950305603833519,1.01815681991716,0.348642788403213,0.976120388751441
ebi-a-GCST90001491,CD39+ activated CD4 regulatory T cell %CD4 regulatory T cell,23,IVW,0.00798739427737881,0.00854791207646805,1.0080193786115,0.991271800444699,1.02504990780579,0.350084011018662,0.976120388751441
ebi-a-GCST90001489,CD39+ activated CD4 regulatory T cell Absolute Count,30,IVW,0.0085006609569338,0.00911701924651953,1.00853689417127,0.990675052741414,1.02672078406534,0.35113255268463,0.976120388751441
ebi-a-GCST90001800,CD27 on IgD+ CD24+ B cell,31,IVW,-0.0112826119509943,0.0121249366776982,0.988780798014495,0.965559562831497,1.01256049254498,0.352096968183014,0.976120388751441
ebi-a-GCST90001840,CD3 on Terminally Differentiated CD8+ T cell,23,IVW,-0.0175724815559972,0.0191086257840703,0.982581014083185,0.946461118805766,1.02007935672514,0.357776648383687,0.976120388751441
ebi-a-GCST90002068,CD4 on secreting CD4 regulatory T cell,28,IVW,0.0126777780498789,0.01384127680639,1.01275848176534,0.985652791837378,1.04060958471556,0.359698404434631,0.976120388751441
ebi-a-GCST90001776,CD25 on CD20- CD38- B cell,20,IVW,0.0169004187246367,0.0185089131441087,1.01704403873987,0.980809477283124,1.05461723269801,0.361191935466483,0.976120388751441
ebi-a-GCST90002032,CD39 on CD39+ CD4+ T cell,20,IVW,0.0120324580078739,0.0132003321924816,1.01210513924952,0.986255142057244,1.03863267141866,0.362017813726883,0.976120388751441
ebi-a-GCST90001432,Unswitched memory B cell %lymphocyte,22,IVW,-0.018854871217216,0.0207222193972379,0.981321769942819,0.942263404166084,1.02199916913463,0.362882280019054,0.976120388751441
ebi-a-GCST90001397,Unswitched memory B cell %B cell,32,IVW,-0.0108094034633633,0.0119015390348694,0.989248808204986,0.966439653973927,1.01259628628751,0.363753669547733,0.976120388751441
ebi-a-GCST90001838,CD3 on naive CD8+ T cell,25,IVW,-0.0117692009066467,0.01301298404624,0.988299785235863,0.963411498390913,1.01383102353314,0.36577282357053,0.976120388751441
ebi-a-GCST90001500,Activated & resting CD4 regulatory T cell %CD4+ T cell,27,IVW,-0.0162051135660894,0.0179706799377538,0.98392548289166,0.949872374309857,1.01919940201122,0.367188120781754,0.976120388751441
ebi-a-GCST90001722,CD19 on CD20- CD38- B cell,19,IVW,0.0188964890971406,0.0210244262763946,1.01907615766461,0.977935671762484,1.06194737047356,0.368765921158368,0.976120388751441
ebi-a-GCST90001797,CD27 on CD20- CD38- B cell,20,IVW,0.0165832220155573,0.0184947920468983,1.01672148687669,0.980525555054879,1.05425358528152,0.369909555142095,0.976120388751441
ebi-a-GCST90001623,Natural Killer T %lymphocyte,33,IVW,-0.015216862678585,0.0170588418215859,0.984898328752082,0.95251236289433,1.01838543599697,0.372381125480131,0.976120388751441
ebi-a-GCST90002077,SSC-A on HLA DR+ Natural Killer,28,IVW,-0.0122418131658211,0.0137371061900767,0.987832812998715,0.961590551271376,1.01479123848167,0.372849056118159,0.976120388751441
ebi-a-GCST90001664,CD28+ CD45RA+ CD8dim T cell %T cell,41,IVW,-0.00204961829554067,0.00230798971293611,0.997952480737721,0.993448278601146,1.00247710450804,0.37451198474359,0.976120388751441
ebi-a-GCST90001749,CD20 on IgD+ CD38- naive B cell,18,IVW,-0.0224230174122299,0.0254168866865677,0.977826509911078,0.930307487912243,1.02777274815945,0.377663557078029,0.976120388751441
ebi-a-GCST90001711,BAFF-R on IgD- CD27- B cell,18,IVW,0.0105550825948203,0.0119745397829372,1.01061098398726,0.987168025555322,1.03461065848558,0.37806867994377,0.976120388751441
ebi-a-GCST90001570,Effector Memory CD4-CD8- T cell %CD4-CD8- T cell,29,IVW,0.00505442837414865,0.0057911875133281,1.00506722354559,0.993723481003832,1.01654045934911,0.38278340423699,0.976120388751441
ebi-a-GCST90001652,Granulocyte %leukocyte,25,IVW,-0.0153396649262864,0.0176265712794205,0.984777388449576,0.951336211101531,1.01939408327438,0.38415941791424,0.976120388751441
ebi-a-GCST90001411,IgD+ CD24+ B cell %B cell,20,IVW,-0.02312198598442,0.0266037797293607,0.977143278717978,0.927497301207629,1.02944664733852,0.384779258828844,0.976120388751441
ebi-a-GCST90001708,BAFF-R on IgD+ CD38+ B cell,27,IVW,-0.0107730302524147,0.0123965806818458,0.989284791014968,0.965537509172319,1.01361613447051,0.384829409789055,0.976120388751441
ebi-a-GCST90001552,Naive CD8+ T cell %CD8+ T cell,37,IVW,0.0026195771709501,0.00301727663164214,1.00262301126119,0.996711135176319,1.00856995295095,0.38528891781752,0.976120388751441
ebi-a-GCST90001755,CD20 on IgD- CD38- B cell,27,IVW,0.0200471705381393,0.0231033402998053,1.020249464608,0.975080374059073,1.06751094343105,0.385549054179509,0.976120388751441
ebi-a-GCST90001403,Switched memory B cell Absolute Count,23,IVW,0.0171143346878383,0.0197522749144795,1.01726162396668,0.97863148792312,1.05741663165924,0.386244098182618,0.976120388751441
ebi-a-GCST90001539,Central Memory CD4+ T cell %T cell,24,IVW,0.0184805466494017,0.0213564315557603,1.01865236877516,0.976893090531237,1.06219673213879,0.386852917436618,0.976120388751441
ebi-a-GCST90001854,CD3 on CD39+ activated CD4 regulatory T cell,26,IVW,0.0118367097518209,0.013714760706274,1.01190704082292,0.985068377702154,1.03947693626665,0.3881025397046,0.976120388751441
ebi-a-GCST90001875,HVEM on CD4+ T cell,20,IVW,-0.0110892172935728,0.0129110192065119,0.988972041430323,0.964259514258744,1.01431791366117,0.39039812974507,0.976120388751441
ebi-a-GCST90001777,CD25 on CD24+ CD27+ B cell,24,IVW,-0.00528565628995903,0.00616101799808509,0.994728288211816,0.982788586582755,1.00681304288376,0.390937022502722,0.976120388751441
ebi-a-GCST90002052,CD45 on Immature Myeloid-Derived Suppressor Cells,10,IVW,0.0103315497331327,0.0120738575497606,1.01038510446865,0.986755282456706,1.03458078966698,0.392166039327514,0.976120388751441
ebi-a-GCST90002038,CD80 on CD62L+ plasmacytoid Dendritic Cell,21,IVW,-0.00997544586565917,0.0116695239936857,0.990074143864246,0.967685914456747,1.01298034383276,0.392645899901806,0.976120388751441
ebi-a-GCST90001836,CD66b on CD66b++ myeloid cell,26,IVW,-0.0105861876310103,0.0124206706248578,0.98946964884776,0.965672333046459,1.01385340812473,0.394045369771746,0.976120388751441
ebi-a-GCST90001928,CD127 on CD28+ CD45RA- CD8+ T cell,19,IVW,0.0164591746445637,0.0194263729178619,1.01659537307142,0.978615446200121,1.05604929552571,0.39685062056053,0.976120388751441
ebi-a-GCST90001844,CD3 on Terminally Differentiated CD4+ T cell,23,IVW,-0.0117963141748482,0.0139492438608605,0.988272989561984,0.96161911973967,1.01566564333932,0.39774257910252,0.976120388751441
ebi-a-GCST90001810,CD38 on CD3- CD19-,18,IVW,-0.0133311556125925,0.0158450315123418,0.986757310686718,0.956583288687541,1.01788312811696,0.400154066546574,0.976120388751441
ebi-a-GCST90001467,CD86+ plasmacytoid Dendritic Cell %Dendritic Cell,26,IVW,0.0163576224605652,0.0194433107456762,1.01649214083286,0.978483586333493,1.05597711275538,0.400180895092743,0.976120388751441
ebi-a-GCST90001786,CD25 on IgD- CD27- B cell,21,IVW,0.0204926433453169,0.0244071432081578,1.02070405924828,0.973025142113044,1.07071927689703,0.401123371553618,0.976120388751441
ebi-a-GCST90001855,CD3 on secreting CD4 regulatory T cell,20,IVW,0.0111187806074444,0.0133246150967277,1.01118082398422,0.985114436882587,1.03793693454446,0.404025103766954,0.976120388751441
ebi-a-GCST90001395,IgD+ CD38- B cell %B cell,22,IVW,0.00972402874704073,0.0116681542665488,1.00977146073325,0.98694047181134,1.03313060111924,0.404629370990574,0.976120388751441
ebi-a-GCST90001542,Effector Memory CD4+ T cell Absolute Count,23,IVW,-0.00936370540060669,0.0112674526875587,0.990679997575171,0.969041429921681,1.01280175159783,0.405950956786207,0.976120388751441
ebi-a-GCST90001737,CD19 on naive-mature B cell,29,IVW,0.00785319146589924,0.00946398558880021,1.00788410865387,0.989360780862766,1.0267542398347,0.406653291457279,0.976120388751441
ebi-a-GCST90002109,HLA DR on CD33+ HLA DR+ CD14dim,20,IVW,-0.0108132780289835,0.0131937437780075,0.989244975302989,0.963991293709671,1.01516022763681,0.412457761542279,0.976120388751441
ebi-a-GCST90001676,CD28- CD25++ CD8+ T cell %T cell,8,IVW,0.0316925236381799,0.0387647560553109,1.03220007938206,0.956679926796039,1.11368178011691,0.413608333078171,0.976120388751441
ebi-a-GCST90001732,CD19 on IgD- CD27- B cell,26,IVW,-0.0181925173042298,0.0223377480682574,0.981971967563738,0.939906850803678,1.02591969008045,0.415399039065033,0.976120388751441
ebi-a-GCST90002106,HLA DR on Dendritic Cell,19,IVW,-0.0100349061345124,0.0123855742768437,0.990015275539647,0.966271303499707,1.01434270297787,0.417819955046427,0.976120388751441
ebi-a-GCST90001588,T/B cell,29,IVW,-0.0144140483238349,0.0178663176827071,0.985689336742174,0.95176984679993,1.02081766073375,0.419797741619723,0.976120388751441
ebi-a-GCST90001780,CD25 on IgD+ CD38- B cell,29,IVW,0.00534484756104886,0.00666956035837018,1.00535915674088,0.992302289556857,1.01858782820516,0.422912099403994,0.976120388751441
ebi-a-GCST90001926,CD127 on granulocyte,31,IVW,0.0145500030307578,0.0181641501837639,1.0146563695766,0.979168309580866,1.05143062561232,0.423115113199234,0.976120388751441
ebi-a-GCST90001532,Basophil Absolute Count,23,IVW,0.00556960639637175,0.00698177644925234,1.00558514548956,0.99191815965919,1.01944043969988,0.42502437485054,0.976120388751441
ebi-a-GCST90002104,HLA DR on myeloid Dendritic Cell,16,IVW,-0.00845862424629708,0.0106732181131066,0.99157704926198,0.971049210500442,1.01253884354262,0.428063791416201,0.976120388751441
ebi-a-GCST90001619,HLA DR+ T cell%T cell,31,IVW,-0.00782525187397565,0.00987423989345835,0.992205285702811,0.97318725701004,1.0115949647771,0.428074105342452,0.976120388751441
ebi-a-GCST90001701,BAFF-R on CD20- CD38- B cell,17,IVW,-0.0107781119890556,0.0136495867909127,0.989279763742971,0.963164268185441,1.01610336188564,0.429744363269473,0.976120388751441
ebi-a-GCST90002102,CD45RA on resting CD4 regulatory T cell,29,IVW,-0.00597279952965888,0.00758244506056431,0.994045002177808,0.979381144641028,1.00892841541978,0.430863906552888,0.976120388751441
ebi-a-GCST90001714,BAFF-R on IgD- CD38dim B cell,4,IVW,0.0299270526698988,0.0380272467978246,1.03037936778809,0.95637388331452,1.11011149518628,0.431287878456576,0.976120388751441
ebi-a-GCST90002039,CD80 on monocyte,23,IVW,-0.0130504033998534,0.0166245725988961,0.987034383877765,0.955391031064651,1.01972579109447,0.432449551264019,0.976120388751441
ebi-a-GCST90001479,CD4 regulatory T cell %T cell,16,IVW,-0.0155221930832775,0.0199629509910259,0.9845976552515,0.946816876213379,1.02388599852996,0.436834331213817,0.976120388751441
ebi-a-GCST90001691,CD28+ CD45RA- CD8+ T cell %T cell,26,IVW,0.00542935824809997,0.00698857758939866,1.00544412392421,0.991765834169453,1.01931106265655,0.437223485466421,0.976120388751441
ebi-a-GCST90001671,CD39+ CD8+ T cell %CD8+ T cell,21,IVW,-0.01091629158569,0.0141657806470524,0.98914307490828,0.962057343318347,1.01699137731674,0.440938158807125,0.976120388751441
ebi-a-GCST90001938,CD25 on CD39+ resting CD4 regulatory T cell,15,IVW,0.0208297882345469,0.0270622441812817,1.02104824242181,0.968301076753962,1.07666875353229,0.441478332956983,0.976120388751441
ebi-a-GCST90001831,CD62L on CD62L+ myeloid Dendritic Cell,15,IVW,-0.0234209593095142,0.030481918413196,0.976851182609495,0.920198823857603,1.03699136341564,0.44227582232008,0.976120388751441
ebi-a-GCST90001553,Naive CD8+ T cell %T cell,29,IVW,0.00253521560174752,0.00331325748189734,1.00253843197832,0.996049056533493,1.00907008645888,0.444168456999978,0.976120388751441
ebi-a-GCST90001805,CD27 on memory B cell,25,IVW,-0.00710620194397563,0.00929951979081766,0.99291898740687,0.974984933685462,1.01118292343904,0.444779531472838,0.976120388751441
ebi-a-GCST90001636,CD4-CD8- Natural Killer T Absolute Count,10,IVW,0.0289146754636536,0.0379820981109502,1.02933676304604,0.955490711121326,1.10889008069443,0.446495129369593,0.976120388751441
ebi-a-GCST90001690,CD28+ CD45RA+ CD8+ T cell Absolute Count,59,IVW,0.00154143305448943,0.00202692249432815,1.00154262167307,0.997571618266658,1.00552943233358,0.446968003885729,0.976120388751441
ebi-a-GCST90001816,CD38 on naive-mature B cell,26,IVW,-0.0113924443769527,0.0149835547798117,0.988672203784401,0.960059313296128,1.01813785148335,0.447057426762776,0.976120388751441
ebi-a-GCST90001700,CD45RA+ CD28- CD8+ T cell %T cell,206,IVW,0.000114827600760134,0.000151471336077539,1.0001148341937,0.999817960353276,1.00041179618425,0.448402260821649,0.976120388751441
ebi-a-GCST90001744,CD20 on CD20- CD38- B cell,16,IVW,-0.016034168133786,0.0211920389200399,0.98409369483581,0.944055271326085,1.02583019197092,0.449281864029847,0.976120388751441
ebi-a-GCST90001764,CD24 on CD24+ CD27+ B cell,3,IVW,0.0282831759296058,0.0377456547545974,1.02868694256206,0.955330134761097,1.10767658979198,0.453670711342646,0.976120388751441
ebi-a-GCST90001785,CD25 on IgD- CD24- B cell,26,IVW,0.0149986203355508,0.0202329504266682,1.01511166410128,0.975643561648755,1.05617638561883,0.458513533602897,0.976120388751441
ebi-a-GCST90001872,HVEM on naive CD8+ T cell,21,IVW,0.00714190237804902,0.00969797520573065,1.00716746658562,0.988203995839548,1.02649484318945,0.461467641745554,0.976120388751441
ebi-a-GCST90001982,CCR2 on CD14- CD16+ monocyte,28,IVW,-0.00765560860705386,0.0104442139831722,0.992373620926999,0.97226559300463,1.01289751544985,0.463558443562682,0.976120388751441
ebi-a-GCST90001912,CD45 on HLA DR+ Natural Killer,12,IVW,-0.0243787863293576,0.0334361753880379,0.975915976106953,0.914010069993873,1.04201476951689,0.465931881218248,0.976120388751441
ebi-a-GCST90001860,CD3 on CD39+ CD4+ T cell,27,IVW,0.00833945081346478,0.0115685100983352,1.00837432089845,0.985767425498402,1.03149966690501,0.470986367276493,0.976120388751441
ebi-a-GCST90002021,CD14 on CD33dim HLA DR+ CD11b+,19,IVW,0.0146538706919945,0.0203495573842914,1.01476176503416,0.975084386199596,1.05605366504604,0.47145875570586,0.976120388751441
ebi-a-GCST90001424,IgD+ B cell %Lymphocyte,18,IVW,-0.00777783814100872,0.0108630704026559,0.992252330974562,0.971348995981234,1.01360550368394,0.473998185116161,0.976120388751441
ebi-a-GCST90001951,CD33 on CD66b++ myeloid cell,18,IVW,-0.00735341290875161,0.0102738046383601,0.992673557283808,0.972884343247078,1.01286529911833,0.474149503806315,0.976120388751441
ebi-a-GCST90001625,HLA DR+ CD4+ T cell %T cell,25,IVW,-0.0204016596727594,0.0285397795781438,0.979805046085778,0.926501487599602,1.03617526920803,0.474701773629194,0.976120388751441
ebi-a-GCST90001725,CD19 on IgD+ CD24- B cell,25,IVW,0.00707375481653207,0.00989709300124891,1.00709883291737,0.987751088723068,1.02682555437597,0.474775550833465,0.976120388751441
ebi-a-GCST90001741,CD19 on IgD+ B cell,27,IVW,0.00690815411732653,0.00969329995532083,1.00693207045484,0.987982085192318,1.02624552581145,0.476048066590528,0.976120388751441
ebi-a-GCST90001685,CD28- CD8+ T cell %T cell,16,IVW,-0.0210778490224206,0.0296579311734301,0.979142736297519,0.923848303867124,1.03774666688362,0.477271051260877,0.976120388751441
ebi-a-GCST90001680,CD25++ CD8+ T cell %CD8+ T cell,22,IVW,-0.0141090737881777,0.0198753368426023,0.98598999273383,0.948318622037921,1.02515783532972,0.477779500199831,0.976120388751441
ebi-a-GCST90001677,CD28- CD25++ CD8+ T cell %CD8+ T cell,25,IVW,0.0145358342281255,0.0205311749604835,1.01464199321261,0.974622298984498,1.05630496599876,0.478952445455581,0.976120388751441
ebi-a-GCST90001871,HVEM on T cell,25,IVW,-0.00850829864817512,0.0120514814170912,0.991527794488502,0.968381456956609,1.01522737778661,0.480190574730523,0.976120388751441
ebi-a-GCST90002008,CCR2 on monocyte,24,IVW,0.0064823613810986,0.00925464071470114,1.00650341735853,0.988410942091337,1.0249270683011,0.483649808329833,0.976120388751441
ebi-a-GCST90001798,CD27 on CD24+ CD27+ B cell,30,IVW,0.0101578399802181,0.0145443498264755,1.01020960596514,0.981818233843278,1.03942197527689,0.484924236647245,0.976120388751441
ebi-a-GCST90001464,CD86+ myeloid Dendritic Cell Absolute Count,21,IVW,0.00823502079066695,0.0118516637144959,1.00826902184342,0.985117613775767,1.03196451488937,0.487155007640534,0.976120388751441
ebi-a-GCST90001791,CD25 on naive-mature B cell,23,IVW,-0.0129964537577813,0.0187256804011362,0.987087635465927,0.951515989998536,1.02398909774623,0.48765436033714,0.976120388751441
ebi-a-GCST90001614,CD8+ and CD8dim T cell %leukocyte,15,IVW,-0.0200612668673486,0.0289112638105966,0.980138621444276,0.926142337508637,1.03728301616243,0.487750544042647,0.976120388751441
ebi-a-GCST90001919,CD45 on Natural Killer T,22,IVW,0.0098274692324825,0.0142346496679078,1.00987591738576,0.982089883147138,1.03844809524724,0.489948546362787,0.976120388751441
ebi-a-GCST90001886,CD28 on CD39+ activated CD4 regulatory T cell,19,IVW,-0.00870678764318049,0.0126292456877841,0.991331006663809,0.967093488603366,1.01617597094187,0.490562334557357,0.976120388751441
ebi-a-GCST90001672,CD39+ CD8+ T cell Absolute Count,24,IVW,-0.0108954062389662,0.0158100074158776,0.989163733720092,0.958981954978078,1.02029541539125,0.490731280656173,0.976120388751441
ebi-a-GCST90001692,CD28+ CD45RA- CD8+ T cell %CD8+ T cell,28,IVW,-0.00191418584926568,0.00279908521679212,0.998087645036063,0.992626922609863,1.00357840844618,0.494062800022915,0.976120388751441
ebi-a-GCST90001885,CD16-CD56 on HLA DR+ Natural Killer,24,IVW,0.00764194522185471,0.0112312005629435,1.00767121940831,0.985731565013883,1.03009918974191,0.496237899455652,0.976120388751441
ebi-a-GCST90001506,CD25++ CD4+ T cell %T cell,20,IVW,0.0115114795250091,0.0170089229295172,1.0115779915778,0.978410454448029,1.04586988864695,0.49853880924216,0.976120388751441
ebi-a-GCST90001554,Effector Memory CD8+ T cell Absolute Count,24,IVW,0.00823353062633537,0.0121955176176554,1.00826751935801,0.984452446843697,1.03265870672751,0.499594695270237,0.976120388751441
ebi-a-GCST90001852,CD3 on CD39+ resting CD4 regulatory T cell,20,IVW,-0.0101091091052847,0.0150279417302345,0.989941816190577,0.961208554932686,1.01953399646066,0.501146098231977,0.976120388751441
ebi-a-GCST90001743,CD20 on B cell,23,IVW,0.0132352792273052,0.019697594656737,1.01332325322712,0.974947158074265,1.05320991709847,0.501632318667655,0.976120388751441
ebi-a-GCST90001962,CD25 on CD28+ CD4+ T cell,5,IVW,0.0293255908054997,0.0437038904260395,1.0297598202283,0.945223346009816,1.12185685196312,0.502216443327777,0.976120388751441
ebi-a-GCST90001537,Central Memory CD4+ T cell Absolute Count,28,IVW,-0.0136453208745746,0.0204983842500237,0.986447354508974,0.94760061849198,1.0268866062649,0.505617018116526,0.976120388751441
ebi-a-GCST90001842,CD3 on Naive CD4+ T cell,30,IVW,0.00734575596892508,0.0111389659875557,1.00737280221879,0.985617808805848,1.02960798149503,0.509597343084531,0.976120388751441
ebi-a-GCST90001974,FSC-A on CD8+ T cell,18,IVW,0.012079425223805,0.0183611552288491,1.01215267612647,0.976375103522056,1.04924125583958,0.510615648299586,0.976120388751441
ebi-a-GCST90001768,CD24 on IgD+ CD38+ B cell,25,IVW,-0.00847251805777753,0.0128828785316177,0.991563272573094,0.9668393207229,1.01691946370234,0.510758418638417,0.976120388751441
ebi-a-GCST90002043,CD45 on CD33+ HLA DR+ CD14dim,16,IVW,-0.00960997179609862,0.0146395764464049,0.99043605642157,0.962420761781392,1.01926685376591,0.511542456535236,0.976120388751441
ebi-a-GCST90001495,CD39+ secreting CD4 regulatory T cell Absolute Count,26,IVW,0.00827347836089702,0.0126268421550019,1.00830779816575,0.983659840480827,1.0335733695755,0.512320060348093,0.976120388751441
ebi-a-GCST90001883,CD16-CD56 on Natural Killer T,28,IVW,-0.00953972125412786,0.0146472916749209,0.990505637535347,0.962473820243652,1.01935387472767,0.514855483954334,0.976120388751441
ebi-a-GCST90001521,CD33+ HLA DR+ CD14dim %CD33+ HLA DR+,25,IVW,0.00887561147396482,0.0136605050831992,1.00891511650409,0.982260256761546,1.03629328918024,0.515867989568851,0.976120388751441
ebi-a-GCST90001605,T cell %leukocyte,18,IVW,0.0108103931736367,0.0167965562758808,1.01086903660292,0.978131796159872,1.04470196467829,0.519829847330162,0.976120388751441
ebi-a-GCST90001918,CD45 on HLA DR+ T cell,18,IVW,-0.00974866392608332,0.0151972227344415,0.99029870026062,0.961236098192249,1.02023999887459,0.521213029865754,0.976120388751441
ebi-a-GCST90002044,CD45 on CD33dim HLA DR+ CD11b-,10,IVW,-0.0173031987317842,0.0269864537193934,0.982845641901939,0.93221048453259,1.03623116434909,0.521405156392702,0.976120388751441
ebi-a-GCST90002117,HLA DR on HLA DR+ Natural Killer,28,IVW,0.00154134879083212,0.00241217506921995,1.00154253727943,0.996818557203712,1.00628890456653,0.522831313469638,0.976120388751441
ebi-a-GCST90001941,CD25 on secreting CD4 regulatory T cell,14,IVW,-0.00689067989659615,0.0108085086021473,0.993133006401996,0.972315093528423,1.01439664463692,0.523783807552526,0.976120388751441
ebi-a-GCST90001593,CD8+ T cell %T cell,23,IVW,0.0104914139857733,0.0165634012432552,1.01054664183993,0.978266792236398,1.04389162898948,0.526466330397062,0.976120388751441
ebi-a-GCST90001874,HVEM on Terminally Differentiated CD8+ T cell,25,IVW,-0.00771288282430915,0.0122870557488836,0.992316785132264,0.968704650214513,1.01650446484094,0.53018459818675,0.976120388751441
ebi-a-GCST90001487,Activated CD4 regulatory T cell %CD4 regulatory T cell,28,IVW,0.00986376206823355,0.0157267868072799,1.00991256931165,0.979257409388177,1.04152737357474,0.53053141963567,0.976120388751441
ebi-a-GCST90001609,CD4+ CD8dim T cell Absolute Count,15,IVW,0.0123223956891068,0.0196549218837027,1.01239862921161,0.974139023229848,1.05216089283768,0.530700601621586,0.976120388751441
ebi-a-GCST90001601,Lymphocyte Absolute Count,19,IVW,0.0145878362498571,0.023363376079687,1.01469475801952,0.969277451065379,1.06224017779491,0.532372112989165,0.976120388751441
ebi-a-GCST90001523,CD33- HLA DR+ Absolute Count,36,IVW,0.00677474328201584,0.0108735037270677,1.00679774376674,0.985567832689393,1.02848496392968,0.533251255243519,0.976120388751441
ebi-a-GCST90001698,CD45RA+ CD28- CD8+ T cell Absolute Count,719,IVW,-2.17737792850254e-06,3.49506912392656e-06,0.999997822624442,0.999990972327338,1.00000467296847,0.533293948377693,0.976120388751441
ebi-a-GCST90001948,CD33 on CD33dim HLA DR+ CD11b+,22,IVW,-0.00631751358476626,0.010187432198286,0.993702399947443,0.974057559886118,1.01374343809493,0.535173413824028,0.976120388751441
ebi-a-GCST90001757,CD20 on IgD- CD38dim B cell,34,IVW,0.00345379445505069,0.00557454886037879,1.0034597656756,0.992555527074398,1.01448379850113,0.535544323056472,0.976120388751441
ebi-a-GCST90001494,Secreting CD4 regulatory T cell %CD4+ T cell,26,IVW,-0.00341900006266666,0.00552301086769188,0.996586838062635,0.985856865884074,1.00743359423585,0.535885784028735,0.976120388751441
ebi-a-GCST90001975,FSC-A on HLA DR+ T cell,19,IVW,0.00562472314830477,0.00909230318922382,1.00564057160401,0.987877880997827,1.0237226470083,0.536163639564717,0.976120388751441
ebi-a-GCST90001482,Resting CD4 regulatory T cell %CD4+ T cell,33,IVW,-0.00590610242723329,0.00955435894749153,0.99411130431019,0.97566826187716,1.01290297529606,0.536471261077979,0.976120388751441
ebi-a-GCST90001812,CD38 on IgD+ CD38+ B cell,17,IVW,0.0125867344284407,0.020440867815549,1.01266628076273,0.972896702371468,1.05406153982654,0.538050810457847,0.976120388751441
ebi-a-GCST90001727,CD19 on IgD+ CD38- naive B cell,19,IVW,0.00521114162785862,0.00846502943814755,1.00522474324278,0.988684194776179,1.02204201277462,0.538153130771282,0.976120388751441
ebi-a-GCST90001445,IgD- CD38- B cell %B cell,12,IVW,0.0229701775567125,0.0374023666799805,1.0232360236939,0.950907524787398,1.10106601629743,0.539124794941471,0.976120388751441
ebi-a-GCST90001410,IgD- CD38+ B cell %B cell,18,IVW,0.0158967965631132,0.0261593253622482,1.01602382284462,0.965242917688372,1.06947628381468,0.543392180346111,0.976120388751441
ebi-a-GCST90001558,Terminally Differentiated CD8+ T cell %CD8+ T cell,23,IVW,-0.0108493450235029,0.0178578624645136,0.989209296853297,0.955184507631621,1.02444608885803,0.543493375856871,0.976120388751441
ebi-a-GCST90001848,CD3 on Natural Killer T,17,IVW,-0.0120092597980237,0.0198156918302383,0.988062563559797,0.950423108865818,1.02719264757081,0.544482899895989,0.976120388751441
ebi-a-GCST90001488,Activated CD4 regulatory T cell %CD4+ T cell,19,IVW,-0.0101099349373736,0.0167849192459252,0.989940998665197,0.957903366003201,1.02305014850002,0.546959470108828,0.976120388751441
ebi-a-GCST90001665,CD28+ CD45RA+ CD8dim T cell %CD8dim T cell,27,IVW,0.00526924155454956,0.00874846259726012,1.00528314842332,0.988192516819015,1.02266935976908,0.546971225264598,0.976120388751441
ebi-a-GCST90001458,Myeloid Dendritic Cell Absolute Count,23,IVW,0.00715716391010517,0.0119573452439793,1.00718283762149,0.983852557822644,1.0310663527107,0.549467712306366,0.976120388751441
ebi-a-GCST90001923,CD127 on CD45RA- CD4 not regulatory T cell,16,IVW,0.00895632507104361,0.0149896586266921,1.00899655295876,0.979783739315726,1.03908036338067,0.550173427033498,0.976120388751441
ebi-a-GCST90001679,CD25++ CD8+ T cell %T cell,17,IVW,0.0164829351337584,0.027669643219585,1.01661952816176,0.962954067543371,1.07327576659652,0.551372551153403,0.976120388751441
ebi-a-GCST90001820,IgD on IgD+ CD24+ B cell,28,IVW,0.00790815540017301,0.0133658716945265,1.00793950745223,0.981877274860861,1.03469351689294,0.554073087896513,0.976120388751441
ebi-a-GCST90001846,CD3 on Central Memory CD8+ T cell,19,IVW,-0.011304684223514,0.0191106352817795,0.988758973616117,0.952408224003438,1.02649712934741,0.554159397187489,0.976120388751441
ebi-a-GCST90002070,CD4 on activated & secreting CD4 regulatory T cell,32,IVW,-0.00570337033053779,0.00964813585853047,0.99431286300978,0.975686730819008,1.01329457326616,0.554428613565474,0.976120388751441
ebi-a-GCST90001594,CD4+CD8+ T cell Absolute Count,18,IVW,-0.0134066367109978,0.0227343684834899,0.98668283197195,0.943682033082036,1.03164305007337,0.555386497495243,0.976120388751441
ebi-a-GCST90001598,CD4-CD8- T cell Absolute Count,20,IVW,0.0140005303597136,0.0237680345745297,1.0140989967756,0.967940348159683,1.06245883562613,0.555828591172461,0.976120388751441
ebi-a-GCST90001651,Granulocyte Absolute Count,24,IVW,-0.0141937655453426,0.024196802881356,0.9859064910448,0.940240581035345,1.03379031780775,0.55747457662887,0.976120388751441
ebi-a-GCST90002110,HLA DR on CD33dim HLA DR+ CD11b+,23,IVW,-0.00553414096154803,0.0095449033701887,0.994481144186822,0.976049329264445,1.01326102737906,0.562049074522061,0.976120388751441
ebi-a-GCST90001930,CD127 on CD28- CD8+ T cell,21,IVW,-0.00969128720515824,0.0167547747464423,0.990355521982884,0.958361095416449,1.02341806716996,0.562980981222736,0.976120388751441
ebi-a-GCST90001807,CD27 on Plasma Blast-Plasma Cell,19,IVW,0.011542210229443,0.0199756443811405,1.01160907855973,0.97276762090317,1.05200142956478,0.563389592499954,0.976120388751441
ebi-a-GCST90001426,IgD- CD38dim B cell %lymphocyte,23,IVW,-0.00929181858134372,0.016138836854154,0.990751216968942,0.959902138464876,1.02259171491715,0.564789063829674,0.976120388751441
ebi-a-GCST90001423,CD20- CD38- B cell Absolute Count,14,IVW,0.0224588200611253,0.0390404865837276,1.02271291804183,0.947374756720728,1.10404220221161,0.565108718853736,0.976120388751441
ebi-a-GCST90001704,BAFF-R on IgD+ CD24- B cell,22,IVW,-0.00668693090224811,0.0117261433753107,0.993335376868994,0.970765666529184,1.01642981922435,0.56850250112526,0.976120388751441
ebi-a-GCST90001910,CD45 on B cell,15,IVW,0.00854952740969731,0.0150064714609879,1.00858617899595,0.979352973338091,1.03869198149713,0.568865792588709,0.976120388751441
ebi-a-GCST90001954,CD33 on basophil,22,IVW,-0.00390882112307947,0.00686553625461833,0.996098808374189,0.982784635175256,1.0095933539575,0.569125751323147,0.976120388751441
ebi-a-GCST90001774,CD24 on transitional B cell,20,IVW,0.0133120369276756,0.0234727765672729,1.01340103657496,0.967834086011767,1.06111334140253,0.570628144057214,0.976120388751441
ebi-a-GCST90001536,CD45RA- CD4+ T cell %T cell,26,IVW,0.00325572354321921,0.0057570904974269,1.00326102916743,0.99200396589053,1.01464583535463,0.571723228043618,0.976120388751441
ebi-a-GCST90002031,CD39 on CD39+ secreting CD4 regulatory T cell,23,IVW,0.00696168973224237,0.0123298294795854,1.00698597862541,0.982942380968593,1.03161770291047,0.572331077341637,0.976120388751441
ebi-a-GCST90001808,CD27 on switched memory B cell,30,IVW,0.00902815700370876,0.016144556790077,1.00906903373439,0.977638631859029,1.04150990116406,0.576020125221576,0.976120388751441
ebi-a-GCST90001998,PDL-1 on CD14+ CD16+ monocyte,28,IVW,-0.00726973450186946,0.0130121808709627,0.99275662610112,0.967757626398851,1.01840139698521,0.57637544704052,0.976120388751441
ebi-a-GCST90001693,CD28+ CD45RA- CD8+ T cell Absolute Count,29,IVW,0.00350549570350233,0.00627923165509673,1.00351164713941,0.991236824087851,1.01593847350368,0.576661218217652,0.976120388751441
ebi-a-GCST90001530,Monocytic Myeloid-Derived Suppressor Cells Absolute Count,19,IVW,0.00757007834793,0.0135672859434962,1.00759880382999,0.981157970704126,1.03475218037625,0.57686789945244,0.976120388751441
ebi-a-GCST90001772,CD24 on unswitched memory B cell,25,IVW,0.00562664050384812,0.0101299186043838,1.00564249977638,0.985872739690171,1.02580870394522,0.578588438995923,0.976120388751441
ebi-a-GCST90002061,CD4 on CD39+ CD4+ T cell,27,IVW,-0.00897051332263867,0.0161925084903335,0.991069601691626,0.96010960423064,1.02302794500663,0.579584609879225,0.976120388751441
ebi-a-GCST90001438,IgD- CD38dim B cell Absolute Count,17,IVW,0.0145672957597584,0.0262965969047929,1.01467391590594,0.963701158321125,1.06834276033611,0.579605363787999,0.976120388751441
ebi-a-GCST90001944,CD123 on plasmacytoid Dendritic Cell,18,IVW,-0.00433884631691999,0.00783768747298703,0.99567055287796,0.980492077181927,1.0110839984731,0.57986113872051,0.976120388751441
ebi-a-GCST90001945,CD123 on CD62L+ plasmacytoid Dendritic Cell,18,IVW,-0.00433323168771867,0.00783650721276471,0.995676143214615,0.980499850494351,1.0110873363896,0.580294587819724,0.976120388751441
ebi-a-GCST90001514,Hematopoietic Stem Cell Absolute Count,19,IVW,0.0079627615288399,0.014434952880578,1.00799454862944,0.979875509884123,1.03692050655172,0.581201475936282,0.976120388751441
ebi-a-GCST90001670,CD39+ CD8+ T cell %T cell,20,IVW,0.0108110209309587,0.0197049176616049,1.01086967118356,0.972572537399242,1.05067483691377,0.583248526938463,0.976120388751441
ebi-a-GCST90001906,CD86 on granulocyte,21,IVW,0.0108884479539243,0.0200144047124041,1.01094794284294,0.972058019672167,1.05139376709535,0.586420438224926,0.976120388751441
ebi-a-GCST90001606,CD4+ T cell %leukocyte,13,IVW,-0.0247409737645627,0.0455907116641747,0.975562575605065,0.892169833141713,1.06675018989352,0.587353071791238,0.976120388751441
ebi-a-GCST90001908,CCR7 on naive CD8+ T cell,24,IVW,-0.00947488005451882,0.0175172772872324,0.990569865191381,0.957136998605075,1.02517054429544,0.588584980194046,0.976120388751441
ebi-a-GCST90001653,CD28- CD4-CD8- T cell %CD4-CD8- T cell,27,IVW,0.00985810350230029,0.0183460812828054,1.00990685467096,0.974237450719148,1.04688220962819,0.591032020273954,0.976120388751441
ebi-a-GCST90001656,CD28+ CD4-CD8- T cell %CD4-CD8- T cell,27,IVW,-0.00985810350230029,0.0183460812828054,0.990190328320733,0.955217302197883,1.02644380921903,0.591032020273954,0.976120388751441
ebi-a-GCST90001565,Central Memory CD4-CD8- T cell %T cell,16,IVW,-0.0128583428015569,0.0240620290863676,0.987223972497741,0.941745773999731,1.03489837574201,0.593076477211269,0.976120388751441
ebi-a-GCST90001621,Natural Killer T Absolute Count,34,IVW,0.00983832642789172,0.0184136792689751,1.00988688186546,0.974089115726449,1.04700021558432,0.593137839314873,0.976120388751441
ebi-a-GCST90001889,CD28 on activated & secreting CD4 regulatory T cell,25,IVW,-0.00461299161411413,0.00867350296507776,0.995397631890046,0.978618831088816,1.01246411176241,0.594830763059606,0.976120388751441
ebi-a-GCST90001935,CD25 on CD39+ CD4 regulatory T cell,17,IVW,0.0109557550429206,0.0206049159510368,1.01101598909607,0.970998961486635,1.05268220744845,0.594929716291166,0.976120388751441
ebi-a-GCST90001393,IgD+ CD38dim B cell %B cell,15,IVW,0.0151693837006905,0.0285330052994046,1.01528502278627,0.960064022455484,1.07368222679327,0.594973005956506,0.976120388751441
ebi-a-GCST90001634,CD8dim Natural Killer T %T cell,19,IVW,-0.00978184843792733,0.0184024549504424,0.990265838226931,0.955184598673275,1.02663551288552,0.595036817580543,0.976120388751441
ebi-a-GCST90001960,CD25 on CD4+ T cell,16,IVW,0.00549605849848963,0.0103406890987334,1.00551118953565,0.985336874082931,1.0260985647395,0.595073530986461,0.976120388751441
ebi-a-GCST90002093,CD11b on CD66b++ myeloid cell,17,IVW,-0.010709224721872,0.0201942660330513,0.989347914869721,0.950953621136831,1.02929235969146,0.595896894250399,0.976120388751441
ebi-a-GCST90001517,CD33+ HLA DR+ Absolute Count,30,IVW,-0.00403361949864359,0.00761695082482214,0.995974504617618,0.981215820488577,1.01095517737818,0.596418215746644,0.976120388751441
ebi-a-GCST90001697,CD45RA- CD28- CD8+ T cell %T cell,180,IVW,9.57664454966468e-05,0.000181197192564905,1.00009577103125,0.999740653584167,1.00045101461945,0.597138066256994,0.976120388751441
ebi-a-GCST90001612,CD8dim T cell %leukocyte,18,IVW,0.00929130836107628,0.0175872657803507,1.00933460656169,0.97513463282501,1.0447340435973,0.597292873726168,0.976120388751441
ebi-a-GCST90001580,CD14+ CD16+ monocyte Absolute Count,20,IVW,-0.0166496610728761,0.0316392797305268,0.983488178479872,0.924351702505423,1.04640797933077,0.598725713767685,0.976120388751441
ebi-a-GCST90002048,CD45 on CD66b++ myelod cell,16,IVW,-0.00813865723032476,0.0154899573565398,0.991894371975232,0.962232692327659,1.02247039931285,0.599294670567893,0.976120388751441
ebi-a-GCST90001608,CD4+CD8+ T cell %leukocyte,22,IVW,0.0126527693382712,0.0242043457026769,1.01273315429724,0.965810389459814,1.061935606622,0.601149744584742,0.976120388751441
ebi-a-GCST90001561,CD45RA+ CD8+ T cell %CD8+ T cell,27,IVW,0.00398515485404249,0.00768829319073858,1.00399310614251,0.988977300296972,1.01923689945058,0.604220619028079,0.976120388751441
ebi-a-GCST90001961,CD25 on CD39+ CD4+ T cell,23,IVW,-0.00643248654178654,0.0124108419069042,0.993588157611638,0.969710469899972,1.01805379810731,0.604251941814443,0.976120388751441
ebi-a-GCST90001695,CD45RA- CD28- CD8+ T cell Absolute Count,350,IVW,2.84842762264254e-06,5.51257309056214e-06,1.00000284843168,0.999992043816016,1.00001365316408,0.605355323779851,0.976120388751441
ebi-a-GCST90001641,CD3- lymphocyte %leukocyte,20,IVW,0.00902174285423049,0.0174609752744133,1.00906256143553,0.975113144882653,1.04419395660324,0.605379313820008,0.976120388751441
ebi-a-GCST90001465,CD86+ myeloid Dendritic Cell %Dendritic Cell,23,IVW,0.00406230939752325,0.00793013577074024,1.00407057176065,0.988584895687621,1.01979882301815,0.608467463402302,0.976120388751441
ebi-a-GCST90001988,HLA DR on CD14+ CD16- monocyte,22,IVW,0.00713901097257113,0.0139434788627089,1.0071645544603,0.980012249801357,1.03506914323452,0.608653529526446,0.976120388751441
ebi-a-GCST90001546,Terminally Differentiated CD4+ T cell %CD4+ T cell,21,IVW,-0.0146548533842936,0.0286470960060423,0.985452006338174,0.93164525768306,1.04236633932,0.608955444165736,0.976120388751441
ebi-a-GCST90002115,HLA DR on HLA DR+ CD8+ T cell,20,IVW,0.01266998639968,0.0249870149343494,1.01275059073625,0.964346544600008,1.06358421127755,0.612110737376487,0.976120388751441
ebi-a-GCST90001484,CD39+ resting CD4 regulatory T cell %resting CD4 regulatory T cell,28,IVW,0.00718841088068126,0.0141819069711707,1.00721430952568,0.979602769451951,1.03560412133263,0.612244666239764,0.976120388751441
ebi-a-GCST90001861,CD3 on CD28+ CD4+ T cell,24,IVW,-0.00825709667892081,0.0163584407877677,0.991776899509574,0.960482380894234,1.02409105879178,0.613726979490272,0.976120388751441
ebi-a-GCST90001953,CD33 on CD33dim HLA DR-,19,IVW,-0.00490134793796651,0.00973409948744685,0.995110644067508,0.97630505706858,1.01427846426375,0.614596255554883,0.976120388751441
ebi-a-GCST90001421,CD20- B cell Absolute Count,22,IVW,0.00576896865884222,0.0114652306812159,1.00578564120425,0.983435836268135,1.02864337330984,0.614844231554203,0.976120388751441
ebi-a-GCST90002007,HLA DR on CD14+ CD16+ monocyte,19,IVW,-0.0048486419021617,0.00989318885603452,0.99516309378694,0.97605212028845,1.01464825765956,0.624063850190064,0.976120388751441
ebi-a-GCST90001602,Lymphocyte %leukocyte,22,IVW,0.00716582774948313,0.014703234649249,1.00719156372962,0.978580220701528,1.03663943393511,0.626000376663145,0.976120388751441
ebi-a-GCST90001832,CD62L on CD62L+ plasmacytoid Dendritic Cell,15,IVW,0.0131085652040105,0.0269322789314271,1.01319485909564,0.961098188954182,1.06811544782422,0.626454496184725,0.976120388751441
ebi-a-GCST90001746,CD20 on IgD+ CD24+ B cell,23,IVW,0.00879155059877886,0.0182121060678699,1.00883030978092,0.973454516101015,1.04549167639493,0.629286654490618,0.976120388751441
ebi-a-GCST90001993,PDL-1 on CD14+ CD16- monocyte,15,IVW,0.0130425920782364,0.0270834691474124,1.01312801766866,0.960750040434598,1.068361526918,0.630111288659584,0.976120388751441
ebi-a-GCST90001686,CD28- CD8+ T cell %CD8+ T cell,23,IVW,-0.0109910935373638,0.0228394267132656,0.989069087843015,0.945769525752824,1.03435100612692,0.63035066979223,0.976120388751441
ebi-a-GCST90001811,CD38 on IgD+ CD24- B cell,17,IVW,-0.00961539032839213,0.0201528762683526,0.990430689726353,0.95207160868338,1.03033526281535,0.633274906977101,0.976120388751441
ebi-a-GCST90001917,CD45 on CD8+ T cell,26,IVW,0.00202964858053919,0.00425624898480676,1.00203170971144,0.993707283167142,1.010425871155,0.63345952659973,0.976120388751441
ebi-a-GCST90001642,B cell Absolute Count,30,IVW,-0.00875706287516592,0.0184661136708226,0.991281168520297,0.956044665612671,1.02781636717073,0.635340621361412,0.976120388751441
ebi-a-GCST90001739,CD19 on Plasma Blast-Plasma Cell,23,IVW,0.0156358680919323,0.0330460849650075,1.01575874788615,0.952053109516591,1.08372718243746,0.636103727646864,0.976120388751441
ebi-a-GCST90001837,CD66b on Granulocytic Myeloid-Derived Suppressor Cells,22,IVW,0.00629490029422024,0.0133386804652144,1.00631475481796,0.980346779362515,1.03297058457502,0.636977994197042,0.976120388751441
ebi-a-GCST90001659,CD39+ CD4+ T cell %CD4+ T cell,25,IVW,-0.00571446093779486,0.0121199476898079,0.994301835537476,0.970960434770947,1.01820435184511,0.637289280351698,0.976120388751441
ebi-a-GCST90001970,FSC-A on HLA DR+ Natural Killer,20,IVW,-0.00565513413425866,0.0120172582555246,0.99436082603697,0.971213498182797,1.01805983360708,0.63793755778338,0.976120388751441
ebi-a-GCST90001856,CD3 on CD39+ secreting CD4 regulatory T cell,27,IVW,0.00725607822810474,0.0154825849994479,1.0072824673523,0.977174740906206,1.0383178428194,0.639312223608608,0.976120388751441
ebi-a-GCST90002026,CD4 on Terminally Differentiated CD4+ T cell,24,IVW,0.00760077863589019,0.0162820116478407,1.00762973787826,0.975981191075403,1.04030456523231,0.640628227851382,0.976120388751441
ebi-a-GCST90001915,CD45 on T cell,15,IVW,-0.00778387481479618,0.0167017187107284,0.992246341089005,0.960290684991504,1.02526538765002,0.641178048268458,0.976120388751441
ebi-a-GCST90001900,CD28 on resting CD4 regulatory T cell,6,IVW,-0.0162862508202285,0.0350021761133697,0.983845653118329,0.918612852303356,1.05371078439928,0.641721988790519,0.976120388751441
ebi-a-GCST90001646,Natural Killer %CD3- lymphocyte,27,IVW,0.00523011513302509,0.011295861108366,1.00524381606057,0.983232395096687,1.02774800216855,0.643356026509925,0.976120388751441
ebi-a-GCST90001964,FSC-A on plasmacytoid Dendritic Cell,26,IVW,0.00398334839905662,0.00861861279137415,1.0039912924758,0.987173832793349,1.02109525382672,0.643952415840997,0.976120388751441
ebi-a-GCST90001586,CD14+ CD16- monocyte %monocyte,24,IVW,-0.00402663938295135,0.00883387339821332,0.99598145665915,0.978885077244604,1.01337642698685,0.648520787752771,0.976120388751441
ebi-a-GCST90002049,CD45 on Monocytic Myeloid-Derived Suppressor Cells,17,IVW,0.00757516139243327,0.0166700481328255,1.00760392551257,0.975214206687545,1.04106940172338,0.649528367902969,0.976120388751441
ebi-a-GCST90001829,BAFF-R on B cell,21,IVW,-0.00567452185919144,0.0125445273528812,0.994341547829672,0.970191508555877,1.01909273068366,0.65101657905988,0.976120388751441
ebi-a-GCST90001783,CD25 on IgD+ CD38+ B cell,13,IVW,0.0112332940972238,0.0248826886926839,1.0112966244594,0.963158996184256,1.06184011850037,0.651665129634746,0.976120388751441
ebi-a-GCST90002118,CD8 on CD28+ CD45RA- CD8+ T cell,14,IVW,0.0110259283494701,0.0245087309486567,1.01108693792033,0.963665357356788,1.06084211518938,0.652798720859666,0.976120388751441
ebi-a-GCST90001436,Memory B cell %lymphocyte,28,IVW,-0.00455714831248243,0.0102113932210431,0.995453219732337,0.975727942343035,1.01557726254712,0.655394453474016,0.976120388751441
ebi-a-GCST90001477,HLA DR++ monocyte Absolute Count,23,IVW,-0.00587727448623262,0.0132704983820275,0.994139962905301,0.968615592355785,1.02033693618503,0.657850563181435,0.976120388751441
ebi-a-GCST90001394,IgD+ CD38dim B cell Absolute Count,26,IVW,0.00341772669610903,0.0077205909151335,1.00342357378334,0.988353717642668,1.01872320653137,0.657999505377482,0.976120388751441
ebi-a-GCST90001866,CD3 on CD39+ CD8+ T cell,16,IVW,0.00940687392294485,0.0213436304348736,1.0094512576229,0.96809346488886,1.0525758911444,0.659405229559765,0.976120388751441
ebi-a-GCST90001839,CD3 on Effector Memory CD8+ T cell,20,IVW,-0.00754444025500545,0.0172191366091785,0.992483947599358,0.959547031549237,1.02655143922652,0.661282789987818,0.976120388751441
ebi-a-GCST90001977,FSC-A on HLA DR+ CD4+ T cell,17,IVW,-0.00696238120400527,0.015973380965685,0.993061800019832,0.962452843394051,1.02464421548274,0.662928161498978,0.976120388751441
ebi-a-GCST90001958,CD4 on monocyte,15,IVW,-0.0103169863363558,0.0237014191736442,0.989736051214574,0.944809680642619,1.03679870257844,0.663352077739221,0.976120388751441
ebi-a-GCST90001486,Activated CD4 regulatory T cell Absolute Count,15,IVW,-0.00585722857141531,0.0134816825227116,0.994159891550057,0.968234154012896,1.02077982466383,0.663955685934053,0.976120388751441
ebi-a-GCST90001511,CD25++ CD45RA- CD4 not regulatory T cell %CD4+ T cell,24,IVW,-0.00598475260248262,0.0137940168935855,0.994033120356519,0.967518216613944,1.02127466687275,0.664385873558831,0.976120388751441
ebi-a-GCST90001879,HVEM on Terminally Differentiated CD4+ T cell,26,IVW,0.00557830803208247,0.0129346919648124,1.00559389576324,0.980420528917617,1.03141361627003,0.666274116707077,0.976120388751441
ebi-a-GCST90002121,CD8 on CD39+ CD8+ T cell,25,IVW,0.00791386194465061,0.0183992928415994,1.00794525932027,0.972243732820277,1.04495777292299,0.667110008335025,0.976120388751441
ebi-a-GCST90001931,CD127 on CD4+ T cell,8,IVW,0.0134899978122273,0.0314177133520172,1.01358139836804,0.953049228458045,1.07795822129762,0.667649947264292,0.976120388751441
ebi-a-GCST90001827,IgD on IgD+ B cell,21,IVW,-0.00712192469286258,0.0166325201327283,0.992903376113693,0.961056898514686,1.02580514829206,0.668510787324982,0.976120388751441
ebi-a-GCST90001595,CD4+CD8+ T cell %T cell,8,IVW,0.0195643371734749,0.0460843616211921,1.01975697303145,0.931684527313623,1.11615493609697,0.671177066689737,0.976120388751441
ebi-a-GCST90001896,CD28 on CD28+ CD45RA+ CD8+ T cell,15,IVW,-0.00662767001539214,0.0156380407925583,0.99339424454863,0.963408049064525,1.02431376410085,0.671699163428842,0.976120388751441
ebi-a-GCST90001976,FSC-A on Natural Killer T,20,IVW,-0.00995660863639793,0.0235156074579653,0.99009279429354,0.94549450820175,1.03679474900008,0.672000329172118,0.976120388751441
ebi-a-GCST90001643,B cell %CD3- lymphocyte,29,IVW,-0.00480717291693233,0.0113974911680447,0.995204363046268,0.973218892395742,1.01768649577714,0.673189506203464,0.976120388751441
ebi-a-GCST90001559,Terminally Differentiated CD8+ T cell %T cell,17,IVW,0.00899312688948332,0.021329992195719,1.00903368654999,0.967718869638306,1.0521123567356,0.673303241460386,0.976120388751441
ebi-a-GCST90001969,FSC-A on Natural Killer,18,IVW,-0.00757289396367958,0.0182138000170469,0.992455708152009,0.957650929147316,1.02852542890604,0.67757259452646,0.976120388751441
ebi-a-GCST90001589,CD4+/CD8+ T cell,15,IVW,0.0112687575439869,0.0271049195576893,1.01133248915935,0.959007019243609,1.06651294839942,0.677595994220913,0.976120388751441
ebi-a-GCST90001534,CD45RA- CD4+ T cell Absolute Count,16,IVW,0.00593396208186306,0.0142793778926218,1.00595160291093,0.978187784597571,1.03450343925056,0.67773078160623,0.976120388751441
ebi-a-GCST90001439,IgD+ CD24+ B cell %lymphocyte,15,IVW,-0.0119861349041797,0.0291263133640429,0.988085412665881,0.933257887946085,1.04613397361342,0.680689405729617,0.976120388751441
ebi-a-GCST90001418,CD24+ CD27+ B cell Absolute Count,26,IVW,-0.00401898987378182,0.00980035690524077,0.995989075457575,0.97703999678676,1.01530565963856,0.681742808923731,0.976120388751441
ebi-a-GCST90001579,CD14- CD16+ monocyte Absolute Count,18,IVW,-0.00570256599165645,0.0139480346043089,0.994313662774597,0.967499168203938,1.02187132813311,0.682654372126999,0.976120388751441
ebi-a-GCST90001673,CD28- CD127- CD25++ CD8+ T cell %T cell,18,IVW,-0.00755029782720726,0.0187042517280519,0.992478134070002,0.956752414325445,1.0295378740189,0.686457269564192,0.976120388751441
ebi-a-GCST90001413,IgD- CD24- B cell %B cell,18,IVW,-0.00715424837448356,0.0177253199411624,0.99287128233978,0.958969627646285,1.02797143400109,0.686494054196164,0.976120388751441
ebi-a-GCST90001568,Naive CD4-CD8- T cell %T cell,20,IVW,-0.00879145482714796,0.0217850572788836,0.991247077012189,0.949812989338353,1.03448866115179,0.686540453800266,0.976120388751441
ebi-a-GCST90001627,HLA DR+ CD8+ T cell Absolute Count,34,IVW,-0.00468019430512841,0.0116590029946029,0.995330740738211,0.972843706546889,1.01833755699043,0.688108570423157,0.976120388751441
ebi-a-GCST90001730,CD19 on IgD+ CD38dim B cell,24,IVW,0.0036718006072246,0.00918801571522526,1.00367854992526,0.985765571059339,1.02191703702689,0.689429546958402,0.976120388751441
ebi-a-GCST90002035,CD80 on myeloid Dendritic Cell,26,IVW,0.0059431786654826,0.014912219448236,1.00596087439072,0.976984226937434,1.03579694830606,0.69022907929158,0.976120388751441
ebi-a-GCST90002082,SSC-A on CD8+ T cell,18,IVW,0.00527990705213452,0.0132576061517711,1.00529387032549,0.979507875791728,1.031758693004,0.690442276825501,0.976120388751441
ebi-a-GCST90001481,Resting CD4 regulatory T cell %CD4 regulatory T cell,30,IVW,-0.0041241707132068,0.0103864004571425,0.995884321999685,0.975815726110928,1.01636564800763,0.691312811428709,0.976120388751441
ebi-a-GCST90001902,CD28 on activated CD4 regulatory T cell,18,IVW,-0.0064001026129708,0.0163575946017531,0.993620334420809,0.962269244024136,1.02599285502027,0.69560370005768,0.976120388751441
ebi-a-GCST90001689,CD28+ CD45RA+ CD8+ T cell %CD8+ T cell,41,IVW,0.000922299504137856,0.0023748035953465,1.00092272495311,0.996274640889689,1.00559249448817,0.697743166640962,0.976120388751441
ebi-a-GCST90001893,CD28 on CD28+ CD45RA- CD8+ T cell,17,IVW,0.010088134911531,0.0261978427188053,1.01013919168932,0.959579955316175,1.06336233987978,0.700181831904237,0.976120388751441
ebi-a-GCST90002111,HLA DR on CD33dim HLA DR+ CD11b-,18,IVW,-0.00527751202113854,0.0137382772772288,0.994736389579389,0.968308508373425,1.02188556250075,0.700869820544638,0.976120388751441
ebi-a-GCST90001864,CD3 on CD28+ CD45RA+ CD8+ T cell,25,IVW,0.00559789342160482,0.0147174093158258,1.00561359090426,0.977019929148854,1.03504408051567,0.703679230706341,0.976120388751441
ebi-a-GCST90001707,BAFF-R on IgD+ CD38- unswitched memory B cell,19,IVW,-0.00453728466841455,0.0119566774307705,0.995472993257166,0.972415231897375,1.01907749673029,0.704333644221306,0.976120388751441
ebi-a-GCST90001578,Transitional B cell %lymphocyte,26,IVW,-0.0080987055819573,0.0213910369031061,0.991934000582008,0.951205512879651,1.03440639082494,0.704982873302786,0.976120388751441
ebi-a-GCST90001513,CD4 regulatory T cell Absolute Count,21,IVW,0.00677340538612961,0.0179349822965179,1.00679639677708,0.972019745998232,1.04281727684692,0.705679873339563,0.976120388751441
ebi-a-GCST90002009,HLA DR on CD14- CD16-,25,IVW,0.00071155341784366,0.0018848307676468,1.00071180663203,0.997021728987935,1.00441554162443,0.705790315884865,0.976120388751441
ebi-a-GCST90002119,CD8 on CD28+ CD45RA+ CD8+ T cell,22,IVW,-0.00747548188509881,0.0198676059443733,0.992552390034355,0.954644757350192,1.03196528276908,0.706720003843498,0.976120388751441
ebi-a-GCST90002020,CD14 on CD33+ HLA DR+ CD14dim,18,IVW,0.00760866734316157,0.0204047059366775,1.00763768680565,0.968134208382425,1.04875305415298,0.709231900020611,0.976120388751441
ebi-a-GCST90001529,CD66b++ myeloid cell Absolute Count,16,IVW,0.0067030621617104,0.0180344447500275,1.00672557796304,0.971761913437922,1.04294722329613,0.71013030267075,0.976120388751441
ebi-a-GCST90001859,CD3 on CD8+ T cell,23,IVW,-0.00468310211367945,0.0126114975675569,0.99532784651118,0.971026385676216,1.02023748958241,0.710387343506005,0.976120388751441
ebi-a-GCST90001824,IgD on IgD+ CD38+ B cell,25,IVW,-0.00655525130815604,0.0176831288644618,0.993466187480572,0.959623572032591,1.02850231531585,0.710856127496421,0.976120388751441
ebi-a-GCST90001581,CD14- CD16- Absolute Count,25,IVW,0.000758137100074492,0.00204663407123835,1.00075842455865,0.996752020455284,1.00478093223994,0.711061235788373,0.976120388751441
ebi-a-GCST90001911,CD45 on Natural Killer,30,IVW,0.00643762793717508,0.0174327459997407,1.00645839400139,0.972650408042318,1.04144149889852,0.711916316848947,0.976120388751441
ebi-a-GCST90002073,SSC-A on monocyte,23,IVW,-0.00500500308592134,0.0136168685820921,0.995007501072209,0.968802926978278,1.02192086710341,0.713202064409414,0.976120388751441
ebi-a-GCST90001452,CD11c+ CD62L- monocyte Absolute Count,22,IVW,0.00501748728019708,0.0136984516787206,1.00503009594862,0.978405103933852,1.03237962445338,0.714155149734984,0.976120388751441
ebi-a-GCST90002081,SSC-A on CD4+ T cell,30,IVW,-0.00630647788968505,0.0173610963288066,0.99371336620464,0.960468371332012,1.02810908057733,0.716415573843458,0.976120388751441
ebi-a-GCST90001434,Switched memory B cell %lymphocyte,18,IVW,-0.00685418977237073,0.0188860473894493,0.993169246609973,0.957077563086934,1.03062195840258,0.716662057042504,0.976120388751441
ebi-a-GCST90001451,CD62L- monocyte %monocyte,23,IVW,0.00623756740953165,0.0172556041146852,1.00625706154404,0.972793531986158,1.04087171698183,0.717740149438221,0.976120388751441
ebi-a-GCST90001516,Immature Myeloid-Derived Suppressor Cells %CD33dim HLA DR- CD66b-,19,IVW,-0.00469793275398788,0.0130082696695875,0.995313085271359,0.970257148272129,1.02101606721123,0.717987537856539,0.976120388751441
ebi-a-GCST90001809,CD38 on CD20- B cell,19,IVW,-0.012400247109408,0.0344519805633094,0.987676319147844,0.923184540420552,1.05667336127731,0.71890065940206,0.976120388751441
ebi-a-GCST90001890,CD28 on CD45RA+ CD4+ T cell,13,IVW,0.00790395508942484,0.021975450294065,1.00793527380197,0.965443278180737,1.05229746701294,0.719092401704658,0.976120388751441
ebi-a-GCST90002090,CD11c on granulocyte,22,IVW,-0.00647942180685796,0.0181077870409027,0.993541524382469,0.958897890820718,1.02943678375115,0.720474160131136,0.976120388751441
ebi-a-GCST90001490,CD39+ activated CD4 regulatory T cell %activated CD4 regulatory T cell,8,IVW,0.0113883336748517,0.0318467386991627,1.01145342761595,0.950248951815221,1.07660001548204,0.720644090410416,0.976120388751441
ebi-a-GCST90002028,CD19 on B cell,24,IVW,0.00589465563320182,0.0164924713388966,1.00591206330298,0.973915642735968,1.0389596744292,0.720781194854984,0.976120388751441
ebi-a-GCST90001422,CD20- CD38- B cell %B cell,23,IVW,0.00527067647520213,0.0147596033006063,1.0052845909259,0.976619513991711,1.03479102585456,0.721015821724865,0.976120388751441
ebi-a-GCST90001726,CD19 on IgD+ CD38- B cell,31,IVW,0.00339457471198581,0.00951998541553111,1.00340034280562,0.984851316713794,1.02229872759059,0.721411103857346,0.976120388751441
ebi-a-GCST90002024,CD4 on naive CD4+ T cell,20,IVW,-0.00778092760429281,0.0218941101883802,0.992249265452153,0.950570086256688,1.03575593112497,0.722298131029137,0.976120388751441
ebi-a-GCST90001550,Central Memory CD8+ T cell %T cell,22,IVW,0.00912482460789633,0.0257937378950755,1.00916658273518,0.959415627072133,1.06149739797061,0.723517826186203,0.976120388751441
ebi-a-GCST90001549,Central Memory CD8+ T cell %CD8+ T cell,31,IVW,-0.00698251270474713,0.0197536154451571,0.993041808396699,0.9553289008691,1.03224348423529,0.72372844096732,0.976120388751441
ebi-a-GCST90001661,CD28- CD8dim T cell %T cell,25,IVW,0.00533399985847662,0.0151108936218932,1.00534825096292,0.976009116788904,1.035569328532,0.724095663638983,0.976120388751441
ebi-a-GCST90002047,CD45 on Granulocytic Myeloid-Derived Suppressor Cells,18,IVW,-0.00522085061080011,0.0148957624856802,0.994792754342976,0.966168967873315,1.02426455102524,0.725969239791307,0.976120388751441
ebi-a-GCST90001518,CD33+ HLA DR+ CD14- Absolute Count,29,IVW,-0.00250839810794658,0.00716450886630826,0.997494745293737,0.983585377079159,1.01160081277676,0.726252804057241,0.976120388751441
ebi-a-GCST90001723,CD19 on CD24+ CD27+ B cell,29,IVW,-0.0049914168298369,0.0142907327040005,0.995021019590757,0.967537347332016,1.02328538754348,0.726881753395275,0.976120388751441
ebi-a-GCST90001897,CD28 on CD39+ CD8+ T cell,20,IVW,0.00378432887794327,0.0108603984888361,1.00379149849168,0.982650219107358,1.02538762303383,0.727500665933542,0.976120388751441
ebi-a-GCST90001891,CD28 on CD45RA- CD4 not regulatory T cell,13,IVW,-0.00724376806567932,0.0209355341790677,0.992782404787393,0.95286941008674,1.03436724153598,0.729340085641523,0.976120388751441
ebi-a-GCST90001830,BAFF-R on CD20- B cell,14,IVW,-0.00911208985128116,0.0266972287538169,0.990929299429763,0.940410630442739,1.04416182110369,0.732868565295359,0.976120388751441
ebi-a-GCST90002095,CD11b on CD33dim HLA DR-,23,IVW,0.00462764293025027,0.0136392189482969,1.00463836700581,0.978137303955979,1.03185743389818,0.734391698605638,0.976120388751441
ebi-a-GCST90001771,CD24 on memory B cell,31,IVW,0.00423981144900754,0.0125116763184493,1.00424881216552,0.979921243683459,1.02918033794728,0.73470888784861,0.976120388751441
ebi-a-GCST90001788,CD25 on IgD- CD38+ B cell,20,IVW,0.0084130778066059,0.0249404890711751,1.00844856720089,0.960337704581654,1.05896968101711,0.735871089706077,0.976120388751441
ebi-a-GCST90001999,PDL-1 on CD14- CD16+ monocyte,19,IVW,0.00575114786015037,0.0170499825989163,1.00576771746052,0.9727124030478,1.03994633800925,0.735882416165944,0.976120388751441
ebi-a-GCST90001613,CD4-CD8- T cell %leukocyte,20,IVW,0.00409593313442236,0.0121715925263634,1.00410433293297,0.980433568599032,1.02834658431314,0.736481942768709,0.976120388751441
ebi-a-GCST90002037,CD80 on plasmacytoid Dendritic Cell,21,IVW,0.00422796900717166,0.0125945181703561,1.00423691947779,0.979750544051084,1.02933526964152,0.737097749098216,0.976120388751441
ebi-a-GCST90001787,CD25 on IgD- CD38- B cell,22,IVW,-0.004093875637279,0.0125004017323587,0.995914492847847,0.971810295281997,1.02061655642017,0.743290101705294,0.978772201123906
ebi-a-GCST90001927,CD127 on CD8+ T cell,25,IVW,-0.00628304695859504,0.0192502746910304,0.993736650106828,0.956940957004024,1.03194718810785,0.744131275159543,0.978772201123906
ebi-a-GCST90001971,FSC-A on lymphocyte,17,IVW,-0.00507276737194216,0.0155952602489581,0.994940077383798,0.964988130749832,1.02582169255832,0.744972023515782,0.978772201123906
ebi-a-GCST90001450,CD62L- monocyte Absolute Count,20,IVW,-0.00466546965437344,0.0144319434022785,0.995345396743656,0.967584926383479,1.02390232816229,0.746487869584953,0.978772201123906
ebi-a-GCST90001566,Naive CD4-CD8- T cell Absolute Count,18,IVW,-0.0086524460712853,0.0268323955331859,0.99138487861271,0.940593762107146,1.04491866429152,0.747102208963399,0.978772201123906
ebi-a-GCST90002040,CD80 on granulocyte,33,IVW,-0.0042684006795965,0.0132837762737587,0.995740695995231,0.970149978742745,1.02200644785458,0.747964610932192,0.978772201123906
ebi-a-GCST90001610,CD4+ CD8dim T cell %lymphocyte,19,IVW,0.00718173961517748,0.0224741669596393,1.00720759015402,0.963803707890485,1.05256612042329,0.749305449093854,0.978772201123906
ebi-a-GCST90001892,CD28 on CD39+ CD4+ T cell,17,IVW,-0.00614083533731465,0.0193202663964557,0.993877981056179,0.956945768399123,1.03223554964958,0.750603092825008,0.978772201123906
ebi-a-GCST90001716,BAFF-R on naive-mature B cell,23,IVW,-0.00376675405001605,0.0118878469861634,0.996240331269011,0.973296092604275,1.01972545167765,0.751351695047993,0.978772201123906
ebi-a-GCST90001719,BAFF-R on IgD+ B cell,24,IVW,-0.00413820156337714,0.0132264828215998,0.995870348994003,0.970385263092112,1.02202474597071,0.754377599206543,0.978772201123906
ebi-a-GCST90002072,SSC-A on plasmacytoid Dendritic Cell,26,IVW,0.0047188022473491,0.0151731124870263,1.00472995332769,0.975289920109044,1.03505866132708,0.755802412114134,0.978772201123906
ebi-a-GCST90001720,BAFF-R on transitional B cell,24,IVW,-0.00485516367729201,0.0156756500668281,0.995156603578188,0.965046070040335,1.02620661996363,0.756768975822251,0.978772201123906
ebi-a-GCST90001822,IgD on IgD+ CD38-  B cell,27,IVW,-0.00430998763345774,0.0139677580964403,0.995699287033891,0.968809972142984,1.02333491469623,0.757651012805547,0.978772201123906
ebi-a-GCST90001454,CD62L- HLA DR++ monocyte Absolute Count,19,IVW,0.00856267658121162,0.0281367747280908,1.0085994411558,0.954483042437286,1.06578408150884,0.760881583585359,0.978772201123906
ebi-a-GCST90001713,BAFF-R on IgD- CD38+ B cell,15,IVW,-0.00997395069839801,0.0328644308462953,0.990075624191798,0.928311220818978,1.05594946999992,0.761518215804891,0.978772201123906
ebi-a-GCST90002066,CD4 on activated CD4 regulatory T cell,24,IVW,-0.00349511609257619,0.0116097762409956,0.996510984715926,0.974091265947136,1.01944671651886,0.763376830191391,0.978772201123906
ebi-a-GCST90001959,CD4 on HLA DR+ CD4+ T cell,21,IVW,0.00846638666671134,0.0289235567070112,1.00850232787743,0.952920514393965,1.06732610954549,0.769739269693245,0.978772201123906
ebi-a-GCST90001753,CD20 on IgD- CD24- B cell,28,IVW,-0.00588077980309487,0.0201388989980847,0.994136478135833,0.955660053406964,1.03416202616921,0.770278222376453,0.978772201123906
ebi-a-GCST90001427,IgD- CD38- B cell %lymphocyte,28,IVW,-0.0061605882307826,0.0211615457140993,0.993858349284191,0.953479629749668,1.03594705919541,0.77095813327864,0.978772201123906
ebi-a-GCST90001922,CD127 on T cell,18,IVW,0.0100938114601707,0.0347063885867838,1.01014492580985,0.943715335046628,1.08125059882487,0.771177979889042,0.978772201123906
ebi-a-GCST90002015,CCR2 on plasmacytoid Dendritic Cell,19,IVW,0.00477360858882006,0.016438483057281,1.0047850204096,0.972927396079616,1.03768579372689,0.771516148392969,0.978772201123906
ebi-a-GCST90001478,CD4 regulatory T cell %CD4+ T cell,16,IVW,0.0067012956969613,0.0230880628315626,1.00672379961937,0.96218233634844,1.05332718179627,0.771625469000386,0.978772201123906
ebi-a-GCST90001991,HLA DR on CD14+ monocyte,21,IVW,0.00406231211376036,0.0143351930904878,1.00407057448794,0.976251866088669,1.03268198870821,0.776885285528577,0.978772201123906
ebi-a-GCST90001666,CD28+ CD45RA+ CD8dim T cell Absolute Count,54,IVW,0.000433360487855907,0.00153367563941902,1.00043345440208,0.997430662646552,1.0034452861427,0.77751159756964,0.978772201123906
ebi-a-GCST90001499,Activated & resting CD4 regulatory T cell %CD4 regulatory T cell,29,IVW,-0.00290573382626458,0.0102935218311824,0.997098483732247,0.977183292937974,1.01741955009484,0.77772297403377,0.978772201123906
ebi-a-GCST90001648,HLA DR+ Natural Killer Absolute Count,18,IVW,-0.00681000215321515,0.0242102723309137,0.993213133364017,0.947183783061881,1.04147932632238,0.778491316959307,0.978772201123906
ebi-a-GCST90001946,CD33 on CD14+ monocyte,21,IVW,0.00303061869244916,0.0108389704953144,1.00303521565999,0.981951104637947,1.02457203734705,0.779781395526148,0.978772201123906
ebi-a-GCST90001920,CD45 on HLA DR+ CD4+ T cell,18,IVW,-0.000652463252983559,0.00233462123383664,0.999347749554879,0.994785323009711,1.00393110095237,0.779881969816258,0.978772201123906
ebi-a-GCST90001782,CD25 on IgD+ CD38- unswitched memory B cell,24,IVW,0.00236806669579226,0.00852095395784077,1.00237087278029,0.985769225430232,1.01925211365754,0.781080692205298,0.978772201123906
ebi-a-GCST90001738,CD19 on unswitched memory B cell,21,IVW,0.00377057477410155,0.0136950904446007,1.00377769233412,0.977192316405535,1.03108634678362,0.783068017756019,0.978772201123906
ebi-a-GCST90001703,BAFF-R on IgD+ CD24+ B cell,18,IVW,-0.00351296513167506,0.0127750183157058,0.996493198111135,0.971851755539377,1.02175942804224,0.783326155568231,0.978772201123906
ebi-a-GCST90001933,CD25 on CD45RA- CD4 not regulatory T cell,26,IVW,0.00306748460830914,0.0112816826776249,1.00307219415347,0.981135589432796,1.02549926587164,0.785699246007611,0.978772201123906
ebi-a-GCST90001814,CD38 on IgD- CD38+ B cell,14,IVW,0.00170069623673511,0.00631011766263796,1.00170214324077,0.98938955773605,1.01416795429818,0.787530367676988,0.978772201123906
ebi-a-GCST90001503,Activated & secreting CD4 regulatory T cell %CD4+ T cell,32,IVW,-0.00119228337297156,0.00445675447821389,0.998808427114454,0.990121593032691,1.00757147515508,0.789066672864261,0.978772201123906
ebi-a-GCST90001796,CD27 on CD20- B cell,16,IVW,0.00447009530208529,0.017040972264946,1.00448010108146,0.971484261659834,1.0385966230114,0.793078930432766,0.978772201123906
ebi-a-GCST90001407,Memory B cell Absolute Count,17,IVW,-0.00264888255730806,0.0101098560676347,0.997354622636461,0.977786240874319,1.01731462533658,0.793313795925911,0.978772201123906
ebi-a-GCST90001660,CD39+ CD4+ T cell Absolute Count,29,IVW,-0.00269353466057392,0.0103163265195876,0.997310089649112,0.977346986780001,1.01768095504428,0.794019741662926,0.978772201123906
ebi-a-GCST90001763,CD20 on transitional B cell,22,IVW,0.00193985601769172,0.0074971739061161,1.00194173875559,0.987326390414152,1.01677343744401,0.795832021735275,0.978772201123906
ebi-a-GCST90001821,IgD on IgD+ CD24- B cell,29,IVW,-0.00359134819292482,0.0139715389628134,0.996415092984852,0.96949926292762,1.02407817673827,0.797142158468862,0.978772201123906
ebi-a-GCST90002116,HLA DR on B cell,22,IVW,0.00364789923404169,0.0142151716067115,1.00365456091637,0.97607696595759,1.03201131957867,0.797472031161097,0.978772201123906
ebi-a-GCST90002105,HLA DR on plasmacytoid Dendritic Cell,23,IVW,0.00250841346799565,0.00988227528046814,1.00251156216926,0.983280502450004,1.02211874412118,0.799627244826092,0.978772201123906
ebi-a-GCST90002092,CD11b on Granulocytic Myeloid-Derived Suppressor Cells,3,IVW,-0.00449145829555374,0.0177882196349393,0.995518613219019,0.961408032282745,1.03083943132072,0.80065753212875,0.978772201123906
ebi-a-GCST90002017,CCR2 on monocyte,25,IVW,0.00562382683804022,0.0223263093074156,1.00563967023845,0.962582271678585,1.05062307515152,0.80112426172369,0.978772201123906
ebi-a-GCST90001430,IgD+ CD38dim B cell %lymphocyte,33,IVW,-0.00206755286374877,0.00822467380185561,0.997934583051381,0.981976488365734,1.01415201264882,0.801517099091826,0.978772201123906
ebi-a-GCST90001567,Naive CD4-CD8- T cell %CD4-CD8- T cell,22,IVW,0.00518063053984538,0.0206396804232855,1.00519407321005,0.965341703827901,1.04669167488567,0.801811458827832,0.978772201123906
ebi-a-GCST90001564,Central Memory CD4-CD8- T cell %CD4-CD8- T cell,16,IVW,-0.00599313791379562,0.0238878268395693,0.994024785114297,0.948557111936068,1.04167188352505,0.801901711760626,0.978772201123906
ebi-a-GCST90001684,CD127- CD8+ T cell Absolute Count,13,IVW,0.00592866360899876,0.023690759549882,1.00594627291778,0.960304146804685,1.0537577155782,0.80239235490074,0.978772201123906
ebi-a-GCST90001715,BAFF-R on memory B cell,17,IVW,-0.00290326985637491,0.0116602640115572,0.997100940555915,0.974571504334451,1.02015119592118,0.803369795724136,0.978772201123906
ebi-a-GCST90001799,CD27 on T cell,21,IVW,0.00268188403810722,0.0108546808157612,1.00268548350617,0.981578498508011,1.02424633420778,0.80485276380896,0.978947371621214
ebi-a-GCST90001815,CD38 on IgD- CD38dim B cell,20,IVW,0.00246139157908508,0.0100718920301576,1.00246442329024,0.98286891786097,1.02245060526451,0.806934791922927,0.979002983530347
ebi-a-GCST90001793,CD25 on switched memory B cell,20,IVW,-0.00626457132046822,0.0257215915252792,0.993755010195175,0.944897436001777,1.04513885069549,0.807577016509985,0.979002983530347
ebi-a-GCST90001966,FSC-A on granulocyte,21,IVW,-0.00474159977517576,0.0196255011428239,0.995269623862698,0.957712565527297,1.03429949636133,0.809087014568005,0.979094043487749
ebi-a-GCST90001628,HLA DR+ CD8+ T cell %T cell,30,IVW,0.00256019184151844,0.0106675035549876,1.00256347193127,0.981819186750782,1.02374605101909,0.810330911504908,0.979094043487749
ebi-a-GCST90002112,HLA DR on CD33- HLA DR+,12,IVW,0.00301370446158559,0.0127075059509914,1.00301825023427,0.978344905310107,1.028313843965,0.812533133510788,0.979162256172564
ebi-a-GCST90001817,CD38 on Plasma Blast-Plasma Cell,15,IVW,0.00653407507397006,0.0280685754489856,1.006555468713,0.952676075586747,1.06348205603049,0.815924716535472,0.979162256172564
ebi-a-GCST90002074,SSC-A on CD14+ monocyte,23,IVW,-0.00420717234137954,0.0182191876600776,0.995801665409851,0.960869399227487,1.03200388900955,0.817377058306078,0.979162256172564
ebi-a-GCST90001538,Central Memory CD4+ T cell %CD4+ T cell,32,IVW,0.00146397263412731,0.0064373514573136,1.00146504476519,0.988908730526351,1.01418078830463,0.820098357740628,0.979162256172564
ebi-a-GCST90001850,CD3 on HLA DR+ CD8+ T cell,26,IVW,0.00352100044939329,0.0155809119023469,1.00352720645312,0.973344123288286,1.03464625716277,0.821215678929013,0.979162256172564
ebi-a-GCST90001414,IgD- CD24- B cell Absolute Count,18,IVW,-0.005069280563825,0.0224948300457742,0.994943546554985,0.952029604554142,1.03979188892451,0.821704563611792,0.979162256172564
ebi-a-GCST90001728,CD19 on IgD+ CD38- unswitched memory B cell,22,IVW,0.0020403269251159,0.00909578430163889,1.00204240980844,0.984336557621105,1.02006674778121,0.822511686078677,0.979162256172564
ebi-a-GCST90001905,CD86 on monocyte,16,IVW,0.00366694094016401,0.0164164091106772,1.00367367239353,0.971893332357298,1.0364932108471,0.823247188985931,0.979162256172564
ebi-a-GCST90001745,CD20 on CD24+ CD27+ B cell,29,IVW,0.00359623207183339,0.0163018588160868,1.00360270627297,0.972042830484829,1.03618725476949,0.825401893999446,0.979162256172564
ebi-a-GCST90002029,CD39 on CD39+ CD8+ T cell,23,IVW,-0.00515511081194321,0.0236601621010535,0.994858153968206,0.94977607895862,1.04208009492325,0.827521467982746,0.979162256172564
ebi-a-GCST90001934,CD25 on CD45RA+ CD4 not regulatory T cell,22,IVW,0.00235966798113436,0.0108400265093912,1.0023624541887,0.981290453756333,1.02388694980282,0.827677656243489,0.979162256172564
ebi-a-GCST90001813,CD38 on IgD+ CD38dim B cell,23,IVW,-0.00333091448273208,0.0155644463988379,0.996674626858628,0.966728846842616,1.02754801935222,0.830540896877919,0.979162256172564
ebi-a-GCST90002016,CCR2 on CD62L+ plasmacytoid Dendritic Cell,19,IVW,0.0040939049682483,0.0191306566844177,1.00410229644459,0.967149511106592,1.04246697139071,0.830549322061212,0.979162256172564
ebi-a-GCST90001400,IgD+ B cell Absolute Count,15,IVW,-0.00245700806386543,0.0115642590094782,0.997546007909851,0.975189999465613,1.02041452275165,0.831743756029065,0.979162256172564
ebi-a-GCST90001631,CD8+ Natural Killer T %T cell,27,IVW,-0.00439373716665259,0.0213752836235152,0.995615901175212,0.954765715130801,1.03821388531649,0.837140697314903,0.979162256172564
ebi-a-GCST90001784,CD25 on IgD+ CD38dim B cell,23,IVW,0.00239304039101931,0.0116576815452805,1.00239590599756,0.97975178948039,1.02556337548876,0.837356617706751,0.979162256172564
ebi-a-GCST90002120,CD8 on CD28- CD8+ T cell,20,IVW,-0.00500396916008236,0.0244246191185486,0.995008529836706,0.94849740772898,1.0438004009081,0.837670577558953,0.979162256172564
ebi-a-GCST90001584,CD14- CD16+ monocyte %monocyte,23,IVW,0.0039561359658642,0.0193741918268093,1.00396397180156,0.966554802412023,1.04282101145248,0.838200196217303,0.979162256172564
ebi-a-GCST90001457,CD11c+ HLA DR++ monocyte %monocyte,18,IVW,0.00286559901033036,0.0140526171813916,1.00286970876387,0.975624470281861,1.03087579636617,0.838416609927582,0.979162256172564
ebi-a-GCST90001845,CD3 on CD45RA- CD4+ T cell,28,IVW,0.00261926946713802,0.0129045934240546,1.00262270275032,0.977581383663028,1.02830546987673,0.839157018540769,0.979162256172564
ebi-a-GCST90001469,CD62L- myeloid Dendritic Cell %Dendritic Cell,24,IVW,0.00281981353475245,0.0140796130324758,1.00282379294846,0.975528183489896,1.03088314281794,0.841264456289637,0.979162256172564
ebi-a-GCST90002036,CD80 on CD62L+ myeloid Dendritic Cell,26,IVW,0.00237203858815238,0.0118581732329122,1.00237485409741,0.97934628996777,1.02594491695054,0.84145393994216,0.979162256172564
ebi-a-GCST90001767,CD24 on IgD+ CD38- unswitched memory B cell,21,IVW,0.00226125473674573,0.0113281375127988,1.0022638133014,0.98025562961285,1.02476611315172,0.841782484958419,0.979162256172564
ebi-a-GCST90002087,CD11c on myeloid Dendritic Cell,30,IVW,-0.00231863807182103,0.011703445540809,0.997684047893105,0.975058908015666,1.02083417856881,0.842954423403303,0.979162256172564
ebi-a-GCST90001515,Immature Myeloid-Derived Suppressor Cells Absolute Count,22,IVW,0.00284124643763827,0.0144269606982318,1.00284528660376,0.974885162930438,1.03160731858952,0.843874447864179,0.979162256172564
ebi-a-GCST90002084,SSC-A on Natural Killer T,20,IVW,-0.00191762798883631,0.00996748715615862,0.998084209484997,0.978774595182918,1.01777477074497,0.847438050210375,0.980743999798172
ebi-a-GCST90002000,PDL-1 on CD14- CD16-,28,IVW,0.00279869119548391,0.014593860085499,1.00280261118778,0.974524835899611,1.03190092233691,0.847920941001976,0.980743999798172
ebi-a-GCST90001939,CD25 on activated CD4 regulatory T cell,17,IVW,-0.00508893693577306,0.0272500275443429,0.994923989766774,0.943179192139913,1.04950761601047,0.851856815570908,0.983238083759089
ebi-a-GCST90001562,CD45RA+ CD8+ T cell %T cell,35,IVW,0.000510240701996103,0.00277101410470254,1.00051037089693,0.995091141079886,1.00595911364057,0.853907544252313,0.983238083759089
ebi-a-GCST90001681,CD25++ CD8+ T cell Absolute Count,27,IVW,0.0031130924612967,0.0170406326800135,1.00311794316589,0.970167494555763,1.0371875099383,0.85504405870343,0.983238083759089
ebi-a-GCST90002075,SSC-A on B cell,13,IVW,0.00446688453253253,0.024523270760926,1.00447687593252,0.957338035118337,1.05393680943475,0.85546594626999,0.983238083759089
ebi-a-GCST90002054,CD8 on Central Memory CD8+ T cell,14,IVW,0.00472726013888593,0.0267648488757101,1.0047384512606,0.953389410219707,1.05885312404393,0.859805341586646,0.983238083759089
ebi-a-GCST90001493,Secreting CD4 regulatory T cell %CD4 regulatory T cell,31,IVW,0.00177739649724158,0.0101440875329966,1.00177897700265,0.982057896066786,1.02189608452192,0.860910682857177,0.983238083759089
ebi-a-GCST90001710,BAFF-R on IgD- CD24- B cell,22,IVW,-0.00218626444794507,0.012680933516413,0.997816123687491,0.973321437567223,1.02292724506231,0.863118639158937,0.983238083759089
ebi-a-GCST90001937,CD25 on resting CD4 regulatory T cell,20,IVW,-0.00324174942799182,0.0188296766255175,0.996763499368392,0.960647333902552,1.03423747572062,0.863310395126258,0.983238083759089
ebi-a-GCST90001826,IgD on unswitched memory B cell,22,IVW,0.00218690740883314,0.0127957831025188,1.00218930043496,0.977367225076676,1.02764177899206,0.864295755220011,0.983238083759089
ebi-a-GCST90001638,CD4-CD8- Natural Killer T %lymphocyte,29,IVW,-0.00325142124883513,0.0191569306679164,0.996753858897024,0.960022069849494,1.0348910576419,0.865225952712614,0.983238083759089
ebi-a-GCST90001924,CD127 on CD28+ CD4+ T cell,20,IVW,0.00243696430078438,0.0144073732769442,1.00243993611186,0.974528526675851,1.03115075444703,0.865680998662865,0.983238083759089
ebi-a-GCST90001734,CD19 on IgD- CD38+ B cell,18,IVW,0.0034887998534021,0.0208851083056027,1.00349489279924,0.963246419654847,1.04542511586494,0.867332873157975,0.983238083759089
ebi-a-GCST90001611,CD4+ CD8dim T cell %leukocyte,14,IVW,0.00454477638352626,0.0276794835822886,1.00455511954289,0.951508164674007,1.06055946303474,0.869579241783047,0.983238083759089
ebi-a-GCST90001592,CD8+ T cell Absolute Count,21,IVW,-0.00161805762124622,0.00986318432880495,0.99838325072823,0.979268025740139,1.01787160321231,0.869691604497399,0.983238083759089
ebi-a-GCST90001870,CD34 on Hematopoietic Stem Cell,12,IVW,0.00169264293731343,0.0103628897800359,1.00169407626596,0.981553634781137,1.0222477782888,0.870253132957771,0.983238083759089
ebi-a-GCST90001756,CD20 on IgD- CD38+ B cell,16,IVW,-0.00162020644540894,0.0100714446549911,0.998381105380482,0.978866276247946,1.01828498515795,0.872194763157355,0.983378204310675
ebi-a-GCST90001620,HLA DR+ T cell%lymphocyte,25,IVW,-0.00194832793557991,0.0124429347526833,0.998053568823256,0.974007300438614,1.02269349089301,0.875575028907662,0.983378204310675
ebi-a-GCST90001989,CD40 on CD14- CD16+ monocyte,27,IVW,-0.00152960222432215,0.00994566956204042,0.998471567020924,0.97919633060974,1.01812623167044,0.8777707441652,0.983378204310675
ebi-a-GCST90001849,CD3 on HLA DR+ CD4+ T cell,26,IVW,0.0024906426987537,0.0163549568337541,1.00249374692592,0.970867698607572,1.03515001484439,0.878960800261023,0.983378204310675
ebi-a-GCST90001688,CD28+ CD45RA+ CD8+ T cell %T cell,110,IVW,0.000129167999741641,0.00085449252583375,1.00012917634229,0.998455556531336,1.00180560148919,0.879846817109404,0.983378204310675
ebi-a-GCST90002059,CD8 on Natural Killer T,18,IVW,-0.0027709070295381,0.0186940110288691,0.997232928389997,0.961355348694861,1.03444945182381,0.882165741055104,0.983378204310675
ebi-a-GCST90001402,Switched memory B cell %B cell,13,IVW,0.00379011828306941,0.0256880643006711,1.00379730986415,0.95450873187284,1.05563103368732,0.882702698101711,0.983378204310675
ebi-a-GCST90002051,CD45 on basophil,17,IVW,-0.00247776812396532,0.0170158641940281,0.997525299009734,0.964805394274549,1.03135484945403,0.884225183977218,0.983378204310675
ebi-a-GCST90001899,CD28 on CD4 regulatory T cell,25,IVW,0.000966137437980074,0.00672750244060148,1.00096660429909,0.987854590823375,1.01425265644304,0.88580834828778,0.983378204310675
ebi-a-GCST90001760,CD20 on unswitched memory B cell,22,IVW,0.00197424011681212,0.0140005006954648,1.00197619021194,0.974854800882299,1.02985212243197,0.887860377083183,0.983378204310675
ebi-a-GCST90001789,CD25 on IgD- CD38dim B cell,20,IVW,0.00266883882960846,0.0189494432119767,1.0026724033503,0.966115323040227,1.04061277620208,0.88799637393136,0.983378204310675
ebi-a-GCST90002076,SSC-A on Natural Killer,23,IVW,-0.00298322245860233,0.0212460997307513,0.997021222927892,0.956355495408235,1.03941612061768,0.888333915522704,0.983378204310675
ebi-a-GCST90001803,CD27 on IgD- CD38+ B cell,15,IVW,-0.0060080221699604,0.0428442774575143,0.994009989904869,0.913946899551289,1.08108672453047,0.888478838555836,0.983378204310675
ebi-a-GCST90001433,IgD- CD27- B cell %lymphocyte,18,IVW,0.00354440115895065,0.0254747393694437,1.00355068997657,0.954673303116692,1.05493050247091,0.889344299503507,0.983378204310675
ebi-a-GCST90001983,CD14 on CD14+ CD16+ monocyte,15,IVW,0.00373788198612195,0.0271646791319199,1.00374487657927,0.951700505154308,1.05863532886932,0.890555911427725,0.983378204310675
ebi-a-GCST90002053,CD45 on CD33+ HLA DR+,16,IVW,0.00152571400748685,0.0115665897560367,1.00152687850126,0.979077182054264,1.02449133402935,0.895057861897479,0.985362671448087
ebi-a-GCST90001443,CD20- B cell %lymphocyte,17,IVW,-0.00169225252890173,0.0130288353446579,0.998309178523061,0.973138591332264,1.02413081219909,0.896657275375421,0.985362671448087
ebi-a-GCST90001548,Central Memory CD8+ T cell Absolute Count,25,IVW,0.00295809652230419,0.0229601591639002,1.00296247600707,0.958827768192565,1.04912869823792,0.897487368835027,0.985362671448087
ebi-a-GCST90001504,CD25++ CD4+ T cell Absolute Count,23,IVW,0.00207071879828224,0.0162876337252916,1.00207286421705,0.970588157497972,1.03457889676782,0.898834012599379,0.985362671448087
ebi-a-GCST90001709,BAFF-R on IgD+ CD38dim B cell,25,IVW,0.00117423237354943,0.00925997191265816,1.00117492205431,0.983167956220232,1.01951168994966,0.899092888995724,0.985362671448087
ebi-a-GCST90001657,CD28+ CD4-CD8- T cell Absolute Count,12,IVW,0.00398614123539526,0.0330211285811706,1.00399409646308,0.941072336145042,1.07112291692884,0.903916880778565,0.988547074200095
ebi-a-GCST90001940,CD25 on CD39+ activated CD4 regulatory T cell,12,IVW,0.00282090353659039,0.0236235148200064,1.00282488602883,0.957450567865045,1.05034952799829,0.904949880768731,0.988547074200095
ebi-a-GCST90001392,IgD+ CD38+ B cell Absolute Count,29,IVW,-0.000883271841063908,0.00748437798384588,0.999117118128684,0.984567665251474,1.01388157560791,0.906055457885176,0.988547074200095
ebi-a-GCST90001973,FSC-A on CD4+ T cell,25,IVW,0.00120862626553822,0.0105718862602972,1.00120935694861,0.980676861420649,1.02217174267709,0.908980512537525,0.990260439142967
ebi-a-GCST90001456,CD11c+ HLA DR++ monocyte Absolute Count,17,IVW,-0.00244793911894123,0.022320860914237,0.997555054640678,0.954854003111857,1.04216569632226,0.912670727332686,0.992801044166955
ebi-a-GCST90001942,CD25 on CD39+ secreting CD4 regulatory T cell,16,IVW,-0.00152710530002609,0.0143967454004221,0.998474060131951,0.970693294407276,1.02704989773844,0.915524470334795,0.994425539100646
ebi-a-GCST90001853,CD3 on activated CD4 regulatory T cell,21,IVW,0.00139626199344594,0.0134519375375299,1.00139723722106,0.975339624731601,1.02815101661632,0.9173309644819,0.994860979856124
ebi-a-GCST90002045,CD45 on CD33- HLA DR-,14,IVW,-0.00220319172844833,0.0215707723647439,0.997799233517027,0.956492907137358,1.04088938138272,0.918647279620908,0.994860979856124
ebi-a-GCST90002019,CD14 on Monocytic Myeloid-Derived Suppressor Cells,25,IVW,0.00120684118437603,0.0123140902677431,1.00120756971024,0.977332091048952,1.02566630813198,0.921928402522767,0.994992668104784
ebi-a-GCST90001841,CD3 on Central Memory CD4+ T cell,26,IVW,0.00112689809297996,0.0115142504142799,1.00112753328121,0.978787192186883,1.0239777817836,0.922035632128127,0.994992668104784
ebi-a-GCST90002018,CCR2 on granulocyte,17,IVW,0.00193543617197002,0.0200338160039541,1.00193731033747,0.963357362391577,1.04206228450273,0.923037335441807,0.994992668104784
ebi-a-GCST90001618,HLA DR+ T cell Absolute Count,30,IVW,-0.00110549611649193,0.0117978661820957,0.998895114719227,0.976061859606261,1.02226251378416,0.925345042560266,0.994992668104784
ebi-a-GCST90001547,Terminally Differentiated CD4+ T cell %T cell,26,IVW,-0.00110159558276772,0.011868060657101,0.998899010950907,0.975931387755812,1.02240715545913,0.926046415128108,0.994992668104784
ebi-a-GCST90001748,CD20 on IgD+ CD38- B cell,25,IVW,0.00141400448808465,0.015419751652442,1.00141500466379,0.971602305710017,1.03214247812323,0.926935714062049,0.994992668104784
ebi-a-GCST90002086,SSC-A on HLA DR+ CD8+ T cell,24,IVW,-0.00148027050030558,0.0173200810299371,0.998520824559676,0.965192583347026,1.03299989482084,0.931891270920103,0.997430722004315
ebi-a-GCST90001391,IgD+ B cell %B cell,17,IVW,-0.00172577869380805,0.0205601131301629,0.99827570960596,0.958847151101411,1.03932560183816,0.93310557501396,0.997430722004315
ebi-a-GCST90001446,IgD- CD38- B cell Absolute Count,14,IVW,-0.00222380305951975,0.0266904658865716,0.997778667758627,0.946923362011333,1.05136519994557,0.933598484872687,0.997430722004315
ebi-a-GCST90001442,CD24+ CD27+ B cell %lymphocyte,24,IVW,-0.000692969631698839,0.00862436482832075,0.999307270416305,0.982557193523619,1.01634289310496,0.935958715632419,0.997430722004315
ebi-a-GCST90001607,CD8+ T cell %leukocyte,17,IVW,-0.00190851951506863,0.0246436243892889,0.99809330055024,0.951029665118528,1.04748597561267,0.938269736326204,0.997430722004315
ebi-a-GCST90001828,IgD on transitional B cell,32,IVW,0.00133335996094098,0.0176711641993038,1.00133424928055,0.967246289183271,1.0366235466552,0.939853498649622,0.997430722004315
ebi-a-GCST90001637,CD4-CD8- Natural Killer T %T cell,30,IVW,-0.00139943186411964,0.0186908768766064,0.998601546884034,0.962680641891811,1.03586278361174,0.940316191632246,0.997430722004315
ebi-a-GCST90002001,CD64 on CD14- CD16-,16,IVW,0.0017339458247067,0.0233744635583909,1.00173544997802,0.956877401587456,1.04869642660376,0.940866202521897,0.997430722004315
ebi-a-GCST90001455,CD62L- HLA DR++ monocyte %monocyte,12,IVW,-0.0021487113580399,0.0297516138632132,0.997853595469679,0.941329656969934,1.05777162189586,0.942425496836904,0.997430722004315
ebi-a-GCST90001587,CD16+ monocyte %monocyte,22,IVW,-0.00170689398988449,0.0260328064140803,0.99829456192518,0.948634976453751,1.05055375050044,0.947722533021923,0.997430722004315
ebi-a-GCST90001449,CD11c+ monocyte %monocyte,20,IVW,0.00119513308323865,0.018782639578034,1.00119584753938,0.96500804538661,1.03874069228978,0.949265109534315,0.997430722004315
ebi-a-GCST90001867,CD3 on CD4+ T cell,29,IVW,-0.000888325898296439,0.014276840222223,0.999112068546347,0.971541850625414,1.02746466852907,0.95038646989588,0.997430722004315
ebi-a-GCST90001825,IgD on IgD+ CD38dim B cell,22,IVW,0.000707325633413734,0.0116833571003427,1.00070757584718,0.978052377863979,1.02388754940199,0.951724523090242,0.997430722004315
ebi-a-GCST90001972,FSC-A on T cell,22,IVW,-0.000858983189744361,0.0142039035853717,0.999141385630705,0.971709260267069,1.02734794171424,0.951777207614261,0.997430722004315
ebi-a-GCST90002002,PDL-1 on monocyte,15,IVW,-0.00146861881276781,0.024358761086109,0.998532459080105,0.951979488095047,1.04736192775722,0.95192371462217,0.997430722004315
ebi-a-GCST90001463,CD62L- Dendritic Cell %Dendritic Cell,23,IVW,0.000586344563489429,0.00995136242433042,1.00058651649707,0.981259502566508,1.02029419779084,0.953015004466823,0.997430722004315
ebi-a-GCST90002055,CD8 on naive CD8+ T cell,16,IVW,-0.00144565549796981,0.0305272822789375,0.998555388958571,0.94056066559501,1.06012605171769,0.962229352492125,0.997430722004315
ebi-a-GCST90001541,Naive CD4+ T cell %CD4+ T cell,35,IVW,0.000768943057102568,0.0165141659263551,1.00076923876961,0.968895203407143,1.03369184380887,0.962861813784107,0.997430722004315
ebi-a-GCST90001705,BAFF-R on IgD+ CD38- B cell,22,IVW,0.000619100900314709,0.0134826083399537,1.00061929258283,0.974523338178977,1.02741404896461,0.963375223684654,0.997430722004315
ebi-a-GCST90001880,HVEM on CD45RA- CD4+ T cell,19,IVW,0.000482147456718567,0.0109772630767952,1.00048226370849,0.97918636870091,1.02224131379937,0.964966280464217,0.997430722004315
ebi-a-GCST90001884,CD16-CD56 on Natural Killer,28,IVW,-0.000767055302657657,0.0176556257747647,0.999233238809056,0.965246198869003,1.03441698782213,0.965346506903003,0.997430722004315
ebi-a-GCST90001569,Effector Memory CD4-CD8- T cell Absolute Count,19,IVW,-0.00121566869668954,0.0280171066660632,0.998785069929162,0.945416982241151,1.05516574659852,0.965390465854588,0.997430722004315
ebi-a-GCST90001950,CD33 on Granulocytic Myeloid-Derived Suppressor Cells,20,IVW,0.000607251152826586,0.0140922549042771,1.00060743556713,0.973348034601296,1.0286302581608,0.965628891961661,0.997430722004315
ebi-a-GCST90001555,Effector Memory CD8+ T cell %CD8+ T cell,24,IVW,-0.000440788491150163,0.0107372722366838,0.999559308641825,0.978743334345728,1.0208179983779,0.967254292920541,0.997430722004315
ebi-a-GCST90001878,HVEM on Effector Memory CD4+ T cell,22,IVW,-0.000633059530474909,0.0159976353953354,0.999367140809432,0.968517792699453,1.03119910615782,0.968434295760553,0.997430722004315
ebi-a-GCST90001644,B cell %lymphocyte,35,IVW,0.000542395698258433,0.0150833815336714,1.0005425428214,0.971396033745718,1.03056358603331,0.971314396508861,0.997430722004315
ebi-a-GCST90001766,CD24 on IgD+ CD38- B cell,22,IVW,0.00044242866937166,0.012339366110642,1.00044252655537,0.976536912161237,1.02493335016428,0.971397932502307,0.997430722004315
ebi-a-GCST90001868,CD3 on CD4 regulatory T cell,11,IVW,0.000647909370513858,0.0181663837210541,1.00064811930913,0.965645776778336,1.03691921277541,0.971549246322443,0.997430722004315
ebi-a-GCST90001444,CD20- CD38- B cell %lymphocyte,23,IVW,-0.000777258923498529,0.0225284831713195,0.999223043063973,0.956061453646926,1.04433317124273,0.972477513069597,0.997430722004315
ebi-a-GCST90001597,CD8dim T cell %T cell,19,IVW,0.000716132282934928,0.0209078446654221,1.00071638876688,0.960536551093944,1.04257697388621,0.972676323364246,0.997430722004315
ebi-a-GCST90001724,CD19 on IgD+ CD24+ B cell,33,IVW,0.000376987249826732,0.0110461398518562,1.00037705831845,0.978951236824854,1.02227181616905,0.972774749437677,0.997430722004315
ebi-a-GCST90001435,Plasma Blast-Plasma Cell %lymphocyte,18,IVW,0.000297232478401898,0.00903754914656254,1.00029727665635,0.982734424352897,1.0181740019385,0.973763411448654,0.997430722004315
ebi-a-GCST90001981,CD40 on CD14+ CD16+ monocyte,21,IVW,0.000320725905621422,0.00993030761849175,1.00032077734367,0.981039380475147,1.01998113174704,0.974234658701889,0.997430722004315
ebi-a-GCST90001630,CD8+ Natural Killer T Absolute Count,26,IVW,0.000637289023664992,0.0234782599854273,1.00063749213546,0.955634175717387,1.04776013260042,0.978345046035104,0.998708342684933
ebi-a-GCST90001733,CD19 on IgD- CD38- B cell,22,IVW,-0.000647474040563007,0.028374261968377,0.999352735525522,0.945292356384463,1.05650477681019,0.981794602776283,0.998708342684933
ebi-a-GCST90001921,CD45 on HLA DR+ CD8+ T cell,18,IVW,-0.000263737502229595,0.0136676335573031,0.999736297273448,0.973310336768689,1.02687973848525,0.98460457534633,0.998708342684933
ebi-a-GCST90001522,CD33- HLA DR- Absolute Count,21,IVW,0.000258307086619323,0.0154746211237051,1.00025834045077,0.970375712197725,1.03106120141376,0.986682086488385,0.998708342684933
ebi-a-GCST90001751,CD20 on IgD+ CD38+ B cell,26,IVW,-0.000233223741155595,0.0177169539590923,0.999766803453387,0.965645534615433,1.03509375382289,0.98949705189376,0.998708342684933
ebi-a-GCST90001459,Myeloid Dendritic Cell %Dendritic Cell,26,IVW,0.000210854340186013,0.0181054425756133,1.00021087657153,0.965339126351403,1.03634232810305,0.990708118895243,0.998708342684933
ebi-a-GCST90001533,Basophil %CD33dim HLA DR- CD66b-,20,IVW,-0.000195116951804763,0.0175309046533343,0.99980490208227,0.966034539655045,1.03475579929542,0.991119819975561,0.998708342684933
ebi-a-GCST90001474,Plasmacytoid Dendritic Cell %Dendritic Cell,24,IVW,0.000154082248322094,0.0140814568411628,1.0001540941196,0.972927634488784,1.02814246047169,0.991269554339705,0.998708342684933
ebi-a-GCST90001476,HLA DR++ monocyte %leukocyte,8,IVW,-0.000256247329294955,0.0262064472386573,0.999743785499248,0.949688840915975,1.05243695996297,0.992198388130213,0.998708342684933
ebi-a-GCST90002057,CD8 on Terminally Differentiated CD8+ T cell,17,IVW,0.000182565504241066,0.0186900317000584,1.00018258217034,0.964206402678298,1.03750109405848,0.992206333136324,0.998708342684933
ebi-a-GCST90001510,CD25++ CD45RA- CD4 not regulatory T cell Absolute Count,20,IVW,9.84220256953548e-05,0.011394263131836,1.0000984268693,0.978011027241622,1.02268464829829,0.993108072255271,0.998708342684933
ebi-a-GCST90001448,CD11c+ monocyte Absolute Count,15,IVW,-0.000163845695690146,0.0193226625577981,0.999836167726283,0.962678029404682,1.0384285625712,0.993234452862574,0.998708342684933
ebi-a-GCST90001419,CD20- B cell %B cell,19,IVW,0.000155043518930429,0.0183089640743945,1.0001550555388,0.964900273924454,1.03669794915835,0.993243454352867,0.998708342684933
ebi-a-GCST90001996,CX3CR1 on CD14+ CD16+ monocyte,34,IVW,-7.52492503129375e-05,0.0132561948147286,0.999924753580841,0.974279173063249,1.02624539297095,0.995470804900582,0.998945285556077
ebi-a-GCST90001398,Unswitched memory B cell Absolute Count,20,IVW,-7.9206976929514e-05,0.0253837036129074,0.99992079615986,0.951389942733096,1.05092723149951,0.997510295486982,0.998945285556077
ebi-a-GCST90001765,CD24 on IgD+ CD24+ B cell,25,IVW,2.72010302398157e-05,0.00912723366145773,1.00002720140019,0.982296406119685,1.01807804376559,0.997622143713572,0.998945285556077
ebi-a-GCST90001563,Central Memory CD4-CD8- T cell Absolute Count,4,IVW,2.37949495373777e-05,0.0180007180532388,1.00002379523264,0.965356696333266,1.03593583058987,0.998945285556077,0.998945285556077
