Outcome,Immunophenotype,GWAS Catalog accession,Instruments,R2 (%),sum(F)/n,Power at OR 1.1,Power at OR 1.2,Power at OR 1.3,Minimum detectable protective OR at 80% power,Minimum detectable harmful OR at 80% power,QC flag
CONDUCTIO,CD4+CD8+ T cell Absolute Count,GCST90001594,18,13.98,0.127,0.465,1.000,1.000,0.889,1.125,""
CONDUCTIO,CD25 on CD45RA- CD4 not regulatory T cell,GCST90001933,26,21.61,0.197,0.805,1.000,1.000,0.909,1.100,""
CONDUCTIO,HVEM on T cell,GCST90001871,25,46.77,0.453,0.999,1.000,1.000,0.937,1.067,""
CONDUCTIO,CX3CR1 on CD14+ CD16+ monocyte,GCST90001996,34,33.98,0.310,0.982,1.000,1.000,0.927,1.079,""
CONDUCTIO,CD33dim HLA DR+ CD11b+ Absolute Count,GCST90001525,26,33.02,0.336,0.977,1.000,1.000,0.926,1.080,""
CONDUCTIO,CD45RA- CD4+ T cell %T cell,GCST90001536,26,20.06,0.188,0.753,1.000,1.000,0.906,1.104,""
CONDUCTIO,CD45RA- CD4+ T cell %CD4+ T cell,GCST90001535,30,21.86,0.215,0.813,1.000,1.000,0.910,1.099,""
CONDUCTIO,Memory B cell Absolute Count,GCST90001407,17,11.95,0.107,0.351,0.998,1.000,0.880,1.136,""
CONDUCTIO,CD45RA on naive CD4+ T cell,GCST90002098,33,42.30,0.435,0.997,1.000,1.000,0.934,1.070,""
CONDUCTIO,CD33 on Monocytic Myeloid-Derived Suppressor Cells,GCST90001952,21,76.67,0.894,1.000,1.000,1.000,0.951,1.052,""
CONDUCTIO,CD33 on Immature Myeloid-Derived Suppressor Cells,GCST90001955,23,82.60,0.933,1.000,1.000,1.000,0.953,1.050,""
CONDUCTIO,CD127 on CD8+ T cell,GCST90001927,25,18.77,0.192,0.702,1.000,1.000,0.903,1.107,""
CONDUCTIO,CD28+ CD45RA+ CD8+ T cell %CD8+ T cell,GCST90001689,41,13.50,0.266,0.439,1.000,1.000,0.887,1.128,""
CONDUCTIO,CD39+ CD4+ T cell Absolute Count,GCST90001660,29,38.04,0.341,0.993,1.000,1.000,0.931,1.074,""
CONDUCTIO,CD33 on CD33dim HLA DR+ CD11b-,GCST90001949,22,not interpretable,1.087,not interpretable,not interpretable,not interpretable,not interpretable,not interpretable,implausible sum(F)/n (>1)
CONDUCTIO,Central Memory CD8+ T cell %CD8+ T cell,GCST90001549,31,21.15,0.195,0.790,1.000,1.000,0.908,1.101,""
CONDUCTIO,CD64 on CD14- CD16+ monocyte,GCST90001990,20,16.74,0.147,0.610,1.000,1.000,0.898,1.114,""
CONDUCTIO,CD33 on basophil,GCST90001954,22,82.83,0.968,1.000,1.000,1.000,0.953,1.050,""
CONDUCTIO,CD4+ T cell Absolute Count,GCST90001590,24,17.38,0.150,0.640,1.000,1.000,0.900,1.112,""
CONDUCTIO,Lymphocyte Absolute Count,GCST90001601,19,13.84,0.117,0.457,1.000,1.000,0.888,1.126,""
CONDUCTIO,Naive-mature B cell Absolute Count,GCST90001409,23,15.88,0.141,0.567,1.000,1.000,0.895,1.117,""
CONDUCTIO,CD3 on CD28- CD8+ T cell,GCST90001865,20,18.15,0.167,0.676,1.000,1.000,0.902,1.109,""
CONDUCTIO,CD27 on CD20- CD38- B cell,GCST90001797,20,12.77,0.120,0.398,0.999,1.000,0.884,1.131,""
CONDUCTIO,CD4 on HLA DR+ CD4+ T cell,GCST90001959,21,17.56,0.157,0.649,1.000,1.000,0.900,1.111,""
CONDUCTIO,CD20 on unswitched memory B cell,GCST90001760,22,18.79,0.158,0.703,1.000,1.000,0.903,1.107,""
CONDUCTIO,T cell Absolute Count,GCST90001603,19,14.52,0.120,0.495,1.000,1.000,0.891,1.123,""
CONDUCTIO,HLA DR+ CD4+ T cell %T cell,GCST90001625,25,15.26,0.181,0.534,1.000,1.000,0.893,1.120,""
CONDUCTIO,B cell Absolute Count,GCST90001642,30,20.08,0.187,0.753,1.000,1.000,0.906,1.104,""
CONDUCTIO,CD28+ CD45RA+ CD8dim T cell Absolute Count,GCST90001666,54,30.73,0.394,0.963,1.000,1.000,0.923,1.083,""
CONDUCTIO,CD24 on IgD+ CD38+ B cell,GCST90001768,25,18.81,0.168,0.704,1.000,1.000,0.903,1.107,""
CONDUCTIO,Resting CD4 regulatory T cell %CD4 regulatory T cell,GCST90001481,30,31.41,0.346,0.968,1.000,1.000,0.924,1.082,""
CONDUCTIO,Secreting CD4 regulatory T cell %CD4 regulatory T cell,GCST90001493,31,32.22,0.326,0.973,1.000,1.000,0.925,1.081,""
CONDUCTIO,Activated & resting CD4 regulatory T cell %CD4 regulatory T cell,GCST90001499,29,31.34,0.313,0.968,1.000,1.000,0.924,1.082,""
CONDUCTIO,Activated & secreting CD4 regulatory T cell %CD4 regulatory T cell,GCST90001502,38,36.63,0.409,0.990,1.000,1.000,0.930,1.076,""
CONDUCTIO,CD39+ activated CD4 regulatory T cell Absolute Count,GCST90001489,30,68.65,0.772,1.000,1.000,1.000,0.948,1.055,""
CONDUCTIO,FSC-A on Natural Killer,GCST90001969,18,17.23,0.156,0.634,1.000,1.000,0.899,1.112,""
CONDUCTIO,SSC-A on Natural Killer,GCST90002076,23,21.57,0.189,0.804,1.000,1.000,0.909,1.100,""
CONDUCTIO,SSC-A on Natural Killer T,GCST90002084,20,16.78,0.147,0.612,1.000,1.000,0.898,1.114,""
CONDUCTIO,CD45RA- CD28- CD8+ T cell Absolute Count,GCST90001695,350,not interpretable,3.161,not interpretable,not interpretable,not interpretable,not interpretable,not interpretable,implausible on both aggregate R2 (>1) and sum(F)/n (>1)
CONDUCTIO,BAFF-R on IgD- CD38+ B cell,GCST90001713,15,14.85,0.135,0.512,1.000,1.000,0.892,1.121,""
CONDUCTIO,CD14 on CD14+ CD16+ monocyte,GCST90001983,15,10.76,0.099,0.286,0.995,1.000,0.874,1.144,""
CONDUCTIO,CD20 on IgD+ CD24- B cell,GCST90001747,25,20.59,0.184,0.771,1.000,1.000,0.907,1.102,""
CONDUCTIO,CD20 on IgD+ CD38dim B cell,GCST90001752,28,25.42,0.222,0.898,1.000,1.000,0.916,1.092,""
CONDUCTIO,CD38 on naive-mature B cell,GCST90001816,26,21.18,0.187,0.791,1.000,1.000,0.909,1.101,""
CONDUCTIO,IgD on IgD+ CD24+ B cell,GCST90001820,28,42.41,0.304,0.997,1.000,1.000,0.934,1.070,""
CONDUCTIO,CD24 on IgD+ CD38- B cell,GCST90001766,22,16.86,0.148,0.616,1.000,1.000,0.898,1.113,""
CONDUCTIO,Hematopoietic Stem Cell Absolute Count,GCST90001514,19,26.07,0.273,0.909,1.000,1.000,0.917,1.090,""
CONDUCTIO,CCR2 on CD14+ CD16- monocyte,GCST90002004,27,19.68,0.185,0.738,1.000,1.000,0.905,1.105,""
CONDUCTIO,Monocytic Myeloid-Derived Suppressor Cells Absolute Count,GCST90001530,19,43.66,0.382,0.998,1.000,1.000,0.935,1.069,""
CONDUCTIO,CD3 on CD8+ T cell,GCST90001859,23,26.80,0.255,0.921,1.000,1.000,0.918,1.089,""
CONDUCTIO,CD8+ Natural Killer T Absolute Count,GCST90001630,26,20.54,0.180,0.770,1.000,1.000,0.907,1.102,""
CONDUCTIO,CD39+ resting CD4 regulatory T cell Absolute Count,GCST90001483,28,38.76,0.364,0.994,1.000,1.000,0.932,1.073,""
CONDUCTIO,CD39+ resting CD4 regulatory T cell %CD4 regulatory T cell,GCST90001485,36,83.29,0.947,1.000,1.000,1.000,0.953,1.050,""
CONDUCTIO,CD127 on CD45RA+ CD4+ T cell,GCST90001932,22,22.12,0.200,0.820,1.000,1.000,0.910,1.098,""
CONDUCTIO,HVEM on naive CD8+ T cell,GCST90001872,21,40.07,0.396,0.995,1.000,1.000,0.933,1.072,""
CONDUCTIO,HVEM on CD8+ T cell,GCST90001881,16,29.89,0.300,0.957,1.000,1.000,0.922,1.084,""
CONDUCTIO,CD8 on CD28+ CD45RA+ CD8+ T cell,GCST90002119,22,36.71,0.341,0.990,1.000,1.000,0.930,1.076,""
CONDUCTIO,CD14+ CD16- monocyte Absolute Count,GCST90001582,28,18.77,0.178,0.702,1.000,1.000,0.903,1.107,""
CONDUCTIO,IgD+ CD38+ B cell %lymphocyte,GCST90001429,25,16.42,0.153,0.594,1.000,1.000,0.897,1.115,""
CONDUCTIO,PDL-1 on monocyte,GCST90002002,15,12.41,0.112,0.377,0.999,1.000,0.882,1.134,""
CONDUCTIO,CD45 on HLA DR+ CD8+ T cell,GCST90001921,18,14.29,0.136,0.482,1.000,1.000,0.890,1.124,""
CONDUCTIO,CD28- CD8dim T cell Absolute Count,GCST90001663,28,21.20,0.188,0.792,1.000,1.000,0.909,1.101,""
CONDUCTIO,IgD+ CD38- B cell %B cell,GCST90001395,22,15.16,0.135,0.529,1.000,1.000,0.893,1.120,""
CONDUCTIO,CD33+ HLA DR+ CD14dim Absolute Count,GCST90001520,28,36.69,0.361,0.990,1.000,1.000,0.930,1.076,""
CONDUCTIO,CD4RA on Terminally Differentiated CD4+ T cell,GCST90002099,33,29.97,0.273,0.957,1.000,1.000,0.923,1.084,""
CONDUCTIO,CD4 on CD45RA+ CD4+ T cell,GCST90002027,27,25.42,0.229,0.898,1.000,1.000,0.916,1.091,""
CONDUCTIO,Activated CD4 regulatory T cell %CD4+ T cell,GCST90001488,19,13.64,0.123,0.446,1.000,1.000,0.887,1.127,""
CONDUCTIO,Natural Killer %lymphocyte,GCST90001647,27,19.61,0.196,0.736,1.000,1.000,0.905,1.105,""
CONDUCTIO,Unswitched memory B cell %lymphocyte,GCST90001432,22,16.30,0.150,0.588,1.000,1.000,0.896,1.116,""
CONDUCTIO,CD4 on Effector Memory CD4+ T cell,GCST90002025,20,21.19,0.191,0.792,1.000,1.000,0.909,1.101,""
CONDUCTIO,CD45RA+ CD28- CD8+ T cell Absolute Count,GCST90001698,719,not interpretable,10.313,not interpretable,not interpretable,not interpretable,not interpretable,not interpretable,implausible on both aggregate R2 (>1) and sum(F)/n (>1)
CONDUCTIO,CD62L on monocyte,GCST90001834,25,28.09,0.266,0.938,1.000,1.000,0.920,1.087,""
CONDUCTIO,CX3CR1 on CD14- CD16+ monocyte,GCST90002012,18,13.85,0.129,0.458,1.000,1.000,0.888,1.126,""
CONDUCTIO,CD4 on CD39+ activated CD4 regulatory T cell,GCST90002067,23,22.24,0.194,0.824,1.000,1.000,0.911,1.098,""
CONDUCTIO,CD28+ CD45RA- CD8dim T cell %T cell,GCST90001667,28,20.38,0.207,0.764,1.000,1.000,0.907,1.103,""
CONDUCTIO,CD4 on CD28+ CD4+ T cell,GCST90002062,21,19.17,0.168,0.719,1.000,1.000,0.904,1.106,""
CONDUCTIO,CD3 on CD45RA+ CD4+ T cell,GCST90001858,32,50.70,0.505,1.000,1.000,1.000,0.940,1.064,""
CONDUCTIO,FSC-A on HLA DR+ T cell,GCST90001975,19,14.35,0.135,0.485,1.000,1.000,0.890,1.124,""
CONDUCTIO,SSC-A on HLA DR+ CD8+ T cell,GCST90002086,24,18.85,0.172,0.705,1.000,1.000,0.903,1.107,""
CONDUCTIO,CD28- CD127- CD25++ CD8+ T cell %T cell,GCST90001673,18,13.10,0.125,0.416,0.999,1.000,0.885,1.130,""
CONDUCTIO,CD80 on granulocyte,GCST90002040,33,31.93,0.285,0.972,1.000,1.000,0.925,1.081,""
CONDUCTIO,HLA DR+ CD8+ T cell Absolute Count,GCST90001627,34,29.83,0.279,0.956,1.000,1.000,0.922,1.084,""
CONDUCTIO,HLA DR on CD14+ CD16+ monocyte,GCST90002007,19,36.97,0.288,0.991,1.000,1.000,0.930,1.075,""
CONDUCTIO,BAFF-R on IgD+ CD38- naive B cell,GCST90001706,28,not interpretable,1.044,not interpretable,not interpretable,not interpretable,not interpretable,not interpretable,implausible sum(F)/n (>1)
CONDUCTIO,Transitional B cell %lymphocyte,GCST90001578,26,17.18,0.157,0.631,1.000,1.000,0.899,1.112,""
CONDUCTIO,CD45 on CD8+ T cell,GCST90001917,26,17.03,0.180,0.624,1.000,1.000,0.899,1.113,""
CONDUCTIO,CD19 on memory B cell,GCST90001736,24,17.70,0.154,0.655,1.000,1.000,0.900,1.111,""
CONDUCTIO,CD33 on CD14+ monocyte,GCST90001946,21,not interpretable,1.074,not interpretable,not interpretable,not interpretable,not interpretable,not interpretable,implausible sum(F)/n (>1)
CONDUCTIO,BAFF-R on IgD- CD24- B cell,GCST90001710,22,67.05,0.733,1.000,1.000,1.000,0.948,1.055,""
CONDUCTIO,FSC-A on lymphocyte,GCST90001971,17,11.27,0.121,0.314,0.997,1.000,0.877,1.141,""
CONDUCTIO,FSC-A on T cell,GCST90001972,22,14.53,0.152,0.495,1.000,1.000,0.891,1.123,""
CONDUCTIO,FSC-A on CD4+ T cell,GCST90001973,25,18.98,0.184,0.711,1.000,1.000,0.904,1.107,""
CONDUCTIO,SSC-A on lymphocyte,GCST90002079,21,15.14,0.151,0.528,1.000,1.000,0.893,1.120,""
CONDUCTIO,SSC-A on CD4+ T cell,GCST90002081,30,25.83,0.228,0.905,1.000,1.000,0.917,1.091,""
CONDUCTIO,CD86 on monocyte,GCST90001905,16,13.94,0.126,0.463,1.000,1.000,0.889,1.125,""
CONDUCTIO,CD86+ plasmacytoid Dendritic Cell %Dendritic Cell,GCST90001467,26,20.39,0.190,0.765,1.000,1.000,0.907,1.103,""
CONDUCTIO,CD127- CD8+ T cell %T cell,GCST90001682,14,10.17,0.091,0.254,0.991,1.000,0.871,1.148,""
CONDUCTIO,CD20 on IgD- CD24- B cell,GCST90001753,28,20.27,0.175,0.760,1.000,1.000,0.907,1.103,""
CONDUCTIO,CD20 on IgD- CD27- B cell,GCST90001754,19,15.30,0.136,0.536,1.000,1.000,0.893,1.119,""
CONDUCTIO,SSC-A on granulocyte,GCST90002078,25,26.56,0.243,0.917,1.000,1.000,0.918,1.089,""
CONDUCTIO,CD28- CD4-CD8- T cell %CD4-CD8- T cell,GCST90001653,27,19.63,0.177,0.736,1.000,1.000,0.905,1.105,""
CONDUCTIO,CD28+ CD4-CD8- T cell %CD4-CD8- T cell,GCST90001656,27,19.63,0.177,0.736,1.000,1.000,0.905,1.105,""
CONDUCTIO,Naive CD8+ T cell Absolute Count,GCST90001551,28,8.74,0.189,0.183,0.972,1.000,0.861,1.161,""
CONDUCTIO,CD28+ CD45RA+ CD8+ T cell Absolute Count,GCST90001690,59,17.02,0.378,0.623,1.000,1.000,0.899,1.113,""
CONDUCTIO,CD127- CD8+ T cell %CD8+ T cell,GCST90001683,14,8.85,0.091,0.188,0.974,1.000,0.862,1.160,""
CONDUCTIO,CD8 on CD28+ CD45RA- CD8+ T cell,GCST90002118,14,17.85,0.158,0.662,1.000,1.000,0.901,1.110,""
CONDUCTIO,Naive CD8+ T cell %T cell,GCST90001553,29,9.25,0.203,0.208,0.981,1.000,0.865,1.156,""
CONDUCTIO,CD28+ CD45RA+ CD8+ T cell %T cell,GCST90001688,110,32.12,0.867,0.973,1.000,1.000,0.925,1.081,""
CONDUCTIO,FSC-A on CD8+ T cell,GCST90001974,18,10.78,0.128,0.287,0.995,1.000,0.874,1.144,""
CONDUCTIO,CD39+ CD4+ T cell %CD4+ T cell,GCST90001659,25,32.92,0.328,0.977,1.000,1.000,0.926,1.080,""
CONDUCTIO,CD25++ CD45RA+ CD4 not regulatory T cell Absolute Count,GCST90001507,26,24.43,0.210,0.878,1.000,1.000,0.915,1.093,""
CONDUCTIO,CD45RA on resting CD4 regulatory T cell,GCST90002102,29,34.10,0.343,0.982,1.000,1.000,0.927,1.079,""
CONDUCTIO,CD8+ Natural Killer T %lymphocyte,GCST90001632,27,20.07,0.181,0.753,1.000,1.000,0.906,1.104,""
CONDUCTIO,Granulocytic Myeloid-Derived Suppressor Cells Absolute Count,GCST90001524,21,24.32,0.265,0.876,1.000,1.000,0.914,1.094,""
CONDUCTIO,CD19 on IgD- CD24- B cell,GCST90001731,23,14.63,0.132,0.501,1.000,1.000,0.891,1.122,""
CONDUCTIO,CD19 on IgD- CD27- B cell,GCST90001732,26,17.33,0.154,0.638,1.000,1.000,0.899,1.112,""
CONDUCTIO,Monocyte Absolute Count,GCST90001583,27,17.46,0.166,0.644,1.000,1.000,0.900,1.111,""
CONDUCTIO,CCR2 on CD14+ CD16+ monocyte,GCST90001992,37,26.59,0.237,0.917,1.000,1.000,0.918,1.089,""
CONDUCTIO,SSC-A on plasmacytoid Dendritic Cell,GCST90002072,26,24.82,0.222,0.886,1.000,1.000,0.915,1.093,""
CONDUCTIO,CD3 on HLA DR+ CD4+ T cell,GCST90001849,26,30.49,0.282,0.962,1.000,1.000,0.923,1.083,""
CONDUCTIO,CCR2 on granulocyte,GCST90002018,17,16.72,0.153,0.609,1.000,1.000,0.898,1.114,""
CONDUCTIO,CD4 on CD4+ T cell,GCST90002022,22,20.58,0.182,0.771,1.000,1.000,0.907,1.102,""
CONDUCTIO,CD3 on CD39+ CD8+ T cell,GCST90001866,16,18.92,0.181,0.708,1.000,1.000,0.903,1.107,""
CONDUCTIO,SSC-A on CD14+ monocyte,GCST90002074,23,42.39,0.414,0.997,1.000,1.000,0.934,1.070,""
CONDUCTIO,CD4+ T cell %T cell,GCST90001591,23,15.25,0.132,0.534,1.000,1.000,0.893,1.120,""
CONDUCTIO,CD28 on CD39+ secreting CD4 regulatory T cell,GCST90001888,21,25.88,0.250,0.906,1.000,1.000,0.917,1.091,""
CONDUCTIO,Central Memory CD4+ T cell Absolute Count,GCST90001537,28,21.30,0.187,0.795,1.000,1.000,0.909,1.100,""
CONDUCTIO,CD4 regulatory T cell %T cell,GCST90001479,16,11.78,0.103,0.342,0.998,1.000,0.879,1.137,""
CONDUCTIO,HLA DR on B cell,GCST90002116,22,56.77,0.451,1.000,1.000,1.000,0.943,1.060,""
CONDUCTIO,CD16-CD56 on Natural Killer T,GCST90001883,28,36.53,0.339,0.990,1.000,1.000,0.930,1.076,""
CONDUCTIO,CD45 on Granulocytic Myeloid-Derived Suppressor Cells,GCST90002047,18,31.33,0.312,0.968,1.000,1.000,0.924,1.082,""
CONDUCTIO,Effector Memory CD4-CD8- T cell %T cell,GCST90001571,23,17.00,0.164,0.623,1.000,1.000,0.898,1.113,""
CONDUCTIO,IgD+ B cell %B cell,GCST90001391,17,11.98,0.104,0.353,0.998,1.000,0.880,1.136,""
CONDUCTIO,CD11c+ monocyte %monocyte,GCST90001449,20,15.72,0.147,0.559,1.000,1.000,0.895,1.118,""
CONDUCTIO,IgD on IgD+ CD38dim B cell,GCST90001825,22,37.52,0.269,0.992,1.000,1.000,0.930,1.075,""
CONDUCTIO,CD4 on Terminally Differentiated CD4+ T cell,GCST90002026,24,20.10,0.186,0.754,1.000,1.000,0.906,1.103,""
CONDUCTIO,CD80 on monocyte,GCST90002039,23,40.70,0.388,0.996,1.000,1.000,0.933,1.072,""
CONDUCTIO,CD38 on transitional B cell,GCST90001819,24,22.66,0.204,0.835,1.000,1.000,0.911,1.097,""
CONDUCTIO,CD8 on HLA DR+ CD8+ T cell,GCST90002060,25,21.17,0.193,0.791,1.000,1.000,0.909,1.101,""
CONDUCTIO,CD28 on CD39+ CD8+ T cell,GCST90001897,20,17.90,0.164,0.664,1.000,1.000,0.901,1.110,""
CONDUCTIO,BAFF-R on switched memory B cell,GCST90001718,19,69.93,0.772,1.000,1.000,1.000,0.949,1.054,""
CONDUCTIO,HLA DR+ T cell%T cell,GCST90001619,31,25.98,0.283,0.908,1.000,1.000,0.917,1.090,""
CONDUCTIO,HLA DR+ T cell%lymphocyte,GCST90001620,25,23.23,0.245,0.850,1.000,1.000,0.912,1.096,""
CONDUCTIO,CD24 on transitional B cell,GCST90001774,20,14.21,0.130,0.478,1.000,1.000,0.889,1.124,""
CONDUCTIO,Central Memory CD4+ T cell %CD4+ T cell,GCST90001538,32,23.17,0.210,0.849,1.000,1.000,0.912,1.096,""
CONDUCTIO,CD39+ secreting CD4 regulatory T cell %secreting CD4 regulatory T cell,GCST90001496,28,36.27,0.326,0.989,1.000,1.000,0.929,1.076,""
CONDUCTIO,CD86+ plasmacytoid Dendritic Cell Absolute Count,GCST90001466,20,13.95,0.132,0.463,1.000,1.000,0.889,1.125,""
CONDUCTIO,CD45 on CD33+ HLA DR+ CD14dim,GCST90002043,16,22.91,0.218,0.842,1.000,1.000,0.912,1.097,""
CONDUCTIO,Natural Killer T Absolute Count,GCST90001621,34,28.00,0.249,0.937,1.000,1.000,0.920,1.087,""
CONDUCTIO,HLA DR+ Natural Killer %Natural Killer,GCST90001649,23,34.95,0.325,0.985,1.000,1.000,0.928,1.078,""
CONDUCTIO,HLA DR+ Natural Killer  %CD3- lymphocyte,GCST90001650,23,35.09,0.343,0.986,1.000,1.000,0.928,1.077,""
CONDUCTIO,IgD+ CD38+ B cell Absolute Count,GCST90001392,29,20.51,0.181,0.769,1.000,1.000,0.907,1.102,""
CONDUCTIO,IgD- CD38+ B cell %B cell,GCST90001410,18,11.88,0.112,0.348,0.998,1.000,0.880,1.137,""
CONDUCTIO,BAFF-R on IgD+ CD38+ B cell,GCST90001708,27,73.40,0.793,1.000,1.000,1.000,0.950,1.053,""
CONDUCTIO,CD45RA+ CD28- CD8+ T cell %T cell,GCST90001700,206,not interpretable,1.802,not interpretable,not interpretable,not interpretable,not interpretable,not interpretable,implausible on both aggregate R2 (>1) and sum(F)/n (>1)
CONDUCTIO,CD8+ Natural Killer T %T cell,GCST90001631,27,20.03,0.181,0.751,1.000,1.000,0.906,1.104,""
CONDUCTIO,PDL-1 on CD14+ CD16- monocyte,GCST90001993,15,9.90,0.091,0.240,0.989,1.000,0.869,1.151,""
CONDUCTIO,CD64 on monocyte,GCST90002006,29,45.08,0.397,0.999,1.000,1.000,0.936,1.068,""
CONDUCTIO,IgD on IgD+ CD38- unswitched memory B cell,GCST90001823,17,45.91,0.344,0.999,1.000,1.000,0.937,1.067,""
CONDUCTIO,CD20- CD38- B cell %lymphocyte,GCST90001444,23,14.76,0.137,0.508,1.000,1.000,0.891,1.122,""
CONDUCTIO,CD3- lymphocyte %leukocyte,GCST90001641,20,13.58,0.120,0.443,1.000,1.000,0.887,1.127,""
CONDUCTIO,CD4 regulatory T cell Absolute Count,GCST90001513,21,15.05,0.136,0.523,1.000,1.000,0.892,1.121,""
CONDUCTIO,IgD on IgD+ CD38+ B cell,GCST90001824,25,47.08,0.341,0.999,1.000,1.000,0.938,1.066,""
CONDUCTIO,IgD on transitional B cell,GCST90001828,32,40.66,0.308,0.996,1.000,1.000,0.933,1.072,""
CONDUCTIO,CD25 on IgD- CD27- B cell,GCST90001786,21,16.88,0.151,0.617,1.000,1.000,0.898,1.113,""
CONDUCTIO,CD25 on IgD- CD38- B cell,GCST90001787,22,19.79,0.180,0.742,1.000,1.000,0.906,1.104,""
CONDUCTIO,CD28- CD25++ CD8+ T cell %CD8+ T cell,GCST90001677,25,16.12,0.172,0.579,1.000,1.000,0.896,1.116,""
CONDUCTIO,CD33+ HLA DR+ CD14dim %CD33+ HLA DR+,GCST90001521,25,31.63,0.302,0.970,1.000,1.000,0.925,1.082,""
CONDUCTIO,CD45 on Monocytic Myeloid-Derived Suppressor Cells,GCST90002049,17,24.63,0.231,0.882,1.000,1.000,0.915,1.093,""
CONDUCTIO,HLA DR++ monocyte %monocyte,GCST90001475,22,24.53,0.180,0.880,1.000,1.000,0.915,1.093,""
CONDUCTIO,CD45 on HLA DR+ T cell,GCST90001918,18,16.33,0.148,0.590,1.000,1.000,0.897,1.115,""
CONDUCTIO,CD28- CD127- CD25++ CD8+ T cell Absolute Count,GCST90001675,29,20.81,0.201,0.779,1.000,1.000,0.908,1.102,""
CONDUCTIO,CD28- CD25++ CD8+ T cell Absolute Count,GCST90001678,25,16.03,0.177,0.575,1.000,1.000,0.896,1.117,""
CONDUCTIO,CD14 on CD14+ CD16- monocyte,GCST90001986,16,11.39,0.106,0.320,0.997,1.000,0.877,1.140,""
CONDUCTIO,CD80 on CD62L+ myeloid Dendritic Cell,GCST90002036,26,28.53,0.261,0.943,1.000,1.000,0.921,1.086,""
CONDUCTIO,Secreting CD4 regulatory T cell Absolute Count,GCST90001492,23,21.33,0.175,0.796,1.000,1.000,0.909,1.100,""
CONDUCTIO,CD66b on CD66b++ myeloid cell,GCST90001836,26,39.68,0.387,0.995,1.000,1.000,0.932,1.073,""
CONDUCTIO,CD19 on IgD- CD38- B cell,GCST90001733,22,14.65,0.131,0.502,1.000,1.000,0.891,1.122,""
CONDUCTIO,CD38 on IgD- CD38+ B cell,GCST90001814,14,9.55,0.081,0.222,0.985,1.000,0.867,1.154,""
CONDUCTIO,CD39 on CD39+ CD8+ T cell,GCST90002029,23,20.14,0.186,0.755,1.000,1.000,0.906,1.103,""
CONDUCTIO,Terminally Differentiated CD4-CD8- T cell Absolute Count,GCST90001572,22,17.25,0.149,0.635,1.000,1.000,0.899,1.112,""
CONDUCTIO,FSC-A on Natural Killer T,GCST90001976,20,14.63,0.138,0.501,1.000,1.000,0.891,1.122,""
CONDUCTIO,CD19 on CD20- CD38- B cell,GCST90001722,19,12.56,0.117,0.386,0.999,1.000,0.883,1.133,""
CONDUCTIO,CD20 on CD20- CD38- B cell,GCST90001744,16,10.22,0.093,0.257,0.992,1.000,0.871,1.148,""
CONDUCTIO,CD27 on Plasma Blast-Plasma Cell,GCST90001807,19,12.50,0.116,0.382,0.999,1.000,0.883,1.133,""
CONDUCTIO,CD62L on CD62L+ Dendritic Cell,GCST90001833,26,21.26,0.218,0.794,1.000,1.000,0.909,1.100,""
CONDUCTIO,HLA DR on HLA DR+ CD4+ T cell,GCST90002114,22,16.03,0.154,0.574,1.000,1.000,0.896,1.117,""
CONDUCTIO,IgD+ CD38- B cell Absolute Count,GCST90001396,17,11.62,0.102,0.333,0.998,1.000,0.879,1.138,""
CONDUCTIO,IgD+ CD38- B cell %lymphocyte,GCST90001431,20,14.40,0.128,0.488,1.000,1.000,0.890,1.123,""
CONDUCTIO,CD28 on CD28+ CD45RA+ CD8+ T cell,GCST90001896,15,24.87,0.229,0.887,1.000,1.000,0.915,1.093,""
CONDUCTIO,SSC-A on B cell,GCST90002075,13,10.22,0.091,0.257,0.992,1.000,0.871,1.148,""
CONDUCTIO,IgD- CD27- B cell Absolute Count,GCST90001401,25,19.93,0.177,0.748,1.000,1.000,0.906,1.104,""
CONDUCTIO,CD3 on CD39+ CD4+ T cell,GCST90001860,27,43.31,0.436,0.998,1.000,1.000,0.935,1.069,""
CONDUCTIO,CD123 on plasmacytoid Dendritic Cell,GCST90001944,18,19.63,0.167,0.737,1.000,1.000,0.905,1.105,""
CONDUCTIO,CD123 on CD62L+ plasmacytoid Dendritic Cell,GCST90001945,18,19.57,0.167,0.734,1.000,1.000,0.905,1.105,""
CONDUCTIO,HLA DR on CD14- CD16-,GCST90002009,25,30.79,0.243,0.964,1.000,1.000,0.924,1.083,""
CONDUCTIO,Central Memory CD4+ T cell %T cell,GCST90001539,24,17.29,0.153,0.636,1.000,1.000,0.899,1.112,""
CONDUCTIO,FSC-A on CD14+ monocyte,GCST90001967,23,17.91,0.159,0.665,1.000,1.000,0.901,1.110,""
CONDUCTIO,CD25 on CD39+ secreting CD4 regulatory T cell,GCST90001942,16,12.41,0.112,0.377,0.999,1.000,0.882,1.134,""
CONDUCTIO,CD4+CD8+ T cell %T cell,GCST90001595,8,5.79,0.047,0.070,0.791,0.998,0.832,1.201,""
CONDUCTIO,CD3 on CD39+ activated CD4 regulatory T cell,GCST90001854,26,39.35,0.397,0.995,1.000,1.000,0.932,1.073,""
CONDUCTIO,FSC-A on myeloid Dendritic Cell,GCST90001963,20,24.34,0.217,0.876,1.000,1.000,0.914,1.094,""
CONDUCTIO,FSC-A on monocyte,GCST90001965,19,17.54,0.156,0.648,1.000,1.000,0.900,1.111,""
CONDUCTIO,CD33+ HLA DR+ CD14- %CD33+ HLA DR+,GCST90001519,19,25.63,0.246,0.902,1.000,1.000,0.916,1.091,""
CONDUCTIO,CD19 on IgD+ CD38- unswitched memory B cell,GCST90001728,22,28.88,0.288,0.947,1.000,1.000,0.921,1.086,""
CONDUCTIO,CD25 on IgD+ CD24- B cell,GCST90001779,24,24.92,0.217,0.888,1.000,1.000,0.915,1.092,""
CONDUCTIO,CD45RA- CD28- CD8+ T cell %T cell,GCST90001697,180,not interpretable,1.442,not interpretable,not interpretable,not interpretable,not interpretable,not interpretable,implausible on both aggregate R2 (>1) and sum(F)/n (>1)
CONDUCTIO,CD20 on IgD- CD38- B cell,GCST90001755,27,21.64,0.187,0.806,1.000,1.000,0.909,1.100,""
CONDUCTIO,CD20 on switched memory B cell,GCST90001761,31,27.17,0.236,0.926,1.000,1.000,0.919,1.088,""
CONDUCTIO,CD39 on CD39+ secreting CD4 regulatory T cell,GCST90002031,23,not interpretable,1.087,not interpretable,not interpretable,not interpretable,not interpretable,not interpretable,implausible sum(F)/n (>1)
CONDUCTIO,CD24+ CD27+ B cell %B cell,GCST90001417,26,17.98,0.161,0.668,1.000,1.000,0.901,1.110,""
CONDUCTIO,CD4 on activated CD4 regulatory T cell,GCST90002066,24,21.07,0.191,0.788,1.000,1.000,0.908,1.101,""
CONDUCTIO,CD4 on activated & secreting CD4 regulatory T cell,GCST90002070,32,27.80,0.247,0.934,1.000,1.000,0.920,1.087,""
CONDUCTIO,CD33 on CD66b++ myeloid cell,GCST90001951,18,64.56,0.722,1.000,1.000,1.000,0.947,1.056,""
CONDUCTIO,Effector Memory CD8+ T cell %CD8+ T cell,GCST90001555,24,16.58,0.214,0.602,1.000,1.000,0.897,1.115,""
CONDUCTIO,CD45RA+ CD8+ T cell %CD8+ T cell,GCST90001561,27,18.37,0.243,0.685,1.000,1.000,0.902,1.108,""
CONDUCTIO,HLA DR on CD33dim HLA DR+ CD11b+,GCST90002110,23,49.82,0.448,1.000,1.000,1.000,0.939,1.065,""
CONDUCTIO,T cell %lymphocyte,GCST90001604,17,13.37,0.122,0.431,1.000,1.000,0.886,1.128,""
CONDUCTIO,IgD+ CD24+ B cell Absolute Count,GCST90001412,23,16.15,0.151,0.580,1.000,1.000,0.896,1.116,""
CONDUCTIO,CD33dim HLA DR- Absolute Count,GCST90001531,24,38.67,0.377,0.994,1.000,1.000,0.931,1.074,""
CONDUCTIO,Activated CD4 regulatory T cell Absolute Count,GCST90001486,15,11.26,0.098,0.313,0.997,1.000,0.877,1.141,""
CONDUCTIO,CD28+ CD45RA- CD8dim T cell %CD8dim T cell,GCST90001668,28,22.22,0.202,0.823,1.000,1.000,0.911,1.098,""
CONDUCTIO,CD19 on IgD+ B cell,GCST90001741,27,18.68,0.169,0.698,1.000,1.000,0.903,1.108,""
CONDUCTIO,Naive CD8+ T cell %CD8+ T cell,GCST90001552,37,13.00,0.236,0.410,0.999,1.000,0.885,1.130,""
CONDUCTIO,CD127 on CD28+ CD45RA+ CD8+ T cell,GCST90001929,21,16.58,0.168,0.602,1.000,1.000,0.897,1.114,""
CONDUCTIO,CCR2 on monocyte,GCST90002017,25,28.03,0.252,0.937,1.000,1.000,0.920,1.087,""
CONDUCTIO,CD27 on IgD+ CD38- unswitched memory B cell,GCST90001801,23,54.51,0.542,1.000,1.000,1.000,0.942,1.062,""
CONDUCTIO,CD45 on CD33- HLA DR+,GCST90002046,25,39.41,0.380,0.995,1.000,1.000,0.932,1.073,""
CONDUCTIO,Myeloid Dendritic Cell %Dendritic Cell,GCST90001459,26,32.61,0.301,0.975,1.000,1.000,0.926,1.080,""
CONDUCTIO,Plasmacytoid Dendritic Cell %Dendritic Cell,GCST90001474,24,29.46,0.283,0.953,1.000,1.000,0.922,1.085,""
CONDUCTIO,CD19 on IgD+ CD38+ B cell,GCST90001729,21,18.22,0.156,0.679,1.000,1.000,0.902,1.109,""
CONDUCTIO,CD38 on IgD+ CD38dim B cell,GCST90001813,23,21.65,0.191,0.806,1.000,1.000,0.909,1.100,""
CONDUCTIO,Terminally Differentiated CD4-CD8- T cell %CD4-CD8- T cell,GCST90001573,27,22.20,0.196,0.823,1.000,1.000,0.911,1.098,""
CONDUCTIO,CD33+ HLA DR+ Absolute Count,GCST90001517,30,39.52,0.398,0.995,1.000,1.000,0.932,1.073,""
CONDUCTIO,CD33+ HLA DR+ CD14- Absolute Count,GCST90001518,29,37.60,0.377,0.992,1.000,1.000,0.931,1.075,""
CONDUCTIO,CD25 on resting CD4 regulatory T cell,GCST90001937,20,15.18,0.132,0.530,1.000,1.000,0.893,1.120,""
CONDUCTIO,SSC-A on HLA DR+ T cell,GCST90002083,20,18.58,0.159,0.694,1.000,1.000,0.903,1.108,""
CONDUCTIO,IgD- CD38dim B cell %B cell,GCST90001428,26,17.29,0.153,0.637,1.000,1.000,0.899,1.112,""
CONDUCTIO,CD38 on CD20- B cell,GCST90001809,19,11.83,0.112,0.345,0.998,1.000,0.880,1.137,""
CONDUCTIO,CD45 on CD33+ HLA DR+ CD14-,GCST90002042,18,28.15,0.259,0.939,1.000,1.000,0.920,1.087,""
CONDUCTIO,Myeloid Dendritic Cell Absolute Count,GCST90001458,23,32.51,0.312,0.975,1.000,1.000,0.926,1.080,""
CONDUCTIO,CD4 on naive CD4+ T cell,GCST90002024,20,22.29,0.185,0.825,1.000,1.000,0.911,1.098,""
CONDUCTIO,Terminally Differentiated CD4+ T cell %CD4+ T cell,GCST90001546,21,20.78,0.175,0.778,1.000,1.000,0.908,1.102,""
CONDUCTIO,Terminally Differentiated CD4+ T cell %T cell,GCST90001547,26,24.39,0.212,0.877,1.000,1.000,0.915,1.093,""
CONDUCTIO,CD24 on switched memory B cell,GCST90001773,38,31.26,0.276,0.967,1.000,1.000,0.924,1.082,""
CONDUCTIO,Natural Killer T %T cell,GCST90001622,32,27.04,0.241,0.924,1.000,1.000,0.919,1.089,""
CONDUCTIO,Natural Killer T %lymphocyte,GCST90001623,33,27.63,0.242,0.932,1.000,1.000,0.919,1.088,""
CONDUCTIO,Memory B cell %B cell,GCST90001406,29,21.50,0.187,0.802,1.000,1.000,0.909,1.100,""
CONDUCTIO,CD19 on IgD- CD38+ B cell,GCST90001734,18,12.00,0.107,0.354,0.998,1.000,0.880,1.136,""
CONDUCTIO,HLA DR++ monocyte Absolute Count,GCST90001477,23,18.01,0.153,0.669,1.000,1.000,0.901,1.110,""
CONDUCTIO,CD19 on IgD+ CD38- naive B cell,GCST90001727,19,22.76,0.220,0.838,1.000,1.000,0.912,1.097,""
CONDUCTIO,CD28- CD4-CD8- T cell Absolute Count,GCST90001654,31,23.41,0.210,0.855,1.000,1.000,0.913,1.096,""
CONDUCTIO,CD24+ CD27+ B cell Absolute Count,GCST90001418,26,17.49,0.158,0.646,1.000,1.000,0.900,1.111,""
CONDUCTIO,CD62L- HLA DR++ monocyte Absolute Count,GCST90001454,19,13.67,0.132,0.448,1.000,1.000,0.887,1.127,""
CONDUCTIO,CCR2 on plasmacytoid Dendritic Cell,GCST90002015,19,25.75,0.235,0.904,1.000,1.000,0.917,1.091,""
CONDUCTIO,CCR2 on CD62L+ plasmacytoid Dendritic Cell,GCST90002016,19,25.65,0.235,0.902,1.000,1.000,0.917,1.091,""
CONDUCTIO,CD33 on Granulocytic Myeloid-Derived Suppressor Cells,GCST90001950,20,57.95,0.579,1.000,1.000,1.000,0.944,1.060,""
CONDUCTIO,CD40 on CD14- CD16+ monocyte,GCST90001989,27,48.20,0.451,0.999,1.000,1.000,0.938,1.066,""
CONDUCTIO,CD39+ CD4+ T cell %T cell,GCST90001658,31,36.16,0.358,0.989,1.000,1.000,0.929,1.076,""
CONDUCTIO,CD45 on basophil,GCST90002051,17,25.13,0.235,0.892,1.000,1.000,0.916,1.092,""
CONDUCTIO,CD25 on IgD+ CD38+ B cell,GCST90001783,13,13.51,0.112,0.439,1.000,1.000,0.887,1.128,""
CONDUCTIO,CD14- CD16+ monocyte %monocyte,GCST90001584,23,20.02,0.187,0.751,1.000,1.000,0.906,1.104,""
CONDUCTIO,CD16+ monocyte %monocyte,GCST90001587,22,21.59,0.204,0.804,1.000,1.000,0.909,1.100,""
CONDUCTIO,Secreting CD4 regulatory T cell %CD4+ T cell,GCST90001494,26,25.14,0.236,0.892,1.000,1.000,0.916,1.092,""
CONDUCTIO,CD3 on CD45RA- CD4+ T cell,GCST90001845,28,37.18,0.361,0.991,1.000,1.000,0.930,1.075,""
CONDUCTIO,CD24 on IgD- CD38- B cell,GCST90001769,29,23.33,0.205,0.853,1.000,1.000,0.913,1.096,""
CONDUCTIO,CD3 on Effector Memory CD8+ T cell,GCST90001839,20,21.63,0.199,0.806,1.000,1.000,0.909,1.100,""
CONDUCTIO,CD62L- myeloid Dendritic Cell Absolute Count,GCST90001468,16,37.08,0.362,0.991,1.000,1.000,0.930,1.075,""
CONDUCTIO,CD62L- myeloid Dendritic Cell %Dendritic Cell,GCST90001469,24,43.31,0.430,0.998,1.000,1.000,0.935,1.069,""
CONDUCTIO,CD62L- CD86+ myeloid Dendritic Cell Absolute Count,GCST90001472,19,46.49,0.479,0.999,1.000,1.000,0.937,1.067,""
CONDUCTIO,CD62L- CD86+ myeloid Dendritic Cell %Dendritic Cell,GCST90001473,18,46.42,0.478,0.999,1.000,1.000,0.937,1.067,""
CONDUCTIO,CD45 on Natural Killer,GCST90001911,30,26.88,0.234,0.922,1.000,1.000,0.918,1.089,""
CONDUCTIO,SSC-A on monocyte,GCST90002073,23,53.90,0.545,1.000,1.000,1.000,0.942,1.062,""
CONDUCTIO,CD25++ CD45RA- CD4 not regulatory T cell %CD4+ T cell,GCST90001511,24,21.64,0.196,0.806,1.000,1.000,0.909,1.100,""
CONDUCTIO,CD27 on T cell,GCST90001799,21,26.61,0.287,0.918,1.000,1.000,0.918,1.089,""
CONDUCTIO,CD20 on naive-mature B cell,GCST90001759,23,18.68,0.167,0.698,1.000,1.000,0.903,1.108,""
CONDUCTIO,CD39+ activated CD4 regulatory T cell %CD4 regulatory T cell,GCST90001491,23,66.00,0.812,1.000,1.000,1.000,0.947,1.056,""
CONDUCTIO,CD39+ secreting CD4 regulatory T cell Absolute Count,GCST90001495,26,75.28,0.905,1.000,1.000,1.000,0.950,1.052,""
CONDUCTIO,CD4 on CD39+ CD4+ T cell,GCST90002061,27,39.50,0.362,0.995,1.000,1.000,0.932,1.073,""
CONDUCTIO,HLA DR+ CD4+ T cell Absolute Count,GCST90001624,24,17.73,0.171,0.656,1.000,1.000,0.900,1.111,""
CONDUCTIO,CD25++ CD8+ T cell %T cell,GCST90001679,17,13.04,0.121,0.413,0.999,1.000,0.885,1.130,""
CONDUCTIO,CD25++ CD8+ T cell %CD8+ T cell,GCST90001680,22,17.06,0.159,0.625,1.000,1.000,0.899,1.113,""
CONDUCTIO,CD27 on IgD- CD38+ B cell,GCST90001803,15,11.24,0.099,0.312,0.997,1.000,0.877,1.141,""
CONDUCTIO,CD8 on Terminally Differentiated CD8+ T cell,GCST90002057,17,17.53,0.157,0.647,1.000,1.000,0.900,1.111,""
CONDUCTIO,Plasma Blast-Plasma Cell Absolute Count,GCST90001405,24,14.96,0.139,0.518,1.000,1.000,0.892,1.121,""
CONDUCTIO,CD66b++ myeloid cell Absolute Count,GCST90001529,16,18.86,0.186,0.706,1.000,1.000,0.903,1.107,""
CONDUCTIO,CD11c+ CD62L- monocyte %monocyte,GCST90001453,18,14.40,0.131,0.488,1.000,1.000,0.890,1.123,""
CONDUCTIO,BAFF-R on IgD+ CD24- B cell,GCST90001704,22,74.88,0.849,1.000,1.000,1.000,0.950,1.052,""
CONDUCTIO,BAFF-R on IgD+ CD38- B cell,GCST90001705,22,73.46,0.832,1.000,1.000,1.000,0.950,1.053,""
CONDUCTIO,BAFF-R on IgD+ CD38dim B cell,GCST90001709,25,76.88,0.871,1.000,1.000,1.000,0.951,1.052,""
CONDUCTIO,BAFF-R on naive-mature B cell,GCST90001716,23,74.71,0.837,1.000,1.000,1.000,0.950,1.052,""
CONDUCTIO,BAFF-R on IgD+ B cell,GCST90001719,24,75.72,0.855,1.000,1.000,1.000,0.951,1.052,""
CONDUCTIO,BAFF-R on transitional B cell,GCST90001720,24,65.79,0.696,1.000,1.000,1.000,0.947,1.056,""
CONDUCTIO,BAFF-R on B cell,GCST90001829,21,73.32,0.824,1.000,1.000,1.000,0.950,1.053,""
CONDUCTIO,HLA DR on plasmacytoid Dendritic Cell,GCST90002105,23,67.85,0.564,1.000,1.000,1.000,0.948,1.055,""
CONDUCTIO,IgD- CD38+ B cell Absolute Count,GCST90001420,20,12.19,0.118,0.365,0.999,1.000,0.881,1.135,""
CONDUCTIO,HLA DR on HLA DR+ CD8+ T cell,GCST90002115,20,14.23,0.141,0.479,1.000,1.000,0.890,1.124,""
CONDUCTIO,CD27 on switched memory B cell,GCST90001808,30,50.49,0.465,1.000,1.000,1.000,0.940,1.064,""
CONDUCTIO,CD4 on CD39+ secreting CD4 regulatory T cell,GCST90002069,23,25.12,0.226,0.892,1.000,1.000,0.916,1.092,""
CONDUCTIO,Naive CD4-CD8- T cell Absolute Count,GCST90001566,18,8.06,0.115,0.153,0.953,1.000,0.856,1.168,""
CONDUCTIO,Terminally Differentiated CD8+ T cell Absolute Count,GCST90001557,17,12.71,0.111,0.394,0.999,1.000,0.884,1.132,""
CONDUCTIO,CD27 on IgD+ CD24+ B cell,GCST90001800,31,40.88,0.362,0.996,1.000,1.000,0.933,1.071,""
CONDUCTIO,CD14- CD16+ monocyte Absolute Count,GCST90001579,18,16.81,0.157,0.613,1.000,1.000,0.898,1.114,""
CONDUCTIO,CD14+ CD16- monocyte %monocyte,GCST90001586,24,22.61,0.219,0.834,1.000,1.000,0.911,1.097,""
CONDUCTIO,HVEM on Terminally Differentiated CD8+ T cell,GCST90001874,25,45.39,0.430,0.999,1.000,1.000,0.937,1.068,""
CONDUCTIO,Resting CD4 regulatory T cell %CD4+ T cell,GCST90001482,33,28.99,0.305,0.948,1.000,1.000,0.921,1.085,""
CONDUCTIO,CD25 on IgD+ CD38- naive B cell,GCST90001781,25,37.39,0.337,0.991,1.000,1.000,0.930,1.075,""
CONDUCTIO,CD28 on CD4+ T cell,GCST90001898,27,27.65,0.262,0.932,1.000,1.000,0.919,1.088,""
CONDUCTIO,Plasma Blast-Plasma Cell %B cell,GCST90001404,27,18.05,0.164,0.671,1.000,1.000,0.901,1.110,""
CONDUCTIO,Plasma Blast-Plasma Cell %lymphocyte,GCST90001435,18,12.36,0.109,0.375,0.999,1.000,0.882,1.134,""
CONDUCTIO,TCRgd T cell Absolute Count,GCST90001615,19,12.34,0.113,0.373,0.999,1.000,0.882,1.134,""
CONDUCTIO,TCRgd T cell %T cell,GCST90001616,18,12.02,0.106,0.355,0.998,1.000,0.880,1.136,""
CONDUCTIO,TCRgd T cell %lymphocyte,GCST90001617,20,13.47,0.119,0.437,1.000,1.000,0.887,1.128,""
CONDUCTIO,CD25 on CD24+ CD27+ B cell,GCST90001777,24,24.02,0.227,0.869,1.000,1.000,0.914,1.094,""
CONDUCTIO,Plasmacytoid Dendritic Cell Absolute Count,GCST90001460,30,20.53,0.213,0.769,1.000,1.000,0.907,1.102,""
CONDUCTIO,CD4+ CD8dim T cell %lymphocyte,GCST90001610,19,18.73,0.167,0.700,1.000,1.000,0.903,1.107,""
CONDUCTIO,CD4+ CD8dim T cell %leukocyte,GCST90001611,14,15.72,0.138,0.559,1.000,1.000,0.895,1.118,""
CONDUCTIO,CD19 on Plasma Blast-Plasma Cell,GCST90001739,23,15.30,0.138,0.537,1.000,1.000,0.893,1.119,""
CONDUCTIO,SSC-A on myeloid Dendritic Cell,GCST90002071,18,18.52,0.163,0.691,1.000,1.000,0.903,1.108,""
CONDUCTIO,CD3 on Terminally Differentiated CD8+ T cell,GCST90001840,23,20.23,0.184,0.759,1.000,1.000,0.907,1.103,""
CONDUCTIO,CD66b on Granulocytic Myeloid-Derived Suppressor Cells,GCST90001837,22,38.23,0.381,0.993,1.000,1.000,0.931,1.074,""
CONDUCTIO,Central Memory CD8+ T cell %T cell,GCST90001550,22,14.48,0.137,0.492,1.000,1.000,0.890,1.123,""
CONDUCTIO,CD33 on CD33dim HLA DR+ CD11b+,GCST90001948,22,not interpretable,1.119,not interpretable,not interpretable,not interpretable,not interpretable,not interpretable,implausible sum(F)/n (>1)
CONDUCTIO,IgD on unswitched memory B cell,GCST90001826,22,37.16,0.258,0.991,1.000,1.000,0.930,1.075,""
CONDUCTIO,CD19 on naive-mature B cell,GCST90001737,29,19.71,0.177,0.740,1.000,1.000,0.905,1.105,""
CONDUCTIO,Terminally Differentiated CD4-CD8- T cell %T cell,GCST90001574,24,18.72,0.164,0.700,1.000,1.000,0.903,1.107,""
CONDUCTIO,CCR2 on monocyte,GCST90002008,24,17.70,0.161,0.656,1.000,1.000,0.900,1.111,""
CONDUCTIO,CD4+ CD8dim T cell Absolute Count,GCST90001609,15,14.94,0.128,0.517,1.000,1.000,0.892,1.121,""
CONDUCTIO,CD39 on CD39+ CD4+ T cell,GCST90002032,20,75.76,0.992,1.000,1.000,1.000,0.951,1.052,""
CONDUCTIO,CD39+ resting CD4 regulatory T cell %resting CD4 regulatory T cell,GCST90001484,28,71.09,0.870,1.000,1.000,1.000,0.949,1.054,""
CONDUCTIO,CD39+ secreting CD4 regulatory T cell %CD4 regulatory T cell,GCST90001497,22,30.69,0.281,0.963,1.000,1.000,0.923,1.083,""
CONDUCTIO,CD28 on CD39+ CD4+ T cell,GCST90001892,17,34.33,0.336,0.983,1.000,1.000,0.927,1.078,""
CONDUCTIO,CD39 on CD39+ activated CD4 regulatory T cell,GCST90002030,22,35.77,0.340,0.988,1.000,1.000,0.929,1.077,""
CONDUCTIO,CD14 on Monocytic Myeloid-Derived Suppressor Cells,GCST90002019,25,34.58,0.340,0.984,1.000,1.000,0.928,1.078,""
CONDUCTIO,CD40 on CD14+ CD16- monocyte,GCST90001980,23,35.15,0.328,0.986,1.000,1.000,0.928,1.077,""
CONDUCTIO,CD40 on monocytes,GCST90001985,29,43.46,0.410,0.998,1.000,1.000,0.935,1.069,""
CONDUCTIO,HVEM on Terminally Differentiated CD4+ T cell,GCST90001879,26,47.14,0.459,0.999,1.000,1.000,0.938,1.066,""
CONDUCTIO,CD11c+ CD62L- monocyte Absolute Count,GCST90001452,22,16.41,0.161,0.594,1.000,1.000,0.897,1.115,""
CONDUCTIO,CD8dim Natural Killer T Absolute Count,GCST90001633,27,23.37,0.212,0.854,1.000,1.000,0.913,1.096,""
CONDUCTIO,CD8dim Natural Killer T %lymphocyte,GCST90001635,26,23.65,0.211,0.860,1.000,1.000,0.913,1.095,""
CONDUCTIO,Activated CD4 regulatory T cell %CD4 regulatory T cell,GCST90001487,28,19.92,0.190,0.747,1.000,1.000,0.906,1.104,""
CONDUCTIO,CD25 on IgD+ CD24+ B cell,GCST90001778,26,23.26,0.216,0.851,1.000,1.000,0.913,1.096,""
CONDUCTIO,CD25 on IgD+ CD38- unswitched memory B cell,GCST90001782,24,34.95,0.354,0.985,1.000,1.000,0.928,1.078,""
CONDUCTIO,CD25++ CD45RA+ CD4 not regulatory T cell %CD4+ T cell,GCST90001508,32,30.62,0.268,0.963,1.000,1.000,0.923,1.083,""
CONDUCTIO,CD25++ CD45RA+ CD4 not regulatory T cell %T cell,GCST90001509,27,25.65,0.223,0.902,1.000,1.000,0.917,1.091,""
CONDUCTIO,CD25 on CD45RA+ CD4 not regulatory T cell,GCST90001934,22,14.79,0.147,0.510,1.000,1.000,0.892,1.122,""
CONDUCTIO,Activated & secreting CD4 regulatory T cell Absolute Count,GCST90001501,22,20.90,0.170,0.782,1.000,1.000,0.908,1.101,""
CONDUCTIO,CD4 on CD4 regulatory T cell,GCST90002063,29,25.44,0.228,0.898,1.000,1.000,0.916,1.091,""
CONDUCTIO,CD4 on secreting CD4 regulatory T cell,GCST90002068,28,25.09,0.215,0.892,1.000,1.000,0.916,1.092,""
CONDUCTIO,CD27 on CD20- B cell,GCST90001796,16,10.60,0.093,0.277,0.994,1.000,0.873,1.145,""
CONDUCTIO,CCR2 on myeloid Dendritic Cell,GCST90002013,14,18.62,0.174,0.696,1.000,1.000,0.903,1.108,""
CONDUCTIO,CD19 on CD24+ CD27+ B cell,GCST90001723,29,22.34,0.196,0.827,1.000,1.000,0.911,1.098,""
CONDUCTIO,HLA DR+ CD8+ T cell %T cell,GCST90001628,30,26.00,0.267,0.908,1.000,1.000,0.917,1.090,""
CONDUCTIO,CD16-CD56 on Natural Killer,GCST90001884,28,53.17,0.525,1.000,1.000,1.000,0.941,1.062,""
CONDUCTIO,CD45 on CD33- HLA DR-,GCST90002045,14,22.90,0.215,0.842,1.000,1.000,0.912,1.097,""
CONDUCTIO,CD33dim HLA DR+ CD11b- Absolute Count,GCST90001527,28,32.72,0.361,0.976,1.000,1.000,0.926,1.080,""
CONDUCTIO,IgD- CD38dim B cell %lymphocyte,GCST90001426,23,15.68,0.145,0.557,1.000,1.000,0.895,1.118,""
CONDUCTIO,Central Memory CD4-CD8- T cell %T cell,GCST90001565,16,8.18,0.101,0.158,0.957,1.000,0.857,1.167,""
CONDUCTIO,Activated & secreting CD4 regulatory T cell %CD4+ T cell,GCST90001503,32,28.48,0.270,0.942,1.000,1.000,0.921,1.086,""
CONDUCTIO,IgD+ CD38dim B cell %lymphocyte,GCST90001430,33,21.49,0.200,0.801,1.000,1.000,0.909,1.100,""
CONDUCTIO,Effector Memory CD4-CD8- T cell %CD4-CD8- T cell,GCST90001570,29,23.90,0.208,0.866,1.000,1.000,0.914,1.094,""
CONDUCTIO,Effector Memory CD4-CD8- T cell Absolute Count,GCST90001569,19,13.68,0.135,0.449,1.000,1.000,0.888,1.127,""
CONDUCTIO,CX3CR1 on monocyte,GCST90001995,26,29.03,0.265,0.948,1.000,1.000,0.921,1.085,""
CONDUCTIO,CX3CR1 on CD14+ CD16- monocyte,GCST90001997,27,32.97,0.297,0.977,1.000,1.000,0.926,1.080,""
CONDUCTIO,CD20 on transitional B cell,GCST90001763,22,17.28,0.153,0.636,1.000,1.000,0.899,1.112,""
CONDUCTIO,CD25 on CD39+ CD4+ T cell,GCST90001961,23,51.74,0.538,1.000,1.000,1.000,0.940,1.063,""
CONDUCTIO,CD20 on IgD+ CD38+ B cell,GCST90001751,26,22.55,0.197,0.832,1.000,1.000,0.911,1.097,""
CONDUCTIO,CD14+ CD16+ monocyte Absolute Count,GCST90001580,20,29.09,0.276,0.949,1.000,1.000,0.921,1.085,""
CONDUCTIO,CD14+ CD16+ monocyte %monocyte,GCST90001585,25,36.28,0.340,0.989,1.000,1.000,0.929,1.076,""
CONDUCTIO,CD45RA- CD28- CD8+ T cell %CD8+ T cell,GCST90001696,50,not interpretable,0.388,not interpretable,not interpretable,not interpretable,not interpretable,not interpretable,implausible aggregate R2 (>1)
CONDUCTIO,CD8 on CD39+ CD8+ T cell,GCST90002121,25,24.87,0.226,0.887,1.000,1.000,0.915,1.093,""
CONDUCTIO,CCR2 on CD62L+ myeloid Dendritic Cell,GCST90002014,14,19.17,0.170,0.719,1.000,1.000,0.904,1.106,""
CONDUCTIO,IgD on IgD+ CD24- B cell,GCST90001821,29,44.49,0.329,0.998,1.000,1.000,0.936,1.068,""
CONDUCTIO,CD28+ CD4-CD8- T cell %T cell,GCST90001655,23,13.44,0.148,0.435,1.000,1.000,0.887,1.128,""
CONDUCTIO,CD4+/CD8+ T cell,GCST90001589,15,10.89,0.088,0.293,0.995,1.000,0.875,1.143,""
CONDUCTIO,CD8+ T cell %T cell,GCST90001593,23,15.99,0.136,0.572,1.000,1.000,0.895,1.117,""
CONDUCTIO,CD8+ T cell %leukocyte,GCST90001607,17,12.37,0.106,0.375,0.999,1.000,0.882,1.134,""
CONDUCTIO,CD38 on Plasma Blast-Plasma Cell,GCST90001817,15,9.63,0.091,0.227,0.986,1.000,0.867,1.153,""
CONDUCTIO,CD3 on T cell,GCST90001851,31,34.94,0.331,0.985,1.000,1.000,0.928,1.078,""
CONDUCTIO,CD28- CD127- CD25++ CD8+ T cell %CD8+ T cell,GCST90001674,18,13.10,0.124,0.416,0.999,1.000,0.885,1.130,""
CONDUCTIO,CD19 on IgD+ CD24+ B cell,GCST90001724,33,23.95,0.213,0.868,1.000,1.000,0.914,1.094,""
CONDUCTIO,CD62L- plasmacytoid Dendritic Cell %Dendritic Cell,GCST90001471,18,18.26,0.176,0.680,1.000,1.000,0.902,1.109,""
CONDUCTIO,SSC-A on HLA DR+ Natural Killer,GCST90002077,28,35.44,0.337,0.987,1.000,1.000,0.929,1.077,""
CONDUCTIO,IgD+ CD38+ B cell %B cell,GCST90001447,25,15.95,0.151,0.570,1.000,1.000,0.895,1.117,""
CONDUCTIO,CD14 on CD33+ HLA DR+ CD14dim,GCST90002020,18,26.52,0.251,0.916,1.000,1.000,0.918,1.090,""
CONDUCTIO,CD11c on myeloid Dendritic Cell,GCST90002087,30,29.98,0.291,0.957,1.000,1.000,0.923,1.084,""
CONDUCTIO,CD27 on unswitched memory B cell,GCST90001806,30,41.10,0.366,0.996,1.000,1.000,0.933,1.071,""
CONDUCTIO,CD8 on CD28- CD8+ T cell,GCST90002120,20,19.11,0.168,0.716,1.000,1.000,0.904,1.106,""
CONDUCTIO,CD11b on CD33+ HLA DR+ CD14dim,GCST90002097,21,38.38,0.386,0.993,1.000,1.000,0.931,1.074,""
CONDUCTIO,CD20 on IgD- CD38dim B cell,GCST90001757,34,29.62,0.256,0.954,1.000,1.000,0.922,1.084,""
CONDUCTIO,CD24 on memory B cell,GCST90001771,31,26.72,0.240,0.919,1.000,1.000,0.918,1.089,""
CONDUCTIO,CD4+CD8+ T cell %leukocyte,GCST90001608,22,17.26,0.156,0.635,1.000,1.000,0.899,1.112,""
CONDUCTIO,CD25 on IgD- CD38dim B cell,GCST90001789,20,20.30,0.190,0.761,1.000,1.000,0.907,1.103,""
CONDUCTIO,CD8 on naive CD8+ T cell,GCST90002055,16,20.30,0.184,0.761,1.000,1.000,0.907,1.103,""
CONDUCTIO,CD38 on IgD+ CD24- B cell,GCST90001811,17,13.88,0.120,0.459,1.000,1.000,0.888,1.126,""
CONDUCTIO,CD8 on Natural Killer T,GCST90002059,18,15.01,0.137,0.521,1.000,1.000,0.892,1.121,""
CONDUCTIO,CD19 on IgD+ CD38- B cell,GCST90001726,31,20.09,0.181,0.754,1.000,1.000,0.906,1.104,""
CONDUCTIO,CD20 on B cell,GCST90001743,23,18.65,0.164,0.697,1.000,1.000,0.903,1.108,""
CONDUCTIO,CD20 on IgD+ B cell,GCST90001762,20,17.32,0.154,0.638,1.000,1.000,0.899,1.112,""
CONDUCTIO,HLA DR+ T cell Absolute Count,GCST90001618,30,26.47,0.258,0.916,1.000,1.000,0.918,1.090,""
CONDUCTIO,HLA DR+ CD8+ T cell %lymphocyte,GCST90001629,30,26.34,0.262,0.914,1.000,1.000,0.918,1.090,""
CONDUCTIO,Effector Memory CD8+ T cell Absolute Count,GCST90001554,24,19.52,0.165,0.732,1.000,1.000,0.905,1.105,""
CONDUCTIO,CD8+ T cell Absolute Count,GCST90001592,21,14.85,0.134,0.513,1.000,1.000,0.892,1.121,""
CONDUCTIO,CD127- CD8+ T cell Absolute Count,GCST90001684,13,10.24,0.087,0.258,0.992,1.000,0.871,1.148,""
CONDUCTIO,CD28 on CD28+ CD4+ T cell,GCST90001894,27,28.74,0.271,0.945,1.000,1.000,0.921,1.086,""
CONDUCTIO,CD45RA- CD4+ T cell Absolute Count,GCST90001534,16,14.10,0.117,0.471,1.000,1.000,0.889,1.125,""
CONDUCTIO,CD27 on IgD- CD38- B cell,GCST90001802,31,38.92,0.348,0.994,1.000,1.000,0.932,1.073,""
CONDUCTIO,CD64 on CD14+ CD16+ monocyte,GCST90002011,12,8.61,0.077,0.177,0.969,1.000,0.860,1.162,""
CONDUCTIO,Switched memory B cell %B cell,GCST90001402,13,9.79,0.081,0.235,0.988,1.000,0.868,1.152,""
CONDUCTIO,IgD- CD38- B cell %B cell,GCST90001445,12,8.57,0.073,0.175,0.968,1.000,0.860,1.163,""
CONDUCTIO,CD33 on CD33+ HLA DR+ CD14dim,GCST90001947,27,not interpretable,1.146,not interpretable,not interpretable,not interpretable,not interpretable,not interpretable,implausible sum(F)/n (>1)
CONDUCTIO,FSC-A on HLA DR+ Natural Killer,GCST90001970,20,27.73,0.261,0.934,1.000,1.000,0.920,1.087,""
CONDUCTIO,HLA DR on CD33dim HLA DR+ CD11b-,GCST90002111,18,41.80,0.389,0.997,1.000,1.000,0.934,1.071,""
CONDUCTIO,CD33 on CD33+ HLA DR+,GCST90001956,23,not interpretable,1.112,not interpretable,not interpretable,not interpretable,not interpretable,not interpretable,implausible sum(F)/n (>1)
CONDUCTIO,CD33 on CD33+ HLA DR+ CD14-,GCST90001957,21,not interpretable,1.095,not interpretable,not interpretable,not interpretable,not interpretable,not interpretable,implausible sum(F)/n (>1)
CONDUCTIO,CD127 on T cell,GCST90001922,18,14.17,0.134,0.475,1.000,1.000,0.889,1.124,""
CONDUCTIO,CD8+ and CD8dim T cell %leukocyte,GCST90001614,15,11.89,0.096,0.348,0.998,1.000,0.880,1.137,""
CONDUCTIO,CD45 on granulocyte,GCST90001913,15,11.99,0.108,0.354,0.998,1.000,0.880,1.136,""
CONDUCTIO,IgD- CD27- B cell %B cell,GCST90001399,15,17.54,0.155,0.648,1.000,1.000,0.900,1.111,""
CONDUCTIO,CD27 on CD24+ CD27+ B cell,GCST90001798,30,47.51,0.447,0.999,1.000,1.000,0.938,1.066,""
CONDUCTIO,CD27 on IgD- CD38dim B cell,GCST90001804,31,48.66,0.471,0.999,1.000,1.000,0.939,1.065,""
CONDUCTIO,CD27 on memory B cell,GCST90001805,25,35.26,0.321,0.986,1.000,1.000,0.928,1.077,""
CONDUCTIO,HLA DR+ CD4+ T cell %lymphocyte,GCST90001626,21,14.64,0.163,0.501,1.000,1.000,0.891,1.122,""
CONDUCTIO,BAFF-R on IgD+ CD38- unswitched memory B cell,GCST90001707,19,75.14,0.885,1.000,1.000,1.000,0.950,1.052,""
CONDUCTIO,CD25 on CD39+ activated CD4 regulatory T cell,GCST90001940,12,9.00,0.081,0.196,0.977,1.000,0.863,1.159,""
CONDUCTIO,CD45RA+ CD8+ T cell %T cell,GCST90001562,35,19.54,0.238,0.733,1.000,1.000,0.905,1.105,""
CONDUCTIO,CD25 on transitional B cell,GCST90001795,22,17.38,0.148,0.641,1.000,1.000,0.900,1.112,""
CONDUCTIO,CD4-CD8- T cell Absolute Count,GCST90001598,20,13.58,0.134,0.443,1.000,1.000,0.887,1.127,""
CONDUCTIO,CD4-CD8- T cell %leukocyte,GCST90001613,20,14.22,0.136,0.478,1.000,1.000,0.890,1.124,""
CONDUCTIO,PDL-1 on CD14- CD16+ monocyte,GCST90001999,19,23.91,0.216,0.867,1.000,1.000,0.914,1.094,""
CONDUCTIO,Activated & resting CD4 regulatory T cell %CD4+ T cell,GCST90001500,27,21.40,0.204,0.798,1.000,1.000,0.909,1.100,""
CONDUCTIO,CD45RA+ CD8+ T cell Absolute Count,GCST90001560,28,15.55,0.203,0.550,1.000,1.000,0.894,1.118,""
CONDUCTIO,CD11b on CD33dim HLA DR-,GCST90002095,23,39.76,0.367,0.995,1.000,1.000,0.932,1.073,""
CONDUCTIO,CD62L- HLA DR++ monocyte %monocyte,GCST90001455,12,9.08,0.084,0.199,0.978,1.000,0.864,1.158,""
CONDUCTIO,IgD- CD24- B cell %B cell,GCST90001413,18,12.58,0.109,0.387,0.999,1.000,0.883,1.133,""
CONDUCTIO,IgD- CD24- B cell Absolute Count,GCST90001414,18,12.03,0.105,0.356,0.998,1.000,0.881,1.136,""
CONDUCTIO,IgD- CD24- B cell %lymphocyte,GCST90001440,24,16.42,0.139,0.594,1.000,1.000,0.897,1.115,""
CONDUCTIO,CD4-CD8- T cell %T cell,GCST90001599,15,11.43,0.108,0.323,0.997,1.000,0.878,1.139,""
CONDUCTIO,CD4-CD8- Natural Killer T Absolute Count,GCST90001636,10,7.12,0.066,0.115,0.909,1.000,0.848,1.180,""
CONDUCTIO,CD4-CD8- Natural Killer T %T cell,GCST90001637,30,27.12,0.244,0.925,1.000,1.000,0.919,1.088,""
CONDUCTIO,CD4-CD8- Natural Killer T %lymphocyte,GCST90001638,29,25.73,0.234,0.903,1.000,1.000,0.917,1.091,""
CONDUCTIO,Naive CD4+ T cell %CD4+ T cell,GCST90001541,35,24.76,0.239,0.885,1.000,1.000,0.915,1.093,""
CONDUCTIO,CD3 on Terminally Differentiated CD4+ T cell,GCST90001844,23,21.86,0.200,0.813,1.000,1.000,0.910,1.099,""
CONDUCTIO,CD25 on IgD- CD38+ B cell,GCST90001788,20,13.09,0.118,0.415,0.999,1.000,0.885,1.130,""
CONDUCTIO,CD20 on CD24+ CD27+ B cell,GCST90001745,29,25.25,0.210,0.895,1.000,1.000,0.916,1.092,""
CONDUCTIO,CD8 on CD8+ T cell,GCST90002058,27,26.72,0.244,0.919,1.000,1.000,0.918,1.089,""
CONDUCTIO,CD8dim T cell Absolute Count,GCST90001596,27,18.61,0.176,0.695,1.000,1.000,0.903,1.108,""
CONDUCTIO,CD3 on Central Memory CD8+ T cell,GCST90001846,19,23.85,0.237,0.865,1.000,1.000,0.914,1.095,""
CONDUCTIO,CD3 on HLA DR+ T cell,GCST90001847,27,28.80,0.266,0.946,1.000,1.000,0.921,1.086,""
CONDUCTIO,HLA DR+ Natural Killer Absolute Count,GCST90001648,18,31.05,0.304,0.966,1.000,1.000,0.924,1.082,""
CONDUCTIO,CD45 on HLA DR+ Natural Killer,GCST90001912,12,9.10,0.084,0.200,0.979,1.000,0.864,1.158,""
CONDUCTIO,CD28+ CD45RA- CD8+ T cell %CD8+ T cell,GCST90001692,28,24.64,0.207,0.883,1.000,1.000,0.915,1.093,""
CONDUCTIO,IgD+ CD24+ B cell %B cell,GCST90001411,20,13.61,0.119,0.444,1.000,1.000,0.887,1.127,""
CONDUCTIO,CD20 on IgD+ CD38- B cell,GCST90001748,25,18.92,0.167,0.708,1.000,1.000,0.904,1.107,""
CONDUCTIO,CD20 on memory B cell,GCST90001758,28,23.30,0.199,0.852,1.000,1.000,0.913,1.096,""
CONDUCTIO,Lymphocyte %leukocyte,GCST90001602,22,14.56,0.131,0.497,1.000,1.000,0.891,1.123,""
CONDUCTIO,CD45 on B cell,GCST90001910,15,11.63,0.112,0.334,0.998,1.000,0.879,1.138,""
CONDUCTIO,CD25 on secreting CD4 regulatory T cell,GCST90001941,14,11.20,0.102,0.310,0.996,1.000,0.876,1.141,""
CONDUCTIO,HLA DR on CD33+ HLA DR+ CD14dim,GCST90002109,20,39.70,0.354,0.995,1.000,1.000,0.932,1.073,""
CONDUCTIO,IgD- CD27- B cell %lymphocyte,GCST90001433,18,16.57,0.147,0.602,1.000,1.000,0.897,1.115,""
CONDUCTIO,CD45 on CD33dim HLA DR-,GCST90002050,18,26.18,0.242,0.911,1.000,1.000,0.917,1.090,""
CONDUCTIO,CD45 on CD14+ monocyte,GCST90001909,17,14.09,0.128,0.471,1.000,1.000,0.889,1.125,""
CONDUCTIO,CD28+ CD45RA- CD8dim T cell Absolute Count,GCST90001669,37,22.11,0.268,0.820,1.000,1.000,0.910,1.098,""
CONDUCTIO,CD28+ CD4-CD8- T cell Absolute Count,GCST90001657,12,6.37,0.080,0.088,0.852,0.999,0.840,1.191,""
CONDUCTIO,CD19 on CD20- B cell,GCST90001721,22,14.11,0.128,0.472,1.000,1.000,0.889,1.125,""
CONDUCTIO,CD25 on IgD- CD24- B cell,GCST90001785,26,20.05,0.177,0.752,1.000,1.000,0.906,1.104,""
CONDUCTIO,CD62L on CD62L+ plasmacytoid Dendritic Cell,GCST90001832,15,16.08,0.165,0.577,1.000,1.000,0.896,1.116,""
CONDUCTIO,CD39+ CD8+ T cell %T cell,GCST90001670,20,34.42,0.306,0.983,1.000,1.000,0.928,1.078,""
CONDUCTIO,CD39+ CD8+ T cell %CD8+ T cell,GCST90001671,21,35.06,0.311,0.986,1.000,1.000,0.928,1.077,""
CONDUCTIO,CD39+ CD8+ T cell Absolute Count,GCST90001672,24,38.67,0.338,0.994,1.000,1.000,0.931,1.074,""
CONDUCTIO,HVEM on CD4+ T cell,GCST90001875,20,37.80,0.381,0.992,1.000,1.000,0.931,1.074,""
CONDUCTIO,HVEM on CD45RA- CD4+ T cell,GCST90001880,19,37.36,0.374,0.991,1.000,1.000,0.930,1.075,""
CONDUCTIO,Effector Memory CD8+ T cell %T cell,GCST90001556,15,12.24,0.110,0.368,0.999,1.000,0.881,1.134,""
CONDUCTIO,CD3 on Natural Killer T,GCST90001848,17,14.17,0.129,0.475,1.000,1.000,0.889,1.124,""
CONDUCTIO,CD45 on CD66b++ myelod cell,GCST90002048,16,23.57,0.238,0.859,1.000,1.000,0.913,1.095,""
CONDUCTIO,Granulocyte Absolute Count,GCST90001651,24,16.23,0.142,0.585,1.000,1.000,0.896,1.116,""
CONDUCTIO,Transitional B cell Absolute Count,GCST90001577,31,20.12,0.189,0.755,1.000,1.000,0.906,1.103,""
CONDUCTIO,Granulocyte %leukocyte,GCST90001652,25,16.60,0.147,0.603,1.000,1.000,0.897,1.114,""
CONDUCTIO,HLA DR on HLA DR+ Natural Killer,GCST90002117,28,39.41,0.356,0.995,1.000,1.000,0.932,1.073,""
CONDUCTIO,Natural Killer %CD3- lymphocyte,GCST90001646,27,19.86,0.190,0.745,1.000,1.000,0.906,1.104,""
CONDUCTIO,CD80 on myeloid Dendritic Cell,GCST90002035,26,30.31,0.275,0.960,1.000,1.000,0.923,1.083,""
CONDUCTIO,CD45 on Immature Myeloid-Derived Suppressor Cells,GCST90002052,10,28.94,0.282,0.948,1.000,1.000,0.921,1.086,""
CONDUCTIO,CD3 on HLA DR+ CD8+ T cell,GCST90001850,26,23.96,0.215,0.868,1.000,1.000,0.914,1.094,""
CONDUCTIO,Resting CD4 regulatory T cell Absolute Count,GCST90001480,25,20.44,0.208,0.766,1.000,1.000,0.907,1.103,""
CONDUCTIO,CD127 on CD28+ CD4+ T cell,GCST90001924,20,18.20,0.165,0.678,1.000,1.000,0.902,1.109,""
CONDUCTIO,CD20 on IgD+ CD38- naive B cell,GCST90001749,18,24.04,0.226,0.870,1.000,1.000,0.914,1.094,""
CONDUCTIO,CD25 on IgD+ CD38dim B cell,GCST90001784,23,22.18,0.194,0.822,1.000,1.000,0.911,1.098,""
CONDUCTIO,CD25 on IgD+ B cell,GCST90001794,27,22.97,0.201,0.844,1.000,1.000,0.912,1.096,""
CONDUCTIO,CD8dim T cell %T cell,GCST90001597,19,14.93,0.134,0.517,1.000,1.000,0.892,1.121,""
CONDUCTIO,CD8dim T cell %leukocyte,GCST90001612,18,14.08,0.125,0.471,1.000,1.000,0.889,1.125,""
CONDUCTIO,CD28- CD8dim T cell %T cell,GCST90001661,25,19.21,0.170,0.720,1.000,1.000,0.904,1.106,""
CONDUCTIO,CD20- B cell %B cell,GCST90001419,19,12.38,0.111,0.376,0.999,1.000,0.882,1.134,""
CONDUCTIO,CD20- B cell Absolute Count,GCST90001421,22,14.10,0.130,0.472,1.000,1.000,0.889,1.125,""
CONDUCTIO,CD45RA on Terminally Differentiated CD8+ T cell,GCST90002101,14,11.75,0.108,0.340,0.998,1.000,0.879,1.137,""
CONDUCTIO,CD3 on naive CD8+ T cell,GCST90001838,25,42.61,0.423,0.998,1.000,1.000,0.935,1.070,""
CONDUCTIO,CD3 on CD28+ CD45RA+ CD8+ T cell,GCST90001864,25,41.50,0.413,0.997,1.000,1.000,0.934,1.071,""
CONDUCTIO,IgD+ B cell %Lymphocyte,GCST90001424,18,13.27,0.121,0.426,0.999,1.000,0.886,1.129,""
CONDUCTIO,Naive-mature B cell %lymphocyte,GCST90001437,21,14.26,0.125,0.480,1.000,1.000,0.890,1.124,""
CONDUCTIO,IgD+ CD24- B cell %lymphocyte,GCST90001441,21,13.93,0.126,0.462,1.000,1.000,0.888,1.126,""
CONDUCTIO,IgD+ CD24- B cell %B cell,GCST90001415,18,12.59,0.108,0.387,0.999,1.000,0.883,1.132,""
CONDUCTIO,CD19 on B cell,GCST90002028,24,18.96,0.170,0.710,1.000,1.000,0.904,1.107,""
CONDUCTIO,CCR7 on naive CD4+ T cell,GCST90001907,24,25.49,0.235,0.899,1.000,1.000,0.916,1.091,""
CONDUCTIO,CD28 on CD39+ activated CD4 regulatory T cell,GCST90001886,19,18.14,0.183,0.675,1.000,1.000,0.902,1.109,""
CONDUCTIO,CD28 on activated & secreting CD4 regulatory T cell,GCST90001889,25,22.59,0.228,0.833,1.000,1.000,0.911,1.097,""
CONDUCTIO,CD28 on CD4 regulatory T cell,GCST90001899,25,20.16,0.217,0.756,1.000,1.000,0.906,1.103,""
CONDUCTIO,CD28 on activated CD4 regulatory T cell,GCST90001902,18,16.65,0.167,0.606,1.000,1.000,0.897,1.114,""
CONDUCTIO,CD25 on activated CD4 regulatory T cell,GCST90001939,17,11.89,0.108,0.348,0.998,1.000,0.880,1.137,""
CONDUCTIO,CD3 on CD39+ secreting CD4 regulatory T cell,GCST90001856,27,36.70,0.358,0.990,1.000,1.000,0.930,1.076,""
CONDUCTIO,BAFF-R on CD20- CD38- B cell,GCST90001701,17,15.33,0.142,0.538,1.000,1.000,0.893,1.119,""
CONDUCTIO,SSC-A on CD8+ T cell,GCST90002082,18,11.41,0.130,0.321,0.997,1.000,0.878,1.140,""
CONDUCTIO,CD33dim HLA DR+ CD11b+ %CD33dim HLA DR+,GCST90001526,24,45.32,0.441,0.999,1.000,1.000,0.937,1.068,""
CONDUCTIO,CD33dim HLA DR+ CD11b- %CD33dim HLA DR+,GCST90001528,24,44.94,0.436,0.999,1.000,1.000,0.936,1.068,""
CONDUCTIO,CD25 on naive-mature B cell,GCST90001791,23,23.22,0.201,0.850,1.000,1.000,0.912,1.096,""
CONDUCTIO,CD20- CD38- B cell Absolute Count,GCST90001423,14,9.07,0.085,0.199,0.978,1.000,0.864,1.158,""
CONDUCTIO,CD25 on B cell,GCST90001775,25,21.37,0.190,0.797,1.000,1.000,0.909,1.100,""
CONDUCTIO,FSC-A on plasmacytoid Dendritic Cell,GCST90001964,26,23.04,0.217,0.845,1.000,1.000,0.912,1.096,""
CONDUCTIO,HLA DR on CD33+ HLA DR+ CD14-,GCST90002108,25,61.49,0.542,1.000,1.000,1.000,0.945,1.058,""
CONDUCTIO,CD28 on CD28+ CD45RA- CD8+ T cell,GCST90001893,17,13.89,0.128,0.460,1.000,1.000,0.888,1.126,""
CONDUCTIO,CD19 on switched memory B cell,GCST90001740,27,18.80,0.169,0.703,1.000,1.000,0.903,1.107,""
CONDUCTIO,CD19 on IgD+ CD24- B cell,GCST90001725,25,17.97,0.163,0.667,1.000,1.000,0.901,1.110,""
CONDUCTIO,FSC-A on granulocyte,GCST90001966,21,24.10,0.218,0.871,1.000,1.000,0.914,1.094,""
CONDUCTIO,CD3 on Naive CD4+ T cell,GCST90001842,30,52.16,0.541,1.000,1.000,1.000,0.941,1.063,""
CONDUCTIO,CCR7 on naive CD8+ T cell,GCST90001908,24,20.64,0.190,0.773,1.000,1.000,0.907,1.102,""
CONDUCTIO,CD25++ CD4+ T cell Absolute Count,GCST90001504,23,17.89,0.157,0.664,1.000,1.000,0.901,1.110,""
CONDUCTIO,CD25++ CD4+ T cell %CD4+ T cell,GCST90001505,26,20.96,0.189,0.784,1.000,1.000,0.908,1.101,""
CONDUCTIO,Memory B cell %lymphocyte,GCST90001436,28,19.98,0.184,0.750,1.000,1.000,0.906,1.104,""
CONDUCTIO,CD4 on monocyte,GCST90001958,15,14.12,0.125,0.473,1.000,1.000,0.889,1.125,""
CONDUCTIO,SSC-A on T cell,GCST90002080,22,16.34,0.157,0.590,1.000,1.000,0.897,1.115,""
CONDUCTIO,CD28+ CD45RA+ CD8dim T cell %T cell,GCST90001664,41,30.25,0.328,0.960,1.000,1.000,0.923,1.084,""
CONDUCTIO,CD16-CD56 on HLA DR+ Natural Killer,GCST90001885,24,21.50,0.203,0.801,1.000,1.000,0.909,1.100,""
CONDUCTIO,CD20 on IgD+ CD38- unswitched memory B cell,GCST90001750,19,25.03,0.233,0.890,1.000,1.000,0.916,1.092,""
CONDUCTIO,FSC-A on HLA DR+ CD8+ T cell,GCST90001978,18,13.09,0.126,0.415,0.999,1.000,0.885,1.130,""
CONDUCTIO,CD11b on CD14+ monocyte,GCST90002091,20,45.01,0.434,0.999,1.000,1.000,0.936,1.068,""
CONDUCTIO,CD11b on Monocytic Myeloid-Derived Suppressor Cells,GCST90002094,16,31.83,0.303,0.971,1.000,1.000,0.925,1.081,""
CONDUCTIO,CD45 on HLA DR+ CD4+ T cell,GCST90001920,18,14.67,0.140,0.503,1.000,1.000,0.891,1.122,""
CONDUCTIO,CD11c+ HLA DR++ monocyte Absolute Count,GCST90001456,17,13.36,0.122,0.430,1.000,1.000,0.886,1.128,""
CONDUCTIO,CD28 on CD45RA+ CD4+ T cell,GCST90001890,13,19.50,0.174,0.731,1.000,1.000,0.905,1.105,""
CONDUCTIO,CD25 on CD4+ T cell,GCST90001960,16,13.78,0.126,0.454,1.000,1.000,0.888,1.126,""
CONDUCTIO,CD4 on resting CD4 regulatory T cell,GCST90002064,13,10.83,0.103,0.290,0.995,1.000,0.874,1.144,""
CONDUCTIO,CD86 on myeloid Dendritic Cell,GCST90001903,22,27.67,0.255,0.933,1.000,1.000,0.920,1.088,""
CONDUCTIO,CD19 on IgD+ CD38dim B cell,GCST90001730,24,17.88,0.156,0.663,1.000,1.000,0.901,1.110,""
CONDUCTIO,CD19 on IgD- CD38dim B cell,GCST90001735,28,20.77,0.183,0.778,1.000,1.000,0.908,1.102,""
CONDUCTIO,CD38 on CD3- CD19-,GCST90001810,18,23.47,0.223,0.856,1.000,1.000,0.913,1.095,""
CONDUCTIO,CD25 on memory B cell,GCST90001790,24,23.53,0.223,0.858,1.000,1.000,0.913,1.095,""
CONDUCTIO,CD25 on unswitched memory B cell,GCST90001792,24,23.10,0.217,0.847,1.000,1.000,0.912,1.096,""
CONDUCTIO,CD62L- monocyte Absolute Count,GCST90001450,20,18.44,0.166,0.688,1.000,1.000,0.902,1.108,""
CONDUCTIO,CD62L- monocyte %monocyte,GCST90001451,23,23.48,0.213,0.856,1.000,1.000,0.913,1.095,""
CONDUCTIO,HLA DR on Dendritic Cell,GCST90002106,19,61.54,0.491,1.000,1.000,1.000,0.945,1.058,""
CONDUCTIO,Naive CD4-CD8- T cell %T cell,GCST90001568,20,9.49,0.128,0.219,0.984,1.000,0.866,1.154,""
CONDUCTIO,B cell %lymphocyte,GCST90001644,35,25.67,0.234,0.902,1.000,1.000,0.917,1.091,""
CONDUCTIO,CD24+ CD27+ B cell %lymphocyte,GCST90001442,24,17.59,0.164,0.650,1.000,1.000,0.900,1.111,""
CONDUCTIO,Naive-mature B cell %B cell,GCST90001408,29,21.04,0.183,0.787,1.000,1.000,0.908,1.101,""
CONDUCTIO,Terminally Differentiated CD8+ T cell %CD8+ T cell,GCST90001558,23,19.49,0.176,0.731,1.000,1.000,0.905,1.105,""
CONDUCTIO,HVEM on Effector Memory CD8+ T cell,GCST90001873,18,34.51,0.335,0.984,1.000,1.000,0.928,1.078,""
CONDUCTIO,CCR2 on CD14- CD16+ monocyte,GCST90001982,28,19.86,0.182,0.745,1.000,1.000,0.906,1.104,""
CONDUCTIO,HLA DR on CD14+ CD16- monocyte,GCST90001988,22,51.12,0.373,1.000,1.000,1.000,0.940,1.064,""
CONDUCTIO,HLA DR on CD14+ monocyte,GCST90001991,21,47.91,0.349,0.999,1.000,1.000,0.938,1.066,""
CONDUCTIO,CD64 on CD14- CD16-,GCST90002001,16,13.15,0.112,0.419,0.999,1.000,0.885,1.129,""
CONDUCTIO,CD62L- Dendritic Cell Absolute Count,GCST90001462,18,33.78,0.344,0.981,1.000,1.000,0.927,1.079,""
CONDUCTIO,FSC-A on HLA DR+ CD4+ T cell,GCST90001977,17,12.77,0.124,0.397,0.999,1.000,0.884,1.131,""
CONDUCTIO,CD45 on CD4+ T cell,GCST90001916,13,10.18,0.093,0.255,0.991,1.000,0.871,1.148,""
CONDUCTIO,CD64 on CD14+ CD16- monocyte,GCST90001987,35,53.45,0.484,1.000,1.000,1.000,0.941,1.062,""
CONDUCTIO,CD4+ T cell %leukocyte,GCST90001606,13,8.22,0.076,0.160,0.958,1.000,0.857,1.166,""
CONDUCTIO,Effector Memory CD4+ T cell Absolute Count,GCST90001542,23,17.27,0.152,0.635,1.000,1.000,0.899,1.112,""
CONDUCTIO,CD86 on CD62L+ myeloid Dendritic Cell,GCST90001904,22,18.43,0.171,0.688,1.000,1.000,0.902,1.108,""
CONDUCTIO,Unswitched memory B cell Absolute Count,GCST90001398,20,13.93,0.127,0.462,1.000,1.000,0.888,1.126,""
CONDUCTIO,CD16 on CD14+ CD16+ monocyte,GCST90002005,22,46.08,0.466,0.999,1.000,1.000,0.937,1.067,""
CONDUCTIO,CD24 on unswitched memory B cell,GCST90001772,25,22.20,0.200,0.823,1.000,1.000,0.911,1.098,""
CONDUCTIO,CD8dim Natural Killer T %T cell,GCST90001634,19,19.43,0.172,0.729,1.000,1.000,0.905,1.105,""
CONDUCTIO,CD28 on resting CD4 regulatory T cell,GCST90001900,6,12.82,0.120,0.400,0.999,1.000,0.884,1.131,""
CONDUCTIO,IgD- CD38- B cell Absolute Count,GCST90001446,14,9.86,0.087,0.238,0.988,1.000,0.869,1.151,""
CONDUCTIO,CD86+ myeloid Dendritic Cell Absolute Count,GCST90001464,21,39.81,0.387,0.995,1.000,1.000,0.932,1.072,""
CONDUCTIO,CD62L- Dendritic Cell %Dendritic Cell,GCST90001463,23,37.23,0.355,0.991,1.000,1.000,0.930,1.075,""
CONDUCTIO,FSC-A on B cell,GCST90001968,20,14.72,0.133,0.505,1.000,1.000,0.891,1.122,""
CONDUCTIO,Naive CD4+ T cell Absolute Count,GCST90001540,25,18.62,0.173,0.696,1.000,1.000,0.903,1.108,""
CONDUCTIO,CD40 on CD14+ CD16+ monocyte,GCST90001981,21,36.33,0.342,0.989,1.000,1.000,0.929,1.076,""
CONDUCTIO,IgD- CD38+ B cell %lymphocyte,GCST90001425,30,18.58,0.179,0.694,1.000,1.000,0.903,1.108,""
CONDUCTIO,CD28- CD8+ T cell Absolute Count,GCST90001687,14,12.66,0.105,0.391,0.999,1.000,0.883,1.132,""
CONDUCTIO,CD25 on activated & secreting CD4 regulatory T cell,GCST90001943,21,14.67,0.135,0.503,1.000,1.000,0.891,1.122,""
CONDUCTIO,Effector Memory CD4+ T cell %T cell,GCST90001544,20,16.77,0.151,0.612,1.000,1.000,0.898,1.114,""
CONDUCTIO,HVEM on Central Memory CD8+ T cell,GCST90001882,18,35.83,0.354,0.988,1.000,1.000,0.929,1.077,""
CONDUCTIO,CD127 on CD28- CD8+ T cell,GCST90001930,21,17.57,0.159,0.649,1.000,1.000,0.900,1.111,""
CONDUCTIO,HLA DR on monocyte,GCST90002010,17,40.28,0.290,0.996,1.000,1.000,0.933,1.072,""
CONDUCTIO,CD25++ CD4+ T cell %T cell,GCST90001506,20,15.18,0.144,0.530,1.000,1.000,0.893,1.120,""
CONDUCTIO,CD86+ myeloid Dendritic Cell %Dendritic Cell,GCST90001465,23,41.08,0.396,0.996,1.000,1.000,0.933,1.071,""
CONDUCTIO,CD3 on CD28+ CD4+ T cell,GCST90001861,24,31.02,0.305,0.966,1.000,1.000,0.924,1.082,""
CONDUCTIO,CD3 on CD4+ T cell,GCST90001867,29,24.22,0.231,0.874,1.000,1.000,0.914,1.094,""
CONDUCTIO,CD11c on CD62L+ myeloid Dendritic Cell,GCST90002088,26,25.02,0.247,0.890,1.000,1.000,0.916,1.092,""
CONDUCTIO,CD127 on granulocyte,GCST90001926,31,35.14,0.318,0.986,1.000,1.000,0.928,1.077,""
CONDUCTIO,CD45 on lymphocyte,GCST90002041,17,23.92,0.227,0.867,1.000,1.000,0.914,1.094,""
CONDUCTIO,CD25++ CD45RA- CD4 not regulatory T cell Absolute Count,GCST90001510,20,18.66,0.162,0.698,1.000,1.000,0.903,1.108,""
CONDUCTIO,Central Memory CD8+ T cell Absolute Count,GCST90001548,25,15.75,0.163,0.560,1.000,1.000,0.895,1.118,""
CONDUCTIO,CD11c+ monocyte Absolute Count,GCST90001448,15,11.19,0.105,0.309,0.996,1.000,0.876,1.141,""
CONDUCTIO,Effector Memory CD4+ T cell %CD4+ T cell,GCST90001543,28,20.35,0.189,0.763,1.000,1.000,0.907,1.103,""
CONDUCTIO,BAFF-R on unswitched memory B cell,GCST90001717,24,72.82,0.819,1.000,1.000,1.000,0.950,1.053,""
CONDUCTIO,CD19 on unswitched memory B cell,GCST90001738,21,16.11,0.141,0.579,1.000,1.000,0.896,1.116,""
CONDUCTIO,Immature Myeloid-Derived Suppressor Cells Absolute Count,GCST90001515,22,35.04,0.342,0.985,1.000,1.000,0.928,1.077,""
CONDUCTIO,CD25 on CD39+ CD4 regulatory T cell,GCST90001935,17,12.44,0.114,0.379,0.999,1.000,0.882,1.133,""
CONDUCTIO,CD3 on CD28+ CD4-CD8- T cell,GCST90001862,16,13.06,0.118,0.413,0.999,1.000,0.885,1.130,""
CONDUCTIO,CD25++ CD8+ T cell Absolute Count,GCST90001681,27,21.73,0.201,0.809,1.000,1.000,0.910,1.099,""
CONDUCTIO,CD19 on transitional B cell,GCST90001742,26,19.63,0.172,0.736,1.000,1.000,0.905,1.105,""
CONDUCTIO,CD11c on granulocyte,GCST90002090,22,25.36,0.227,0.897,1.000,1.000,0.916,1.092,""
CONDUCTIO,CD28+ CD45RA+ CD8dim T cell %CD8dim T cell,GCST90001665,27,25.42,0.218,0.898,1.000,1.000,0.916,1.091,""
CONDUCTIO,CD28+ CD45RA- CD8+ T cell %T cell,GCST90001691,26,22.54,0.193,0.832,1.000,1.000,0.911,1.097,""
CONDUCTIO,CD38 on IgD+ CD38+ B cell,GCST90001812,17,13.70,0.122,0.449,1.000,1.000,0.888,1.127,""
CONDUCTIO,CD24 on CD24+ CD27+ B cell,GCST90001764,3,1.80,0.017,0.005,0.095,0.445,0.719,1.390,""
CONDUCTIO,CD25 on CD39+ resting CD4 regulatory T cell,GCST90001938,15,10.95,0.106,0.296,0.995,1.000,0.875,1.143,""
CONDUCTIO,CD24 on IgD+ CD38- unswitched memory B cell,GCST90001767,21,35.48,0.316,0.987,1.000,1.000,0.929,1.077,""
CONDUCTIO,HLA DR on CD33- HLA DR+,GCST90002112,12,47.58,0.386,0.999,1.000,1.000,0.938,1.066,""
CONDUCTIO,CD45 on CD33+ HLA DR+,GCST90002053,16,24.15,0.223,0.872,1.000,1.000,0.914,1.094,""
CONDUCTIO,CD127 on CD28+ CD45RA- CD8+ T cell,GCST90001928,19,15.98,0.145,0.572,1.000,1.000,0.895,1.117,""
CONDUCTIO,CD86 on granulocyte,GCST90001906,21,19.09,0.172,0.715,1.000,1.000,0.904,1.106,""
CONDUCTIO,CD62L on CD62L+ myeloid Dendritic Cell,GCST90001831,15,14.53,0.149,0.495,1.000,1.000,0.891,1.123,""
CONDUCTIO,Naive CD4-CD8- T cell %CD4-CD8- T cell,GCST90001567,22,12.60,0.140,0.388,0.999,1.000,0.883,1.132,""
CONDUCTIO,BAFF-R on IgD+ CD24+ B cell,GCST90001703,18,65.84,0.753,1.000,1.000,1.000,0.947,1.056,""
CONDUCTIO,Central Memory CD4-CD8- T cell %CD4-CD8- T cell,GCST90001564,16,9.19,0.099,0.205,0.980,1.000,0.865,1.157,""
CONDUCTIO,HLA DR on Hematopoietic Stem Cell,GCST90002107,6,7.46,0.076,0.128,0.928,1.000,0.851,1.175,""
CONDUCTIO,CD127 on CD28+ CD4-CD8- T cell,GCST90001925,24,17.73,0.173,0.657,1.000,1.000,0.900,1.111,""
CONDUCTIO,CD8 on Effector Memory CD8+ T cell,GCST90002056,24,24.58,0.220,0.881,1.000,1.000,0.915,1.093,""
CONDUCTIO,CD28+ CD45RA- CD8+ T cell Absolute Count,GCST90001693,29,25.93,0.215,0.907,1.000,1.000,0.917,1.091,""
CONDUCTIO,CD33- HLA DR+ Absolute Count,GCST90001523,36,45.35,0.429,0.999,1.000,1.000,0.937,1.068,""
CONDUCTIO,CD28 on CD39+ resting CD4 regulatory T cell,GCST90001901,22,20.00,0.204,0.750,1.000,1.000,0.906,1.104,""
CONDUCTIO,Basophil Absolute Count,GCST90001532,23,38.91,0.382,0.994,1.000,1.000,0.932,1.073,""
CONDUCTIO,CD45RA on CD39+ resting CD4 regulatory T cell,GCST90002103,8,8.21,0.075,0.159,0.958,1.000,0.857,1.167,""
CONDUCTIO,CD39 on granulocyte,GCST90002033,26,23.32,0.207,0.852,1.000,1.000,0.913,1.096,""
CONDUCTIO,CD45 on Natural Killer T,GCST90001919,22,17.03,0.152,0.624,1.000,1.000,0.899,1.113,""
CONDUCTIO,CD3 on activated CD4 regulatory T cell,GCST90001853,21,37.15,0.377,0.991,1.000,1.000,0.930,1.075,""
CONDUCTIO,CD3 on secreting CD4 regulatory T cell,GCST90001855,20,36.56,0.366,0.990,1.000,1.000,0.930,1.076,""
CONDUCTIO,CD3 on activated & secreting CD4 regulatory T cell,GCST90001857,22,38.98,0.394,0.994,1.000,1.000,0.932,1.073,""
CONDUCTIO,CD3 on CD4 regulatory T cell,GCST90001868,11,30.02,0.318,0.958,1.000,1.000,0.923,1.084,""
CONDUCTIO,Terminally Differentiated CD4+ T cell Absolute Count,GCST90001545,11,9.51,0.081,0.220,0.985,1.000,0.867,1.154,""
CONDUCTIO,Naive CD4+ T cell %T cell,GCST90001575,34,22.59,0.215,0.834,1.000,1.000,0.911,1.097,""
CONDUCTIO,CD20 on IgD+ CD24+ B cell,GCST90001746,23,18.44,0.153,0.688,1.000,1.000,0.902,1.108,""
CONDUCTIO,CD39 on monocyte,GCST90002034,22,20.17,0.170,0.757,1.000,1.000,0.906,1.103,""
CONDUCTIO,CD38 on IgD- CD38dim B cell,GCST90001815,20,17.76,0.161,0.658,1.000,1.000,0.901,1.110,""
CONDUCTIO,Immature Myeloid-Derived Suppressor Cells %CD33dim HLA DR- CD66b-,GCST90001516,19,25.39,0.244,0.897,1.000,1.000,0.916,1.092,""
CONDUCTIO,Dendritic Cell Absolute Count,GCST90001461,21,26.87,0.260,0.922,1.000,1.000,0.918,1.089,""
CONDUCTIO,CD28- CD8dim T cell %CD8dim T cell,GCST90001662,15,10.60,0.102,0.277,0.994,1.000,0.873,1.145,""
CONDUCTIO,IgD+ CD38dim B cell Absolute Count,GCST90001394,26,16.91,0.159,0.618,1.000,1.000,0.898,1.113,""
CONDUCTIO,IgD+ CD24- B cell Absolute Count,GCST90001416,23,15.20,0.138,0.531,1.000,1.000,0.893,1.120,""
CONDUCTIO,CD25 on CD4 regulatory T cell,GCST90001936,22,14.95,0.137,0.518,1.000,1.000,0.892,1.121,""
CONDUCTIO,CD25 on IgD+ CD38- B cell,GCST90001780,29,22.42,0.205,0.829,1.000,1.000,0.911,1.098,""
CONDUCTIO,HVEM on Effector Memory CD4+ T cell,GCST90001878,22,42.06,0.413,0.997,1.000,1.000,0.934,1.070,""
CONDUCTIO,Unswitched memory B cell %B cell,GCST90001397,32,22.11,0.193,0.820,1.000,1.000,0.910,1.098,""
CONDUCTIO,Switched memory B cell Absolute Count,GCST90001403,23,15.48,0.140,0.546,1.000,1.000,0.894,1.119,""
CONDUCTIO,CX3CR1 on CD14- CD16-,GCST90001994,19,20.11,0.187,0.754,1.000,1.000,0.906,1.103,""
CONDUCTIO,CD11b on CD66b++ myeloid cell,GCST90002093,17,24.89,0.249,0.888,1.000,1.000,0.915,1.093,""
CONDUCTIO,CD3 on Effector Memory CD4+ T cell,GCST90001843,19,27.28,0.262,0.927,1.000,1.000,0.919,1.088,""
CONDUCTIO,IgD- CD38dim B cell Absolute Count,GCST90001438,17,10.69,0.102,0.282,0.994,1.000,0.874,1.145,""
CONDUCTIO,IgD on IgD+ CD38-  B cell,GCST90001822,27,31.67,0.229,0.970,1.000,1.000,0.925,1.082,""
CONDUCTIO,CD28- CD8+ T cell %CD8+ T cell,GCST90001686,23,14.32,0.156,0.484,1.000,1.000,0.890,1.124,""
CONDUCTIO,CD14- CD16- Absolute Count,GCST90001581,25,19.18,0.180,0.719,1.000,1.000,0.904,1.106,""
CONDUCTIO,CD39+ activated CD4 regulatory T cell %activated CD4 regulatory T cell,GCST90001490,8,5.18,0.050,0.053,0.709,0.994,0.824,1.214,""
CONDUCTIO,CD80 on plasmacytoid Dendritic Cell,GCST90002037,21,21.05,0.186,0.787,1.000,1.000,0.908,1.101,""
CONDUCTIO,CD80 on CD62L+ plasmacytoid Dendritic Cell,GCST90002038,21,20.93,0.186,0.783,1.000,1.000,0.908,1.101,""
CONDUCTIO,CD28- CD25++ CD8+ T cell %T cell,GCST90001676,8,5.27,0.057,0.056,0.723,0.995,0.825,1.212,""
CONDUCTIO,HLA DR++ monocyte %leukocyte,GCST90001476,8,11.29,0.072,0.315,0.997,1.000,0.877,1.140,""
CONDUCTIO,CD3 on resting CD4 regulatory T cell,GCST90001869,37,34.17,0.310,0.982,1.000,1.000,0.927,1.078,""
CONDUCTIO,SSC-A on HLA DR+ CD4+ T cell,GCST90002085,22,17.28,0.159,0.636,1.000,1.000,0.899,1.112,""
CONDUCTIO,CD25++ CD45RA- CD4 not regulatory T cell %T cell,GCST90001512,30,23.93,0.218,0.867,1.000,1.000,0.914,1.094,""
CONDUCTIO,CD4 on Central Memory CD4+ T cell,GCST90002023,15,15.88,0.142,0.567,1.000,1.000,0.895,1.117,""
CONDUCTIO,CD45 on T cell,GCST90001915,15,11.19,0.106,0.309,0.996,1.000,0.876,1.141,""
CONDUCTIO,CD11b on basophil,GCST90002096,19,33.19,0.314,0.978,1.000,1.000,0.926,1.080,""
CONDUCTIO,CD25 on CD28+ CD4+ T cell,GCST90001962,5,3.79,0.038,0.025,0.459,0.945,0.797,1.254,""
CONDUCTIO,CD28- CD4-CD8- T cell %T cell,GCST90001694,22,17.75,0.153,0.658,1.000,1.000,0.901,1.110,""
CONDUCTIO,HLA DR on myeloid Dendritic Cell,GCST90002104,16,47.58,0.381,0.999,1.000,1.000,0.938,1.066,""
CONDUCTIO,CD62L- plasmacytoid Dendritic Cell Absolute Count,GCST90001470,24,18.87,0.190,0.706,1.000,1.000,0.903,1.107,""
CONDUCTIO,CD11c on monocyte,GCST90002089,19,19.05,0.176,0.714,1.000,1.000,0.904,1.106,""
CONDUCTIO,T/B cell,GCST90001588,29,21.45,0.193,0.800,1.000,1.000,0.909,1.100,""
CONDUCTIO,Natural Killer Absolute Count,GCST90001645,22,16.24,0.152,0.585,1.000,1.000,0.896,1.116,""
CONDUCTIO,IgD+ B cell Absolute Count,GCST90001400,15,10.78,0.095,0.287,0.995,1.000,0.874,1.144,""
CONDUCTIO,CD38 on IgD+ B cell,GCST90001818,15,10.68,0.093,0.282,0.994,1.000,0.874,1.145,""
CONDUCTIO,BAFF-R on CD24+ CD27+ B cell,GCST90001702,19,70.92,0.798,1.000,1.000,1.000,0.949,1.054,""
CONDUCTIO,BAFF-R on IgD- CD38- B cell,GCST90001712,17,66.79,0.751,1.000,1.000,1.000,0.947,1.055,""
CONDUCTIO,BAFF-R on IgD- CD38dim B cell,GCST90001714,4,3.37,0.028,0.019,0.372,0.899,0.786,1.272,""
CONDUCTIO,BAFF-R on memory B cell,GCST90001715,17,68.66,0.778,1.000,1.000,1.000,0.948,1.055,""
CONDUCTIO,CD28 on secreting CD4 regulatory T cell,GCST90001887,17,18.84,0.178,0.705,1.000,1.000,0.903,1.107,""
CONDUCTIO,CD45RA on naive CD8+ T cell,GCST90002100,22,18.74,0.181,0.701,1.000,1.000,0.903,1.107,""
CONDUCTIO,IgD- CD38- B cell %lymphocyte,GCST90001427,28,18.80,0.167,0.703,1.000,1.000,0.903,1.107,""
CONDUCTIO,Switched memory B cell %lymphocyte,GCST90001434,18,13.58,0.121,0.443,1.000,1.000,0.887,1.127,""
CONDUCTIO,IgD+ CD24+ B cell %lymphocyte,GCST90001439,15,11.99,0.110,0.353,0.998,1.000,0.880,1.136,""
CONDUCTIO,CD20- B cell %lymphocyte,GCST90001443,17,10.94,0.100,0.295,0.995,1.000,0.875,1.143,""
CONDUCTIO,HLA DR on CD14- CD16+ monocyte,GCST90001984,19,34.60,0.282,0.984,1.000,1.000,0.928,1.078,""
CONDUCTIO,CD20 on IgD- CD38+ B cell,GCST90001756,16,10.22,0.093,0.257,0.992,1.000,0.871,1.148,""
CONDUCTIO,CD33 on CD33dim HLA DR-,GCST90001953,19,74.81,0.871,1.000,1.000,1.000,0.950,1.052,""
CONDUCTIO,CD33- HLA DR- Absolute Count,GCST90001522,21,26.03,0.249,0.908,1.000,1.000,0.917,1.090,""
CONDUCTIO,CD14 on CD33dim HLA DR+ CD11b+,GCST90002021,19,29.67,0.282,0.955,1.000,1.000,0.922,1.084,""
CONDUCTIO,HLA DR on HLA DR+ T cell,GCST90002113,19,15.58,0.149,0.551,1.000,1.000,0.894,1.118,""
CONDUCTIO,CD3 on Central Memory CD4+ T cell,GCST90001841,26,39.52,0.379,0.995,1.000,1.000,0.932,1.073,""
CONDUCTIO,CD4 on CD39+ resting CD4 regulatory T cell,GCST90002065,15,12.62,0.126,0.389,0.999,1.000,0.883,1.132,""
CONDUCTIO,IgD on IgD+ B cell,GCST90001827,21,33.02,0.233,0.977,1.000,1.000,0.926,1.080,""
CONDUCTIO,Transitional B cell %B cell,GCST90001576,15,10.04,0.089,0.248,0.990,1.000,0.870,1.149,""
CONDUCTIO,Leukocyte Absolute Count,GCST90001600,11,7.38,0.068,0.124,0.923,1.000,0.850,1.176,""
CONDUCTIO,CD45RA+ CD28- CD8+ T cell %CD8+ T cell,GCST90001699,31,not interpretable,0.210,not interpretable,not interpretable,not interpretable,not interpretable,not interpretable,implausible aggregate R2 (>1)
CONDUCTIO,CD20- CD38- B cell %B cell,GCST90001422,23,14.63,0.137,0.501,1.000,1.000,0.891,1.122,""
CONDUCTIO,CCR2 on CD14- CD16-,GCST90002003,17,12.35,0.114,0.374,0.999,1.000,0.882,1.134,""
CONDUCTIO,Basophil %CD33dim HLA DR- CD66b-,GCST90001533,20,33.65,0.346,0.980,1.000,1.000,0.927,1.079,""
CONDUCTIO,CD24 on IgD+ CD24+ B cell,GCST90001765,25,23.34,0.211,0.853,1.000,1.000,0.913,1.096,""
CONDUCTIO,B cell %CD3- lymphocyte,GCST90001643,29,20.15,0.193,0.756,1.000,1.000,0.906,1.103,""
CONDUCTIO,CD3 on CD28+ CD45RA- CD8+ T cell,GCST90001863,18,21.54,0.209,0.803,1.000,1.000,0.909,1.100,""
CONDUCTIO,CD45 on lymphocyte,GCST90001914,24,18.08,0.166,0.673,1.000,1.000,0.901,1.109,""
CONDUCTIO,HVEM on naive CD4+ T cell,GCST90001877,18,31.99,0.333,0.972,1.000,1.000,0.925,1.081,""
CONDUCTIO,CD34 on Hematopoietic Stem Cell,GCST90001870,12,24.60,0.234,0.882,1.000,1.000,0.915,1.093,""
CONDUCTIO,CD11c+ HLA DR++ monocyte %monocyte,GCST90001457,18,14.54,0.133,0.496,1.000,1.000,0.891,1.123,""
CONDUCTIO,CD127 on CD45RA- CD4 not regulatory T cell,GCST90001923,16,13.49,0.120,0.438,1.000,1.000,0.887,1.128,""
CONDUCTIO,CD3- lymphocyte Absolute Count,GCST90001639,18,12.60,0.113,0.388,0.999,1.000,0.883,1.132,""
CONDUCTIO,Activated & resting CD4 regulatory T cell Absolute Count,GCST90001498,19,14.22,0.133,0.478,1.000,1.000,0.890,1.124,""
CONDUCTIO,CD16 on CD14- CD16+ monocyte,GCST90001979,20,63.59,0.824,1.000,1.000,1.000,0.946,1.057,""
CONDUCTIO,PDL-1 on CD14+ CD16+ monocyte,GCST90001998,28,18.54,0.171,0.693,1.000,1.000,0.903,1.108,""
CONDUCTIO,T cell %leukocyte,GCST90001605,18,11.43,0.109,0.322,0.997,1.000,0.878,1.139,""
CONDUCTIO,PDL-1 on CD14- CD16-,GCST90002000,28,18.34,0.173,0.684,1.000,1.000,0.902,1.109,""
CONDUCTIO,CD127 on CD4+ T cell,GCST90001931,8,6.62,0.060,0.096,0.873,1.000,0.842,1.187,""
CONDUCTIO,CD3 on CD39+ resting CD4 regulatory T cell,GCST90001852,20,21.38,0.208,0.798,1.000,1.000,0.909,1.100,""
CONDUCTIO,CD8 on Central Memory CD8+ T cell,GCST90002054,14,16.05,0.146,0.576,1.000,1.000,0.896,1.116,""
CONDUCTIO,CD25 on switched memory B cell,GCST90001793,20,20.51,0.186,0.769,1.000,1.000,0.907,1.102,""
CONDUCTIO,CD45 on CD33dim HLA DR+ CD11b-,GCST90002044,10,14.16,0.132,0.475,1.000,1.000,0.889,1.124,""
CONDUCTIO,CD25 on CD20- CD38- B cell,GCST90001776,20,13.49,0.124,0.438,1.000,1.000,0.887,1.128,""
CONDUCTIO,CD24 on IgD- CD38dim B cell,GCST90001770,7,4.88,0.044,0.046,0.662,0.991,0.819,1.221,""
CONDUCTIO,CD62L on granulocyte,GCST90001835,16,12.59,0.123,0.387,0.999,1.000,0.883,1.132,""
CONDUCTIO,CD28- CD8+ T cell %T cell,GCST90001685,16,11.42,0.105,0.322,0.997,1.000,0.878,1.140,""
CONDUCTIO,Terminally Differentiated CD8+ T cell %T cell,GCST90001559,17,13.19,0.116,0.421,0.999,1.000,0.886,1.129,""
CONDUCTIO,BAFF-R on IgD- CD27- B cell,GCST90001711,18,64.89,0.724,1.000,1.000,1.000,0.947,1.056,""
CONDUCTIO,CD28 on CD45RA- CD4 not regulatory T cell,GCST90001891,13,18.10,0.168,0.673,1.000,1.000,0.901,1.109,""
CONDUCTIO,CD4 regulatory T cell %CD4+ T cell,GCST90001478,16,12.59,0.114,0.387,0.999,1.000,0.883,1.132,""
CONDUCTIO,BAFF-R on CD20- B cell,GCST90001830,14,11.89,0.110,0.348,0.998,1.000,0.880,1.137,""
CONDUCTIO,CD11b on Granulocytic Myeloid-Derived Suppressor Cells,GCST90002092,3,5.27,0.053,0.056,0.723,0.995,0.825,1.212,""
CONDUCTIO,HVEM on Central Memory CD4+ T cell,GCST90001876,18,32.98,0.339,0.977,1.000,1.000,0.926,1.080,""
CONDUCTIO,Central Memory CD4-CD8- T cell Absolute Count,GCST90001563,4,2.27,0.025,0.008,0.164,0.634,0.746,1.340,""
CONDUCTIO,CD3- lymphocyte %lymphocyte,GCST90001640,6,4.23,0.035,0.033,0.546,0.972,0.807,1.239,""
CONDUCTIO,IgD+ CD38dim B cell %B cell,GCST90001393,15,10.33,0.092,0.263,0.992,1.000,0.872,1.147,""
CONDUCTIO,CD28 on CD28+ CD4-CD8- T cell,GCST90001895,3,2.65,0.024,0.011,0.230,0.754,0.763,1.311,""
AVBLOCK,CD4+CD8+ T cell Absolute Count,GCST90001594,18,13.98,0.127,0.148,0.949,1.000,0.855,1.169,""
AVBLOCK,CD25 on CD45RA- CD4 not regulatory T cell,GCST90001933,26,21.61,0.197,0.371,0.999,1.000,0.882,1.134,""
AVBLOCK,HVEM on T cell,GCST90001871,25,46.77,0.453,0.918,1.000,1.000,0.918,1.089,""
AVBLOCK,CX3CR1 on CD14+ CD16+ monocyte,GCST90001996,34,33.98,0.310,0.725,1.000,1.000,0.905,1.106,""
AVBLOCK,CD33dim HLA DR+ CD11b+ Absolute Count,GCST90001525,26,33.02,0.336,0.703,1.000,1.000,0.903,1.107,""
AVBLOCK,CD45RA- CD4+ T cell %T cell,GCST90001536,26,20.06,0.188,0.322,0.997,1.000,0.878,1.140,""
AVBLOCK,CD45RA- CD4+ T cell %CD4+ T cell,GCST90001535,30,21.86,0.215,0.379,0.999,1.000,0.882,1.133,""
AVBLOCK,Memory B cell Absolute Count,GCST90001407,17,11.95,0.107,0.103,0.888,1.000,0.844,1.184,""
AVBLOCK,CD45RA on naive CD4+ T cell,GCST90002098,33,42.30,0.435,0.871,1.000,1.000,0.914,1.094,""
AVBLOCK,CD33 on Monocytic Myeloid-Derived Suppressor Cells,GCST90001952,21,76.67,0.894,0.998,1.000,1.000,0.935,1.069,""
AVBLOCK,CD33 on Immature Myeloid-Derived Suppressor Cells,GCST90001955,23,82.60,0.933,0.999,1.000,1.000,0.938,1.066,""
AVBLOCK,CD127 on CD8+ T cell,GCST90001927,25,18.77,0.192,0.282,0.994,1.000,0.874,1.145,""
AVBLOCK,CD28+ CD45RA+ CD8+ T cell %CD8+ T cell,GCST90001689,41,13.50,0.266,0.137,0.938,1.000,0.853,1.173,""
AVBLOCK,CD39+ CD4+ T cell Absolute Count,GCST90001660,29,38.04,0.341,0.806,1.000,1.000,0.910,1.100,""
AVBLOCK,CD33 on CD33dim HLA DR+ CD11b-,GCST90001949,22,not interpretable,1.087,not interpretable,not interpretable,not interpretable,not interpretable,not interpretable,implausible sum(F)/n (>1)
AVBLOCK,Central Memory CD8+ T cell %CD8+ T cell,GCST90001549,31,21.15,0.195,0.356,0.998,1.000,0.881,1.136,""
AVBLOCK,CD64 on CD14- CD16+ monocyte,GCST90001990,20,16.74,0.147,0.222,0.985,1.000,0.867,1.154,""
AVBLOCK,CD33 on basophil,GCST90001954,22,82.83,0.968,0.999,1.000,1.000,0.938,1.066,""
AVBLOCK,CD4+ T cell Absolute Count,GCST90001590,24,17.38,0.150,0.240,0.989,1.000,0.869,1.151,""
AVBLOCK,Lymphocyte Absolute Count,GCST90001601,19,13.84,0.117,0.145,0.946,1.000,0.854,1.170,""
AVBLOCK,Naive-mature B cell Absolute Count,GCST90001409,23,15.88,0.141,0.198,0.978,1.000,0.863,1.158,""
AVBLOCK,CD3 on CD28- CD8+ T cell,GCST90001865,20,18.15,0.167,0.263,0.992,1.000,0.872,1.147,""
AVBLOCK,CD27 on CD20- CD38- B cell,GCST90001797,20,12.77,0.120,0.120,0.918,1.000,0.849,1.178,""
AVBLOCK,CD4 on HLA DR+ CD4+ T cell,GCST90001959,21,17.56,0.157,0.245,0.990,1.000,0.870,1.150,""
AVBLOCK,CD20 on unswitched memory B cell,GCST90001760,22,18.79,0.158,0.283,0.994,1.000,0.874,1.144,""
AVBLOCK,T cell Absolute Count,GCST90001603,19,14.52,0.120,0.162,0.960,1.000,0.858,1.166,""
AVBLOCK,HLA DR+ CD4+ T cell %T cell,GCST90001625,25,15.26,0.181,0.181,0.971,1.000,0.861,1.162,""
AVBLOCK,B cell Absolute Count,GCST90001642,30,20.08,0.187,0.322,0.997,1.000,0.878,1.139,""
AVBLOCK,CD28+ CD45RA+ CD8dim T cell Absolute Count,GCST90001666,54,30.73,0.394,0.646,1.000,1.000,0.900,1.111,""
AVBLOCK,CD24 on IgD+ CD38+ B cell,GCST90001768,25,18.81,0.168,0.283,0.994,1.000,0.874,1.144,""
AVBLOCK,Resting CD4 regulatory T cell %CD4 regulatory T cell,GCST90001481,30,31.41,0.346,0.664,1.000,1.000,0.901,1.110,""
AVBLOCK,Secreting CD4 regulatory T cell %CD4 regulatory T cell,GCST90001493,31,32.22,0.326,0.684,1.000,1.000,0.902,1.109,""
AVBLOCK,Activated & resting CD4 regulatory T cell %CD4 regulatory T cell,GCST90001499,29,31.34,0.313,0.662,1.000,1.000,0.901,1.110,""
AVBLOCK,Activated & secreting CD4 regulatory T cell %CD4 regulatory T cell,GCST90001502,38,36.63,0.409,0.781,1.000,1.000,0.908,1.101,""
AVBLOCK,CD39+ activated CD4 regulatory T cell Absolute Count,GCST90001489,30,68.65,0.772,0.994,1.000,1.000,0.932,1.073,""
AVBLOCK,FSC-A on Natural Killer,GCST90001969,18,17.23,0.156,0.236,0.988,1.000,0.869,1.151,""
AVBLOCK,SSC-A on Natural Killer,GCST90002076,23,21.57,0.189,0.370,0.999,1.000,0.882,1.134,""
AVBLOCK,SSC-A on Natural Killer T,GCST90002084,20,16.78,0.147,0.223,0.985,1.000,0.867,1.154,""
AVBLOCK,CD45RA- CD28- CD8+ T cell Absolute Count,GCST90001695,350,not interpretable,3.161,not interpretable,not interpretable,not interpretable,not interpretable,not interpretable,implausible on both aggregate R2 (>1) and sum(F)/n (>1)
AVBLOCK,BAFF-R on IgD- CD38+ B cell,GCST90001713,15,14.85,0.135,0.170,0.965,1.000,0.859,1.164,""
AVBLOCK,CD14 on CD14+ CD16+ monocyte,GCST90001983,15,10.76,0.099,0.080,0.829,0.999,0.837,1.195,""
AVBLOCK,CD20 on IgD+ CD24- B cell,GCST90001747,25,20.59,0.184,0.339,0.998,1.000,0.879,1.138,""
AVBLOCK,CD20 on IgD+ CD38dim B cell,GCST90001752,28,25.42,0.222,0.492,1.000,1.000,0.890,1.123,""
AVBLOCK,CD38 on naive-mature B cell,GCST90001816,26,21.18,0.187,0.358,0.998,1.000,0.881,1.136,""
AVBLOCK,IgD on IgD+ CD24+ B cell,GCST90001820,28,42.41,0.304,0.872,1.000,1.000,0.914,1.094,""
AVBLOCK,CD24 on IgD+ CD38- B cell,GCST90001766,22,16.86,0.148,0.225,0.986,1.000,0.867,1.153,""
AVBLOCK,Hematopoietic Stem Cell Absolute Count,GCST90001514,19,26.07,0.273,0.512,1.000,1.000,0.892,1.121,""
AVBLOCK,CCR2 on CD14+ CD16- monocyte,GCST90002004,27,19.68,0.185,0.310,0.996,1.000,0.876,1.141,""
AVBLOCK,Monocytic Myeloid-Derived Suppressor Cells Absolute Count,GCST90001530,19,43.66,0.382,0.887,1.000,1.000,0.915,1.093,""
AVBLOCK,CD3 on CD8+ T cell,GCST90001859,23,26.80,0.255,0.534,1.000,1.000,0.893,1.120,""
AVBLOCK,CD8+ Natural Killer T Absolute Count,GCST90001630,26,20.54,0.180,0.337,0.998,1.000,0.879,1.138,""
AVBLOCK,CD39+ resting CD4 regulatory T cell Absolute Count,GCST90001483,28,38.76,0.364,0.819,1.000,1.000,0.910,1.099,""
AVBLOCK,CD39+ resting CD4 regulatory T cell %CD4 regulatory T cell,GCST90001485,36,83.29,0.947,0.999,1.000,1.000,0.938,1.066,""
AVBLOCK,CD127 on CD45RA+ CD4+ T cell,GCST90001932,22,22.12,0.200,0.388,0.999,1.000,0.883,1.132,""
AVBLOCK,HVEM on naive CD8+ T cell,GCST90001872,21,40.07,0.396,0.840,1.000,1.000,0.912,1.097,""
AVBLOCK,HVEM on CD8+ T cell,GCST90001881,16,29.89,0.300,0.623,1.000,1.000,0.899,1.113,""
AVBLOCK,CD8 on CD28+ CD45RA+ CD8+ T cell,GCST90002119,22,36.71,0.341,0.782,1.000,1.000,0.908,1.101,""
AVBLOCK,CD14+ CD16- monocyte Absolute Count,GCST90001582,28,18.77,0.178,0.282,0.994,1.000,0.874,1.145,""
AVBLOCK,IgD+ CD38+ B cell %lymphocyte,GCST90001429,25,16.42,0.153,0.213,0.983,1.000,0.866,1.155,""
AVBLOCK,PDL-1 on monocyte,GCST90002002,15,12.41,0.112,0.112,0.905,1.000,0.847,1.181,""
AVBLOCK,CD45 on HLA DR+ CD8+ T cell,GCST90001921,18,14.29,0.136,0.156,0.956,1.000,0.857,1.167,""
AVBLOCK,CD28- CD8dim T cell Absolute Count,GCST90001663,28,21.20,0.188,0.358,0.998,1.000,0.881,1.135,""
AVBLOCK,IgD+ CD38- B cell %B cell,GCST90001395,22,15.16,0.135,0.178,0.969,1.000,0.861,1.162,""
AVBLOCK,CD33+ HLA DR+ CD14dim Absolute Count,GCST90001520,28,36.69,0.361,0.782,1.000,1.000,0.908,1.101,""
AVBLOCK,CD4RA on Terminally Differentiated CD4+ T cell,GCST90002099,33,29.97,0.273,0.626,1.000,1.000,0.899,1.113,""
AVBLOCK,CD4 on CD45RA+ CD4+ T cell,GCST90002027,27,25.42,0.229,0.492,1.000,1.000,0.890,1.123,""
AVBLOCK,Activated CD4 regulatory T cell %CD4+ T cell,GCST90001488,19,13.64,0.123,0.140,0.942,1.000,0.854,1.172,""
AVBLOCK,Natural Killer %lymphocyte,GCST90001647,27,19.61,0.196,0.308,0.996,1.000,0.876,1.141,""
AVBLOCK,Unswitched memory B cell %lymphocyte,GCST90001432,22,16.30,0.150,0.209,0.982,1.000,0.865,1.156,""
AVBLOCK,CD4 on Effector Memory CD4+ T cell,GCST90002025,20,21.19,0.191,0.358,0.998,1.000,0.881,1.136,""
AVBLOCK,CD45RA+ CD28- CD8+ T cell Absolute Count,GCST90001698,719,not interpretable,10.313,not interpretable,not interpretable,not interpretable,not interpretable,not interpretable,implausible on both aggregate R2 (>1) and sum(F)/n (>1)
AVBLOCK,CD62L on monocyte,GCST90001834,25,28.09,0.266,0.573,1.000,1.000,0.895,1.117,""
AVBLOCK,CX3CR1 on CD14- CD16+ monocyte,GCST90002012,18,13.85,0.129,0.145,0.947,1.000,0.855,1.170,""
AVBLOCK,CD4 on CD39+ activated CD4 regulatory T cell,GCST90002067,23,22.24,0.194,0.391,0.999,1.000,0.883,1.132,""
AVBLOCK,CD28+ CD45RA- CD8dim T cell %T cell,GCST90001667,28,20.38,0.207,0.332,0.997,1.000,0.878,1.138,""
AVBLOCK,CD4 on CD28+ CD4+ T cell,GCST90002062,21,19.17,0.168,0.294,0.995,1.000,0.875,1.143,""
AVBLOCK,CD3 on CD45RA+ CD4+ T cell,GCST90001858,32,50.70,0.505,0.947,1.000,1.000,0.921,1.086,""
AVBLOCK,FSC-A on HLA DR+ T cell,GCST90001975,19,14.35,0.135,0.157,0.957,1.000,0.857,1.167,""
AVBLOCK,SSC-A on HLA DR+ CD8+ T cell,GCST90002086,24,18.85,0.172,0.284,0.995,1.000,0.874,1.144,""
AVBLOCK,CD28- CD127- CD25++ CD8+ T cell %T cell,GCST90001673,18,13.10,0.125,0.128,0.928,1.000,0.851,1.175,""
AVBLOCK,CD80 on granulocyte,GCST90002040,33,31.93,0.285,0.677,1.000,1.000,0.902,1.109,""
AVBLOCK,HLA DR+ CD8+ T cell Absolute Count,GCST90001627,34,29.83,0.279,0.622,1.000,1.000,0.898,1.113,""
AVBLOCK,HLA DR on CD14+ CD16+ monocyte,GCST90002007,19,36.97,0.288,0.787,1.000,1.000,0.908,1.101,""
AVBLOCK,BAFF-R on IgD+ CD38- naive B cell,GCST90001706,28,not interpretable,1.044,not interpretable,not interpretable,not interpretable,not interpretable,not interpretable,implausible sum(F)/n (>1)
AVBLOCK,Transitional B cell %lymphocyte,GCST90001578,26,17.18,0.157,0.234,0.988,1.000,0.868,1.152,""
AVBLOCK,CD45 on CD8+ T cell,GCST90001917,26,17.03,0.180,0.230,0.987,1.000,0.868,1.152,""
AVBLOCK,CD19 on memory B cell,GCST90001736,24,17.70,0.154,0.250,0.990,1.000,0.870,1.149,""
AVBLOCK,CD33 on CD14+ monocyte,GCST90001946,21,not interpretable,1.074,not interpretable,not interpretable,not interpretable,not interpretable,not interpretable,implausible sum(F)/n (>1)
AVBLOCK,BAFF-R on IgD- CD24- B cell,GCST90001710,22,67.05,0.733,0.993,1.000,1.000,0.931,1.074,""
AVBLOCK,FSC-A on lymphocyte,GCST90001971,17,11.27,0.121,0.089,0.856,0.999,0.840,1.190,""
AVBLOCK,FSC-A on T cell,GCST90001972,22,14.53,0.152,0.162,0.960,1.000,0.858,1.166,""
AVBLOCK,FSC-A on CD4+ T cell,GCST90001973,25,18.98,0.184,0.288,0.995,1.000,0.874,1.144,""
AVBLOCK,SSC-A on lymphocyte,GCST90002079,21,15.14,0.151,0.178,0.969,1.000,0.860,1.162,""
AVBLOCK,SSC-A on CD4+ T cell,GCST90002081,30,25.83,0.228,0.505,1.000,1.000,0.891,1.122,""
AVBLOCK,CD86 on monocyte,GCST90001905,16,13.94,0.126,0.147,0.949,1.000,0.855,1.170,""
AVBLOCK,CD86+ plasmacytoid Dendritic Cell %Dendritic Cell,GCST90001467,26,20.39,0.190,0.332,0.997,1.000,0.878,1.138,""
AVBLOCK,CD127- CD8+ T cell %T cell,GCST90001682,14,10.17,0.091,0.070,0.792,0.998,0.832,1.201,""
AVBLOCK,CD20 on IgD- CD24- B cell,GCST90001753,28,20.27,0.175,0.329,0.997,1.000,0.878,1.139,""
AVBLOCK,CD20 on IgD- CD27- B cell,GCST90001754,19,15.30,0.136,0.182,0.971,1.000,0.861,1.161,""
AVBLOCK,SSC-A on granulocyte,GCST90002078,25,26.56,0.243,0.527,1.000,1.000,0.893,1.120,""
AVBLOCK,CD28- CD4-CD8- T cell %CD4-CD8- T cell,GCST90001653,27,19.63,0.177,0.308,0.996,1.000,0.876,1.141,""
AVBLOCK,CD28+ CD4-CD8- T cell %CD4-CD8- T cell,GCST90001656,27,19.63,0.177,0.308,0.996,1.000,0.876,1.141,""
AVBLOCK,Naive CD8+ T cell Absolute Count,GCST90001551,28,8.74,0.189,0.049,0.678,0.992,0.820,1.219,""
AVBLOCK,CD28+ CD45RA+ CD8+ T cell Absolute Count,GCST90001690,59,17.02,0.378,0.230,0.987,1.000,0.868,1.152,""
AVBLOCK,CD127- CD8+ T cell %CD8+ T cell,GCST90001683,14,8.85,0.091,0.050,0.688,0.993,0.821,1.217,""
AVBLOCK,CD8 on CD28+ CD45RA- CD8+ T cell,GCST90002118,14,17.85,0.158,0.254,0.991,1.000,0.871,1.149,""
AVBLOCK,Naive CD8+ T cell %T cell,GCST90001553,29,9.25,0.203,0.056,0.722,0.995,0.825,1.212,""
AVBLOCK,CD28+ CD45RA+ CD8+ T cell %T cell,GCST90001688,110,32.12,0.867,0.681,1.000,1.000,0.902,1.109,""
AVBLOCK,FSC-A on CD8+ T cell,GCST90001974,18,10.78,0.128,0.081,0.830,0.999,0.837,1.195,""
AVBLOCK,CD39+ CD4+ T cell %CD4+ T cell,GCST90001659,25,32.92,0.328,0.701,1.000,1.000,0.903,1.107,""
AVBLOCK,CD25++ CD45RA+ CD4 not regulatory T cell Absolute Count,GCST90001507,26,24.43,0.210,0.461,1.000,1.000,0.888,1.126,""
AVBLOCK,CD45RA on resting CD4 regulatory T cell,GCST90002102,29,34.10,0.343,0.728,1.000,1.000,0.905,1.105,""
AVBLOCK,CD8+ Natural Killer T %lymphocyte,GCST90001632,27,20.07,0.181,0.322,0.997,1.000,0.878,1.140,""
AVBLOCK,Granulocytic Myeloid-Derived Suppressor Cells Absolute Count,GCST90001524,21,24.32,0.265,0.458,1.000,1.000,0.888,1.126,""
AVBLOCK,CD19 on IgD- CD24- B cell,GCST90001731,23,14.63,0.132,0.165,0.962,1.000,0.858,1.165,""
AVBLOCK,CD19 on IgD- CD27- B cell,GCST90001732,26,17.33,0.154,0.239,0.989,1.000,0.869,1.151,""
AVBLOCK,Monocyte Absolute Count,GCST90001583,27,17.46,0.166,0.242,0.989,1.000,0.869,1.150,""
AVBLOCK,CCR2 on CD14+ CD16+ monocyte,GCST90001992,37,26.59,0.237,0.528,1.000,1.000,0.893,1.120,""
AVBLOCK,SSC-A on plasmacytoid Dendritic Cell,GCST90002072,26,24.82,0.222,0.473,1.000,1.000,0.889,1.125,""
AVBLOCK,CD3 on HLA DR+ CD4+ T cell,GCST90001849,26,30.49,0.282,0.640,1.000,1.000,0.899,1.112,""
AVBLOCK,CCR2 on granulocyte,GCST90002018,17,16.72,0.153,0.221,0.985,1.000,0.867,1.154,""
AVBLOCK,CD4 on CD4+ T cell,GCST90002022,22,20.58,0.182,0.338,0.998,1.000,0.879,1.138,""
AVBLOCK,CD3 on CD39+ CD8+ T cell,GCST90001866,16,18.92,0.181,0.286,0.995,1.000,0.874,1.144,""
AVBLOCK,SSC-A on CD14+ monocyte,GCST90002074,23,42.39,0.414,0.872,1.000,1.000,0.914,1.094,""
AVBLOCK,CD4+ T cell %T cell,GCST90001591,23,15.25,0.132,0.180,0.970,1.000,0.861,1.162,""
AVBLOCK,CD28 on CD39+ secreting CD4 regulatory T cell,GCST90001888,21,25.88,0.250,0.506,1.000,1.000,0.891,1.122,""
AVBLOCK,Central Memory CD4+ T cell Absolute Count,GCST90001537,28,21.30,0.187,0.361,0.998,1.000,0.881,1.135,""
AVBLOCK,CD4 regulatory T cell %T cell,GCST90001479,16,11.78,0.103,0.099,0.880,1.000,0.843,1.186,""
AVBLOCK,HLA DR on B cell,GCST90002116,22,56.77,0.451,0.974,1.000,1.000,0.925,1.081,""
AVBLOCK,CD16-CD56 on Natural Killer T,GCST90001883,28,36.53,0.339,0.779,1.000,1.000,0.908,1.102,""
AVBLOCK,CD45 on Granulocytic Myeloid-Derived Suppressor Cells,GCST90002047,18,31.33,0.312,0.661,1.000,1.000,0.901,1.110,""
AVBLOCK,Effector Memory CD4-CD8- T cell %T cell,GCST90001571,23,17.00,0.164,0.229,0.987,1.000,0.868,1.152,""
AVBLOCK,IgD+ B cell %B cell,GCST90001391,17,11.98,0.104,0.104,0.889,1.000,0.845,1.184,""
AVBLOCK,CD11c+ monocyte %monocyte,GCST90001449,20,15.72,0.147,0.193,0.976,1.000,0.863,1.159,""
AVBLOCK,IgD on IgD+ CD38dim B cell,GCST90001825,22,37.52,0.269,0.797,1.000,1.000,0.909,1.100,""
AVBLOCK,CD4 on Terminally Differentiated CD4+ T cell,GCST90002026,24,20.10,0.186,0.323,0.997,1.000,0.878,1.139,""
AVBLOCK,CD80 on monocyte,GCST90002039,23,40.70,0.388,0.849,1.000,1.000,0.912,1.096,""
AVBLOCK,CD38 on transitional B cell,GCST90001819,24,22.66,0.204,0.405,0.999,1.000,0.884,1.131,""
AVBLOCK,CD8 on HLA DR+ CD8+ T cell,GCST90002060,25,21.17,0.193,0.357,0.998,1.000,0.881,1.136,""
AVBLOCK,CD28 on CD39+ CD8+ T cell,GCST90001897,20,17.90,0.164,0.255,0.991,1.000,0.871,1.148,""
AVBLOCK,BAFF-R on switched memory B cell,GCST90001718,19,69.93,0.772,0.995,1.000,1.000,0.932,1.072,""
AVBLOCK,HLA DR+ T cell%T cell,GCST90001619,31,25.98,0.283,0.509,1.000,1.000,0.892,1.122,""
AVBLOCK,HLA DR+ T cell%lymphocyte,GCST90001620,25,23.23,0.245,0.423,0.999,1.000,0.886,1.129,""
AVBLOCK,CD24 on transitional B cell,GCST90001774,20,14.21,0.130,0.154,0.954,1.000,0.856,1.168,""
AVBLOCK,Central Memory CD4+ T cell %CD4+ T cell,GCST90001538,32,23.17,0.210,0.421,0.999,1.000,0.886,1.129,""
AVBLOCK,CD39+ secreting CD4 regulatory T cell %secreting CD4 regulatory T cell,GCST90001496,28,36.27,0.326,0.774,1.000,1.000,0.907,1.102,""
AVBLOCK,CD86+ plasmacytoid Dendritic Cell Absolute Count,GCST90001466,20,13.95,0.132,0.148,0.949,1.000,0.855,1.170,""
AVBLOCK,CD45 on CD33+ HLA DR+ CD14dim,GCST90002043,16,22.91,0.218,0.413,0.999,1.000,0.885,1.130,""
AVBLOCK,Natural Killer T Absolute Count,GCST90001621,34,28.00,0.249,0.570,1.000,1.000,0.895,1.117,""
AVBLOCK,HLA DR+ Natural Killer %Natural Killer,GCST90001649,23,34.95,0.325,0.747,1.000,1.000,0.906,1.104,""
AVBLOCK,HLA DR+ Natural Killer  %CD3- lymphocyte,GCST90001650,23,35.09,0.343,0.750,1.000,1.000,0.906,1.104,""
AVBLOCK,IgD+ CD38+ B cell Absolute Count,GCST90001392,29,20.51,0.181,0.336,0.998,1.000,0.879,1.138,""
AVBLOCK,IgD- CD38+ B cell %B cell,GCST90001410,18,11.88,0.112,0.101,0.885,1.000,0.844,1.185,""
AVBLOCK,BAFF-R on IgD+ CD38+ B cell,GCST90001708,27,73.40,0.793,0.997,1.000,1.000,0.934,1.071,""
AVBLOCK,CD45RA+ CD28- CD8+ T cell %T cell,GCST90001700,206,not interpretable,1.802,not interpretable,not interpretable,not interpretable,not interpretable,not interpretable,implausible on both aggregate R2 (>1) and sum(F)/n (>1)
AVBLOCK,CD8+ Natural Killer T %T cell,GCST90001631,27,20.03,0.181,0.321,0.997,1.000,0.877,1.140,""
AVBLOCK,PDL-1 on CD14+ CD16- monocyte,GCST90001993,15,9.90,0.091,0.066,0.772,0.998,0.830,1.204,""
AVBLOCK,CD64 on monocyte,GCST90002006,29,45.08,0.397,0.902,1.000,1.000,0.917,1.091,""
AVBLOCK,IgD on IgD+ CD38- unswitched memory B cell,GCST90001823,17,45.91,0.344,0.910,1.000,1.000,0.917,1.090,""
AVBLOCK,CD20- CD38- B cell %lymphocyte,GCST90001444,23,14.76,0.137,0.168,0.964,1.000,0.859,1.164,""
AVBLOCK,CD3- lymphocyte %leukocyte,GCST90001641,20,13.58,0.120,0.139,0.940,1.000,0.853,1.172,""
AVBLOCK,CD4 regulatory T cell Absolute Count,GCST90001513,21,15.05,0.136,0.175,0.968,1.000,0.860,1.163,""
AVBLOCK,IgD on IgD+ CD38+ B cell,GCST90001824,25,47.08,0.341,0.921,1.000,1.000,0.918,1.089,""
AVBLOCK,IgD on transitional B cell,GCST90001828,32,40.66,0.308,0.848,1.000,1.000,0.912,1.096,""
AVBLOCK,CD25 on IgD- CD27- B cell,GCST90001786,21,16.88,0.151,0.226,0.986,1.000,0.867,1.153,""
AVBLOCK,CD25 on IgD- CD38- B cell,GCST90001787,22,19.79,0.180,0.313,0.997,1.000,0.877,1.141,""
AVBLOCK,CD28- CD25++ CD8+ T cell %CD8+ T cell,GCST90001677,25,16.12,0.172,0.204,0.980,1.000,0.864,1.157,""
AVBLOCK,CD33+ HLA DR+ CD14dim %CD33+ HLA DR+,GCST90001521,25,31.63,0.302,0.669,1.000,1.000,0.901,1.110,""
AVBLOCK,CD45 on Monocytic Myeloid-Derived Suppressor Cells,GCST90002049,17,24.63,0.231,0.467,1.000,1.000,0.889,1.125,""
AVBLOCK,HLA DR++ monocyte %monocyte,GCST90001475,22,24.53,0.180,0.464,1.000,1.000,0.889,1.125,""
AVBLOCK,CD45 on HLA DR+ T cell,GCST90001918,18,16.33,0.148,0.210,0.982,1.000,0.865,1.156,""
AVBLOCK,CD28- CD127- CD25++ CD8+ T cell Absolute Count,GCST90001675,29,20.81,0.201,0.346,0.998,1.000,0.880,1.137,""
AVBLOCK,CD28- CD25++ CD8+ T cell Absolute Count,GCST90001678,25,16.03,0.177,0.202,0.979,1.000,0.864,1.157,""
AVBLOCK,CD14 on CD14+ CD16- monocyte,GCST90001986,16,11.39,0.106,0.092,0.862,1.000,0.841,1.189,""
AVBLOCK,CD80 on CD62L+ myeloid Dendritic Cell,GCST90002036,26,28.53,0.261,0.585,1.000,1.000,0.896,1.116,""
AVBLOCK,Secreting CD4 regulatory T cell Absolute Count,GCST90001492,23,21.33,0.175,0.362,0.998,1.000,0.881,1.135,""
AVBLOCK,CD66b on CD66b++ myeloid cell,GCST90001836,26,39.68,0.387,0.834,1.000,1.000,0.911,1.097,""
AVBLOCK,CD19 on IgD- CD38- B cell,GCST90001733,22,14.65,0.131,0.165,0.962,1.000,0.858,1.165,""
AVBLOCK,CD38 on IgD- CD38+ B cell,GCST90001814,14,9.55,0.081,0.060,0.746,0.997,0.828,1.208,""
AVBLOCK,CD39 on CD39+ CD8+ T cell,GCST90002029,23,20.14,0.186,0.324,0.997,1.000,0.878,1.139,""
AVBLOCK,Terminally Differentiated CD4-CD8- T cell Absolute Count,GCST90001572,22,17.25,0.149,0.236,0.988,1.000,0.869,1.151,""
AVBLOCK,FSC-A on Natural Killer T,GCST90001976,20,14.63,0.138,0.165,0.961,1.000,0.858,1.165,""
AVBLOCK,CD19 on CD20- CD38- B cell,GCST90001722,19,12.56,0.117,0.116,0.911,1.000,0.848,1.179,""
AVBLOCK,CD20 on CD20- CD38- B cell,GCST90001744,16,10.22,0.093,0.071,0.795,0.998,0.833,1.201,""
AVBLOCK,CD27 on Plasma Blast-Plasma Cell,GCST90001807,19,12.50,0.116,0.114,0.909,1.000,0.848,1.180,""
AVBLOCK,CD62L on CD62L+ Dendritic Cell,GCST90001833,26,21.26,0.218,0.360,0.998,1.000,0.881,1.135,""
AVBLOCK,HLA DR on HLA DR+ CD4+ T cell,GCST90002114,22,16.03,0.154,0.202,0.979,1.000,0.864,1.157,""
AVBLOCK,IgD+ CD38- B cell Absolute Count,GCST90001396,17,11.62,0.102,0.096,0.873,1.000,0.842,1.187,""
AVBLOCK,IgD+ CD38- B cell %lymphocyte,GCST90001431,20,14.40,0.128,0.159,0.958,1.000,0.857,1.167,""
AVBLOCK,CD28 on CD28+ CD45RA+ CD8+ T cell,GCST90001896,15,24.87,0.229,0.475,1.000,1.000,0.889,1.124,""
AVBLOCK,SSC-A on B cell,GCST90002075,13,10.22,0.091,0.071,0.795,0.998,0.833,1.201,""
AVBLOCK,IgD- CD27- B cell Absolute Count,GCST90001401,25,19.93,0.177,0.318,0.997,1.000,0.877,1.140,""
AVBLOCK,CD3 on CD39+ CD4+ T cell,GCST90001860,27,43.31,0.436,0.883,1.000,1.000,0.915,1.093,""
AVBLOCK,CD123 on plasmacytoid Dendritic Cell,GCST90001944,18,19.63,0.167,0.309,0.996,1.000,0.876,1.141,""
AVBLOCK,CD123 on CD62L+ plasmacytoid Dendritic Cell,GCST90001945,18,19.57,0.167,0.306,0.996,1.000,0.876,1.141,""
AVBLOCK,HLA DR on CD14- CD16-,GCST90002009,25,30.79,0.243,0.648,1.000,1.000,0.900,1.111,""
AVBLOCK,Central Memory CD4+ T cell %T cell,GCST90001539,24,17.29,0.153,0.237,0.988,1.000,0.869,1.151,""
AVBLOCK,FSC-A on CD14+ monocyte,GCST90001967,23,17.91,0.159,0.256,0.991,1.000,0.871,1.148,""
AVBLOCK,CD25 on CD39+ secreting CD4 regulatory T cell,GCST90001942,16,12.41,0.112,0.112,0.905,1.000,0.847,1.181,""
AVBLOCK,CD4+CD8+ T cell %T cell,GCST90001595,8,5.79,0.047,0.018,0.358,0.889,0.784,1.275,""
AVBLOCK,CD3 on CD39+ activated CD4 regulatory T cell,GCST90001854,26,39.35,0.397,0.828,1.000,1.000,0.911,1.098,""
AVBLOCK,FSC-A on myeloid Dendritic Cell,GCST90001963,20,24.34,0.217,0.458,1.000,1.000,0.888,1.126,""
AVBLOCK,FSC-A on monocyte,GCST90001965,19,17.54,0.156,0.245,0.990,1.000,0.870,1.150,""
AVBLOCK,CD33+ HLA DR+ CD14- %CD33+ HLA DR+,GCST90001519,19,25.63,0.246,0.499,1.000,1.000,0.891,1.123,""
AVBLOCK,CD19 on IgD+ CD38- unswitched memory B cell,GCST90001728,22,28.88,0.288,0.595,1.000,1.000,0.897,1.115,""
AVBLOCK,CD25 on IgD+ CD24- B cell,GCST90001779,24,24.92,0.217,0.476,1.000,1.000,0.889,1.124,""
AVBLOCK,CD45RA- CD28- CD8+ T cell %T cell,GCST90001697,180,not interpretable,1.442,not interpretable,not interpretable,not interpretable,not interpretable,not interpretable,implausible on both aggregate R2 (>1) and sum(F)/n (>1)
AVBLOCK,CD20 on IgD- CD38- B cell,GCST90001755,27,21.64,0.187,0.372,0.999,1.000,0.882,1.134,""
AVBLOCK,CD20 on switched memory B cell,GCST90001761,31,27.17,0.236,0.546,1.000,1.000,0.894,1.119,""
AVBLOCK,CD39 on CD39+ secreting CD4 regulatory T cell,GCST90002031,23,not interpretable,1.087,not interpretable,not interpretable,not interpretable,not interpretable,not interpretable,implausible sum(F)/n (>1)
AVBLOCK,CD24+ CD27+ B cell %B cell,GCST90001417,26,17.98,0.161,0.258,0.992,1.000,0.871,1.148,""
AVBLOCK,CD4 on activated CD4 regulatory T cell,GCST90002066,24,21.07,0.191,0.354,0.998,1.000,0.880,1.136,""
AVBLOCK,CD4 on activated & secreting CD4 regulatory T cell,GCST90002070,32,27.80,0.247,0.564,1.000,1.000,0.895,1.117,""
AVBLOCK,CD33 on CD66b++ myeloid cell,GCST90001951,18,64.56,0.722,0.990,1.000,1.000,0.930,1.076,""
AVBLOCK,Effector Memory CD8+ T cell %CD8+ T cell,GCST90001555,24,16.58,0.214,0.217,0.984,1.000,0.866,1.155,""
AVBLOCK,CD45RA+ CD8+ T cell %CD8+ T cell,GCST90001561,27,18.37,0.243,0.270,0.993,1.000,0.872,1.146,""
AVBLOCK,HLA DR on CD33dim HLA DR+ CD11b+,GCST90002110,23,49.82,0.448,0.941,1.000,1.000,0.920,1.086,""
AVBLOCK,T cell %lymphocyte,GCST90001604,17,13.37,0.122,0.134,0.935,1.000,0.852,1.174,""
AVBLOCK,IgD+ CD24+ B cell Absolute Count,GCST90001412,23,16.15,0.151,0.205,0.980,1.000,0.865,1.157,""
AVBLOCK,CD33dim HLA DR- Absolute Count,GCST90001531,24,38.67,0.377,0.817,1.000,1.000,0.910,1.099,""
AVBLOCK,Activated CD4 regulatory T cell Absolute Count,GCST90001486,15,11.26,0.098,0.089,0.856,0.999,0.840,1.190,""
AVBLOCK,CD28+ CD45RA- CD8dim T cell %CD8dim T cell,GCST90001668,28,22.22,0.202,0.391,0.999,1.000,0.883,1.132,""
AVBLOCK,CD19 on IgD+ B cell,GCST90001741,27,18.68,0.169,0.279,0.994,1.000,0.873,1.145,""
AVBLOCK,Naive CD8+ T cell %CD8+ T cell,GCST90001552,37,13.00,0.236,0.125,0.925,1.000,0.850,1.176,""
AVBLOCK,CD127 on CD28+ CD45RA+ CD8+ T cell,GCST90001929,21,16.58,0.168,0.217,0.984,1.000,0.866,1.155,""
AVBLOCK,CCR2 on monocyte,GCST90002017,25,28.03,0.252,0.571,1.000,1.000,0.895,1.117,""
AVBLOCK,CD27 on IgD+ CD38- unswitched memory B cell,GCST90001801,23,54.51,0.542,0.966,1.000,1.000,0.924,1.082,""
AVBLOCK,CD45 on CD33- HLA DR+,GCST90002046,25,39.41,0.380,0.829,1.000,1.000,0.911,1.098,""
AVBLOCK,Myeloid Dendritic Cell %Dendritic Cell,GCST90001459,26,32.61,0.301,0.693,1.000,1.000,0.903,1.108,""
AVBLOCK,Plasmacytoid Dendritic Cell %Dendritic Cell,GCST90001474,24,29.46,0.283,0.612,1.000,1.000,0.898,1.114,""
AVBLOCK,CD19 on IgD+ CD38+ B cell,GCST90001729,21,18.22,0.156,0.265,0.993,1.000,0.872,1.147,""
AVBLOCK,CD38 on IgD+ CD38dim B cell,GCST90001813,23,21.65,0.191,0.372,0.999,1.000,0.882,1.134,""
AVBLOCK,Terminally Differentiated CD4-CD8- T cell %CD4-CD8- T cell,GCST90001573,27,22.20,0.196,0.390,0.999,1.000,0.883,1.132,""
AVBLOCK,CD33+ HLA DR+ Absolute Count,GCST90001517,30,39.52,0.398,0.831,1.000,1.000,0.911,1.098,""
AVBLOCK,CD33+ HLA DR+ CD14- Absolute Count,GCST90001518,29,37.60,0.377,0.799,1.000,1.000,0.909,1.100,""
AVBLOCK,CD25 on resting CD4 regulatory T cell,GCST90001937,20,15.18,0.132,0.179,0.970,1.000,0.861,1.162,""
AVBLOCK,SSC-A on HLA DR+ T cell,GCST90002083,20,18.58,0.159,0.276,0.994,1.000,0.873,1.145,""
AVBLOCK,IgD- CD38dim B cell %B cell,GCST90001428,26,17.29,0.153,0.238,0.988,1.000,0.869,1.151,""
AVBLOCK,CD38 on CD20- B cell,GCST90001809,19,11.83,0.112,0.100,0.883,1.000,0.844,1.185,""
AVBLOCK,CD45 on CD33+ HLA DR+ CD14-,GCST90002042,18,28.15,0.259,0.574,1.000,1.000,0.896,1.117,""
AVBLOCK,Myeloid Dendritic Cell Absolute Count,GCST90001458,23,32.51,0.312,0.691,1.000,1.000,0.902,1.108,""
AVBLOCK,CD4 on naive CD4+ T cell,GCST90002024,20,22.29,0.185,0.393,0.999,1.000,0.883,1.132,""
AVBLOCK,Terminally Differentiated CD4+ T cell %CD4+ T cell,GCST90001546,21,20.78,0.175,0.345,0.998,1.000,0.880,1.137,""
AVBLOCK,Terminally Differentiated CD4+ T cell %T cell,GCST90001547,26,24.39,0.212,0.460,1.000,1.000,0.888,1.126,""
AVBLOCK,CD24 on switched memory B cell,GCST90001773,38,31.26,0.276,0.660,1.000,1.000,0.901,1.110,""
AVBLOCK,Natural Killer T %T cell,GCST90001622,32,27.04,0.241,0.541,1.000,1.000,0.894,1.119,""
AVBLOCK,Natural Killer T %lymphocyte,GCST90001623,33,27.63,0.242,0.559,1.000,1.000,0.895,1.118,""
AVBLOCK,Memory B cell %B cell,GCST90001406,29,21.50,0.187,0.368,0.999,1.000,0.881,1.134,""
AVBLOCK,CD19 on IgD- CD38+ B cell,GCST90001734,18,12.00,0.107,0.104,0.890,1.000,0.845,1.184,""
AVBLOCK,HLA DR++ monocyte Absolute Count,GCST90001477,23,18.01,0.153,0.259,0.992,1.000,0.871,1.148,""
AVBLOCK,CD19 on IgD+ CD38- naive B cell,GCST90001727,19,22.76,0.220,0.408,0.999,1.000,0.885,1.130,""
AVBLOCK,CD28- CD4-CD8- T cell Absolute Count,GCST90001654,31,23.41,0.210,0.429,1.000,1.000,0.886,1.129,""
AVBLOCK,CD24+ CD27+ B cell Absolute Count,GCST90001418,26,17.49,0.158,0.243,0.989,1.000,0.869,1.150,""
AVBLOCK,CD62L- HLA DR++ monocyte Absolute Count,GCST90001454,19,13.67,0.132,0.141,0.942,1.000,0.854,1.171,""
AVBLOCK,CCR2 on plasmacytoid Dendritic Cell,GCST90002015,19,25.75,0.235,0.502,1.000,1.000,0.891,1.122,""
AVBLOCK,CCR2 on CD62L+ plasmacytoid Dendritic Cell,GCST90002016,19,25.65,0.235,0.499,1.000,1.000,0.891,1.122,""
AVBLOCK,CD33 on Granulocytic Myeloid-Derived Suppressor Cells,GCST90001950,20,57.95,0.579,0.977,1.000,1.000,0.926,1.080,""
AVBLOCK,CD40 on CD14- CD16+ monocyte,GCST90001989,27,48.20,0.451,0.930,1.000,1.000,0.919,1.088,""
AVBLOCK,CD39+ CD4+ T cell %T cell,GCST90001658,31,36.16,0.358,0.771,1.000,1.000,0.907,1.102,""
AVBLOCK,CD45 on basophil,GCST90002051,17,25.13,0.235,0.483,1.000,1.000,0.890,1.124,""
AVBLOCK,CD25 on IgD+ CD38+ B cell,GCST90001783,13,13.51,0.112,0.137,0.939,1.000,0.853,1.173,""
AVBLOCK,CD14- CD16+ monocyte %monocyte,GCST90001584,23,20.02,0.187,0.321,0.997,1.000,0.877,1.140,""
AVBLOCK,CD16+ monocyte %monocyte,GCST90001587,22,21.59,0.204,0.370,0.999,1.000,0.882,1.134,""
AVBLOCK,Secreting CD4 regulatory T cell %CD4+ T cell,GCST90001494,26,25.14,0.236,0.483,1.000,1.000,0.890,1.124,""
AVBLOCK,CD3 on CD45RA- CD4+ T cell,GCST90001845,28,37.18,0.361,0.791,1.000,1.000,0.909,1.101,""
AVBLOCK,CD24 on IgD- CD38- B cell,GCST90001769,29,23.33,0.205,0.426,0.999,1.000,0.886,1.129,""
AVBLOCK,CD3 on Effector Memory CD8+ T cell,GCST90001839,20,21.63,0.199,0.372,0.999,1.000,0.882,1.134,""
AVBLOCK,CD62L- myeloid Dendritic Cell Absolute Count,GCST90001468,16,37.08,0.362,0.789,1.000,1.000,0.908,1.101,""
AVBLOCK,CD62L- myeloid Dendritic Cell %Dendritic Cell,GCST90001469,24,43.31,0.430,0.883,1.000,1.000,0.915,1.093,""
AVBLOCK,CD62L- CD86+ myeloid Dendritic Cell Absolute Count,GCST90001472,19,46.49,0.479,0.916,1.000,1.000,0.918,1.090,""
AVBLOCK,CD62L- CD86+ myeloid Dendritic Cell %Dendritic Cell,GCST90001473,18,46.42,0.478,0.915,1.000,1.000,0.918,1.090,""
AVBLOCK,CD45 on Natural Killer,GCST90001911,30,26.88,0.234,0.537,1.000,1.000,0.893,1.119,""
AVBLOCK,SSC-A on monocyte,GCST90002073,23,53.90,0.545,0.963,1.000,1.000,0.923,1.083,""
AVBLOCK,CD25++ CD45RA- CD4 not regulatory T cell %CD4+ T cell,GCST90001511,24,21.64,0.196,0.372,0.999,1.000,0.882,1.134,""
AVBLOCK,CD27 on T cell,GCST90001799,21,26.61,0.287,0.528,1.000,1.000,0.893,1.120,""
AVBLOCK,CD20 on naive-mature B cell,GCST90001759,23,18.68,0.167,0.279,0.994,1.000,0.873,1.145,""
AVBLOCK,CD39+ activated CD4 regulatory T cell %CD4 regulatory T cell,GCST90001491,23,66.00,0.812,0.992,1.000,1.000,0.931,1.075,""
AVBLOCK,CD39+ secreting CD4 regulatory T cell Absolute Count,GCST90001495,26,75.28,0.905,0.998,1.000,1.000,0.935,1.070,""
AVBLOCK,CD4 on CD39+ CD4+ T cell,GCST90002061,27,39.50,0.362,0.831,1.000,1.000,0.911,1.098,""
AVBLOCK,HLA DR+ CD4+ T cell Absolute Count,GCST90001624,24,17.73,0.171,0.250,0.991,1.000,0.870,1.149,""
AVBLOCK,CD25++ CD8+ T cell %T cell,GCST90001679,17,13.04,0.121,0.126,0.926,1.000,0.850,1.176,""
AVBLOCK,CD25++ CD8+ T cell %CD8+ T cell,GCST90001680,22,17.06,0.159,0.231,0.987,1.000,0.868,1.152,""
AVBLOCK,CD27 on IgD- CD38+ B cell,GCST90001803,15,11.24,0.099,0.089,0.855,0.999,0.840,1.191,""
AVBLOCK,CD8 on Terminally Differentiated CD8+ T cell,GCST90002057,17,17.53,0.157,0.244,0.990,1.000,0.870,1.150,""
AVBLOCK,Plasma Blast-Plasma Cell Absolute Count,GCST90001405,24,14.96,0.139,0.173,0.966,1.000,0.860,1.163,""
AVBLOCK,CD66b++ myeloid cell Absolute Count,GCST90001529,16,18.86,0.186,0.285,0.995,1.000,0.874,1.144,""
AVBLOCK,CD11c+ CD62L- monocyte %monocyte,GCST90001453,18,14.40,0.131,0.159,0.958,1.000,0.857,1.167,""
AVBLOCK,BAFF-R on IgD+ CD24- B cell,GCST90001704,22,74.88,0.849,0.998,1.000,1.000,0.935,1.070,""
AVBLOCK,BAFF-R on IgD+ CD38- B cell,GCST90001705,22,73.46,0.832,0.997,1.000,1.000,0.934,1.071,""
AVBLOCK,BAFF-R on IgD+ CD38dim B cell,GCST90001709,25,76.88,0.871,0.998,1.000,1.000,0.935,1.069,""
AVBLOCK,BAFF-R on naive-mature B cell,GCST90001716,23,74.71,0.837,0.998,1.000,1.000,0.935,1.070,""
AVBLOCK,BAFF-R on IgD+ B cell,GCST90001719,24,75.72,0.855,0.998,1.000,1.000,0.935,1.070,""
AVBLOCK,BAFF-R on transitional B cell,GCST90001720,24,65.79,0.696,0.992,1.000,1.000,0.930,1.075,""
AVBLOCK,BAFF-R on B cell,GCST90001829,21,73.32,0.824,0.997,1.000,1.000,0.934,1.071,""
AVBLOCK,HLA DR on plasmacytoid Dendritic Cell,GCST90002105,23,67.85,0.564,0.994,1.000,1.000,0.931,1.074,""
AVBLOCK,IgD- CD38+ B cell Absolute Count,GCST90001420,20,12.19,0.118,0.108,0.897,1.000,0.846,1.182,""
AVBLOCK,HLA DR on HLA DR+ CD8+ T cell,GCST90002115,20,14.23,0.141,0.154,0.954,1.000,0.856,1.168,""
AVBLOCK,CD27 on switched memory B cell,GCST90001808,30,50.49,0.465,0.945,1.000,1.000,0.921,1.086,""
AVBLOCK,CD4 on CD39+ secreting CD4 regulatory T cell,GCST90002069,23,25.12,0.226,0.483,1.000,1.000,0.890,1.124,""
AVBLOCK,Naive CD4-CD8- T cell Absolute Count,GCST90001566,18,8.06,0.115,0.040,0.612,0.985,0.814,1.229,""
AVBLOCK,Terminally Differentiated CD8+ T cell Absolute Count,GCST90001557,17,12.71,0.111,0.119,0.916,1.000,0.849,1.178,""
AVBLOCK,CD27 on IgD+ CD24+ B cell,GCST90001800,31,40.88,0.362,0.851,1.000,1.000,0.913,1.096,""
AVBLOCK,CD14- CD16+ monocyte Absolute Count,GCST90001579,18,16.81,0.157,0.224,0.985,1.000,0.867,1.153,""
AVBLOCK,CD14+ CD16- monocyte %monocyte,GCST90001586,24,22.61,0.219,0.403,0.999,1.000,0.884,1.131,""
AVBLOCK,HVEM on Terminally Differentiated CD8+ T cell,GCST90001874,25,45.39,0.430,0.905,1.000,1.000,0.917,1.091,""
AVBLOCK,Resting CD4 regulatory T cell %CD4+ T cell,GCST90001482,33,28.99,0.305,0.598,1.000,1.000,0.897,1.115,""
AVBLOCK,CD25 on IgD+ CD38- naive B cell,GCST90001781,25,37.39,0.337,0.795,1.000,1.000,0.909,1.100,""
AVBLOCK,CD28 on CD4+ T cell,GCST90001898,27,27.65,0.262,0.560,1.000,1.000,0.895,1.118,""
AVBLOCK,Plasma Blast-Plasma Cell %B cell,GCST90001404,27,18.05,0.164,0.260,0.992,1.000,0.871,1.148,""
AVBLOCK,Plasma Blast-Plasma Cell %lymphocyte,GCST90001435,18,12.36,0.109,0.111,0.904,1.000,0.847,1.181,""
AVBLOCK,TCRgd T cell Absolute Count,GCST90001615,19,12.34,0.113,0.111,0.903,1.000,0.847,1.181,""
AVBLOCK,TCRgd T cell %T cell,GCST90001616,18,12.02,0.106,0.104,0.891,1.000,0.845,1.184,""
AVBLOCK,TCRgd T cell %lymphocyte,GCST90001617,20,13.47,0.119,0.136,0.938,1.000,0.853,1.173,""
AVBLOCK,CD25 on CD24+ CD27+ B cell,GCST90001777,24,24.02,0.227,0.448,1.000,1.000,0.887,1.127,""
AVBLOCK,Plasmacytoid Dendritic Cell Absolute Count,GCST90001460,30,20.53,0.213,0.337,0.998,1.000,0.879,1.138,""
AVBLOCK,CD4+ CD8dim T cell %lymphocyte,GCST90001610,19,18.73,0.167,0.281,0.994,1.000,0.874,1.145,""
AVBLOCK,CD4+ CD8dim T cell %leukocyte,GCST90001611,14,15.72,0.138,0.193,0.976,1.000,0.863,1.159,""
AVBLOCK,CD19 on Plasma Blast-Plasma Cell,GCST90001739,23,15.30,0.138,0.182,0.971,1.000,0.861,1.161,""
AVBLOCK,SSC-A on myeloid Dendritic Cell,GCST90002071,18,18.52,0.163,0.274,0.994,1.000,0.873,1.146,""
AVBLOCK,CD3 on Terminally Differentiated CD8+ T cell,GCST90001840,23,20.23,0.184,0.327,0.997,1.000,0.878,1.139,""
AVBLOCK,CD66b on Granulocytic Myeloid-Derived Suppressor Cells,GCST90001837,22,38.23,0.381,0.810,1.000,1.000,0.910,1.099,""
AVBLOCK,Central Memory CD8+ T cell %T cell,GCST90001550,22,14.48,0.137,0.161,0.959,1.000,0.857,1.166,""
AVBLOCK,CD33 on CD33dim HLA DR+ CD11b+,GCST90001948,22,not interpretable,1.119,not interpretable,not interpretable,not interpretable,not interpretable,not interpretable,implausible sum(F)/n (>1)
AVBLOCK,IgD on unswitched memory B cell,GCST90001826,22,37.16,0.258,0.791,1.000,1.000,0.908,1.101,""
AVBLOCK,CD19 on naive-mature B cell,GCST90001737,29,19.71,0.177,0.311,0.996,1.000,0.877,1.141,""
AVBLOCK,Terminally Differentiated CD4-CD8- T cell %T cell,GCST90001574,24,18.72,0.164,0.280,0.994,1.000,0.874,1.145,""
AVBLOCK,CCR2 on monocyte,GCST90002008,24,17.70,0.161,0.250,0.990,1.000,0.870,1.149,""
AVBLOCK,CD4+ CD8dim T cell Absolute Count,GCST90001609,15,14.94,0.128,0.172,0.966,1.000,0.860,1.163,""
AVBLOCK,CD39 on CD39+ CD4+ T cell,GCST90002032,20,75.76,0.992,0.998,1.000,1.000,0.935,1.070,""
AVBLOCK,CD39+ resting CD4 regulatory T cell %resting CD4 regulatory T cell,GCST90001484,28,71.09,0.870,0.996,1.000,1.000,0.933,1.072,""
AVBLOCK,CD39+ secreting CD4 regulatory T cell %CD4 regulatory T cell,GCST90001497,22,30.69,0.281,0.645,1.000,1.000,0.900,1.111,""
AVBLOCK,CD28 on CD39+ CD4+ T cell,GCST90001892,17,34.33,0.336,0.733,1.000,1.000,0.905,1.105,""
AVBLOCK,CD39 on CD39+ activated CD4 regulatory T cell,GCST90002030,22,35.77,0.340,0.764,1.000,1.000,0.907,1.103,""
AVBLOCK,CD14 on Monocytic Myeloid-Derived Suppressor Cells,GCST90002019,25,34.58,0.340,0.739,1.000,1.000,0.905,1.105,""
AVBLOCK,CD40 on CD14+ CD16- monocyte,GCST90001980,23,35.15,0.328,0.751,1.000,1.000,0.906,1.104,""
AVBLOCK,CD40 on monocytes,GCST90001985,29,43.46,0.410,0.885,1.000,1.000,0.915,1.093,""
AVBLOCK,HVEM on Terminally Differentiated CD4+ T cell,GCST90001879,26,47.14,0.459,0.921,1.000,1.000,0.918,1.089,""
AVBLOCK,CD11c+ CD62L- monocyte Absolute Count,GCST90001452,22,16.41,0.161,0.212,0.982,1.000,0.866,1.155,""
AVBLOCK,CD8dim Natural Killer T Absolute Count,GCST90001633,27,23.37,0.212,0.427,0.999,1.000,0.886,1.129,""
AVBLOCK,CD8dim Natural Killer T %lymphocyte,GCST90001635,26,23.65,0.211,0.436,1.000,1.000,0.887,1.128,""
AVBLOCK,Activated CD4 regulatory T cell %CD4 regulatory T cell,GCST90001487,28,19.92,0.190,0.317,0.997,1.000,0.877,1.140,""
AVBLOCK,CD25 on IgD+ CD24+ B cell,GCST90001778,26,23.26,0.216,0.424,0.999,1.000,0.886,1.129,""
AVBLOCK,CD25 on IgD+ CD38- unswitched memory B cell,GCST90001782,24,34.95,0.354,0.747,1.000,1.000,0.906,1.104,""
AVBLOCK,CD25++ CD45RA+ CD4 not regulatory T cell %CD4+ T cell,GCST90001508,32,30.62,0.268,0.643,1.000,1.000,0.900,1.112,""
AVBLOCK,CD25++ CD45RA+ CD4 not regulatory T cell %T cell,GCST90001509,27,25.65,0.223,0.499,1.000,1.000,0.891,1.122,""
AVBLOCK,CD25 on CD45RA+ CD4 not regulatory T cell,GCST90001934,22,14.79,0.147,0.169,0.964,1.000,0.859,1.164,""
AVBLOCK,Activated & secreting CD4 regulatory T cell Absolute Count,GCST90001501,22,20.90,0.170,0.349,0.998,1.000,0.880,1.137,""
AVBLOCK,CD4 on CD4 regulatory T cell,GCST90002063,29,25.44,0.228,0.493,1.000,1.000,0.890,1.123,""
AVBLOCK,CD4 on secreting CD4 regulatory T cell,GCST90002068,28,25.09,0.215,0.482,1.000,1.000,0.890,1.124,""
AVBLOCK,CD27 on CD20- B cell,GCST90001796,16,10.60,0.093,0.077,0.819,0.999,0.836,1.197,""
AVBLOCK,CCR2 on myeloid Dendritic Cell,GCST90002013,14,18.62,0.174,0.277,0.994,1.000,0.873,1.145,""
AVBLOCK,CD19 on CD24+ CD27+ B cell,GCST90001723,29,22.34,0.196,0.394,0.999,1.000,0.884,1.132,""
AVBLOCK,HLA DR+ CD8+ T cell %T cell,GCST90001628,30,26.00,0.267,0.510,1.000,1.000,0.892,1.122,""
AVBLOCK,CD16-CD56 on Natural Killer,GCST90001884,28,53.17,0.525,0.960,1.000,1.000,0.923,1.084,""
AVBLOCK,CD45 on CD33- HLA DR-,GCST90002045,14,22.90,0.215,0.413,0.999,1.000,0.885,1.130,""
AVBLOCK,CD33dim HLA DR+ CD11b- Absolute Count,GCST90001527,28,32.72,0.361,0.696,1.000,1.000,0.903,1.108,""
AVBLOCK,IgD- CD38dim B cell %lymphocyte,GCST90001426,23,15.68,0.145,0.192,0.976,1.000,0.863,1.159,""
AVBLOCK,Central Memory CD4-CD8- T cell %T cell,GCST90001565,16,8.18,0.101,0.041,0.624,0.986,0.815,1.227,""
AVBLOCK,Activated & secreting CD4 regulatory T cell %CD4+ T cell,GCST90001503,32,28.48,0.270,0.584,1.000,1.000,0.896,1.116,""
AVBLOCK,IgD+ CD38dim B cell %lymphocyte,GCST90001430,33,21.49,0.200,0.367,0.999,1.000,0.881,1.134,""
AVBLOCK,Effector Memory CD4-CD8- T cell %CD4-CD8- T cell,GCST90001570,29,23.90,0.208,0.444,1.000,1.000,0.887,1.127,""
AVBLOCK,Effector Memory CD4-CD8- T cell Absolute Count,GCST90001569,19,13.68,0.135,0.141,0.943,1.000,0.854,1.171,""
AVBLOCK,CX3CR1 on monocyte,GCST90001995,26,29.03,0.265,0.599,1.000,1.000,0.897,1.115,""
AVBLOCK,CX3CR1 on CD14+ CD16- monocyte,GCST90001997,27,32.97,0.297,0.702,1.000,1.000,0.903,1.107,""
AVBLOCK,CD20 on transitional B cell,GCST90001763,22,17.28,0.153,0.237,0.988,1.000,0.869,1.151,""
AVBLOCK,CD25 on CD39+ CD4+ T cell,GCST90001961,23,51.74,0.538,0.953,1.000,1.000,0.922,1.085,""
AVBLOCK,CD20 on IgD+ CD38+ B cell,GCST90001751,26,22.55,0.197,0.401,0.999,1.000,0.884,1.131,""
AVBLOCK,CD14+ CD16+ monocyte Absolute Count,GCST90001580,20,29.09,0.276,0.601,1.000,1.000,0.897,1.115,""
AVBLOCK,CD14+ CD16+ monocyte %monocyte,GCST90001585,25,36.28,0.340,0.774,1.000,1.000,0.907,1.102,""
AVBLOCK,CD45RA- CD28- CD8+ T cell %CD8+ T cell,GCST90001696,50,not interpretable,0.388,not interpretable,not interpretable,not interpretable,not interpretable,not interpretable,implausible aggregate R2 (>1)
AVBLOCK,CD8 on CD39+ CD8+ T cell,GCST90002121,25,24.87,0.226,0.475,1.000,1.000,0.889,1.124,""
AVBLOCK,CCR2 on CD62L+ myeloid Dendritic Cell,GCST90002014,14,19.17,0.170,0.294,0.995,1.000,0.875,1.143,""
AVBLOCK,IgD on IgD+ CD24- B cell,GCST90001821,29,44.49,0.329,0.896,1.000,1.000,0.916,1.092,""
AVBLOCK,CD28+ CD4-CD8- T cell %T cell,GCST90001655,23,13.44,0.148,0.136,0.937,1.000,0.853,1.173,""
AVBLOCK,CD4+/CD8+ T cell,GCST90001589,15,10.89,0.088,0.082,0.836,0.999,0.838,1.194,""
AVBLOCK,CD8+ T cell %T cell,GCST90001593,23,15.99,0.136,0.201,0.979,1.000,0.864,1.158,""
AVBLOCK,CD8+ T cell %leukocyte,GCST90001607,17,12.37,0.106,0.112,0.904,1.000,0.847,1.181,""
AVBLOCK,CD38 on Plasma Blast-Plasma Cell,GCST90001817,15,9.63,0.091,0.061,0.753,0.997,0.828,1.207,""
AVBLOCK,CD3 on T cell,GCST90001851,31,34.94,0.331,0.746,1.000,1.000,0.906,1.104,""
AVBLOCK,CD28- CD127- CD25++ CD8+ T cell %CD8+ T cell,GCST90001674,18,13.10,0.124,0.128,0.928,1.000,0.851,1.175,""
AVBLOCK,CD19 on IgD+ CD24+ B cell,GCST90001724,33,23.95,0.213,0.446,1.000,1.000,0.887,1.127,""
AVBLOCK,CD62L- plasmacytoid Dendritic Cell %Dendritic Cell,GCST90001471,18,18.26,0.176,0.266,0.993,1.000,0.872,1.147,""
AVBLOCK,SSC-A on HLA DR+ Natural Killer,GCST90002077,28,35.44,0.337,0.757,1.000,1.000,0.906,1.103,""
AVBLOCK,IgD+ CD38+ B cell %B cell,GCST90001447,25,15.95,0.151,0.199,0.978,1.000,0.864,1.158,""
AVBLOCK,CD14 on CD33+ HLA DR+ CD14dim,GCST90002020,18,26.52,0.251,0.526,1.000,1.000,0.893,1.120,""
AVBLOCK,CD11c on myeloid Dendritic Cell,GCST90002087,30,29.98,0.291,0.626,1.000,1.000,0.899,1.113,""
AVBLOCK,CD27 on unswitched memory B cell,GCST90001806,30,41.10,0.366,0.855,1.000,1.000,0.913,1.096,""
AVBLOCK,CD8 on CD28- CD8+ T cell,GCST90002120,20,19.11,0.168,0.292,0.995,1.000,0.875,1.143,""
AVBLOCK,CD11b on CD33+ HLA DR+ CD14dim,GCST90002097,21,38.38,0.386,0.812,1.000,1.000,0.910,1.099,""
AVBLOCK,CD20 on IgD- CD38dim B cell,GCST90001757,34,29.62,0.256,0.616,1.000,1.000,0.898,1.113,""
AVBLOCK,CD24 on memory B cell,GCST90001771,31,26.72,0.240,0.532,1.000,1.000,0.893,1.120,""
AVBLOCK,CD4+CD8+ T cell %leukocyte,GCST90001608,22,17.26,0.156,0.237,0.988,1.000,0.869,1.151,""
AVBLOCK,CD25 on IgD- CD38dim B cell,GCST90001789,20,20.30,0.190,0.329,0.997,1.000,0.878,1.139,""
AVBLOCK,CD8 on naive CD8+ T cell,GCST90002055,16,20.30,0.184,0.329,0.997,1.000,0.878,1.139,""
AVBLOCK,CD38 on IgD+ CD24- B cell,GCST90001811,17,13.88,0.120,0.146,0.947,1.000,0.855,1.170,""
AVBLOCK,CD8 on Natural Killer T,GCST90002059,18,15.01,0.137,0.174,0.967,1.000,0.860,1.163,""
AVBLOCK,CD19 on IgD+ CD38- B cell,GCST90001726,31,20.09,0.181,0.323,0.997,1.000,0.878,1.139,""
AVBLOCK,CD20 on B cell,GCST90001743,23,18.65,0.164,0.278,0.994,1.000,0.873,1.145,""
AVBLOCK,CD20 on IgD+ B cell,GCST90001762,20,17.32,0.154,0.238,0.989,1.000,0.869,1.151,""
AVBLOCK,HLA DR+ T cell Absolute Count,GCST90001618,30,26.47,0.258,0.524,1.000,1.000,0.893,1.120,""
AVBLOCK,HLA DR+ CD8+ T cell %lymphocyte,GCST90001629,30,26.34,0.262,0.520,1.000,1.000,0.892,1.121,""
AVBLOCK,Effector Memory CD8+ T cell Absolute Count,GCST90001554,24,19.52,0.165,0.305,0.996,1.000,0.876,1.142,""
AVBLOCK,CD8+ T cell Absolute Count,GCST90001592,21,14.85,0.134,0.170,0.965,1.000,0.859,1.164,""
AVBLOCK,CD127- CD8+ T cell Absolute Count,GCST90001684,13,10.24,0.087,0.071,0.796,0.998,0.833,1.201,""
AVBLOCK,CD28 on CD28+ CD4+ T cell,GCST90001894,27,28.74,0.271,0.591,1.000,1.000,0.897,1.115,""
AVBLOCK,CD45RA- CD4+ T cell Absolute Count,GCST90001534,16,14.10,0.117,0.151,0.952,1.000,0.856,1.169,""
AVBLOCK,CD27 on IgD- CD38- B cell,GCST90001802,31,38.92,0.348,0.821,1.000,1.000,0.910,1.098,""
AVBLOCK,CD64 on CD14+ CD16+ monocyte,GCST90002011,12,8.61,0.077,0.047,0.666,0.991,0.819,1.221,""
AVBLOCK,Switched memory B cell %B cell,GCST90001402,13,9.79,0.081,0.064,0.764,0.997,0.829,1.206,""
AVBLOCK,IgD- CD38- B cell %B cell,GCST90001445,12,8.57,0.073,0.046,0.662,0.991,0.819,1.221,""
AVBLOCK,CD33 on CD33+ HLA DR+ CD14dim,GCST90001947,27,not interpretable,1.146,not interpretable,not interpretable,not interpretable,not interpretable,not interpretable,implausible sum(F)/n (>1)
AVBLOCK,FSC-A on HLA DR+ Natural Killer,GCST90001970,20,27.73,0.261,0.562,1.000,1.000,0.895,1.117,""
AVBLOCK,HLA DR on CD33dim HLA DR+ CD11b-,GCST90002111,18,41.80,0.389,0.864,1.000,1.000,0.913,1.095,""
AVBLOCK,CD33 on CD33+ HLA DR+,GCST90001956,23,not interpretable,1.112,not interpretable,not interpretable,not interpretable,not interpretable,not interpretable,implausible sum(F)/n (>1)
AVBLOCK,CD33 on CD33+ HLA DR+ CD14-,GCST90001957,21,not interpretable,1.095,not interpretable,not interpretable,not interpretable,not interpretable,not interpretable,implausible sum(F)/n (>1)
AVBLOCK,CD127 on T cell,GCST90001922,18,14.17,0.134,0.153,0.953,1.000,0.856,1.168,""
AVBLOCK,CD8+ and CD8dim T cell %leukocyte,GCST90001614,15,11.89,0.096,0.102,0.885,1.000,0.844,1.185,""
AVBLOCK,CD45 on granulocyte,GCST90001913,15,11.99,0.108,0.104,0.889,1.000,0.845,1.184,""
AVBLOCK,IgD- CD27- B cell %B cell,GCST90001399,15,17.54,0.155,0.245,0.990,1.000,0.870,1.150,""
AVBLOCK,CD27 on CD24+ CD27+ B cell,GCST90001798,30,47.51,0.447,0.924,1.000,1.000,0.919,1.089,""
AVBLOCK,CD27 on IgD- CD38dim B cell,GCST90001804,31,48.66,0.471,0.933,1.000,1.000,0.920,1.087,""
AVBLOCK,CD27 on memory B cell,GCST90001805,25,35.26,0.321,0.753,1.000,1.000,0.906,1.104,""
AVBLOCK,HLA DR+ CD4+ T cell %lymphocyte,GCST90001626,21,14.64,0.163,0.165,0.962,1.000,0.858,1.165,""
AVBLOCK,BAFF-R on IgD+ CD38- unswitched memory B cell,GCST90001707,19,75.14,0.885,0.998,1.000,1.000,0.935,1.070,""
AVBLOCK,CD25 on CD39+ activated CD4 regulatory T cell,GCST90001940,12,9.00,0.081,0.052,0.701,0.994,0.823,1.215,""
AVBLOCK,CD45RA+ CD8+ T cell %T cell,GCST90001562,35,19.54,0.238,0.305,0.996,1.000,0.876,1.142,""
AVBLOCK,CD25 on transitional B cell,GCST90001795,22,17.38,0.148,0.240,0.989,1.000,0.869,1.151,""
AVBLOCK,CD4-CD8- T cell Absolute Count,GCST90001598,20,13.58,0.134,0.139,0.940,1.000,0.853,1.172,""
AVBLOCK,CD4-CD8- T cell %leukocyte,GCST90001613,20,14.22,0.136,0.154,0.954,1.000,0.856,1.168,""
AVBLOCK,PDL-1 on CD14- CD16+ monocyte,GCST90001999,19,23.91,0.216,0.445,1.000,1.000,0.887,1.127,""
AVBLOCK,Activated & resting CD4 regulatory T cell %CD4+ T cell,GCST90001500,27,21.40,0.204,0.364,0.999,1.000,0.881,1.135,""
AVBLOCK,CD45RA+ CD8+ T cell Absolute Count,GCST90001560,28,15.55,0.203,0.189,0.974,1.000,0.862,1.160,""
AVBLOCK,CD11b on CD33dim HLA DR-,GCST90002095,23,39.76,0.367,0.835,1.000,1.000,0.911,1.097,""
AVBLOCK,CD62L- HLA DR++ monocyte %monocyte,GCST90001455,12,9.08,0.084,0.053,0.708,0.994,0.824,1.214,""
AVBLOCK,IgD- CD24- B cell %B cell,GCST90001413,18,12.58,0.109,0.116,0.911,1.000,0.848,1.179,""
AVBLOCK,IgD- CD24- B cell Absolute Count,GCST90001414,18,12.03,0.105,0.105,0.891,1.000,0.845,1.184,""
AVBLOCK,IgD- CD24- B cell %lymphocyte,GCST90001440,24,16.42,0.139,0.213,0.983,1.000,0.866,1.155,""
AVBLOCK,CD4-CD8- T cell %T cell,GCST90001599,15,11.43,0.108,0.093,0.865,1.000,0.841,1.189,""
AVBLOCK,CD4-CD8- Natural Killer T Absolute Count,GCST90001636,10,7.12,0.066,0.030,0.512,0.963,0.803,1.245,""
AVBLOCK,CD4-CD8- Natural Killer T %T cell,GCST90001637,30,27.12,0.244,0.544,1.000,1.000,0.894,1.119,""
AVBLOCK,CD4-CD8- Natural Killer T %lymphocyte,GCST90001638,29,25.73,0.234,0.502,1.000,1.000,0.891,1.122,""
AVBLOCK,Naive CD4+ T cell %CD4+ T cell,GCST90001541,35,24.76,0.239,0.471,1.000,1.000,0.889,1.125,""
AVBLOCK,CD3 on Terminally Differentiated CD4+ T cell,GCST90001844,23,21.86,0.200,0.379,0.999,1.000,0.882,1.133,""
AVBLOCK,CD25 on IgD- CD38+ B cell,GCST90001788,20,13.09,0.118,0.127,0.927,1.000,0.851,1.175,""
AVBLOCK,CD20 on CD24+ CD27+ B cell,GCST90001745,29,25.25,0.210,0.487,1.000,1.000,0.890,1.123,""
AVBLOCK,CD8 on CD8+ T cell,GCST90002058,27,26.72,0.244,0.532,1.000,1.000,0.893,1.120,""
AVBLOCK,CD8dim T cell Absolute Count,GCST90001596,27,18.61,0.176,0.277,0.994,1.000,0.873,1.145,""
AVBLOCK,CD3 on Central Memory CD8+ T cell,GCST90001846,19,23.85,0.237,0.443,1.000,1.000,0.887,1.127,""
AVBLOCK,CD3 on HLA DR+ T cell,GCST90001847,27,28.80,0.266,0.593,1.000,1.000,0.897,1.115,""
AVBLOCK,HLA DR+ Natural Killer Absolute Count,GCST90001648,18,31.05,0.304,0.654,1.000,1.000,0.900,1.111,""
AVBLOCK,CD45 on HLA DR+ Natural Killer,GCST90001912,12,9.10,0.084,0.054,0.710,0.995,0.824,1.214,""
AVBLOCK,CD28+ CD45RA- CD8+ T cell %CD8+ T cell,GCST90001692,28,24.64,0.207,0.468,1.000,1.000,0.889,1.125,""
AVBLOCK,IgD+ CD24+ B cell %B cell,GCST90001411,20,13.61,0.119,0.139,0.941,1.000,0.853,1.172,""
AVBLOCK,CD20 on IgD+ CD38- B cell,GCST90001748,25,18.92,0.167,0.287,0.995,1.000,0.874,1.144,""
AVBLOCK,CD20 on memory B cell,GCST90001758,28,23.30,0.199,0.425,0.999,1.000,0.886,1.129,""
AVBLOCK,Lymphocyte %leukocyte,GCST90001602,22,14.56,0.131,0.163,0.960,1.000,0.858,1.166,""
AVBLOCK,CD45 on B cell,GCST90001910,15,11.63,0.112,0.097,0.874,1.000,0.842,1.187,""
AVBLOCK,CD25 on secreting CD4 regulatory T cell,GCST90001941,14,11.20,0.102,0.088,0.853,0.999,0.840,1.191,""
AVBLOCK,HLA DR on CD33+ HLA DR+ CD14dim,GCST90002109,20,39.70,0.354,0.834,1.000,1.000,0.911,1.097,""
AVBLOCK,IgD- CD27- B cell %lymphocyte,GCST90001433,18,16.57,0.147,0.217,0.984,1.000,0.866,1.155,""
AVBLOCK,CD45 on CD33dim HLA DR-,GCST90002050,18,26.18,0.242,0.515,1.000,1.000,0.892,1.121,""
AVBLOCK,CD45 on CD14+ monocyte,GCST90001909,17,14.09,0.128,0.151,0.952,1.000,0.856,1.169,""
AVBLOCK,CD28+ CD45RA- CD8dim T cell Absolute Count,GCST90001669,37,22.11,0.268,0.387,0.999,1.000,0.883,1.132,""
AVBLOCK,CD28+ CD4-CD8- T cell Absolute Count,GCST90001657,12,6.37,0.080,0.023,0.425,0.930,0.793,1.261,""
AVBLOCK,CD19 on CD20- B cell,GCST90001721,22,14.11,0.128,0.151,0.952,1.000,0.856,1.169,""
AVBLOCK,CD25 on IgD- CD24- B cell,GCST90001785,26,20.05,0.177,0.322,0.997,1.000,0.878,1.140,""
AVBLOCK,CD62L on CD62L+ plasmacytoid Dendritic Cell,GCST90001832,15,16.08,0.165,0.203,0.980,1.000,0.864,1.157,""
AVBLOCK,CD39+ CD8+ T cell %T cell,GCST90001670,20,34.42,0.306,0.735,1.000,1.000,0.905,1.105,""
AVBLOCK,CD39+ CD8+ T cell %CD8+ T cell,GCST90001671,21,35.06,0.311,0.749,1.000,1.000,0.906,1.104,""
AVBLOCK,CD39+ CD8+ T cell Absolute Count,GCST90001672,24,38.67,0.338,0.817,1.000,1.000,0.910,1.099,""
AVBLOCK,HVEM on CD4+ T cell,GCST90001875,20,37.80,0.381,0.802,1.000,1.000,0.909,1.100,""
AVBLOCK,HVEM on CD45RA- CD4+ T cell,GCST90001880,19,37.36,0.374,0.794,1.000,1.000,0.909,1.100,""
AVBLOCK,Effector Memory CD8+ T cell %T cell,GCST90001556,15,12.24,0.110,0.109,0.899,1.000,0.846,1.182,""
AVBLOCK,CD3 on Natural Killer T,GCST90001848,17,14.17,0.129,0.153,0.953,1.000,0.856,1.168,""
AVBLOCK,CD45 on CD66b++ myelod cell,GCST90002048,16,23.57,0.238,0.434,1.000,1.000,0.886,1.128,""
AVBLOCK,Granulocyte Absolute Count,GCST90001651,24,16.23,0.142,0.207,0.981,1.000,0.865,1.156,""
AVBLOCK,Transitional B cell Absolute Count,GCST90001577,31,20.12,0.189,0.324,0.997,1.000,0.878,1.139,""
AVBLOCK,Granulocyte %leukocyte,GCST90001652,25,16.60,0.147,0.218,0.984,1.000,0.866,1.154,""
AVBLOCK,HLA DR on HLA DR+ Natural Killer,GCST90002117,28,39.41,0.356,0.829,1.000,1.000,0.911,1.098,""
AVBLOCK,Natural Killer %CD3- lymphocyte,GCST90001646,27,19.86,0.190,0.316,0.997,1.000,0.877,1.140,""
AVBLOCK,CD80 on myeloid Dendritic Cell,GCST90002035,26,30.31,0.275,0.635,1.000,1.000,0.899,1.112,""
AVBLOCK,CD45 on Immature Myeloid-Derived Suppressor Cells,GCST90002052,10,28.94,0.282,0.597,1.000,1.000,0.897,1.115,""
AVBLOCK,CD3 on HLA DR+ CD8+ T cell,GCST90001850,26,23.96,0.215,0.446,1.000,1.000,0.887,1.127,""
AVBLOCK,Resting CD4 regulatory T cell Absolute Count,GCST90001480,25,20.44,0.208,0.334,0.998,1.000,0.879,1.138,""
AVBLOCK,CD127 on CD28+ CD4+ T cell,GCST90001924,20,18.20,0.165,0.265,0.992,1.000,0.872,1.147,""
AVBLOCK,CD20 on IgD+ CD38- naive B cell,GCST90001749,18,24.04,0.226,0.449,1.000,1.000,0.888,1.127,""
AVBLOCK,CD25 on IgD+ CD38dim B cell,GCST90001784,23,22.18,0.194,0.389,0.999,1.000,0.883,1.132,""
AVBLOCK,CD25 on IgD+ B cell,GCST90001794,27,22.97,0.201,0.415,0.999,1.000,0.885,1.130,""
AVBLOCK,CD8dim T cell %T cell,GCST90001597,19,14.93,0.134,0.172,0.966,1.000,0.860,1.163,""
AVBLOCK,CD8dim T cell %leukocyte,GCST90001612,18,14.08,0.125,0.151,0.951,1.000,0.856,1.169,""
AVBLOCK,CD28- CD8dim T cell %T cell,GCST90001661,25,19.21,0.170,0.295,0.995,1.000,0.875,1.143,""
AVBLOCK,CD20- B cell %B cell,GCST90001419,19,12.38,0.111,0.112,0.904,1.000,0.847,1.181,""
AVBLOCK,CD20- B cell Absolute Count,GCST90001421,22,14.10,0.130,0.151,0.952,1.000,0.856,1.169,""
AVBLOCK,CD45RA on Terminally Differentiated CD8+ T cell,GCST90002101,14,11.75,0.108,0.099,0.879,1.000,0.843,1.186,""
AVBLOCK,CD3 on naive CD8+ T cell,GCST90001838,25,42.61,0.423,0.874,1.000,1.000,0.914,1.094,""
AVBLOCK,CD3 on CD28+ CD45RA+ CD8+ T cell,GCST90001864,25,41.50,0.413,0.860,1.000,1.000,0.913,1.095,""
AVBLOCK,IgD+ B cell %Lymphocyte,GCST90001424,18,13.27,0.121,0.132,0.932,1.000,0.852,1.174,""
AVBLOCK,Naive-mature B cell %lymphocyte,GCST90001437,21,14.26,0.125,0.155,0.955,1.000,0.856,1.168,""
AVBLOCK,IgD+ CD24- B cell %lymphocyte,GCST90001441,21,13.93,0.126,0.147,0.948,1.000,0.855,1.170,""
AVBLOCK,IgD+ CD24- B cell %B cell,GCST90001415,18,12.59,0.108,0.116,0.912,1.000,0.848,1.179,""
AVBLOCK,CD19 on B cell,GCST90002028,24,18.96,0.170,0.288,0.995,1.000,0.874,1.144,""
AVBLOCK,CCR7 on naive CD4+ T cell,GCST90001907,24,25.49,0.235,0.494,1.000,1.000,0.891,1.123,""
AVBLOCK,CD28 on CD39+ activated CD4 regulatory T cell,GCST90001886,19,18.14,0.183,0.263,0.992,1.000,0.872,1.147,""
AVBLOCK,CD28 on activated & secreting CD4 regulatory T cell,GCST90001889,25,22.59,0.228,0.402,0.999,1.000,0.884,1.131,""
AVBLOCK,CD28 on CD4 regulatory T cell,GCST90001899,25,20.16,0.217,0.325,0.997,1.000,0.878,1.139,""
AVBLOCK,CD28 on activated CD4 regulatory T cell,GCST90001902,18,16.65,0.167,0.219,0.984,1.000,0.866,1.154,""
AVBLOCK,CD25 on activated CD4 regulatory T cell,GCST90001939,17,11.89,0.108,0.102,0.885,1.000,0.844,1.185,""
AVBLOCK,CD3 on CD39+ secreting CD4 regulatory T cell,GCST90001856,27,36.70,0.358,0.782,1.000,1.000,0.908,1.101,""
AVBLOCK,BAFF-R on CD20- CD38- B cell,GCST90001701,17,15.33,0.142,0.183,0.972,1.000,0.861,1.161,""
AVBLOCK,SSC-A on CD8+ T cell,GCST90002082,18,11.41,0.130,0.092,0.863,1.000,0.841,1.189,""
AVBLOCK,CD33dim HLA DR+ CD11b+ %CD33dim HLA DR+,GCST90001526,24,45.32,0.441,0.905,1.000,1.000,0.917,1.091,""
AVBLOCK,CD33dim HLA DR+ CD11b- %CD33dim HLA DR+,GCST90001528,24,44.94,0.436,0.901,1.000,1.000,0.916,1.091,""
AVBLOCK,CD25 on naive-mature B cell,GCST90001791,23,23.22,0.201,0.422,0.999,1.000,0.886,1.129,""
AVBLOCK,CD20- CD38- B cell Absolute Count,GCST90001423,14,9.07,0.085,0.053,0.707,0.994,0.823,1.214,""
AVBLOCK,CD25 on B cell,GCST90001775,25,21.37,0.190,0.363,0.998,1.000,0.881,1.135,""
AVBLOCK,FSC-A on plasmacytoid Dendritic Cell,GCST90001964,26,23.04,0.217,0.417,0.999,1.000,0.885,1.130,""
AVBLOCK,HLA DR on CD33+ HLA DR+ CD14-,GCST90002108,25,61.49,0.542,0.985,1.000,1.000,0.928,1.077,""
AVBLOCK,CD28 on CD28+ CD45RA- CD8+ T cell,GCST90001893,17,13.89,0.128,0.146,0.947,1.000,0.855,1.170,""
AVBLOCK,CD19 on switched memory B cell,GCST90001740,27,18.80,0.169,0.283,0.994,1.000,0.874,1.144,""
AVBLOCK,CD19 on IgD+ CD24- B cell,GCST90001725,25,17.97,0.163,0.258,0.992,1.000,0.871,1.148,""
AVBLOCK,FSC-A on granulocyte,GCST90001966,21,24.10,0.218,0.451,1.000,1.000,0.888,1.127,""
AVBLOCK,CD3 on Naive CD4+ T cell,GCST90001842,30,52.16,0.541,0.955,1.000,1.000,0.922,1.084,""
AVBLOCK,CCR7 on naive CD8+ T cell,GCST90001908,24,20.64,0.190,0.340,0.998,1.000,0.879,1.137,""
AVBLOCK,CD25++ CD4+ T cell Absolute Count,GCST90001504,23,17.89,0.157,0.255,0.991,1.000,0.871,1.148,""
AVBLOCK,CD25++ CD4+ T cell %CD4+ T cell,GCST90001505,26,20.96,0.189,0.350,0.998,1.000,0.880,1.136,""
AVBLOCK,Memory B cell %lymphocyte,GCST90001436,28,19.98,0.184,0.320,0.997,1.000,0.877,1.140,""
AVBLOCK,CD4 on monocyte,GCST90001958,15,14.12,0.125,0.152,0.952,1.000,0.856,1.168,""
AVBLOCK,SSC-A on T cell,GCST90002080,22,16.34,0.157,0.210,0.982,1.000,0.865,1.156,""
AVBLOCK,CD28+ CD45RA+ CD8dim T cell %T cell,GCST90001664,41,30.25,0.328,0.633,1.000,1.000,0.899,1.112,""
AVBLOCK,CD16-CD56 on HLA DR+ Natural Killer,GCST90001885,24,21.50,0.203,0.367,0.999,1.000,0.881,1.134,""
AVBLOCK,CD20 on IgD+ CD38- unswitched memory B cell,GCST90001750,19,25.03,0.233,0.480,1.000,1.000,0.890,1.124,""
AVBLOCK,FSC-A on HLA DR+ CD8+ T cell,GCST90001978,18,13.09,0.126,0.127,0.927,1.000,0.851,1.175,""
AVBLOCK,CD11b on CD14+ monocyte,GCST90002091,20,45.01,0.434,0.901,1.000,1.000,0.916,1.091,""
AVBLOCK,CD11b on Monocytic Myeloid-Derived Suppressor Cells,GCST90002094,16,31.83,0.303,0.674,1.000,1.000,0.902,1.109,""
AVBLOCK,CD45 on HLA DR+ CD4+ T cell,GCST90001920,18,14.67,0.140,0.166,0.962,1.000,0.858,1.165,""
AVBLOCK,CD11c+ HLA DR++ monocyte Absolute Count,GCST90001456,17,13.36,0.122,0.134,0.935,1.000,0.852,1.174,""
AVBLOCK,CD28 on CD45RA+ CD4+ T cell,GCST90001890,13,19.50,0.174,0.304,0.996,1.000,0.876,1.142,""
AVBLOCK,CD25 on CD4+ T cell,GCST90001960,16,13.78,0.126,0.143,0.945,1.000,0.854,1.171,""
AVBLOCK,CD4 on resting CD4 regulatory T cell,GCST90002064,13,10.83,0.103,0.081,0.833,0.999,0.837,1.195,""
AVBLOCK,CD86 on myeloid Dendritic Cell,GCST90001903,22,27.67,0.255,0.560,1.000,1.000,0.895,1.118,""
AVBLOCK,CD19 on IgD+ CD38dim B cell,GCST90001730,24,17.88,0.156,0.255,0.991,1.000,0.871,1.148,""
AVBLOCK,CD19 on IgD- CD38dim B cell,GCST90001735,28,20.77,0.183,0.344,0.998,1.000,0.880,1.137,""
AVBLOCK,CD38 on CD3- CD19-,GCST90001810,18,23.47,0.223,0.431,1.000,1.000,0.886,1.128,""
AVBLOCK,CD25 on memory B cell,GCST90001790,24,23.53,0.223,0.432,1.000,1.000,0.886,1.128,""
AVBLOCK,CD25 on unswitched memory B cell,GCST90001792,24,23.10,0.217,0.419,0.999,1.000,0.885,1.129,""
AVBLOCK,CD62L- monocyte Absolute Count,GCST90001450,20,18.44,0.166,0.272,0.993,1.000,0.873,1.146,""
AVBLOCK,CD62L- monocyte %monocyte,GCST90001451,23,23.48,0.213,0.431,1.000,1.000,0.886,1.128,""
AVBLOCK,HLA DR on Dendritic Cell,GCST90002106,19,61.54,0.491,0.985,1.000,1.000,0.928,1.077,""
AVBLOCK,Naive CD4-CD8- T cell %T cell,GCST90001568,20,9.49,0.128,0.059,0.742,0.996,0.827,1.209,""
AVBLOCK,B cell %lymphocyte,GCST90001644,35,25.67,0.234,0.500,1.000,1.000,0.891,1.122,""
AVBLOCK,CD24+ CD27+ B cell %lymphocyte,GCST90001442,24,17.59,0.164,0.246,0.990,1.000,0.870,1.150,""
AVBLOCK,Naive-mature B cell %B cell,GCST90001408,29,21.04,0.183,0.353,0.998,1.000,0.880,1.136,""
AVBLOCK,Terminally Differentiated CD8+ T cell %CD8+ T cell,GCST90001558,23,19.49,0.176,0.304,0.996,1.000,0.876,1.142,""
AVBLOCK,HVEM on Effector Memory CD8+ T cell,GCST90001873,18,34.51,0.335,0.737,1.000,1.000,0.905,1.105,""
AVBLOCK,CCR2 on CD14- CD16+ monocyte,GCST90001982,28,19.86,0.182,0.316,0.997,1.000,0.877,1.140,""
AVBLOCK,HLA DR on CD14+ CD16- monocyte,GCST90001988,22,51.12,0.373,0.949,1.000,1.000,0.921,1.085,""
AVBLOCK,HLA DR on CD14+ monocyte,GCST90001991,21,47.91,0.349,0.927,1.000,1.000,0.919,1.088,""
AVBLOCK,CD64 on CD14- CD16-,GCST90002001,16,13.15,0.112,0.129,0.929,1.000,0.851,1.175,""
AVBLOCK,CD62L- Dendritic Cell Absolute Count,GCST90001462,18,33.78,0.344,0.721,1.000,1.000,0.904,1.106,""
AVBLOCK,FSC-A on HLA DR+ CD4+ T cell,GCST90001977,17,12.77,0.124,0.120,0.918,1.000,0.849,1.178,""
AVBLOCK,CD45 on CD4+ T cell,GCST90001916,13,10.18,0.093,0.070,0.792,0.998,0.832,1.201,""
AVBLOCK,CD64 on CD14+ CD16- monocyte,GCST90001987,35,53.45,0.484,0.961,1.000,1.000,0.923,1.083,""
AVBLOCK,CD4+ T cell %leukocyte,GCST90001606,13,8.22,0.076,0.042,0.628,0.987,0.815,1.226,""
AVBLOCK,Effector Memory CD4+ T cell Absolute Count,GCST90001542,23,17.27,0.152,0.237,0.988,1.000,0.869,1.151,""
AVBLOCK,CD86 on CD62L+ myeloid Dendritic Cell,GCST90001904,22,18.43,0.171,0.272,0.993,1.000,0.873,1.146,""
AVBLOCK,Unswitched memory B cell Absolute Count,GCST90001398,20,13.93,0.127,0.147,0.948,1.000,0.855,1.170,""
AVBLOCK,CD16 on CD14+ CD16+ monocyte,GCST90002005,22,46.08,0.466,0.912,1.000,1.000,0.917,1.090,""
AVBLOCK,CD24 on unswitched memory B cell,GCST90001772,25,22.20,0.200,0.390,0.999,1.000,0.883,1.132,""
AVBLOCK,CD8dim Natural Killer T %T cell,GCST90001634,19,19.43,0.172,0.302,0.996,1.000,0.876,1.142,""
AVBLOCK,CD28 on resting CD4 regulatory T cell,GCST90001900,6,12.82,0.120,0.121,0.919,1.000,0.849,1.177,""
AVBLOCK,IgD- CD38- B cell Absolute Count,GCST90001446,14,9.86,0.087,0.065,0.769,0.998,0.830,1.205,""
AVBLOCK,CD86+ myeloid Dendritic Cell Absolute Count,GCST90001464,21,39.81,0.387,0.836,1.000,1.000,0.911,1.097,""
AVBLOCK,CD62L- Dendritic Cell %Dendritic Cell,GCST90001463,23,37.23,0.355,0.792,1.000,1.000,0.909,1.101,""
AVBLOCK,FSC-A on B cell,GCST90001968,20,14.72,0.133,0.167,0.963,1.000,0.859,1.165,""
AVBLOCK,Naive CD4+ T cell Absolute Count,GCST90001540,25,18.62,0.173,0.277,0.994,1.000,0.873,1.145,""
AVBLOCK,CD40 on CD14+ CD16+ monocyte,GCST90001981,21,36.33,0.342,0.775,1.000,1.000,0.907,1.102,""
AVBLOCK,IgD- CD38+ B cell %lymphocyte,GCST90001425,30,18.58,0.179,0.276,0.994,1.000,0.873,1.145,""
AVBLOCK,CD28- CD8+ T cell Absolute Count,GCST90001687,14,12.66,0.105,0.118,0.914,1.000,0.848,1.179,""
AVBLOCK,CD25 on activated & secreting CD4 regulatory T cell,GCST90001943,21,14.67,0.135,0.165,0.962,1.000,0.858,1.165,""
AVBLOCK,Effector Memory CD4+ T cell %T cell,GCST90001544,20,16.77,0.151,0.223,0.985,1.000,0.867,1.154,""
AVBLOCK,HVEM on Central Memory CD8+ T cell,GCST90001882,18,35.83,0.354,0.765,1.000,1.000,0.907,1.103,""
AVBLOCK,CD127 on CD28- CD8+ T cell,GCST90001930,21,17.57,0.159,0.246,0.990,1.000,0.870,1.150,""
AVBLOCK,HLA DR on monocyte,GCST90002010,17,40.28,0.290,0.843,1.000,1.000,0.912,1.097,""
AVBLOCK,CD25++ CD4+ T cell %T cell,GCST90001506,20,15.18,0.144,0.179,0.970,1.000,0.861,1.162,""
AVBLOCK,CD86+ myeloid Dendritic Cell %Dendritic Cell,GCST90001465,23,41.08,0.396,0.854,1.000,1.000,0.913,1.096,""
AVBLOCK,CD3 on CD28+ CD4+ T cell,GCST90001861,24,31.02,0.305,0.654,1.000,1.000,0.900,1.111,""
AVBLOCK,CD3 on CD4+ T cell,GCST90001867,29,24.22,0.231,0.454,1.000,1.000,0.888,1.126,""
AVBLOCK,CD11c on CD62L+ myeloid Dendritic Cell,GCST90002088,26,25.02,0.247,0.480,1.000,1.000,0.890,1.124,""
AVBLOCK,CD127 on granulocyte,GCST90001926,31,35.14,0.318,0.751,1.000,1.000,0.906,1.104,""
AVBLOCK,CD45 on lymphocyte,GCST90002041,17,23.92,0.227,0.445,1.000,1.000,0.887,1.127,""
AVBLOCK,CD25++ CD45RA- CD4 not regulatory T cell Absolute Count,GCST90001510,20,18.66,0.162,0.279,0.994,1.000,0.873,1.145,""
AVBLOCK,Central Memory CD8+ T cell Absolute Count,GCST90001548,25,15.75,0.163,0.194,0.976,1.000,0.863,1.159,""
AVBLOCK,CD11c+ monocyte Absolute Count,GCST90001448,15,11.19,0.105,0.088,0.852,0.999,0.840,1.191,""
AVBLOCK,Effector Memory CD4+ T cell %CD4+ T cell,GCST90001543,28,20.35,0.189,0.331,0.997,1.000,0.878,1.138,""
AVBLOCK,BAFF-R on unswitched memory B cell,GCST90001717,24,72.82,0.819,0.997,1.000,1.000,0.934,1.071,""
AVBLOCK,CD19 on unswitched memory B cell,GCST90001738,21,16.11,0.141,0.204,0.980,1.000,0.864,1.157,""
AVBLOCK,Immature Myeloid-Derived Suppressor Cells Absolute Count,GCST90001515,22,35.04,0.342,0.748,1.000,1.000,0.906,1.104,""
AVBLOCK,CD25 on CD39+ CD4 regulatory T cell,GCST90001935,17,12.44,0.114,0.113,0.907,1.000,0.847,1.180,""
AVBLOCK,CD3 on CD28+ CD4-CD8- T cell,GCST90001862,16,13.06,0.118,0.127,0.926,1.000,0.851,1.176,""
AVBLOCK,CD25++ CD8+ T cell Absolute Count,GCST90001681,27,21.73,0.201,0.375,0.999,1.000,0.882,1.134,""
AVBLOCK,CD19 on transitional B cell,GCST90001742,26,19.63,0.172,0.308,0.996,1.000,0.876,1.141,""
AVBLOCK,CD11c on granulocyte,GCST90002090,22,25.36,0.227,0.490,1.000,1.000,0.890,1.123,""
AVBLOCK,CD28+ CD45RA+ CD8dim T cell %CD8dim T cell,GCST90001665,27,25.42,0.218,0.492,1.000,1.000,0.890,1.123,""
AVBLOCK,CD28+ CD45RA- CD8+ T cell %T cell,GCST90001691,26,22.54,0.193,0.401,0.999,1.000,0.884,1.131,""
AVBLOCK,CD38 on IgD+ CD38+ B cell,GCST90001812,17,13.70,0.122,0.142,0.943,1.000,0.854,1.171,""
AVBLOCK,CD24 on CD24+ CD27+ B cell,GCST90001764,3,1.80,0.017,0.002,0.025,0.140,0.646,1.547,""
AVBLOCK,CD25 on CD39+ resting CD4 regulatory T cell,GCST90001938,15,10.95,0.106,0.084,0.840,0.999,0.838,1.193,""
AVBLOCK,CD24 on IgD+ CD38- unswitched memory B cell,GCST90001767,21,35.48,0.316,0.758,1.000,1.000,0.906,1.103,""
AVBLOCK,HLA DR on CD33- HLA DR+,GCST90002112,12,47.58,0.386,0.925,1.000,1.000,0.919,1.089,""
AVBLOCK,CD45 on CD33+ HLA DR+,GCST90002053,16,24.15,0.223,0.452,1.000,1.000,0.888,1.126,""
AVBLOCK,CD127 on CD28+ CD45RA- CD8+ T cell,GCST90001928,19,15.98,0.145,0.200,0.979,1.000,0.864,1.158,""
AVBLOCK,CD86 on granulocyte,GCST90001906,21,19.09,0.172,0.292,0.995,1.000,0.875,1.143,""
AVBLOCK,CD62L on CD62L+ myeloid Dendritic Cell,GCST90001831,15,14.53,0.149,0.162,0.960,1.000,0.858,1.166,""
AVBLOCK,Naive CD4-CD8- T cell %CD4-CD8- T cell,GCST90001567,22,12.60,0.140,0.117,0.912,1.000,0.848,1.179,""
AVBLOCK,BAFF-R on IgD+ CD24+ B cell,GCST90001703,18,65.84,0.753,0.992,1.000,1.000,0.930,1.075,""
AVBLOCK,Central Memory CD4-CD8- T cell %CD4-CD8- T cell,GCST90001564,16,9.19,0.099,0.055,0.718,0.995,0.825,1.213,""
AVBLOCK,HLA DR on Hematopoietic Stem Cell,GCST90002107,6,7.46,0.076,0.033,0.549,0.973,0.807,1.239,""
AVBLOCK,CD127 on CD28+ CD4-CD8- T cell,GCST90001925,24,17.73,0.173,0.250,0.991,1.000,0.870,1.149,""
AVBLOCK,CD8 on Effector Memory CD8+ T cell,GCST90002056,24,24.58,0.220,0.466,1.000,1.000,0.889,1.125,""
AVBLOCK,CD28+ CD45RA- CD8+ T cell Absolute Count,GCST90001693,29,25.93,0.215,0.508,1.000,1.000,0.891,1.122,""
AVBLOCK,CD33- HLA DR+ Absolute Count,GCST90001523,36,45.35,0.429,0.905,1.000,1.000,0.917,1.091,""
AVBLOCK,CD28 on CD39+ resting CD4 regulatory T cell,GCST90001901,22,20.00,0.204,0.320,0.997,1.000,0.877,1.140,""
AVBLOCK,Basophil Absolute Count,GCST90001532,23,38.91,0.382,0.821,1.000,1.000,0.910,1.098,""
AVBLOCK,CD45RA on CD39+ resting CD4 regulatory T cell,GCST90002103,8,8.21,0.075,0.042,0.628,0.987,0.815,1.226,""
AVBLOCK,CD39 on granulocyte,GCST90002033,26,23.32,0.207,0.426,0.999,1.000,0.886,1.129,""
AVBLOCK,CD45 on Natural Killer T,GCST90001919,22,17.03,0.152,0.230,0.987,1.000,0.868,1.152,""
AVBLOCK,CD3 on activated CD4 regulatory T cell,GCST90001853,21,37.15,0.377,0.790,1.000,1.000,0.908,1.101,""
AVBLOCK,CD3 on secreting CD4 regulatory T cell,GCST90001855,20,36.56,0.366,0.779,1.000,1.000,0.908,1.102,""
AVBLOCK,CD3 on activated & secreting CD4 regulatory T cell,GCST90001857,22,38.98,0.394,0.822,1.000,1.000,0.911,1.098,""
AVBLOCK,CD3 on CD4 regulatory T cell,GCST90001868,11,30.02,0.318,0.627,1.000,1.000,0.899,1.113,""
AVBLOCK,Terminally Differentiated CD4+ T cell Absolute Count,GCST90001545,11,9.51,0.081,0.059,0.743,0.996,0.827,1.209,""
AVBLOCK,Naive CD4+ T cell %T cell,GCST90001575,34,22.59,0.215,0.402,0.999,1.000,0.884,1.131,""
AVBLOCK,CD20 on IgD+ CD24+ B cell,GCST90001746,23,18.44,0.153,0.272,0.993,1.000,0.873,1.146,""
AVBLOCK,CD39 on monocyte,GCST90002034,22,20.17,0.170,0.326,0.997,1.000,0.878,1.139,""
AVBLOCK,CD38 on IgD- CD38dim B cell,GCST90001815,20,17.76,0.161,0.251,0.991,1.000,0.870,1.149,""
AVBLOCK,Immature Myeloid-Derived Suppressor Cells %CD33dim HLA DR- CD66b-,GCST90001516,19,25.39,0.244,0.491,1.000,1.000,0.890,1.123,""
AVBLOCK,Dendritic Cell Absolute Count,GCST90001461,21,26.87,0.260,0.536,1.000,1.000,0.893,1.119,""
AVBLOCK,CD28- CD8dim T cell %CD8dim T cell,GCST90001662,15,10.60,0.102,0.077,0.819,0.999,0.836,1.197,""
AVBLOCK,IgD+ CD38dim B cell Absolute Count,GCST90001394,26,16.91,0.159,0.227,0.986,1.000,0.867,1.153,""
AVBLOCK,IgD+ CD24- B cell Absolute Count,GCST90001416,23,15.20,0.138,0.179,0.970,1.000,0.861,1.162,""
AVBLOCK,CD25 on CD4 regulatory T cell,GCST90001936,22,14.95,0.137,0.173,0.966,1.000,0.860,1.163,""
AVBLOCK,CD25 on IgD+ CD38- B cell,GCST90001780,29,22.42,0.205,0.397,0.999,1.000,0.884,1.132,""
AVBLOCK,HVEM on Effector Memory CD4+ T cell,GCST90001878,22,42.06,0.413,0.867,1.000,1.000,0.914,1.094,""
AVBLOCK,Unswitched memory B cell %B cell,GCST90001397,32,22.11,0.193,0.387,0.999,1.000,0.883,1.132,""
AVBLOCK,Switched memory B cell Absolute Count,GCST90001403,23,15.48,0.140,0.187,0.973,1.000,0.862,1.160,""
AVBLOCK,CX3CR1 on CD14- CD16-,GCST90001994,19,20.11,0.187,0.323,0.997,1.000,0.878,1.139,""
AVBLOCK,CD11b on CD66b++ myeloid cell,GCST90002093,17,24.89,0.249,0.476,1.000,1.000,0.889,1.124,""
AVBLOCK,CD3 on Effector Memory CD4+ T cell,GCST90001843,19,27.28,0.262,0.549,1.000,1.000,0.894,1.119,""
AVBLOCK,IgD- CD38dim B cell Absolute Count,GCST90001438,17,10.69,0.102,0.079,0.825,0.999,0.836,1.196,""
AVBLOCK,IgD on IgD+ CD38-  B cell,GCST90001822,27,31.67,0.229,0.670,1.000,1.000,0.901,1.110,""
AVBLOCK,CD28- CD8+ T cell %CD8+ T cell,GCST90001686,23,14.32,0.156,0.157,0.956,1.000,0.857,1.167,""
AVBLOCK,CD14- CD16- Absolute Count,GCST90001581,25,19.18,0.180,0.295,0.995,1.000,0.875,1.143,""
AVBLOCK,CD39+ activated CD4 regulatory T cell %activated CD4 regulatory T cell,GCST90001490,8,5.18,0.050,0.014,0.287,0.826,0.773,1.293,""
AVBLOCK,CD80 on plasmacytoid Dendritic Cell,GCST90002037,21,21.05,0.186,0.353,0.998,1.000,0.880,1.136,""
AVBLOCK,CD80 on CD62L+ plasmacytoid Dendritic Cell,GCST90002038,21,20.93,0.186,0.349,0.998,1.000,0.880,1.136,""
AVBLOCK,CD28- CD25++ CD8+ T cell %T cell,GCST90001676,8,5.27,0.057,0.015,0.298,0.838,0.775,1.290,""
AVBLOCK,HLA DR++ monocyte %leukocyte,GCST90001476,8,11.29,0.072,0.090,0.857,0.999,0.840,1.190,""
AVBLOCK,CD3 on resting CD4 regulatory T cell,GCST90001869,37,34.17,0.310,0.730,1.000,1.000,0.905,1.105,""
AVBLOCK,SSC-A on HLA DR+ CD4+ T cell,GCST90002085,22,17.28,0.159,0.237,0.988,1.000,0.869,1.151,""
AVBLOCK,CD25++ CD45RA- CD4 not regulatory T cell %T cell,GCST90001512,30,23.93,0.218,0.445,1.000,1.000,0.887,1.127,""
AVBLOCK,CD4 on Central Memory CD4+ T cell,GCST90002023,15,15.88,0.142,0.198,0.978,1.000,0.863,1.158,""
AVBLOCK,CD45 on T cell,GCST90001915,15,11.19,0.106,0.088,0.852,0.999,0.840,1.191,""
AVBLOCK,CD11b on basophil,GCST90002096,19,33.19,0.314,0.707,1.000,1.000,0.903,1.107,""
AVBLOCK,CD25 on CD28+ CD4+ T cell,GCST90001962,5,3.79,0.038,0.007,0.146,0.591,0.740,1.350,""
AVBLOCK,CD28- CD4-CD8- T cell %T cell,GCST90001694,22,17.75,0.153,0.251,0.991,1.000,0.870,1.149,""
AVBLOCK,HLA DR on myeloid Dendritic Cell,GCST90002104,16,47.58,0.381,0.925,1.000,1.000,0.919,1.089,""
AVBLOCK,CD62L- plasmacytoid Dendritic Cell Absolute Count,GCST90001470,24,18.87,0.190,0.285,0.995,1.000,0.874,1.144,""
AVBLOCK,CD11c on monocyte,GCST90002089,19,19.05,0.176,0.290,0.995,1.000,0.875,1.143,""
AVBLOCK,T/B cell,GCST90001588,29,21.45,0.193,0.366,0.999,1.000,0.881,1.135,""
AVBLOCK,Natural Killer Absolute Count,GCST90001645,22,16.24,0.152,0.208,0.981,1.000,0.865,1.156,""
AVBLOCK,IgD+ B cell Absolute Count,GCST90001400,15,10.78,0.095,0.081,0.830,0.999,0.837,1.195,""
AVBLOCK,CD38 on IgD+ B cell,GCST90001818,15,10.68,0.093,0.079,0.824,0.999,0.836,1.196,""
AVBLOCK,BAFF-R on CD24+ CD27+ B cell,GCST90001702,19,70.92,0.798,0.996,1.000,1.000,0.933,1.072,""
AVBLOCK,BAFF-R on IgD- CD38- B cell,GCST90001712,17,66.79,0.751,0.993,1.000,1.000,0.931,1.074,""
AVBLOCK,BAFF-R on IgD- CD38dim B cell,GCST90001714,4,3.37,0.028,0.006,0.110,0.495,0.727,1.376,""
AVBLOCK,BAFF-R on memory B cell,GCST90001715,17,68.66,0.778,0.994,1.000,1.000,0.932,1.073,""
AVBLOCK,CD28 on secreting CD4 regulatory T cell,GCST90001887,17,18.84,0.178,0.284,0.994,1.000,0.874,1.144,""
AVBLOCK,CD45RA on naive CD8+ T cell,GCST90002100,22,18.74,0.181,0.281,0.994,1.000,0.874,1.145,""
AVBLOCK,IgD- CD38- B cell %lymphocyte,GCST90001427,28,18.80,0.167,0.283,0.994,1.000,0.874,1.144,""
AVBLOCK,Switched memory B cell %lymphocyte,GCST90001434,18,13.58,0.121,0.139,0.940,1.000,0.853,1.172,""
AVBLOCK,IgD+ CD24+ B cell %lymphocyte,GCST90001439,15,11.99,0.110,0.104,0.889,1.000,0.845,1.184,""
AVBLOCK,CD20- B cell %lymphocyte,GCST90001443,17,10.94,0.100,0.083,0.839,0.999,0.838,1.194,""
AVBLOCK,HLA DR on CD14- CD16+ monocyte,GCST90001984,19,34.60,0.282,0.739,1.000,1.000,0.905,1.105,""
AVBLOCK,CD20 on IgD- CD38+ B cell,GCST90001756,16,10.22,0.093,0.071,0.795,0.998,0.833,1.201,""
AVBLOCK,CD33 on CD33dim HLA DR-,GCST90001953,19,74.81,0.871,0.998,1.000,1.000,0.935,1.070,""
AVBLOCK,CD33- HLA DR- Absolute Count,GCST90001522,21,26.03,0.249,0.511,1.000,1.000,0.892,1.122,""
AVBLOCK,CD14 on CD33dim HLA DR+ CD11b+,GCST90002021,19,29.67,0.282,0.617,1.000,1.000,0.898,1.113,""
AVBLOCK,HLA DR on HLA DR+ T cell,GCST90002113,19,15.58,0.149,0.189,0.975,1.000,0.862,1.160,""
AVBLOCK,CD3 on Central Memory CD4+ T cell,GCST90001841,26,39.52,0.379,0.831,1.000,1.000,0.911,1.098,""
AVBLOCK,CD4 on CD39+ resting CD4 regulatory T cell,GCST90002065,15,12.62,0.126,0.117,0.913,1.000,0.848,1.179,""
AVBLOCK,IgD on IgD+ B cell,GCST90001827,21,33.02,0.233,0.703,1.000,1.000,0.903,1.107,""
AVBLOCK,Transitional B cell %B cell,GCST90001576,15,10.04,0.089,0.068,0.783,0.998,0.831,1.203,""
AVBLOCK,Leukocyte Absolute Count,GCST90001600,11,7.38,0.068,0.032,0.540,0.971,0.806,1.240,""
AVBLOCK,CD45RA+ CD28- CD8+ T cell %CD8+ T cell,GCST90001699,31,not interpretable,0.210,not interpretable,not interpretable,not interpretable,not interpretable,not interpretable,implausible aggregate R2 (>1)
AVBLOCK,CD20- CD38- B cell %B cell,GCST90001422,23,14.63,0.137,0.164,0.961,1.000,0.858,1.165,""
AVBLOCK,CCR2 on CD14- CD16-,GCST90002003,17,12.35,0.114,0.111,0.903,1.000,0.847,1.181,""
AVBLOCK,Basophil %CD33dim HLA DR- CD66b-,GCST90001533,20,33.65,0.346,0.718,1.000,1.000,0.904,1.106,""
AVBLOCK,CD24 on IgD+ CD24+ B cell,GCST90001765,25,23.34,0.211,0.427,0.999,1.000,0.886,1.129,""
AVBLOCK,B cell %CD3- lymphocyte,GCST90001643,29,20.15,0.193,0.325,0.997,1.000,0.878,1.139,""
AVBLOCK,CD3 on CD28+ CD45RA- CD8+ T cell,GCST90001863,18,21.54,0.209,0.369,0.999,1.000,0.882,1.134,""
AVBLOCK,CD45 on lymphocyte,GCST90001914,24,18.08,0.166,0.261,0.992,1.000,0.871,1.147,""
AVBLOCK,HVEM on naive CD4+ T cell,GCST90001877,18,31.99,0.333,0.678,1.000,1.000,0.902,1.109,""
AVBLOCK,CD34 on Hematopoietic Stem Cell,GCST90001870,12,24.60,0.234,0.466,1.000,1.000,0.889,1.125,""
AVBLOCK,CD11c+ HLA DR++ monocyte %monocyte,GCST90001457,18,14.54,0.133,0.162,0.960,1.000,0.858,1.166,""
AVBLOCK,CD127 on CD45RA- CD4 not regulatory T cell,GCST90001923,16,13.49,0.120,0.137,0.938,1.000,0.853,1.173,""
AVBLOCK,CD3- lymphocyte Absolute Count,GCST90001639,18,12.60,0.113,0.117,0.912,1.000,0.848,1.179,""
AVBLOCK,Activated & resting CD4 regulatory T cell Absolute Count,GCST90001498,19,14.22,0.133,0.154,0.954,1.000,0.856,1.168,""
AVBLOCK,CD16 on CD14- CD16+ monocyte,GCST90001979,20,63.59,0.824,0.989,1.000,1.000,0.929,1.076,""
AVBLOCK,PDL-1 on CD14+ CD16+ monocyte,GCST90001998,28,18.54,0.171,0.275,0.994,1.000,0.873,1.146,""
AVBLOCK,T cell %leukocyte,GCST90001605,18,11.43,0.109,0.093,0.864,1.000,0.841,1.189,""
AVBLOCK,PDL-1 on CD14- CD16-,GCST90002000,28,18.34,0.173,0.269,0.993,1.000,0.872,1.146,""
AVBLOCK,CD127 on CD4+ T cell,GCST90001931,8,6.62,0.060,0.025,0.454,0.943,0.797,1.255,""
AVBLOCK,CD3 on CD39+ resting CD4 regulatory T cell,GCST90001852,20,21.38,0.208,0.364,0.999,1.000,0.881,1.135,""
AVBLOCK,CD8 on Central Memory CD8+ T cell,GCST90002054,14,16.05,0.146,0.202,0.979,1.000,0.864,1.157,""
AVBLOCK,CD25 on switched memory B cell,GCST90001793,20,20.51,0.186,0.336,0.998,1.000,0.879,1.138,""
AVBLOCK,CD45 on CD33dim HLA DR+ CD11b-,GCST90002044,10,14.16,0.132,0.153,0.953,1.000,0.856,1.168,""
AVBLOCK,CD25 on CD20- CD38- B cell,GCST90001776,20,13.49,0.124,0.137,0.938,1.000,0.853,1.173,""
AVBLOCK,CD24 on IgD- CD38dim B cell,GCST90001770,7,4.88,0.044,0.012,0.254,0.787,0.767,1.303,""
AVBLOCK,CD62L on granulocyte,GCST90001835,16,12.59,0.123,0.116,0.912,1.000,0.848,1.179,""
AVBLOCK,CD28- CD8+ T cell %T cell,GCST90001685,16,11.42,0.105,0.092,0.864,1.000,0.841,1.189,""
AVBLOCK,Terminally Differentiated CD8+ T cell %T cell,GCST90001559,17,13.19,0.116,0.130,0.930,1.000,0.851,1.175,""
AVBLOCK,BAFF-R on IgD- CD27- B cell,GCST90001711,18,64.89,0.724,0.991,1.000,1.000,0.930,1.075,""
AVBLOCK,CD28 on CD45RA- CD4 not regulatory T cell,GCST90001891,13,18.10,0.168,0.261,0.992,1.000,0.872,1.147,""
AVBLOCK,CD4 regulatory T cell %CD4+ T cell,GCST90001478,16,12.59,0.114,0.116,0.912,1.000,0.848,1.179,""
AVBLOCK,BAFF-R on CD20- B cell,GCST90001830,14,11.89,0.110,0.102,0.885,1.000,0.844,1.185,""
AVBLOCK,CD11b on Granulocytic Myeloid-Derived Suppressor Cells,GCST90002092,3,5.27,0.053,0.015,0.298,0.837,0.775,1.290,""
AVBLOCK,HVEM on Central Memory CD4+ T cell,GCST90001876,18,32.98,0.339,0.702,1.000,1.000,0.903,1.107,""
AVBLOCK,Central Memory CD4-CD8- T cell Absolute Count,GCST90001563,4,2.27,0.025,0.003,0.043,0.236,0.678,1.474,""
AVBLOCK,CD3- lymphocyte %lymphocyte,GCST90001640,6,4.23,0.035,0.009,0.187,0.680,0.752,1.329,""
AVBLOCK,IgD+ CD38dim B cell %B cell,GCST90001393,15,10.33,0.092,0.073,0.802,0.999,0.834,1.200,""
AVBLOCK,CD28 on CD28+ CD4-CD8- T cell,GCST90001895,3,2.65,0.024,0.003,0.062,0.323,0.698,1.432,""
