Outcome,Instrument threshold,Immunophenotype,GWAS Catalog accession,Instruments,Cochran Q,Q df,Q P,Cochran Q (modified weights),Q P (modified weights)
CONDUCTIO,P<1e-5,CD4+CD8+ T cell Absolute Count,GCST90001594,18,13.3810636130191,17,0.710326111158863,13.3722,0.7109
CONDUCTIO,P<1e-5,CD25 on CD45RA- CD4 not regulatory T cell,GCST90001933,26,16.0662637080554,25,0.912841157203651,16.0652,0.9129
CONDUCTIO,P<1e-5,HVEM on T cell,GCST90001871,25,15.0991299772908,24,0.917824542056438,15.0854,0.9182
CONDUCTIO,P<1e-5,CX3CR1 on CD14+ CD16+ monocyte,GCST90001996,34,47.9917441368528,33,0.0443812767980865,47.9917,0.0444
CONDUCTIO,P<1e-5,CD33dim HLA DR+ CD11b+ Absolute Count,GCST90001525,26,43.865432441939,25,0.0112272437184493,43.3954,0.0127
CONDUCTIO,P<1e-5,CD45RA- CD4+ T cell %T cell,GCST90001536,26,25.1568147044239,25,0.453613277628272,25.1508,0.454
CONDUCTIO,P<1e-5,CD45RA- CD4+ T cell %CD4+ T cell,GCST90001535,30,29.6735783305131,29,0.430429511445246,29.6172,0.4333
CONDUCTIO,P<1e-5,Memory B cell Absolute Count,GCST90001407,17,7.82179777753675,16,0.953995168315206,7.8215,0.954
CONDUCTIO,P<1e-5,CD45RA on naive CD4+ T cell,GCST90002098,33,41.3355845901691,32,0.124831040759326,41.1891,0.128
CONDUCTIO,P<1e-5,CD33 on Monocytic Myeloid-Derived Suppressor Cells,GCST90001952,21,23.6495327831464,20,0.258036526953739,23.6232,0.2592
CONDUCTIO,P<1e-5,CD33 on Immature Myeloid-Derived Suppressor Cells,GCST90001955,23,24.1825817986354,22,0.337732081207106,24.167,0.3385
CONDUCTIO,P<1e-5,CD127 on CD8+ T cell,GCST90001927,25,14.5486667525367,24,0.933272726977398,14.5464,0.9333
CONDUCTIO,P<1e-5,CD28+ CD45RA+ CD8+ T cell %CD8+ T cell,GCST90001689,41,64.964447739723,40,0.00753703538024492,64.9489,0.0076
CONDUCTIO,P<1e-5,CD39+ CD4+ T cell Absolute Count,GCST90001660,29,26.0633678154484,28,0.569561283193972,26.0603,0.5697
CONDUCTIO,P<1e-5,CD33 on CD33dim HLA DR+ CD11b-,GCST90001949,22,21.4753742391547,21,0.430261331912492,21.4602,0.4312
CONDUCTIO,P<1e-5,Central Memory CD8+ T cell %CD8+ T cell,GCST90001549,31,21.2569960678179,30,0.879680054013265,21.2527,0.8798
CONDUCTIO,P<1e-5,CD64 on CD14- CD16+ monocyte,GCST90001990,20,28.5385301218004,19,0.073598813287467,28.4226,0.0756
CONDUCTIO,P<1e-5,CD33 on basophil,GCST90001954,22,18.4636780655248,21,0.619502222651963,18.4571,0.6199
CONDUCTIO,P<1e-5,CD4+ T cell Absolute Count,GCST90001590,24,25.3093126637734,23,0.33453685299782,25.2391,0.3381
CONDUCTIO,P<1e-5,Lymphocyte Absolute Count,GCST90001601,19,23.5858589583144,18,0.169069216917821,23.5665,0.1697
CONDUCTIO,P<1e-5,Naive-mature B cell Absolute Count,GCST90001409,23,16.1927125900583,22,0.806207528776041,16.1716,0.8073
CONDUCTIO,P<1e-5,CD3 on CD28- CD8+ T cell,GCST90001865,20,14.0118121115785,19,0.783002293255496,13.9524,0.7865
CONDUCTIO,P<1e-5,CD27 on CD20- CD38- B cell,GCST90001797,20,18.8591908121399,19,0.4659021599004,18.8373,0.4673
CONDUCTIO,P<1e-5,CD4 on HLA DR+ CD4+ T cell,GCST90001959,21,39.9956189558811,20,0.00500178652107318,39.9845,0.005
CONDUCTIO,P<1e-5,CD20 on unswitched memory B cell,GCST90001760,22,15.1011875308491,21,0.817840462648069,15.1007,0.8179
CONDUCTIO,P<1e-5,T cell Absolute Count,GCST90001603,19,19.1542375835898,18,0.382383925254804,19.0867,0.3865
CONDUCTIO,P<1e-5,HLA DR+ CD4+ T cell %T cell,GCST90001625,25,41.9893366576837,24,0.0129402881709169,41.9283,0.0131
CONDUCTIO,P<1e-5,B cell Absolute Count,GCST90001642,30,24.2183515407979,29,0.718093452891225,24.2122,0.7184
CONDUCTIO,P<1e-5,CD28+ CD45RA+ CD8dim T cell Absolute Count,GCST90001666,54,60.1380198183689,53,0.233143561428184,60.1341,0.2332
CONDUCTIO,P<1e-5,CD24 on IgD+ CD38+ B cell,GCST90001768,25,18.1870099758058,24,0.793843428703226,18.1746,0.7945
CONDUCTIO,P<1e-5,Resting CD4 regulatory T cell %CD4 regulatory T cell,GCST90001481,30,52.9233344299962,29,0.00429310949734578,52.9047,0.0043
CONDUCTIO,P<1e-5,Secreting CD4 regulatory T cell %CD4 regulatory T cell,GCST90001493,31,32.0791229833212,30,0.363856626886757,32.0784,0.3639
CONDUCTIO,P<1e-5,Activated & resting CD4 regulatory T cell %CD4 regulatory T cell,GCST90001499,29,30.9918011189537,28,0.317444722027797,30.9899,0.3175
CONDUCTIO,P<1e-5,Activated & secreting CD4 regulatory T cell %CD4 regulatory T cell,GCST90001502,38,46.0596488878103,37,0.145975776203926,46.0497,0.1462
CONDUCTIO,P<1e-5,CD39+ activated CD4 regulatory T cell Absolute Count,GCST90001489,30,49.1428388903224,29,0.0111529629383475,49.1283,0.0112
CONDUCTIO,P<1e-5,FSC-A on Natural Killer,GCST90001969,18,19.089781563953,17,0.323403197165722,19.0838,0.3237
CONDUCTIO,P<1e-5,SSC-A on Natural Killer,GCST90002076,23,37.1808940606175,22,0.022596854259399,37.1797,0.0226
CONDUCTIO,P<1e-5,SSC-A on Natural Killer T,GCST90002084,20,22.9153496910891,19,0.241090858163774,22.9149,0.2411
CONDUCTIO,P<1e-5,CD45RA- CD28- CD8+ T cell Absolute Count,GCST90001695,350,365.523668406224,349,0.260773476372881,365.5144,0.2609
CONDUCTIO,P<1e-5,BAFF-R on IgD- CD38+ B cell,GCST90001713,15,28.2111167941554,14,0.0133371818512993,28.2015,0.0134
CONDUCTIO,P<1e-5,CD14 on CD14+ CD16+ monocyte,GCST90001983,15,11.264179631285,14,0.665169208846148,11.2636,0.6652
CONDUCTIO,P<1e-5,CD20 on IgD+ CD24- B cell,GCST90001747,25,23.1975814358574,24,0.508160603710168,23.0209,0.5186
CONDUCTIO,P<1e-5,CD20 on IgD+ CD38dim B cell,GCST90001752,28,22.5628841831936,27,0.708256970839046,22.4411,0.7146
CONDUCTIO,P<1e-5,CD38 on naive-mature B cell,GCST90001816,26,18.7464605208058,25,0.809112365047126,18.732,0.8098
CONDUCTIO,P<1e-5,IgD on IgD+ CD24+ B cell,GCST90001820,28,32.00210591981,27,0.232006242479077,31.9926,0.2324
CONDUCTIO,P<1e-5,CD24 on IgD+ CD38- B cell,GCST90001766,22,16.4262294968532,21,0.745245166783544,16.4262,0.7452
CONDUCTIO,P<1e-5,Hematopoietic Stem Cell Absolute Count,GCST90001514,19,12.8453637332144,18,0.800676415626177,12.841,0.8009
CONDUCTIO,P<1e-5,CCR2 on CD14+ CD16- monocyte,GCST90002004,27,23.0644878429312,26,0.629296189212368,23.0267,0.6314
CONDUCTIO,P<1e-5,Monocytic Myeloid-Derived Suppressor Cells Absolute Count,GCST90001530,19,20.1219941723819,18,0.325993526715877,20.1144,0.3264
CONDUCTIO,P<1e-5,CD3 on CD8+ T cell,GCST90001859,23,10.0657549523158,22,0.985698706546536,10.0641,0.9857
CONDUCTIO,P<1e-5,CD8+ Natural Killer T Absolute Count,GCST90001630,26,32.8716857263438,25,0.134307317799807,32.8716,0.1343
CONDUCTIO,P<1e-5,CD39+ resting CD4 regulatory T cell Absolute Count,GCST90001483,28,21.3569043176185,27,0.769293987326292,21.1123,0.781
CONDUCTIO,P<1e-5,CD39+ resting CD4 regulatory T cell %CD4 regulatory T cell,GCST90001485,36,38.9768778736608,35,0.295462830060623,38.9629,0.296
CONDUCTIO,P<1e-5,CD127 on CD45RA+ CD4+ T cell,GCST90001932,22,36.1651248046214,21,0.0209494729659134,36.0894,0.0214
CONDUCTIO,P<1e-5,HVEM on naive CD8+ T cell,GCST90001872,21,31.5278709837477,20,0.048596277788894,31.4646,0.0493
CONDUCTIO,P<1e-5,HVEM on CD8+ T cell,GCST90001881,16,8.95839168514849,15,0.879682946545566,8.9365,0.8808
CONDUCTIO,P<1e-5,CD8 on CD28+ CD45RA+ CD8+ T cell,GCST90002119,22,40.9005041429805,21,0.00576810549733783,40.8768,0.0058
CONDUCTIO,P<1e-5,CD14+ CD16- monocyte Absolute Count,GCST90001582,28,15.6647001683168,27,0.959040229478733,15.6336,0.9596
CONDUCTIO,P<1e-5,IgD+ CD38+ B cell %lymphocyte,GCST90001429,25,23.6304068787267,24,0.482886339682125,23.5806,0.4858
CONDUCTIO,P<1e-5,PDL-1 on monocyte,GCST90002002,15,14.7885706914961,14,0.392758751703555,14.7884,0.3928
CONDUCTIO,P<1e-5,CD45 on HLA DR+ CD8+ T cell,GCST90001921,18,14.5065616397083,17,0.630976282678951,14.5065,0.631
CONDUCTIO,P<1e-5,CD28- CD8dim T cell Absolute Count,GCST90001663,28,29.517765677371,27,0.336250939981903,29.4141,0.3411
CONDUCTIO,P<1e-5,IgD+ CD38- B cell %B cell,GCST90001395,22,25.7835837156395,21,0.214821450524174,25.7398,0.2165
CONDUCTIO,P<1e-5,CD33+ HLA DR+ CD14dim Absolute Count,GCST90001520,28,28.2141719056375,27,0.399995219315943,28.1545,0.403
CONDUCTIO,P<1e-5,CD4RA on Terminally Differentiated CD4+ T cell,GCST90002099,33,31.2314225149919,32,0.505278046408266,31.1467,0.5096
CONDUCTIO,P<1e-5,CD4 on CD45RA+ CD4+ T cell,GCST90002027,27,26.5640177319797,26,0.432462989637916,26.4425,0.439
CONDUCTIO,P<1e-5,Activated CD4 regulatory T cell %CD4+ T cell,GCST90001488,19,13.8376797780323,18,0.73960971791665,13.8304,0.7401
CONDUCTIO,P<1e-5,Natural Killer %lymphocyte,GCST90001647,27,36.3226339732047,26,0.085893275434994,36.1839,0.0883
CONDUCTIO,P<1e-5,Unswitched memory B cell %lymphocyte,GCST90001432,22,15.1945420771438,21,0.813065154777971,15.1658,0.8145
CONDUCTIO,P<1e-5,CD4 on Effector Memory CD4+ T cell,GCST90002025,20,21.3991586371052,19,0.315170094680178,21.2198,0.3248
CONDUCTIO,P<1e-5,CD45RA+ CD28- CD8+ T cell Absolute Count,GCST90001698,719,739.612361646479,718,0.280197627312432,739.6076,0.2802
CONDUCTIO,P<1e-5,CD62L on monocyte,GCST90001834,25,24.4833274214779,24,0.434255229012189,24.3525,0.4416
CONDUCTIO,P<1e-5,CX3CR1 on CD14- CD16+ monocyte,GCST90002012,18,26.2156120538037,17,0.0706208726250623,26.1279,0.0722
CONDUCTIO,P<1e-5,CD4 on CD39+ activated CD4 regulatory T cell,GCST90002067,23,20.2817157692175,22,0.565422800339999,20.2548,0.5671
CONDUCTIO,P<1e-5,CD28+ CD45RA- CD8dim T cell %T cell,GCST90001667,28,26.0943046694197,27,0.51337134905388,26.0788,0.5142
CONDUCTIO,P<1e-5,CD4 on CD28+ CD4+ T cell,GCST90002062,21,32.2503738822123,20,0.0407024262867593,32.1674,0.0415
CONDUCTIO,P<1e-5,CD3 on CD45RA+ CD4+ T cell,GCST90001858,32,37.2518394791774,31,0.203386272691503,37.1354,0.2071
CONDUCTIO,P<1e-5,FSC-A on HLA DR+ T cell,GCST90001975,19,15.6756924315579,18,0.615169305951921,15.6697,0.6156
CONDUCTIO,P<1e-5,SSC-A on HLA DR+ CD8+ T cell,GCST90002086,24,26.071979158999,23,0.297479968840102,26.0717,0.2975
CONDUCTIO,P<1e-5,CD28- CD127- CD25++ CD8+ T cell %T cell,GCST90001673,18,22.9670928707005,17,0.150325061155666,22.9618,0.1505
CONDUCTIO,P<1e-5,CD80 on granulocyte,GCST90002040,33,34.5775285441621,32,0.345743337254955,34.5752,0.3458
CONDUCTIO,P<1e-5,HLA DR+ CD8+ T cell Absolute Count,GCST90001627,34,43.9217629606547,33,0.0968777417829613,43.9106,0.0971
CONDUCTIO,P<1e-5,HLA DR on CD14+ CD16+ monocyte,GCST90002007,19,28.5483810282623,18,0.0541855938288145,28.5448,0.0542
CONDUCTIO,P<1e-5,BAFF-R on IgD+ CD38- naive B cell,GCST90001706,28,22.4723882050391,27,0.713004632694598,22.4544,0.7139
CONDUCTIO,P<1e-5,Transitional B cell %lymphocyte,GCST90001578,26,17.4533447447866,25,0.864698251583507,17.4499,0.8648
CONDUCTIO,P<1e-5,CD45 on CD8+ T cell,GCST90001917,26,22.4792170299471,25,0.607944935825267,22.4746,0.6082
CONDUCTIO,P<1e-5,CD19 on memory B cell,GCST90001736,24,19.0455157225882,23,0.698579647179584,19.0007,0.7012
CONDUCTIO,P<1e-5,CD33 on CD14+ monocyte,GCST90001946,21,28.2194627879638,20,0.104305171853516,28.21,0.1045
CONDUCTIO,P<1e-5,BAFF-R on IgD- CD24- B cell,GCST90001710,22,19.7685652461497,21,0.535960034397507,19.7681,0.536
CONDUCTIO,P<1e-5,FSC-A on lymphocyte,GCST90001971,17,14.0078856382598,16,0.598126344730321,14.0008,0.5987
CONDUCTIO,P<1e-5,FSC-A on T cell,GCST90001972,22,31.0299079184713,21,0.0731616408270613,31.0295,0.0732
CONDUCTIO,P<1e-5,FSC-A on CD4+ T cell,GCST90001973,25,22.8491753337836,24,0.528715820337915,22.8486,0.5288
CONDUCTIO,P<1e-5,SSC-A on lymphocyte,GCST90002079,21,18.9330152612372,20,0.526183873748756,18.8741,0.53
CONDUCTIO,P<1e-5,SSC-A on CD4+ T cell,GCST90002081,30,24.0293573970205,29,0.727482795674198,24.0217,0.7279
CONDUCTIO,P<1e-5,CD86 on monocyte,GCST90001905,16,6.04732419835576,15,0.978941804098267,6.0466,0.979
CONDUCTIO,P<1e-5,CD86+ plasmacytoid Dendritic Cell %Dendritic Cell,GCST90001467,26,17.7366535186128,25,0.853363487074443,17.7188,0.8541
CONDUCTIO,P<1e-5,CD127- CD8+ T cell %T cell,GCST90001682,14,14.0774914041138,13,0.368409369797884,13.9897,0.3746
CONDUCTIO,P<1e-5,CD20 on IgD- CD24- B cell,GCST90001753,28,46.4993364030751,27,0.011235491350279,46.4913,0.0113
CONDUCTIO,P<1e-5,CD20 on IgD- CD27- B cell,GCST90001754,19,29.9125340709933,18,0.0383055772553124,29.7032,0.0404
CONDUCTIO,P<1e-5,SSC-A on granulocyte,GCST90002078,25,26.8720936936071,24,0.310450496741588,26.7932,0.3142
CONDUCTIO,P<1e-5,CD28- CD4-CD8- T cell %CD4-CD8- T cell,GCST90001653,27,36.9492339962846,26,0.0755440833211581,36.9325,0.0758
CONDUCTIO,P<1e-5,CD28+ CD4-CD8- T cell %CD4-CD8- T cell,GCST90001656,27,36.9492339962846,26,0.0755440833211581,36.9325,0.0758
CONDUCTIO,P<1e-5,Naive CD8+ T cell Absolute Count,GCST90001551,28,22.2442770693663,27,0.724863137851043,22.2396,0.7251
CONDUCTIO,P<1e-5,CD28+ CD45RA+ CD8+ T cell Absolute Count,GCST90001690,59,57.6256384648483,58,0.489170623217364,57.6004,0.4901
CONDUCTIO,P<1e-5,CD127- CD8+ T cell %CD8+ T cell,GCST90001683,14,14.291908773089,13,0.35361230225024,14.2305,0.3578
CONDUCTIO,P<1e-5,CD8 on CD28+ CD45RA- CD8+ T cell,GCST90002118,14,7.09494843398421,13,0.897192347949971,7.0917,0.8974
CONDUCTIO,P<1e-5,Naive CD8+ T cell %T cell,GCST90001553,29,17.0462925056535,28,0.947668860223893,17.0446,0.9477
CONDUCTIO,P<1e-5,CD28+ CD45RA+ CD8+ T cell %T cell,GCST90001688,110,108.737817805201,109,0.489066481605492,108.7369,0.4891
CONDUCTIO,P<1e-5,FSC-A on CD8+ T cell,GCST90001974,18,11.4975964106306,17,0.829559390754984,11.4867,0.8302
CONDUCTIO,P<1e-5,CD39+ CD4+ T cell %CD4+ T cell,GCST90001659,25,30.7822616522771,24,0.160160544248872,30.7677,0.1606
CONDUCTIO,P<1e-5,CD25++ CD45RA+ CD4 not regulatory T cell Absolute Count,GCST90001507,26,25.3160118597256,25,0.444779845618999,25.2313,0.4495
CONDUCTIO,P<1e-5,CD45RA on resting CD4 regulatory T cell,GCST90002102,29,22.5878052420607,28,0.753380343509634,22.5747,0.754
CONDUCTIO,P<1e-5,CD8+ Natural Killer T %lymphocyte,GCST90001632,27,30.8706981647535,26,0.233120205943995,30.7708,0.2369
CONDUCTIO,P<1e-5,Granulocytic Myeloid-Derived Suppressor Cells Absolute Count,GCST90001524,21,25.7353401263316,20,0.174731777066676,25.6253,0.1785
CONDUCTIO,P<1e-5,CD19 on IgD- CD24- B cell,GCST90001731,23,33.6259451844724,22,0.0535948685756641,33.4411,0.0559
CONDUCTIO,P<1e-5,CD19 on IgD- CD27- B cell,GCST90001732,26,31.2151949565668,25,0.181991727153275,31.1734,0.1833
CONDUCTIO,P<1e-5,Monocyte Absolute Count,GCST90001583,27,30.6721157894523,26,0.240706951400306,30.6237,0.2426
CONDUCTIO,P<1e-5,CCR2 on CD14+ CD16+ monocyte,GCST90001992,37,37.9884707925912,36,0.378858917310857,37.9307,0.3814
CONDUCTIO,P<1e-5,SSC-A on plasmacytoid Dendritic Cell,GCST90002072,26,14.8928658100726,25,0.943851101436903,14.8904,0.9439
CONDUCTIO,P<1e-5,CD3 on HLA DR+ CD4+ T cell,GCST90001849,26,27.4107664044772,25,0.335681158031657,27.4101,0.3357
CONDUCTIO,P<1e-5,CCR2 on granulocyte,GCST90002018,17,22.6681794748754,16,0.122896855338388,22.6677,0.1229
CONDUCTIO,P<1e-5,CD4 on CD4+ T cell,GCST90002022,22,20.4042643836287,21,0.495799754704701,20.2297,0.5068
CONDUCTIO,P<1e-5,CD3 on CD39+ CD8+ T cell,GCST90001866,16,16.6711155524994,15,0.33890220158362,16.6643,0.3393
CONDUCTIO,P<1e-5,SSC-A on CD14+ monocyte,GCST90002074,23,25.1571950111642,22,0.289616652919846,25.1555,0.2897
CONDUCTIO,P<1e-5,CD4+ T cell %T cell,GCST90001591,23,21.8722441658309,22,0.467536077066851,21.7302,0.4761
CONDUCTIO,P<1e-5,CD28 on CD39+ secreting CD4 regulatory T cell,GCST90001888,21,47.2751261129258,20,0.000537150447434564,46.9165,6e-04
CONDUCTIO,P<1e-5,Central Memory CD4+ T cell Absolute Count,GCST90001537,28,51.3194084187416,27,0.00319289496089901,51.1889,0.0033
CONDUCTIO,P<1e-5,CD4 regulatory T cell %T cell,GCST90001479,16,8.36907187745869,15,0.908135406404324,8.3609,0.9085
CONDUCTIO,P<1e-5,HLA DR on B cell,GCST90002116,22,28.7940698215369,21,0.119033928916697,28.7922,0.1191
CONDUCTIO,P<1e-5,CD16-CD56 on Natural Killer T,GCST90001883,28,14.1467726304844,27,0.979780279322322,14.1429,0.9798
CONDUCTIO,P<1e-5,CD45 on Granulocytic Myeloid-Derived Suppressor Cells,GCST90002047,18,12.7778682661938,17,0.75092470538662,12.7749,0.7511
CONDUCTIO,P<1e-5,Effector Memory CD4-CD8- T cell %T cell,GCST90001571,23,28.7862246833618,22,0.151066024103419,28.6214,0.156
CONDUCTIO,P<1e-5,IgD+ B cell %B cell,GCST90001391,17,13.4552852236444,16,0.639222860383579,13.455,0.6392
CONDUCTIO,P<1e-5,CD11c+ monocyte %monocyte,GCST90001449,20,7.7022374290916,19,0.989424253171605,7.7022,0.9894
CONDUCTIO,P<1e-5,IgD on IgD+ CD38dim B cell,GCST90001825,22,16.4441772291387,21,0.744198370750023,16.4441,0.7442
CONDUCTIO,P<1e-5,CD4 on Terminally Differentiated CD4+ T cell,GCST90002026,24,16.2808509136995,23,0.842984766906197,16.2762,0.8432
CONDUCTIO,P<1e-5,CD80 on monocyte,GCST90002039,23,23.0005928824003,22,0.401696132469238,22.9857,0.4025
CONDUCTIO,P<1e-5,CD38 on transitional B cell,GCST90001819,24,34.1867961786513,23,0.0625050225414983,33.9844,0.0654
CONDUCTIO,P<1e-5,CD8 on HLA DR+ CD8+ T cell,GCST90002060,25,11.7126246202094,24,0.982955726519545,11.6838,0.9832
CONDUCTIO,P<1e-5,CD28 on CD39+ CD8+ T cell,GCST90001897,20,22.2269821459414,19,0.273105778810122,22.2186,0.2735
CONDUCTIO,P<1e-5,BAFF-R on switched memory B cell,GCST90001718,19,22.283322120164,18,0.219649109018478,22.2461,0.2212
CONDUCTIO,P<1e-5,HLA DR+ T cell%T cell,GCST90001619,31,33.8707917214916,30,0.28602793078245,33.8354,0.2875
CONDUCTIO,P<1e-5,HLA DR+ T cell%lymphocyte,GCST90001620,25,26.6912928169464,24,0.31904712320993,26.6899,0.3191
CONDUCTIO,P<1e-5,CD24 on transitional B cell,GCST90001774,20,16.6833897010615,19,0.6113078053508,16.6695,0.6122
CONDUCTIO,P<1e-5,Central Memory CD4+ T cell %CD4+ T cell,GCST90001538,32,44.2449307561743,31,0.0580973549367941,44.2428,0.0581
CONDUCTIO,P<1e-5,CD39+ secreting CD4 regulatory T cell %secreting CD4 regulatory T cell,GCST90001496,28,46.3551514597323,27,0.011647600662275,46.2945,0.0118
CONDUCTIO,P<1e-5,CD86+ plasmacytoid Dendritic Cell Absolute Count,GCST90001466,20,23.6109893730278,19,0.211499840640092,23.3403,0.2227
CONDUCTIO,P<1e-5,CD45 on CD33+ HLA DR+ CD14dim,GCST90002043,16,11.4280384260628,15,0.721703528520336,11.4181,0.7224
CONDUCTIO,P<1e-5,Natural Killer T Absolute Count,GCST90001621,34,47.6968794757679,33,0.0471077937366722,47.6791,0.0473
CONDUCTIO,P<1e-5,HLA DR+ Natural Killer %Natural Killer,GCST90001649,23,14.3484177575061,22,0.888653281736123,14.164,0.8956
CONDUCTIO,P<1e-5,HLA DR+ Natural Killer  %CD3- lymphocyte,GCST90001650,23,28.2401349479424,22,0.167858823028241,28.163,0.1703
CONDUCTIO,P<1e-5,IgD+ CD38+ B cell Absolute Count,GCST90001392,29,28.5257195045215,28,0.436867976342417,28.5254,0.4369
CONDUCTIO,P<1e-5,IgD- CD38+ B cell %B cell,GCST90001410,18,17.1217409861685,17,0.44614804474736,17.1037,0.4474
CONDUCTIO,P<1e-5,BAFF-R on IgD+ CD38+ B cell,GCST90001708,27,35.1797003160855,26,0.107817562668802,35.1387,0.1087
CONDUCTIO,P<1e-5,CD45RA+ CD28- CD8+ T cell %T cell,GCST90001700,206,218.017404483199,205,0.253818911460174,217.9966,0.2541
CONDUCTIO,P<1e-5,CD8+ Natural Killer T %T cell,GCST90001631,27,31.7270191984459,26,0.202301906549766,31.7246,0.2024
CONDUCTIO,P<1e-5,PDL-1 on CD14+ CD16- monocyte,GCST90001993,15,10.0025550147369,14,0.761996638404336,9.9985,0.7623
CONDUCTIO,P<1e-5,CD64 on monocyte,GCST90002006,29,42.2029084583207,28,0.0414870418782291,42.1315,0.0421
CONDUCTIO,P<1e-5,IgD on IgD+ CD38- unswitched memory B cell,GCST90001823,17,13.4266486865935,16,0.641344121503053,13.4053,0.6429
CONDUCTIO,P<1e-5,CD20- CD38- B cell %lymphocyte,GCST90001444,23,35.8727366388158,22,0.0313333776596375,35.8726,0.0313
CONDUCTIO,P<1e-5,CD3- lymphocyte %leukocyte,GCST90001641,20,11.0141713766382,19,0.923360838899268,11.008,0.9236
CONDUCTIO,P<1e-5,CD4 regulatory T cell Absolute Count,GCST90001513,21,23.3896698600808,20,0.27006834731489,23.3822,0.2704
CONDUCTIO,P<1e-5,IgD on IgD+ CD38+ B cell,GCST90001824,25,38.2339215445356,24,0.0328066731595372,38.228,0.0329
CONDUCTIO,P<1e-5,IgD on transitional B cell,GCST90001828,32,41.5924657597101,31,0.0969015883992628,41.5922,0.0969
CONDUCTIO,P<1e-5,CD25 on IgD- CD27- B cell,GCST90001786,21,24.2752490823655,20,0.230575466094913,24.2403,0.2321
CONDUCTIO,P<1e-5,CD25 on IgD- CD38- B cell,GCST90001787,22,14.8137549272709,21,0.832179742913603,14.8123,0.8323
CONDUCTIO,P<1e-5,CD28- CD25++ CD8+ T cell %CD8+ T cell,GCST90001677,25,25.8172371217326,24,0.362503229122465,25.797,0.3635
CONDUCTIO,P<1e-5,CD33+ HLA DR+ CD14dim %CD33+ HLA DR+,GCST90001521,25,27.0367687646377,24,0.302742164430455,27.0199,0.3035
CONDUCTIO,P<1e-5,CD45 on Monocytic Myeloid-Derived Suppressor Cells,GCST90002049,17,19.3027062394286,16,0.253278731919805,19.2872,0.2541
CONDUCTIO,P<1e-5,HLA DR++ monocyte %monocyte,GCST90001475,22,29.0955007712028,21,0.111727518795398,29.006,0.1139
CONDUCTIO,P<1e-5,CD45 on HLA DR+ T cell,GCST90001918,18,19.4659116424732,17,0.302453556914505,19.451,0.3033
CONDUCTIO,P<1e-5,CD28- CD127- CD25++ CD8+ T cell Absolute Count,GCST90001675,29,25.854855471205,28,0.581022602408134,25.838,0.5819
CONDUCTIO,P<1e-5,CD28- CD25++ CD8+ T cell Absolute Count,GCST90001678,25,30.3731225895438,24,0.172691075605431,30.3243,0.1742
CONDUCTIO,P<1e-5,CD14 on CD14+ CD16- monocyte,GCST90001986,16,14.0064561796792,15,0.525039533021568,13.8641,0.5359
CONDUCTIO,P<1e-5,CD80 on CD62L+ myeloid Dendritic Cell,GCST90002036,26,32.5673398166658,25,0.142243549590638,32.5591,0.1425
CONDUCTIO,P<1e-5,Secreting CD4 regulatory T cell Absolute Count,GCST90001492,23,23.6309734751516,22,0.366865929386892,23.475,0.3753
CONDUCTIO,P<1e-5,CD66b on CD66b++ myeloid cell,GCST90001836,26,18.933102167297,25,0.800316816014021,18.9097,0.8014
CONDUCTIO,P<1e-5,CD19 on IgD- CD38- B cell,GCST90001733,22,34.9603266377715,21,0.0285194275015251,34.9602,0.0285
CONDUCTIO,P<1e-5,CD38 on IgD- CD38+ B cell,GCST90001814,14,3.13887404041239,13,0.997385549900732,3.1386,0.9974
CONDUCTIO,P<1e-5,CD39 on CD39+ CD8+ T cell,GCST90002029,23,37.2198473912849,22,0.0223745398076845,37.2142,0.0224
CONDUCTIO,P<1e-5,Terminally Differentiated CD4-CD8- T cell Absolute Count,GCST90001572,22,36.630274357633,21,0.0185551710321603,36.5992,0.0187
CONDUCTIO,P<1e-5,FSC-A on Natural Killer T,GCST90001976,20,21.6005376609341,19,0.304585385190099,21.5928,0.305
CONDUCTIO,P<1e-5,CD19 on CD20- CD38- B cell,GCST90001722,19,14.0009757232037,18,0.729027659379021,13.9797,0.7304
CONDUCTIO,P<1e-5,CD20 on CD20- CD38- B cell,GCST90001744,16,12.2085009432793,15,0.663183475270179,12.1988,0.6639
CONDUCTIO,P<1e-5,CD27 on Plasma Blast-Plasma Cell,GCST90001807,19,17.0497314170428,18,0.519688350930255,17.0346,0.5207
CONDUCTIO,P<1e-5,CD62L on CD62L+ Dendritic Cell,GCST90001833,26,21.9660821042836,25,0.637701890991968,21.8786,0.6427
CONDUCTIO,P<1e-5,HLA DR on HLA DR+ CD4+ T cell,GCST90002114,22,16.1017359607831,21,0.763907939098926,16.0523,0.7667
CONDUCTIO,P<1e-5,IgD+ CD38- B cell Absolute Count,GCST90001396,17,15.3450798021291,16,0.499524313553508,15.0637,0.52
CONDUCTIO,P<1e-5,IgD+ CD38- B cell %lymphocyte,GCST90001431,20,23.5961568869929,19,0.21210195101907,23.5401,0.2144
CONDUCTIO,P<1e-5,CD28 on CD28+ CD45RA+ CD8+ T cell,GCST90001896,15,6.97615634807872,14,0.935627142985268,6.9711,0.9358
CONDUCTIO,P<1e-5,SSC-A on B cell,GCST90002075,13,15.6584263198345,12,0.207386313474042,15.6566,0.2075
CONDUCTIO,P<1e-5,IgD- CD27- B cell Absolute Count,GCST90001401,25,27.4264923963348,24,0.284969099354762,27.2563,0.2926
CONDUCTIO,P<1e-5,CD3 on CD39+ CD4+ T cell,GCST90001860,27,19.7153356352098,26,0.804851179577793,19.7066,0.8053
CONDUCTIO,P<1e-5,CD123 on plasmacytoid Dendritic Cell,GCST90001944,18,17.0350233961606,17,0.451995703951993,17.0268,0.4525
CONDUCTIO,P<1e-5,CD123 on CD62L+ plasmacytoid Dendritic Cell,GCST90001945,18,17.0357129826455,17,0.45194908173356,17.0275,0.4525
CONDUCTIO,P<1e-5,HLA DR on CD14- CD16-,GCST90002009,25,24.9122636767321,24,0.410541004778542,24.912,0.4106
CONDUCTIO,P<1e-5,Central Memory CD4+ T cell %T cell,GCST90001539,24,33.9234750155979,23,0.0662728269903832,33.8839,0.0669
CONDUCTIO,P<1e-5,FSC-A on CD14+ monocyte,GCST90001967,23,23.1783736721717,22,0.391716645207098,23.0697,0.3978
CONDUCTIO,P<1e-5,CD25 on CD39+ secreting CD4 regulatory T cell,GCST90001942,16,28.041612139963,15,0.0213100054477607,28.0396,0.0213
CONDUCTIO,P<1e-5,CD4+CD8+ T cell %T cell,GCST90001595,8,7.70086263700515,7,0.359709015795119,7.6943,0.3603
CONDUCTIO,P<1e-5,CD3 on CD39+ activated CD4 regulatory T cell,GCST90001854,26,26.68461406672,25,0.371821999554577,26.6624,0.373
CONDUCTIO,P<1e-5,FSC-A on myeloid Dendritic Cell,GCST90001963,20,23.1214501018322,19,0.232034819158681,23.0811,0.2338
CONDUCTIO,P<1e-5,FSC-A on monocyte,GCST90001965,19,13.431484356203,18,0.765329145628699,13.4077,0.7668
CONDUCTIO,P<1e-5,CD33+ HLA DR+ CD14- %CD33+ HLA DR+,GCST90001519,19,22.9311162801217,18,0.193251070995908,22.3543,0.2166
CONDUCTIO,P<1e-5,CD19 on IgD+ CD38- unswitched memory B cell,GCST90001728,22,30.6819200225909,21,0.0791170271537799,30.6791,0.0792
CONDUCTIO,P<1e-5,CD25 on IgD+ CD24- B cell,GCST90001779,24,23.6369486444909,23,0.424133970455753,23.5879,0.4269
CONDUCTIO,P<1e-5,CD45RA- CD28- CD8+ T cell %T cell,GCST90001697,180,175.800726975968,179,0.553618266737037,175.7859,0.5539
CONDUCTIO,P<1e-5,CD20 on IgD- CD38- B cell,GCST90001755,27,34.9153044172856,26,0.113492529310011,34.8581,0.1148
CONDUCTIO,P<1e-5,CD20 on switched memory B cell,GCST90001761,31,34.6434918688335,30,0.255843302982369,34.5245,0.2604
CONDUCTIO,P<1e-5,CD39 on CD39+ secreting CD4 regulatory T cell,GCST90002031,23,42.9158460103414,22,0.00483293739972537,42.8962,0.0049
CONDUCTIO,P<1e-5,CD24+ CD27+ B cell %B cell,GCST90001417,26,23.7499939618711,25,0.533854215599165,23.7001,0.5368
CONDUCTIO,P<1e-5,CD4 on activated CD4 regulatory T cell,GCST90002066,24,29.0901947458313,23,0.177338085943695,29.0884,0.1774
CONDUCTIO,P<1e-5,CD4 on activated & secreting CD4 regulatory T cell,GCST90002070,32,28.730297585891,31,0.583277435032069,28.7236,0.5836
CONDUCTIO,P<1e-5,CD33 on CD66b++ myeloid cell,GCST90001951,18,15.8176298399156,17,0.536798234169661,15.8083,0.5375
CONDUCTIO,P<1e-5,Effector Memory CD8+ T cell %CD8+ T cell,GCST90001555,24,43.1021131565233,23,0.00673504106634894,43.102,0.0067
CONDUCTIO,P<1e-5,CD45RA+ CD8+ T cell %CD8+ T cell,GCST90001561,27,44.115328953178,26,0.0146899849391212,44.1045,0.0147
CONDUCTIO,P<1e-5,HLA DR on CD33dim HLA DR+ CD11b+,GCST90002110,23,23.6514728687431,22,0.365760016342419,23.6434,0.3662
CONDUCTIO,P<1e-5,T cell %lymphocyte,GCST90001604,17,18.3153519253985,16,0.30575672737018,18.2329,0.3104
CONDUCTIO,P<1e-5,IgD+ CD24+ B cell Absolute Count,GCST90001412,23,20.3554923898383,22,0.560813518581961,20.2797,0.5655
CONDUCTIO,P<1e-5,CD33dim HLA DR- Absolute Count,GCST90001531,24,25.8236133892114,23,0.309263522582885,25.778,0.3115
CONDUCTIO,P<1e-5,Activated CD4 regulatory T cell Absolute Count,GCST90001486,15,14.5580628901401,14,0.409015132064908,14.5548,0.4092
CONDUCTIO,P<1e-5,CD28+ CD45RA- CD8dim T cell %CD8dim T cell,GCST90001668,28,41.6815447138837,27,0.0353726128060462,41.5615,0.0363
CONDUCTIO,P<1e-5,CD19 on IgD+ B cell,GCST90001741,27,34.918395515568,26,0.113424810556225,34.9057,0.1137
CONDUCTIO,P<1e-5,Naive CD8+ T cell %CD8+ T cell,GCST90001552,37,25.5553607318641,36,0.902267964625941,25.5509,0.9024
CONDUCTIO,P<1e-5,CD127 on CD28+ CD45RA+ CD8+ T cell,GCST90001929,21,28.6861606845139,20,0.094125374224209,28.5845,0.0963
CONDUCTIO,P<1e-5,CCR2 on monocyte,GCST90002017,25,44.263219638979,24,0.00710986365620327,44.2559,0.0071
CONDUCTIO,P<1e-5,CD27 on IgD+ CD38- unswitched memory B cell,GCST90001801,23,21.7117382871453,22,0.477202979024161,21.6677,0.4799
CONDUCTIO,P<1e-5,CD45 on CD33- HLA DR+,GCST90002046,25,22.7408406302888,24,0.535136953044413,22.48,0.5506
CONDUCTIO,P<1e-5,Myeloid Dendritic Cell %Dendritic Cell,GCST90001459,26,21.3800730885889,25,0.671236793189299,21.3801,0.6712
CONDUCTIO,P<1e-5,Plasmacytoid Dendritic Cell %Dendritic Cell,GCST90001474,24,21.649944314504,23,0.541459771728244,21.6499,0.5415
CONDUCTIO,P<1e-5,CD19 on IgD+ CD38+ B cell,GCST90001729,21,20.0587513293818,20,0.454259964185972,20.0277,0.4562
CONDUCTIO,P<1e-5,CD38 on IgD+ CD38dim B cell,GCST90001813,23,7.81848399398896,22,0.997608931154592,7.8178,0.9976
CONDUCTIO,P<1e-5,Terminally Differentiated CD4-CD8- T cell %CD4-CD8- T cell,GCST90001573,27,39.9361279171356,26,0.0395784787327396,39.9264,0.0397
CONDUCTIO,P<1e-5,CD33+ HLA DR+ Absolute Count,GCST90001517,30,32.717491808396,29,0.289279506584217,32.6985,0.2901
CONDUCTIO,P<1e-5,CD33+ HLA DR+ CD14- Absolute Count,GCST90001518,29,42.2863150629813,28,0.0407384756402785,42.2754,0.0408
CONDUCTIO,P<1e-5,CD25 on resting CD4 regulatory T cell,GCST90001937,20,22.3425990015035,19,0.267538866241518,22.3419,0.2676
CONDUCTIO,P<1e-5,SSC-A on HLA DR+ T cell,GCST90002083,20,13.2204693866128,19,0.827095755080316,13.1955,0.8284
CONDUCTIO,P<1e-5,IgD- CD38dim B cell %B cell,GCST90001428,26,18.5928656391966,25,0.816212611237348,18.4398,0.8232
CONDUCTIO,P<1e-5,CD38 on CD20- B cell,GCST90001809,19,26.8596656631388,18,0.0816655101017555,26.8472,0.0819
CONDUCTIO,P<1e-5,CD45 on CD33+ HLA DR+ CD14-,GCST90002042,18,15.1294549205673,17,0.586157587091309,15.0343,0.593
CONDUCTIO,P<1e-5,Myeloid Dendritic Cell Absolute Count,GCST90001458,23,21.0146445773493,22,0.519833211553916,21.0061,0.5204
CONDUCTIO,P<1e-5,CD4 on naive CD4+ T cell,GCST90002024,20,26.492917634393,19,0.117030299169757,26.4845,0.1172
CONDUCTIO,P<1e-5,Terminally Differentiated CD4+ T cell %CD4+ T cell,GCST90001546,21,29.4521769463023,20,0.0792300366598028,29.434,0.0796
CONDUCTIO,P<1e-5,Terminally Differentiated CD4+ T cell %T cell,GCST90001547,26,28.4991216632973,25,0.285393665056138,28.4983,0.2854
CONDUCTIO,P<1e-5,CD24 on switched memory B cell,GCST90001773,38,22.7966652556696,37,0.967644672418693,22.6941,0.9688
CONDUCTIO,P<1e-5,Natural Killer T %T cell,GCST90001622,32,46.9208763477677,31,0.0332963468671527,46.8142,0.0341
CONDUCTIO,P<1e-5,Natural Killer T %lymphocyte,GCST90001623,33,44.2304541151995,32,0.0735882845280888,44.1464,0.0748
CONDUCTIO,P<1e-5,Memory B cell %B cell,GCST90001406,29,31.4014438722029,28,0.299545937958951,31.1312,0.3113
CONDUCTIO,P<1e-5,CD19 on IgD- CD38+ B cell,GCST90001734,18,18.1243541297065,17,0.381036639745178,18.1231,0.3811
CONDUCTIO,P<1e-5,HLA DR++ monocyte Absolute Count,GCST90001477,23,17.4442543348048,22,0.738383152129145,17.44,0.7386
CONDUCTIO,P<1e-5,CD19 on IgD+ CD38- naive B cell,GCST90001727,19,18.3926359139559,18,0.430082636118168,18.3875,0.4304
CONDUCTIO,P<1e-5,CD28- CD4-CD8- T cell Absolute Count,GCST90001654,31,27.2427235343972,30,0.610498928804018,27.2152,0.612
CONDUCTIO,P<1e-5,CD24+ CD27+ B cell Absolute Count,GCST90001418,26,21.2615229197362,25,0.677940032485483,21.2598,0.678
CONDUCTIO,P<1e-5,CD62L- HLA DR++ monocyte Absolute Count,GCST90001454,19,21.2904801437034,18,0.265012080470361,21.2863,0.2652
CONDUCTIO,P<1e-5,CCR2 on plasmacytoid Dendritic Cell,GCST90002015,19,20.8711175172382,18,0.285965135967997,20.8659,0.2862
CONDUCTIO,P<1e-5,CCR2 on CD62L+ plasmacytoid Dendritic Cell,GCST90002016,19,27.8950030223519,18,0.0636710957725248,27.891,0.0637
CONDUCTIO,P<1e-5,CD33 on Granulocytic Myeloid-Derived Suppressor Cells,GCST90001950,20,33.7520978399479,19,0.0196539071641235,33.752,0.0197
CONDUCTIO,P<1e-5,CD40 on CD14- CD16+ monocyte,GCST90001989,27,27.1403881561045,26,0.402000250387706,27.1402,0.402
CONDUCTIO,P<1e-5,CD39+ CD4+ T cell %T cell,GCST90001658,31,33.979928069424,30,0.281636011580967,33.9295,0.2837
CONDUCTIO,P<1e-5,CD45 on basophil,GCST90002051,17,13.685240856923,16,0.622149850103692,13.6844,0.6222
CONDUCTIO,P<1e-5,CD25 on IgD+ CD38+ B cell,GCST90001783,13,8.34440835488974,12,0.757670226166693,8.3375,0.7582
CONDUCTIO,P<1e-5,CD14- CD16+ monocyte %monocyte,GCST90001584,23,23.5885227616767,22,0.369161620689862,23.586,0.3693
CONDUCTIO,P<1e-5,CD16+ monocyte %monocyte,GCST90001587,22,27.9969283973427,21,0.14023847207654,27.9967,0.1402
CONDUCTIO,P<1e-5,Secreting CD4 regulatory T cell %CD4+ T cell,GCST90001494,26,34.6818848380065,25,0.0941180166781211,34.676,0.0942
CONDUCTIO,P<1e-5,CD3 on CD45RA- CD4+ T cell,GCST90001845,28,17.5573169760231,27,0.916467957320636,17.5566,0.9165
CONDUCTIO,P<1e-5,CD24 on IgD- CD38- B cell,GCST90001769,29,36.7241527496997,28,0.125069554144605,36.6072,0.1278
CONDUCTIO,P<1e-5,CD3 on Effector Memory CD8+ T cell,GCST90001839,20,18.9852313246826,19,0.457783932870593,18.9802,0.4581
CONDUCTIO,P<1e-5,CD62L- myeloid Dendritic Cell Absolute Count,GCST90001468,16,19.8493455774996,15,0.177788470640282,19.7826,0.1804
CONDUCTIO,P<1e-5,CD62L- myeloid Dendritic Cell %Dendritic Cell,GCST90001469,24,32.6579803888578,23,0.0872142461579035,32.6527,0.0873
CONDUCTIO,P<1e-5,CD62L- CD86+ myeloid Dendritic Cell Absolute Count,GCST90001472,19,20.3038263256404,18,0.31597674826395,20.1992,0.3217
CONDUCTIO,P<1e-5,CD62L- CD86+ myeloid Dendritic Cell %Dendritic Cell,GCST90001473,18,15.209880748168,17,0.580367145217206,15.1718,0.5831
CONDUCTIO,P<1e-5,CD45 on Natural Killer,GCST90001911,30,40.0402303606451,29,0.0832812789240798,40.0326,0.0834
CONDUCTIO,P<1e-5,SSC-A on monocyte,GCST90002073,23,14.4482390057772,22,0.884810094025772,14.4461,0.8849
CONDUCTIO,P<1e-5,CD25++ CD45RA- CD4 not regulatory T cell %CD4+ T cell,GCST90001511,24,39.4581202748428,23,0.0176619190169072,39.4377,0.0178
CONDUCTIO,P<1e-5,CD27 on T cell,GCST90001799,21,25.9732011181582,20,0.166698788438056,25.9719,0.1667
CONDUCTIO,P<1e-5,CD20 on naive-mature B cell,GCST90001759,23,26.9691098507781,22,0.212402072711403,26.7338,0.2215
CONDUCTIO,P<1e-5,CD39+ activated CD4 regulatory T cell %CD4 regulatory T cell,GCST90001491,23,22.0914099546757,22,0.454444006839743,22.0765,0.4553
CONDUCTIO,P<1e-5,CD39+ secreting CD4 regulatory T cell Absolute Count,GCST90001495,26,36.4575441174258,25,0.0649384546020603,36.4459,0.0651
CONDUCTIO,P<1e-5,CD4 on CD39+ CD4+ T cell,GCST90002061,27,27.9838939732801,26,0.359251437962994,27.974,0.3597
CONDUCTIO,P<1e-5,HLA DR+ CD4+ T cell Absolute Count,GCST90001624,24,21.5632531485537,23,0.546731401753918,21.5202,0.5494
CONDUCTIO,P<1e-5,CD25++ CD8+ T cell %T cell,GCST90001679,17,25.8220909836416,16,0.0565835034745439,25.7844,0.0571
CONDUCTIO,P<1e-5,CD25++ CD8+ T cell %CD8+ T cell,GCST90001680,22,16.0662575955926,21,0.765916840634425,16.0508,0.7668
CONDUCTIO,P<1e-5,CD27 on IgD- CD38+ B cell,GCST90001803,15,27.4419762198524,14,0.0168571891556691,27.4397,0.0169
CONDUCTIO,P<1e-5,CD8 on Terminally Differentiated CD8+ T cell,GCST90002057,17,5.9772772380772,16,0.988339093946099,5.9773,0.9883
CONDUCTIO,P<1e-5,Plasma Blast-Plasma Cell Absolute Count,GCST90001405,24,11.8719779602325,23,0.972398562670761,11.8492,0.9727
CONDUCTIO,P<1e-5,CD66b++ myeloid cell Absolute Count,GCST90001529,16,8.54175084110037,15,0.900234477835054,8.5372,0.9004
CONDUCTIO,P<1e-5,CD11c+ CD62L- monocyte %monocyte,GCST90001453,18,13.7826933335082,17,0.682420119675711,13.7323,0.686
CONDUCTIO,P<1e-5,BAFF-R on IgD+ CD24- B cell,GCST90001704,22,26.5339009857468,21,0.186818484439298,26.5285,0.187
CONDUCTIO,P<1e-5,BAFF-R on IgD+ CD38- B cell,GCST90001705,22,29.8912171195913,21,0.09419587194663,29.8912,0.0942
CONDUCTIO,P<1e-5,BAFF-R on IgD+ CD38dim B cell,GCST90001709,25,24.9112567323518,24,0.410596011832207,24.911,0.4106
CONDUCTIO,P<1e-5,BAFF-R on naive-mature B cell,GCST90001716,23,25.8843029554191,22,0.256682627764715,25.8829,0.2567
CONDUCTIO,P<1e-5,BAFF-R on IgD+ B cell,GCST90001719,24,33.5059919779918,23,0.0726466028893407,33.5034,0.0727
CONDUCTIO,P<1e-5,BAFF-R on transitional B cell,GCST90001720,24,42.5310501511839,23,0.00786766475434999,42.5241,0.0079
CONDUCTIO,P<1e-5,BAFF-R on B cell,GCST90001829,21,25.1193650776068,20,0.196902599671948,25.1163,0.197
CONDUCTIO,P<1e-5,HLA DR on plasmacytoid Dendritic Cell,GCST90002105,23,13.4643270314474,22,0.919397228076701,13.464,0.9194
CONDUCTIO,P<1e-5,IgD- CD38+ B cell Absolute Count,GCST90001420,20,9.83877777612868,19,0.956811247885887,9.8265,0.9571
CONDUCTIO,P<1e-5,HLA DR on HLA DR+ CD8+ T cell,GCST90002115,20,24.4536659911302,19,0.179321791808882,24.4347,0.18
CONDUCTIO,P<1e-5,CD27 on switched memory B cell,GCST90001808,30,34.5107365141993,29,0.221055964675545,34.503,0.2213
CONDUCTIO,P<1e-5,CD4 on CD39+ secreting CD4 regulatory T cell,GCST90002069,23,22.8347719110681,22,0.411109271552871,22.7657,0.4151
CONDUCTIO,P<1e-5,Naive CD4-CD8- T cell Absolute Count,GCST90001566,18,22.1331772904542,17,0.179651467586483,22.1247,0.18
CONDUCTIO,P<1e-5,Terminally Differentiated CD8+ T cell Absolute Count,GCST90001557,17,13.670641256346,16,0.623235496165928,13.2736,0.6527
CONDUCTIO,P<1e-5,CD27 on IgD+ CD24+ B cell,GCST90001800,31,35.3333798997263,30,0.230712360306335,35.2721,0.2329
CONDUCTIO,P<1e-5,CD14- CD16+ monocyte Absolute Count,GCST90001579,18,14.3466284889115,17,0.642431582408873,14.3445,0.6426
CONDUCTIO,P<1e-5,CD14+ CD16- monocyte %monocyte,GCST90001586,24,24.9852597827044,23,0.351045800631959,24.9821,0.3512
CONDUCTIO,P<1e-5,HVEM on Terminally Differentiated CD8+ T cell,GCST90001874,25,17.2155393729934,24,0.839324797320373,17.2044,0.8398
CONDUCTIO,P<1e-5,Resting CD4 regulatory T cell %CD4+ T cell,GCST90001482,33,52.4567678817902,32,0.0127433168686601,52.4043,0.0129
CONDUCTIO,P<1e-5,CD25 on IgD+ CD38- naive B cell,GCST90001781,25,26.5034986510448,24,0.328121993768518,26.4525,0.3306
CONDUCTIO,P<1e-5,CD28 on CD4+ T cell,GCST90001898,27,33.1001546669104,26,0.159212067965005,33.0888,0.1595
CONDUCTIO,P<1e-5,Plasma Blast-Plasma Cell %B cell,GCST90001404,27,31.311558641371,26,0.216869905661751,31.2201,0.2202
CONDUCTIO,P<1e-5,Plasma Blast-Plasma Cell %lymphocyte,GCST90001435,18,10.1841997138109,17,0.89570858047986,10.1841,0.8957
CONDUCTIO,P<1e-5,TCRgd T cell Absolute Count,GCST90001615,19,14.5725816547017,18,0.691075562790867,14.5232,0.6944
CONDUCTIO,P<1e-5,TCRgd T cell %T cell,GCST90001616,18,18.3888015224553,17,0.364719214490107,18.3632,0.3663
CONDUCTIO,P<1e-5,TCRgd T cell %lymphocyte,GCST90001617,20,20.2491508665762,19,0.37972810245604,20.2172,0.3816
CONDUCTIO,P<1e-5,CD25 on CD24+ CD27+ B cell,GCST90001777,24,25.4160987578512,23,0.329194235875336,25.4075,0.3296
CONDUCTIO,P<1e-5,Plasmacytoid Dendritic Cell Absolute Count,GCST90001460,30,33.3964672091473,29,0.262037481281516,33.2459,0.2679
CONDUCTIO,P<1e-5,CD4+ CD8dim T cell %lymphocyte,GCST90001610,19,13.8456016159983,18,0.739099375206973,13.8438,0.7392
CONDUCTIO,P<1e-5,CD4+ CD8dim T cell %leukocyte,GCST90001611,14,5.47631625262936,13,0.963158576485391,5.476,0.9632
CONDUCTIO,P<1e-5,CD19 on Plasma Blast-Plasma Cell,GCST90001739,23,45.7283269794371,22,0.00214291102772869,45.687,0.0022
CONDUCTIO,P<1e-5,SSC-A on myeloid Dendritic Cell,GCST90002071,18,14.7378246790296,17,0.614359445024399,14.7309,0.6149
CONDUCTIO,P<1e-5,CD3 on Terminally Differentiated CD8+ T cell,GCST90001840,23,26.5833354489167,22,0.227480505576008,26.522,0.2299
CONDUCTIO,P<1e-5,CD66b on Granulocytic Myeloid-Derived Suppressor Cells,GCST90001837,22,20.8314606702437,21,0.469277539003724,20.8222,0.4699
CONDUCTIO,P<1e-5,Central Memory CD8+ T cell %T cell,GCST90001550,22,26.8763535092546,21,0.174983459119524,26.867,0.1753
CONDUCTIO,P<1e-5,CD33 on CD33dim HLA DR+ CD11b+,GCST90001948,22,22.1216732926939,21,0.392527581659959,22.1165,0.3928
CONDUCTIO,P<1e-5,IgD on unswitched memory B cell,GCST90001826,22,16.1617082571191,21,0.760497539549988,16.1613,0.7605
CONDUCTIO,P<1e-5,CD19 on naive-mature B cell,GCST90001737,29,31.8220540203022,28,0.281812627711808,31.8084,0.2824
CONDUCTIO,P<1e-5,Terminally Differentiated CD4-CD8- T cell %T cell,GCST90001574,24,33.1469189216702,23,0.0785405692911636,33.1325,0.0788
CONDUCTIO,P<1e-5,CCR2 on monocyte,GCST90002008,24,24.1241025306141,23,0.396963173990392,24.1093,0.3978
CONDUCTIO,P<1e-5,CD4+ CD8dim T cell Absolute Count,GCST90001609,15,10.0054875425527,14,0.761782151052071,10.0002,0.7622
CONDUCTIO,P<1e-5,CD39 on CD39+ CD4+ T cell,GCST90002032,20,28.3728462763915,19,0.0765112750322641,28.3556,0.0768
CONDUCTIO,P<1e-5,CD39+ resting CD4 regulatory T cell %resting CD4 regulatory T cell,GCST90001484,28,51.3916668441226,27,0.00313088188647199,51.365,0.0032
CONDUCTIO,P<1e-5,CD39+ secreting CD4 regulatory T cell %CD4 regulatory T cell,GCST90001497,22,26.7226909842255,21,0.180221688093309,26.6701,0.182
CONDUCTIO,P<1e-5,CD28 on CD39+ CD4+ T cell,GCST90001892,17,30.3864995122801,16,0.016098310460982,30.3804,0.0161
CONDUCTIO,P<1e-5,CD39 on CD39+ activated CD4 regulatory T cell,GCST90002030,22,21.0779654303965,21,0.454191662473492,20.9895,0.4596
CONDUCTIO,P<1e-5,CD14 on Monocytic Myeloid-Derived Suppressor Cells,GCST90002019,25,33.8679507376092,24,0.0870434079687492,33.8676,0.0871
CONDUCTIO,P<1e-5,CD40 on CD14+ CD16- monocyte,GCST90001980,23,31.8760172699846,22,0.0795344853753492,31.7916,0.081
CONDUCTIO,P<1e-5,CD40 on monocytes,GCST90001985,29,25.0416908673121,28,0.625565174772194,25.0085,0.6274
CONDUCTIO,P<1e-5,HVEM on Terminally Differentiated CD4+ T cell,GCST90001879,26,29.1944084976424,25,0.255870995046862,29.1855,0.2562
CONDUCTIO,P<1e-5,CD11c+ CD62L- monocyte Absolute Count,GCST90001452,22,14.7838707548147,21,0.833638299416181,14.779,0.8339
CONDUCTIO,P<1e-5,CD8dim Natural Killer T Absolute Count,GCST90001633,27,24.6004189339052,26,0.541673318766679,24.4994,0.5474
CONDUCTIO,P<1e-5,CD8dim Natural Killer T %lymphocyte,GCST90001635,26,27.3920245144512,25,0.336588901306904,27.3548,0.3384
CONDUCTIO,P<1e-5,Activated CD4 regulatory T cell %CD4 regulatory T cell,GCST90001487,28,37.0420687147136,27,0.0942849090345115,36.9867,0.0953
CONDUCTIO,P<1e-5,CD25 on IgD+ CD24+ B cell,GCST90001778,26,24.1055882966462,25,0.513279339916635,24.0892,0.5142
CONDUCTIO,P<1e-5,CD25 on IgD+ CD38- unswitched memory B cell,GCST90001782,24,14.7413019446866,23,0.903665091553036,14.7395,0.9037
CONDUCTIO,P<1e-5,CD25++ CD45RA+ CD4 not regulatory T cell %CD4+ T cell,GCST90001508,32,29.9064759815919,31,0.522130385843905,29.7903,0.5281
CONDUCTIO,P<1e-5,CD25++ CD45RA+ CD4 not regulatory T cell %T cell,GCST90001509,27,18.7019902877977,26,0.848762146150972,18.5878,0.8534
CONDUCTIO,P<1e-5,CD25 on CD45RA+ CD4 not regulatory T cell,GCST90001934,22,19.1315609548725,21,0.576700829498866,19.1312,0.5767
CONDUCTIO,P<1e-5,Activated & secreting CD4 regulatory T cell Absolute Count,GCST90001501,22,17.0684976452338,21,0.70694565157448,16.8415,0.7207
CONDUCTIO,P<1e-5,CD4 on CD4 regulatory T cell,GCST90002063,29,41.8597114705368,28,0.0446960445503789,41.8029,0.0452
CONDUCTIO,P<1e-5,CD4 on secreting CD4 regulatory T cell,GCST90002068,28,36.6155695667162,27,0.102469650662188,36.5608,0.1036
CONDUCTIO,P<1e-5,CD27 on CD20- B cell,GCST90001796,16,19.5589753444863,15,0.189511380421917,19.5552,0.1897
CONDUCTIO,P<1e-5,CCR2 on myeloid Dendritic Cell,GCST90002013,14,12.17407844673,13,0.513423729544577,12.1236,0.5175
CONDUCTIO,P<1e-5,CD19 on CD24+ CD27+ B cell,GCST90001723,29,23.0096566357587,28,0.73255693579857,23.0068,0.7327
CONDUCTIO,P<1e-5,HLA DR+ CD8+ T cell %T cell,GCST90001628,30,30.9033198586617,29,0.369996243459586,30.9003,0.3701
CONDUCTIO,P<1e-5,CD16-CD56 on Natural Killer,GCST90001884,28,40.5571050408346,27,0.0454010519223118,40.557,0.0454
CONDUCTIO,P<1e-5,CD45 on CD33- HLA DR-,GCST90002045,14,14.9187889046651,13,0.312450024731142,14.9183,0.3125
CONDUCTIO,P<1e-5,CD33dim HLA DR+ CD11b- Absolute Count,GCST90001527,28,32.1648145612449,27,0.226035173566639,32.1146,0.2279
CONDUCTIO,P<1e-5,IgD- CD38dim B cell %lymphocyte,GCST90001426,23,35.4989191193751,22,0.0343363244415769,35.4427,0.0348
CONDUCTIO,P<1e-5,Central Memory CD4-CD8- T cell %T cell,GCST90001565,16,21.5165607485026,15,0.121120910743228,21.5018,0.1215
CONDUCTIO,P<1e-5,Activated & secreting CD4 regulatory T cell %CD4+ T cell,GCST90001503,32,41.0947156707074,31,0.10616017908307,41.0937,0.1062
CONDUCTIO,P<1e-5,IgD+ CD38dim B cell %lymphocyte,GCST90001430,33,24.993485187934,32,0.806292755571866,24.9923,0.8063
CONDUCTIO,P<1e-5,Effector Memory CD4-CD8- T cell %CD4-CD8- T cell,GCST90001570,29,41.4107583062951,28,0.0492210475038096,41.3972,0.0494
CONDUCTIO,P<1e-5,Effector Memory CD4-CD8- T cell Absolute Count,GCST90001569,19,24.0557249620077,18,0.153210605133414,24.0556,0.1532
CONDUCTIO,P<1e-5,CX3CR1 on monocyte,GCST90001995,26,26.5500021736281,25,0.378732244297538,26.4564,0.3836
CONDUCTIO,P<1e-5,CX3CR1 on CD14+ CD16- monocyte,GCST90001997,27,39.3602403766552,26,0.0450233102088503,39.1063,0.0476
CONDUCTIO,P<1e-5,CD20 on transitional B cell,GCST90001763,22,24.0985552138614,21,0.288307781536712,24.0951,0.2885
CONDUCTIO,P<1e-5,CD25 on CD39+ CD4+ T cell,GCST90001961,23,23.0246158659828,22,0.400340730936007,23.0179,0.4007
CONDUCTIO,P<1e-5,CD20 on IgD+ CD38+ B cell,GCST90001751,26,39.0512701889369,25,0.0364064130552122,39.0513,0.0364
CONDUCTIO,P<1e-5,CD14+ CD16+ monocyte Absolute Count,GCST90001580,20,60.9666099156712,19,2.71872010490346e-06,60.8851,0
CONDUCTIO,P<1e-5,CD14+ CD16+ monocyte %monocyte,GCST90001585,25,19.4181855951992,24,0.72933536048078,19.3057,0.7355
CONDUCTIO,P<1e-5,CD45RA- CD28- CD8+ T cell %CD8+ T cell,GCST90001696,50,24.580294571644,49,0.998616978107546,24.479,0.9987
CONDUCTIO,P<1e-5,CD8 on CD39+ CD8+ T cell,GCST90002121,25,18.1718411784333,24,0.794593676980615,18.1677,0.7948
CONDUCTIO,P<1e-5,CCR2 on CD62L+ myeloid Dendritic Cell,GCST90002014,14,10.4116800478715,13,0.659972914877156,10.3912,0.6617
CONDUCTIO,P<1e-5,IgD on IgD+ CD24- B cell,GCST90001821,29,30.0724562099154,28,0.359762584323929,30.0709,0.3598
CONDUCTIO,P<1e-5,CD28+ CD4-CD8- T cell %T cell,GCST90001655,23,27.0581216420238,22,0.209027257023506,26.9431,0.2134
CONDUCTIO,P<1e-5,CD4+/CD8+ T cell,GCST90001589,15,18.1328517063072,14,0.200796906723606,18.1182,0.2014
CONDUCTIO,P<1e-5,CD8+ T cell %T cell,GCST90001593,23,22.239902941831,22,0.445649720036112,22.2237,0.4466
CONDUCTIO,P<1e-5,CD8+ T cell %leukocyte,GCST90001607,17,10.236652893412,16,0.853980861875782,10.2365,0.854
CONDUCTIO,P<1e-5,CD38 on Plasma Blast-Plasma Cell,GCST90001817,15,22.3314045590012,14,0.0720564822677791,22.3279,0.0721
CONDUCTIO,P<1e-5,CD3 on T cell,GCST90001851,31,25.1632076015822,30,0.717062106951272,25.1148,0.7194
CONDUCTIO,P<1e-5,CD28- CD127- CD25++ CD8+ T cell %CD8+ T cell,GCST90001674,18,20.2311221925509,17,0.262578812778183,20.2043,0.2639
CONDUCTIO,P<1e-5,CD19 on IgD+ CD24+ B cell,GCST90001724,33,41.2621028120702,32,0.126431849711841,41.262,0.1264
CONDUCTIO,P<1e-5,CD62L- plasmacytoid Dendritic Cell %Dendritic Cell,GCST90001471,18,13.5780957656514,17,0.696709143963074,13.5589,0.698
CONDUCTIO,P<1e-5,SSC-A on HLA DR+ Natural Killer,GCST90002077,28,37.1871883167743,27,0.0916262119199268,37.1119,0.093
CONDUCTIO,P<1e-5,IgD+ CD38+ B cell %B cell,GCST90001447,25,12.8041799583317,24,0.969239254112735,12.735,0.9703
CONDUCTIO,P<1e-5,CD14 on CD33+ HLA DR+ CD14dim,GCST90002020,18,22.963055204198,17,0.150457308761653,22.9528,0.1508
CONDUCTIO,P<1e-5,CD11c on myeloid Dendritic Cell,GCST90002087,30,29.8555751978105,29,0.421239755253014,29.8544,0.4213
CONDUCTIO,P<1e-5,CD27 on unswitched memory B cell,GCST90001806,30,33.4950493581416,29,0.258223791837047,33.4672,0.2593
CONDUCTIO,P<1e-5,CD8 on CD28- CD8+ T cell,GCST90002120,20,16.178361682585,19,0.645346297203967,16.1767,0.6455
CONDUCTIO,P<1e-5,CD11b on CD33+ HLA DR+ CD14dim,GCST90002097,21,30.3532341280968,20,0.0643286251139803,30.2563,0.0658
CONDUCTIO,P<1e-5,CD20 on IgD- CD38dim B cell,GCST90001757,34,37.4963515985695,33,0.270454020669747,37.4921,0.2706
CONDUCTIO,P<1e-5,CD24 on memory B cell,GCST90001771,31,41.3974490705268,30,0.0805112193351094,41.3922,0.0806
CONDUCTIO,P<1e-5,CD4+CD8+ T cell %leukocyte,GCST90001608,22,24.1777342992092,21,0.284526719966302,24.1645,0.2852
CONDUCTIO,P<1e-5,CD25 on IgD- CD38dim B cell,GCST90001789,20,17.0261231864996,19,0.58809795984599,17.0257,0.5881
CONDUCTIO,P<1e-5,CD8 on naive CD8+ T cell,GCST90002055,16,25.5429405715882,15,0.0431102538363168,25.5427,0.0431
CONDUCTIO,P<1e-5,CD38 on IgD+ CD24- B cell,GCST90001811,17,11.9507707987976,16,0.747361616011062,11.9436,0.7479
CONDUCTIO,P<1e-5,CD8 on Natural Killer T,GCST90002059,18,15.85869821384,17,0.533873204807376,15.8581,0.5339
CONDUCTIO,P<1e-5,CD19 on IgD+ CD38- B cell,GCST90001726,31,35.1169767212956,30,0.238408965689782,35.1145,0.2385
CONDUCTIO,P<1e-5,CD20 on B cell,GCST90001743,23,27.914710054425,22,0.178525046218623,27.8845,0.1795
CONDUCTIO,P<1e-5,CD20 on IgD+ B cell,GCST90001762,20,16.3861040950938,19,0.631381672066436,16.342,0.6343
CONDUCTIO,P<1e-5,HLA DR+ T cell Absolute Count,GCST90001618,30,35.7647213029611,29,0.180519698802952,35.764,0.1805
CONDUCTIO,P<1e-5,HLA DR+ CD8+ T cell %lymphocyte,GCST90001629,30,27.3546801910612,29,0.552575659854209,27.3314,0.5538
CONDUCTIO,P<1e-5,Effector Memory CD8+ T cell Absolute Count,GCST90001554,24,37.7000000313148,23,0.0274238478011302,37.6036,0.0281
CONDUCTIO,P<1e-5,CD8+ T cell Absolute Count,GCST90001592,21,21.9949228000168,20,0.34078620889147,21.9935,0.3409
CONDUCTIO,P<1e-5,CD127- CD8+ T cell Absolute Count,GCST90001684,13,15.0259194721248,12,0.240022045863772,15.0185,0.2404
CONDUCTIO,P<1e-5,CD28 on CD28+ CD4+ T cell,GCST90001894,27,31.8121225552059,26,0.199406685642026,31.8008,0.1998
CONDUCTIO,P<1e-5,CD45RA- CD4+ T cell Absolute Count,GCST90001534,16,33.2058868666705,15,0.00439550390416189,33.1711,0.0044
CONDUCTIO,P<1e-5,CD27 on IgD- CD38- B cell,GCST90001802,31,40.766677636278,30,0.0908486175091123,40.7314,0.0915
CONDUCTIO,P<1e-5,CD64 on CD14+ CD16+ monocyte,GCST90002011,12,13.8439649601904,11,0.241748126073856,13.7796,0.2454
CONDUCTIO,P<1e-5,Switched memory B cell %B cell,GCST90001402,13,14.077592453933,12,0.295780837341417,14.0766,0.2958
CONDUCTIO,P<1e-5,IgD- CD38- B cell %B cell,GCST90001445,12,16.4365163481384,11,0.125683337205766,16.3943,0.1271
CONDUCTIO,P<1e-5,CD33 on CD33+ HLA DR+ CD14dim,GCST90001947,27,23.2280714139173,26,0.620014528650333,23.1831,0.6226
CONDUCTIO,P<1e-5,FSC-A on HLA DR+ Natural Killer,GCST90001970,20,18.2524788104217,19,0.50563666319887,18.2439,0.5062
CONDUCTIO,P<1e-5,HLA DR on CD33dim HLA DR+ CD11b-,GCST90002111,18,19.4274607965682,17,0.304554936315625,19.4231,0.3048
CONDUCTIO,P<1e-5,CD33 on CD33+ HLA DR+,GCST90001956,23,23.3494801355103,22,0.382225929751655,23.2849,0.3858
CONDUCTIO,P<1e-5,CD33 on CD33+ HLA DR+ CD14-,GCST90001957,21,18.4582771028172,20,0.557246908996252,18.4319,0.559
CONDUCTIO,P<1e-5,CD127 on T cell,GCST90001922,18,37.0254610745403,17,0.00333852923953859,37.0072,0.0034
CONDUCTIO,P<1e-5,CD8+ and CD8dim T cell %leukocyte,GCST90001614,15,9.87697146799955,14,0.771121789997467,9.8648,0.772
CONDUCTIO,P<1e-5,CD45 on granulocyte,GCST90001913,15,16.1815146941965,14,0.302415540903648,15.8532,0.3224
CONDUCTIO,P<1e-5,IgD- CD27- B cell %B cell,GCST90001399,15,6.83178495991825,14,0.941001889708209,6.8218,0.9414
CONDUCTIO,P<1e-5,CD27 on CD24+ CD27+ B cell,GCST90001798,30,33.9737876323524,29,0.24022097427729,33.9606,0.2407
CONDUCTIO,P<1e-5,CD27 on IgD- CD38dim B cell,GCST90001804,31,31.9556941849425,30,0.369590790657482,31.9402,0.3703
CONDUCTIO,P<1e-5,CD27 on memory B cell,GCST90001805,25,16.5123773129518,24,0.868700884079953,16.472,0.8703
CONDUCTIO,P<1e-5,HLA DR+ CD4+ T cell %lymphocyte,GCST90001626,21,27.0936105213765,20,0.13265081819147,26.8634,0.1391
CONDUCTIO,P<1e-5,BAFF-R on IgD+ CD38- unswitched memory B cell,GCST90001707,19,12.9157390385368,18,0.796554242371307,12.9136,0.7967
CONDUCTIO,P<1e-5,CD25 on CD39+ activated CD4 regulatory T cell,GCST90001940,12,16.0194489520868,11,0.140410379357091,16.0189,0.1404
CONDUCTIO,P<1e-5,CD45RA+ CD8+ T cell %T cell,GCST90001562,35,33.9180965171764,34,0.471685998895209,33.9175,0.4717
CONDUCTIO,P<1e-5,CD25 on transitional B cell,GCST90001795,22,18.7992061210602,21,0.598019122310314,18.7757,0.5995
CONDUCTIO,P<1e-5,CD4-CD8- T cell Absolute Count,GCST90001598,20,16.2725681238132,19,0.639021619833921,16.2616,0.6398
CONDUCTIO,P<1e-5,CD4-CD8- T cell %leukocyte,GCST90001613,20,18.5387649462177,19,0.486761890514669,18.5334,0.4871
CONDUCTIO,P<1e-5,PDL-1 on CD14- CD16+ monocyte,GCST90001999,19,19.5628018786289,18,0.357963333567445,19.5573,0.3583
CONDUCTIO,P<1e-5,Activated & resting CD4 regulatory T cell %CD4+ T cell,GCST90001500,27,40.2293822473047,26,0.037036337718594,40.1376,0.0378
CONDUCTIO,P<1e-5,CD45RA+ CD8+ T cell Absolute Count,GCST90001560,28,31.4995242125151,27,0.251126645413128,31.3392,0.2574
CONDUCTIO,P<1e-5,CD11b on CD33dim HLA DR-,GCST90002095,23,15.8538376924775,22,0.823073074374498,15.8509,0.8232
CONDUCTIO,P<1e-5,CD62L- HLA DR++ monocyte %monocyte,GCST90001455,12,10.9524629831571,11,0.447254356849232,10.9523,0.4473
CONDUCTIO,P<1e-5,IgD- CD24- B cell %B cell,GCST90001413,18,23.9023609916353,17,0.122112270748054,23.8916,0.1224
CONDUCTIO,P<1e-5,IgD- CD24- B cell Absolute Count,GCST90001414,18,18.4118804228209,17,0.363313566102403,18.4096,0.3634
CONDUCTIO,P<1e-5,IgD- CD24- B cell %lymphocyte,GCST90001440,24,23.7424320063123,23,0.418183755944441,23.5986,0.4263
CONDUCTIO,P<1e-5,CD4-CD8- T cell %T cell,GCST90001599,15,10.0424318605296,14,0.759074674948619,10.0014,0.7621
CONDUCTIO,P<1e-5,CD4-CD8- Natural Killer T Absolute Count,GCST90001636,10,11.9297247682623,9,0.217300149872315,11.8916,0.2195
CONDUCTIO,P<1e-5,CD4-CD8- Natural Killer T %T cell,GCST90001637,30,19.2876628307089,29,0.913687391332359,19.2876,0.9137
CONDUCTIO,P<1e-5,CD4-CD8- Natural Killer T %lymphocyte,GCST90001638,29,25.2393292232512,28,0.614779995982235,25.2385,0.6148
CONDUCTIO,P<1e-5,Naive CD4+ T cell %CD4+ T cell,GCST90001541,35,40.3528149903481,34,0.20988600548425,40.3527,0.2099
CONDUCTIO,P<1e-5,CD3 on Terminally Differentiated CD4+ T cell,GCST90001844,23,11.9164052409563,22,0.959081469679933,11.9042,0.9593
CONDUCTIO,P<1e-5,CD25 on IgD- CD38+ B cell,GCST90001788,20,8.80969069764289,19,0.976508322387087,8.808,0.9765
CONDUCTIO,P<1e-5,CD20 on CD24+ CD27+ B cell,GCST90001745,29,19.5546284602832,28,0.880152784872923,19.5538,0.8802
CONDUCTIO,P<1e-5,CD8 on CD8+ T cell,GCST90002058,27,32.5424476275345,26,0.175790088771863,32.4653,0.1782
CONDUCTIO,P<1e-5,CD8dim T cell Absolute Count,GCST90001596,27,21.422034283275,26,0.719864919903441,21.2969,0.7265
CONDUCTIO,P<1e-5,CD3 on Central Memory CD8+ T cell,GCST90001846,19,14.3021961649456,18,0.709189634140608,14.2954,0.7096
CONDUCTIO,P<1e-5,CD3 on HLA DR+ T cell,GCST90001847,27,30.0625874404306,26,0.265026179614398,30.0314,0.2663
CONDUCTIO,P<1e-5,HLA DR+ Natural Killer Absolute Count,GCST90001648,18,22.9013126397599,17,0.152491149107829,22.8978,0.1526
CONDUCTIO,P<1e-5,CD45 on HLA DR+ Natural Killer,GCST90001912,12,20.437894138494,11,0.0396847832056463,20.4055,0.0401
CONDUCTIO,P<1e-5,CD28+ CD45RA- CD8+ T cell %CD8+ T cell,GCST90001692,28,23.930069313025,27,0.634192343397933,23.9258,0.6344
CONDUCTIO,P<1e-5,IgD+ CD24+ B cell %B cell,GCST90001411,20,9.53558855930157,19,0.963487547619949,9.5154,0.9639
CONDUCTIO,P<1e-5,CD20 on IgD+ CD38- B cell,GCST90001748,25,25.3917976247768,24,0.384726892062391,25.3915,0.3847
CONDUCTIO,P<1e-5,CD20 on memory B cell,GCST90001758,28,33.2294925401035,27,0.189601635432361,32.9811,0.1977
CONDUCTIO,P<1e-5,Lymphocyte %leukocyte,GCST90001602,22,23.9382085074376,21,0.296062144489794,23.9336,0.2963
CONDUCTIO,P<1e-5,CD45 on B cell,GCST90001910,15,27.5143565928996,14,0.0164922641766414,27.4998,0.0166
CONDUCTIO,P<1e-5,CD25 on secreting CD4 regulatory T cell,GCST90001941,14,15.9013677683294,13,0.254497005253256,15.8748,0.256
CONDUCTIO,P<1e-5,HLA DR on CD33+ HLA DR+ CD14dim,GCST90002109,20,19.9336104288279,19,0.398583038222991,19.8828,0.4017
CONDUCTIO,P<1e-5,IgD- CD27- B cell %lymphocyte,GCST90001433,18,20.8294412646082,17,0.234012526608667,20.8285,0.2341
CONDUCTIO,P<1e-5,CD45 on CD33dim HLA DR-,GCST90002050,18,13.2283612668811,17,0.720769467588985,13.1753,0.7244
CONDUCTIO,P<1e-5,CD45 on CD14+ monocyte,GCST90001909,17,12.9852745414362,16,0.673834156193458,12.9082,0.6795
CONDUCTIO,P<1e-5,CD28+ CD45RA- CD8dim T cell Absolute Count,GCST90001669,37,33.1306188612628,36,0.605798522510363,33.0034,0.6119
CONDUCTIO,P<1e-5,CD28+ CD4-CD8- T cell Absolute Count,GCST90001657,12,9.70347997913032,11,0.557240073575308,9.703,0.5573
CONDUCTIO,P<1e-5,CD19 on CD20- B cell,GCST90001721,22,16.0705944225372,21,0.765671622349042,16.0328,0.7678
CONDUCTIO,P<1e-5,CD25 on IgD- CD24- B cell,GCST90001785,26,20.7997978605053,25,0.703718167944789,20.7827,0.7047
CONDUCTIO,P<1e-5,CD62L on CD62L+ plasmacytoid Dendritic Cell,GCST90001832,15,22.8771561867611,14,0.0622982145932304,22.8484,0.0628
CONDUCTIO,P<1e-5,CD39+ CD8+ T cell %T cell,GCST90001670,20,15.3957001232289,19,0.697137758755391,15.3904,0.6975
CONDUCTIO,P<1e-5,CD39+ CD8+ T cell %CD8+ T cell,GCST90001671,21,13.0316698294347,20,0.876021105076048,13.0248,0.8763
CONDUCTIO,P<1e-5,CD39+ CD8+ T cell Absolute Count,GCST90001672,24,30.1841086744171,23,0.144189124519393,30.1398,0.1454
CONDUCTIO,P<1e-5,HVEM on CD4+ T cell,GCST90001875,20,18.2699372942546,19,0.504479916487416,18.2271,0.5073
CONDUCTIO,P<1e-5,HVEM on CD45RA- CD4+ T cell,GCST90001880,19,30.9312183033979,18,0.0293188339373693,30.9308,0.0293
CONDUCTIO,P<1e-5,Effector Memory CD8+ T cell %T cell,GCST90001556,15,15.8410306025834,14,0.32317851722207,15.6825,0.3331
CONDUCTIO,P<1e-5,CD3 on Natural Killer T,GCST90001848,17,17.9644071628477,16,0.325985329127803,17.9499,0.3268
CONDUCTIO,P<1e-5,CD45 on CD66b++ myelod cell,GCST90002048,16,16.6813675953907,15,0.338266298514523,16.6601,0.3396
CONDUCTIO,P<1e-5,Granulocyte Absolute Count,GCST90001651,24,32.1756211625501,23,0.0965458425536141,32.1423,0.0972
CONDUCTIO,P<1e-5,Transitional B cell Absolute Count,GCST90001577,31,37.078697566683,30,0.174861893916454,36.996,0.1773
CONDUCTIO,P<1e-5,Granulocyte %leukocyte,GCST90001652,25,29.1625545278056,24,0.214073085247803,29.1233,0.2155
CONDUCTIO,P<1e-5,HLA DR on HLA DR+ Natural Killer,GCST90002117,28,29.1160035483226,27,0.355296588300438,29.1143,0.3554
CONDUCTIO,P<1e-5,Natural Killer %CD3- lymphocyte,GCST90001646,27,39.1868903586697,26,0.0467863856910862,39.1734,0.0469
CONDUCTIO,P<1e-5,CD80 on myeloid Dendritic Cell,GCST90002035,26,28.360317456795,25,0.291534842004181,28.3498,0.292
CONDUCTIO,P<1e-5,CD45 on Immature Myeloid-Derived Suppressor Cells,GCST90002052,10,5.61471762325003,9,0.777773259023557,5.5953,0.7796
CONDUCTIO,P<1e-5,CD3 on HLA DR+ CD8+ T cell,GCST90001850,26,19.9304291699019,25,0.750465177138133,19.9289,0.7505
CONDUCTIO,P<1e-5,Resting CD4 regulatory T cell Absolute Count,GCST90001480,25,34.0303329534731,24,0.0841314349580283,33.8112,0.0881
CONDUCTIO,P<1e-5,CD127 on CD28+ CD4+ T cell,GCST90001924,20,19.0173587457093,19,0.455723037535312,19.0164,0.4558
CONDUCTIO,P<1e-5,CD20 on IgD+ CD38- naive B cell,GCST90001749,18,42.2727112499662,17,0.000612469327482148,42.1137,6e-04
CONDUCTIO,P<1e-5,CD25 on IgD+ CD38dim B cell,GCST90001784,23,24.4118859546804,22,0.32601548924014,24.4099,0.3261
CONDUCTIO,P<1e-5,CD25 on IgD+ B cell,GCST90001794,27,23.2428834556076,26,0.619172770516873,23.2103,0.621
CONDUCTIO,P<1e-5,CD8dim T cell %T cell,GCST90001597,19,17.6439437926968,18,0.479329801917394,17.6439,0.4793
CONDUCTIO,P<1e-5,CD8dim T cell %leukocyte,GCST90001612,18,10.1981584390082,17,0.895095392703826,10.1934,0.8953
CONDUCTIO,P<1e-5,CD28- CD8dim T cell %T cell,GCST90001661,25,17.6002272796945,24,0.82195982640124,17.5966,0.8221
CONDUCTIO,P<1e-5,CD20- B cell %B cell,GCST90001419,19,20.505359975675,18,0.305098124978258,20.5054,0.3051
CONDUCTIO,P<1e-5,CD20- B cell Absolute Count,GCST90001421,22,24.2924455772958,21,0.279105530213692,24.278,0.2798
CONDUCTIO,P<1e-5,CD45RA on Terminally Differentiated CD8+ T cell,GCST90002101,14,10.3746208944248,13,0.663050751445325,10.3372,0.6662
CONDUCTIO,P<1e-5,CD3 on naive CD8+ T cell,GCST90001838,25,15.963060554647,24,0.889404712309472,15.9503,0.8899
CONDUCTIO,P<1e-5,CD3 on CD28+ CD45RA+ CD8+ T cell,GCST90001864,25,25.5766473954042,24,0.374989283043379,25.573,0.3752
CONDUCTIO,P<1e-5,IgD+ B cell %Lymphocyte,GCST90001424,18,11.7153006215667,17,0.817061831067395,11.6902,0.8185
CONDUCTIO,P<1e-5,Naive-mature B cell %lymphocyte,GCST90001437,21,11.8015463698021,20,0.922737208093065,11.7557,0.9242
CONDUCTIO,P<1e-5,IgD+ CD24- B cell %lymphocyte,GCST90001441,21,15.6622493472873,20,0.737344253795757,15.6137,0.7403
CONDUCTIO,P<1e-5,IgD+ CD24- B cell %B cell,GCST90001415,18,22.2622989637519,17,0.174840955817238,21.9659,0.186
CONDUCTIO,P<1e-5,CD19 on B cell,GCST90002028,24,30.5517291422124,23,0.134209661389082,30.545,0.1344
CONDUCTIO,P<1e-5,CCR7 on naive CD4+ T cell,GCST90001907,24,24.0299226431854,23,0.402153032324114,23.9782,0.405
CONDUCTIO,P<1e-5,CD28 on CD39+ activated CD4 regulatory T cell,GCST90001886,19,8.487220484466,18,0.970466191259655,8.478,0.9706
CONDUCTIO,P<1e-5,CD28 on activated & secreting CD4 regulatory T cell,GCST90001889,25,34.9212806284347,24,0.0695766404854183,34.9026,0.0699
CONDUCTIO,P<1e-5,CD28 on CD4 regulatory T cell,GCST90001899,25,17.5672859320811,24,0.823481037111094,17.567,0.8235
CONDUCTIO,P<1e-5,CD28 on activated CD4 regulatory T cell,GCST90001902,18,18.9573055861109,17,0.330988286422032,18.9516,0.3313
CONDUCTIO,P<1e-5,CD25 on activated CD4 regulatory T cell,GCST90001939,17,14.7535519419635,16,0.542757433484089,14.7522,0.5429
CONDUCTIO,P<1e-5,CD3 on CD39+ secreting CD4 regulatory T cell,GCST90001856,27,30.6071522020944,26,0.243224824880422,30.5978,0.2436
CONDUCTIO,P<1e-5,BAFF-R on CD20- CD38- B cell,GCST90001701,17,8.04920111551922,16,0.947388127518215,8.0276,0.948
CONDUCTIO,P<1e-5,SSC-A on CD8+ T cell,GCST90002082,18,21.0798165512864,17,0.222740398983855,21.0758,0.2229
CONDUCTIO,P<1e-5,CD33dim HLA DR+ CD11b+ %CD33dim HLA DR+,GCST90001526,24,32.3058520139573,23,0.0939479912767079,32.2277,0.0955
CONDUCTIO,P<1e-5,CD33dim HLA DR+ CD11b- %CD33dim HLA DR+,GCST90001528,24,25.6613940386775,23,0.317109514806666,25.5581,0.3222
CONDUCTIO,P<1e-5,CD25 on naive-mature B cell,GCST90001791,23,18.5082111600498,22,0.675467333333483,18.5001,0.676
CONDUCTIO,P<1e-5,CD20- CD38- B cell Absolute Count,GCST90001423,14,22.3734784026751,13,0.0498383548068593,22.3362,0.0504
CONDUCTIO,P<1e-5,CD25 on B cell,GCST90001775,25,28.15927300718,24,0.253379278921519,28.1383,0.2542
CONDUCTIO,P<1e-5,FSC-A on plasmacytoid Dendritic Cell,GCST90001964,26,17.5768863175531,25,0.859816210706201,17.5709,0.8601
CONDUCTIO,P<1e-5,HLA DR on CD33+ HLA DR+ CD14-,GCST90002108,25,24.1656456226696,24,0.452158494123873,24.0273,0.46
CONDUCTIO,P<1e-5,CD28 on CD28+ CD45RA- CD8+ T cell,GCST90001893,17,7.66244732492884,16,0.958286024187532,7.6592,0.9584
CONDUCTIO,P<1e-5,CD19 on switched memory B cell,GCST90001740,27,28.4050791330241,26,0.338818502203948,28.3078,0.3435
CONDUCTIO,P<1e-5,CD19 on IgD+ CD24- B cell,GCST90001725,25,32.6938310952479,24,0.110700181575968,32.6829,0.1109
CONDUCTIO,P<1e-5,FSC-A on granulocyte,GCST90001966,21,33.1061770628115,20,0.0328464148100084,33.0968,0.0329
CONDUCTIO,P<1e-5,CD3 on Naive CD4+ T cell,GCST90001842,30,28.2765575999034,29,0.503165230128138,28.2651,0.5038
CONDUCTIO,P<1e-5,CCR7 on naive CD8+ T cell,GCST90001908,24,28.4961923421659,23,0.197597838132727,28.4776,0.1983
CONDUCTIO,P<1e-5,CD25++ CD4+ T cell Absolute Count,GCST90001504,23,35.8055545113166,22,0.0318550154098047,35.8042,0.0319
CONDUCTIO,P<1e-5,CD25++ CD4+ T cell %CD4+ T cell,GCST90001505,26,19.6864757343301,25,0.763072247301677,19.661,0.7644
CONDUCTIO,P<1e-5,Memory B cell %lymphocyte,GCST90001436,28,31.568728022914,27,0.248433234175357,31.5646,0.2486
CONDUCTIO,P<1e-5,CD4 on monocyte,GCST90001958,15,21.0555832336095,14,0.100216582352084,21.0392,0.1006
CONDUCTIO,P<1e-5,SSC-A on T cell,GCST90002080,22,19.9703827615319,21,0.523137939981206,19.8712,0.5294
CONDUCTIO,P<1e-5,CD28+ CD45RA+ CD8dim T cell %T cell,GCST90001664,41,58.9884716931889,40,0.0268371252852377,58.91,0.0273
CONDUCTIO,P<1e-5,CD16-CD56 on HLA DR+ Natural Killer,GCST90001885,24,30.1065979417794,23,0.146365961486113,30.0946,0.1467
CONDUCTIO,P<1e-5,CD20 on IgD+ CD38- unswitched memory B cell,GCST90001750,19,18.1452561733979,18,0.446122773655581,18.0907,0.4497
CONDUCTIO,P<1e-5,FSC-A on HLA DR+ CD8+ T cell,GCST90001978,18,18.2747041762987,17,0.371712215472124,18.1832,0.3774
CONDUCTIO,P<1e-5,CD11b on CD14+ monocyte,GCST90002091,20,17.6276487948099,19,0.547424577465698,17.5109,0.5553
CONDUCTIO,P<1e-5,CD11b on Monocytic Myeloid-Derived Suppressor Cells,GCST90002094,16,12.9197298043088,15,0.608498003703184,12.8674,0.6125
CONDUCTIO,P<1e-5,CD45 on HLA DR+ CD4+ T cell,GCST90001920,18,13.9160127757101,17,0.673037917819423,13.9159,0.673
CONDUCTIO,P<1e-5,CD11c+ HLA DR++ monocyte Absolute Count,GCST90001456,17,14.0235199956919,16,0.596961568920051,14.0232,0.597
CONDUCTIO,P<1e-5,CD28 on CD45RA+ CD4+ T cell,GCST90001890,13,7.72124266808257,12,0.806517368271855,7.7192,0.8067
CONDUCTIO,P<1e-5,CD25 on CD4+ T cell,GCST90001960,16,17.3391514777547,15,0.298997424000053,17.333,0.2993
CONDUCTIO,P<1e-5,CD4 on resting CD4 regulatory T cell,GCST90002064,13,9.71259499316159,12,0.641158155692901,9.6458,0.647
CONDUCTIO,P<1e-5,CD86 on myeloid Dendritic Cell,GCST90001903,22,18.4824527530916,21,0.618302264802352,18.2728,0.6317
CONDUCTIO,P<1e-5,CD19 on IgD+ CD38dim B cell,GCST90001730,24,26.9966768405914,23,0.256109049879262,26.9941,0.2562
CONDUCTIO,P<1e-5,CD19 on IgD- CD38dim B cell,GCST90001735,28,23.5939120808967,27,0.652733824716873,23.5054,0.6576
CONDUCTIO,P<1e-5,CD38 on CD3- CD19-,GCST90001810,18,13.7159027482225,17,0.687100110333822,13.6927,0.6887
CONDUCTIO,P<1e-5,CD25 on memory B cell,GCST90001790,24,25.8155771170563,23,0.309649444030231,25.5953,0.3203
CONDUCTIO,P<1e-5,CD25 on unswitched memory B cell,GCST90001792,24,26.2919180745255,23,0.287279758505166,26.0996,0.2962
CONDUCTIO,P<1e-5,CD62L- monocyte Absolute Count,GCST90001450,20,24.0933948352232,19,0.192594215846067,24.0888,0.1928
CONDUCTIO,P<1e-5,CD62L- monocyte %monocyte,GCST90001451,23,24.4538795091265,22,0.32389564763924,24.4489,0.3241
CONDUCTIO,P<1e-5,HLA DR on Dendritic Cell,GCST90002106,19,19.4442328949858,18,0.364960881142668,19.439,0.3653
CONDUCTIO,P<1e-5,Naive CD4-CD8- T cell %T cell,GCST90001568,20,16.3913251264439,19,0.631029928833009,16.3862,0.6314
CONDUCTIO,P<1e-5,B cell %lymphocyte,GCST90001644,35,33.7967618531081,34,0.477551001122156,33.7967,0.4776
CONDUCTIO,P<1e-5,CD24+ CD27+ B cell %lymphocyte,GCST90001442,24,19.4468828670665,23,0.675004327739977,19.4467,0.675
CONDUCTIO,P<1e-5,Naive-mature B cell %B cell,GCST90001408,29,30.2683244491422,28,0.350507247636579,30.0348,0.3616
CONDUCTIO,P<1e-5,Terminally Differentiated CD8+ T cell %CD8+ T cell,GCST90001558,23,33.1099357645724,22,0.060344071285502,33.0542,0.0611
CONDUCTIO,P<1e-5,HVEM on Effector Memory CD8+ T cell,GCST90001873,18,12.0593963762208,17,0.796527250852207,11.989,0.8008
CONDUCTIO,P<1e-5,CCR2 on CD14- CD16+ monocyte,GCST90001982,28,29.3670348453901,27,0.343330218182972,29.3497,0.3442
CONDUCTIO,P<1e-5,HLA DR on CD14+ CD16- monocyte,GCST90001988,22,15.7392164161202,21,0.784119879599573,15.7377,0.7842
CONDUCTIO,P<1e-5,HLA DR on CD14+ monocyte,GCST90001991,21,20.0972340754239,20,0.451862211158854,20.0965,0.4519
CONDUCTIO,P<1e-5,CD64 on CD14- CD16-,GCST90002001,16,13.8837771330231,15,0.534361427899385,13.8836,0.5344
CONDUCTIO,P<1e-5,CD62L- Dendritic Cell Absolute Count,GCST90001462,18,11.359948253839,17,0.837252121377566,11.3513,0.8377
CONDUCTIO,P<1e-5,FSC-A on HLA DR+ CD4+ T cell,GCST90001977,17,11.8699285748579,16,0.752884104753587,11.8655,0.7532
CONDUCTIO,P<1e-5,CD45 on CD4+ T cell,GCST90001916,13,12.1308983450873,12,0.435225147031652,12.098,0.4378
CONDUCTIO,P<1e-5,CD64 on CD14+ CD16- monocyte,GCST90001987,35,46.9173054158984,34,0.0692137053271823,46.7122,0.0719
CONDUCTIO,P<1e-5,CD4+ T cell %leukocyte,GCST90001606,13,21.3029638013242,12,0.0461161837024065,21.2664,0.0466
CONDUCTIO,P<1e-5,Effector Memory CD4+ T cell Absolute Count,GCST90001542,23,33.2127117270658,22,0.058943732930651,33.1928,0.0592
CONDUCTIO,P<1e-5,CD86 on CD62L+ myeloid Dendritic Cell,GCST90001904,22,19.5068421730536,21,0.552661275378709,19.4505,0.5563
CONDUCTIO,P<1e-5,Unswitched memory B cell Absolute Count,GCST90001398,20,25.3213551251667,19,0.15023410217268,25.3214,0.1502
CONDUCTIO,P<1e-5,CD16 on CD14+ CD16+ monocyte,GCST90002005,22,19.7535132176135,21,0.536918510169133,19.6088,0.5461
CONDUCTIO,P<1e-5,CD24 on unswitched memory B cell,GCST90001772,25,22.3248532115145,24,0.559884281230586,22.31,0.5608
CONDUCTIO,P<1e-5,CD8dim Natural Killer T %T cell,GCST90001634,19,18.0046122461993,18,0.455348798548714,17.9989,0.4557
CONDUCTIO,P<1e-5,CD28 on resting CD4 regulatory T cell,GCST90001900,6,6.82898852738589,5,0.233672489797634,6.823,0.2341
CONDUCTIO,P<1e-5,IgD- CD38- B cell Absolute Count,GCST90001446,14,25.9035634776488,13,0.0175147638250253,25.903,0.0175
CONDUCTIO,P<1e-5,CD86+ myeloid Dendritic Cell Absolute Count,GCST90001464,21,16.7868324883122,20,0.666768972265059,16.772,0.6677
CONDUCTIO,P<1e-5,CD62L- Dendritic Cell %Dendritic Cell,GCST90001463,23,19.0392732877889,22,0.642902025662191,19.0391,0.6429
CONDUCTIO,P<1e-5,FSC-A on B cell,GCST90001968,20,15.262157114092,19,0.705795971287017,15.2174,0.7087
CONDUCTIO,P<1e-5,Naive CD4+ T cell Absolute Count,GCST90001540,25,31.8898847176399,24,0.129746911348303,31.7765,0.1326
CONDUCTIO,P<1e-5,CD40 on CD14+ CD16+ monocyte,GCST90001981,21,22.1873022196072,20,0.330434234993078,22.1873,0.3304
CONDUCTIO,P<1e-5,IgD- CD38+ B cell %lymphocyte,GCST90001425,30,22.675246124365,29,0.791191158588587,22.5889,0.795
CONDUCTIO,P<1e-5,CD28- CD8+ T cell Absolute Count,GCST90001687,14,17.2715025697724,13,0.187187956562816,17.1223,0.1938
CONDUCTIO,P<1e-5,CD25 on activated & secreting CD4 regulatory T cell,GCST90001943,21,15.5749679366966,20,0.742617739751698,15.5173,0.7461
CONDUCTIO,P<1e-5,Effector Memory CD4+ T cell %T cell,GCST90001544,20,17.8967485115927,19,0.529344916031216,17.738,0.54
CONDUCTIO,P<1e-5,HVEM on Central Memory CD8+ T cell,GCST90001882,18,16.5830164628137,17,0.482944535654177,16.483,0.4899
CONDUCTIO,P<1e-5,CD127 on CD28- CD8+ T cell,GCST90001930,21,15.0029865356447,20,0.776236697201755,14.9918,0.7769
CONDUCTIO,P<1e-5,HLA DR on monocyte,GCST90002010,17,18.6723574992951,16,0.286019147738319,18.5943,0.2903
CONDUCTIO,P<1e-5,CD25++ CD4+ T cell %T cell,GCST90001506,20,8.54251108675165,19,0.980330618784195,8.5373,0.9804
CONDUCTIO,P<1e-5,CD86+ myeloid Dendritic Cell %Dendritic Cell,GCST90001465,23,25.0216037165316,22,0.296042727408579,25.0036,0.2969
CONDUCTIO,P<1e-5,CD3 on CD28+ CD4+ T cell,GCST90001861,24,18.3393733558465,23,0.738829658033397,18.3318,0.7392
CONDUCTIO,P<1e-5,CD3 on CD4+ T cell,GCST90001867,29,15.9821390302138,28,0.966083050395176,15.982,0.9661
CONDUCTIO,P<1e-5,CD11c on CD62L+ myeloid Dendritic Cell,GCST90002088,26,20.6186035024673,25,0.713671407260352,20.5844,0.7155
CONDUCTIO,P<1e-5,CD127 on granulocyte,GCST90001926,31,42.804728737133,30,0.0609581800851029,42.7619,0.0615
CONDUCTIO,P<1e-5,CD45 on lymphocyte,GCST90002041,17,14.9578060813414,16,0.52773103560054,14.7494,0.5431
CONDUCTIO,P<1e-5,CD25++ CD45RA- CD4 not regulatory T cell Absolute Count,GCST90001510,20,35.9570139901168,19,0.0106845424038123,35.957,0.0107
CONDUCTIO,P<1e-5,Central Memory CD8+ T cell Absolute Count,GCST90001548,25,25.6361633612359,24,0.371880491756018,25.6354,0.3719
CONDUCTIO,P<1e-5,CD11c+ monocyte Absolute Count,GCST90001448,15,13.3941442280841,14,0.495749946392166,13.3941,0.4958
CONDUCTIO,P<1e-5,Effector Memory CD4+ T cell %CD4+ T cell,GCST90001543,28,23.4224273961974,27,0.662124053254958,23.3888,0.664
CONDUCTIO,P<1e-5,BAFF-R on unswitched memory B cell,GCST90001717,24,24.2106660763989,23,0.392220832659858,24.1648,0.3947
CONDUCTIO,P<1e-5,CD19 on unswitched memory B cell,GCST90001738,21,21.9411641504774,20,0.34371175668032,21.9375,0.3439
CONDUCTIO,P<1e-5,Immature Myeloid-Derived Suppressor Cells Absolute Count,GCST90001515,22,18.5903465031089,21,0.611400628878456,18.5895,0.6115
CONDUCTIO,P<1e-5,CD25 on CD39+ CD4 regulatory T cell,GCST90001935,17,16.0093883308574,16,0.452305759678287,15.996,0.4532
CONDUCTIO,P<1e-5,CD3 on CD28+ CD4-CD8- T cell,GCST90001862,16,6.75646274421901,15,0.96405863717098,6.6589,0.9664
CONDUCTIO,P<1e-5,CD25++ CD8+ T cell Absolute Count,GCST90001681,27,23.4955202439,26,0.604787654493864,23.494,0.6049
CONDUCTIO,P<1e-5,CD19 on transitional B cell,GCST90001742,26,35.6461513194044,25,0.0771430824174524,35.5005,0.0795
CONDUCTIO,P<1e-5,CD11c on granulocyte,GCST90002090,22,22.8717806743938,21,0.350852762337066,22.8672,0.3511
CONDUCTIO,P<1e-5,CD28+ CD45RA+ CD8dim T cell %CD8dim T cell,GCST90001665,27,30.7950908991945,26,0.235989203499601,30.787,0.2363
CONDUCTIO,P<1e-5,CD28+ CD45RA- CD8+ T cell %T cell,GCST90001691,26,31.1859144682487,25,0.182936292399878,31.1692,0.1835
CONDUCTIO,P<1e-5,CD38 on IgD+ CD38+ B cell,GCST90001812,17,23.3136181864739,16,0.105604499142331,23.2889,0.1062
CONDUCTIO,P<1e-5,CD24 on CD24+ CD27+ B cell,GCST90001764,3,0.200108446629039,2,0.904788356082215,0.1992,0.9052
CONDUCTIO,P<1e-5,CD25 on CD39+ resting CD4 regulatory T cell,GCST90001938,15,10.5524487448462,14,0.720781363891751,10.5356,0.7221
CONDUCTIO,P<1e-5,CD24 on IgD+ CD38- unswitched memory B cell,GCST90001767,21,11.9237650967008,20,0.918674927240505,11.9223,0.9187
CONDUCTIO,P<1e-5,HLA DR on CD33- HLA DR+,GCST90002112,12,1.58729470625717,11,0.999499317866487,1.5872,0.9995
CONDUCTIO,P<1e-5,CD45 on CD33+ HLA DR+,GCST90002053,16,16.323163645682,15,0.360905186264994,16.3227,0.3609
CONDUCTIO,P<1e-5,CD127 on CD28+ CD45RA- CD8+ T cell,GCST90001928,19,32.8195574470601,18,0.0175492324228053,32.7364,0.018
CONDUCTIO,P<1e-5,CD86 on granulocyte,GCST90001906,21,20.6197219397488,20,0.419811110236839,20.612,0.4203
CONDUCTIO,P<1e-5,CD62L on CD62L+ myeloid Dendritic Cell,GCST90001831,15,23.6532148949133,14,0.0504367594078171,23.5895,0.0513
CONDUCTIO,P<1e-5,Naive CD4-CD8- T cell %CD4-CD8- T cell,GCST90001567,22,22.5548116589334,21,0.36816590382546,22.5527,0.3683
CONDUCTIO,P<1e-5,BAFF-R on IgD+ CD24+ B cell,GCST90001703,18,21.5652985910634,17,0.202019544219937,21.5638,0.2021
CONDUCTIO,P<1e-5,Central Memory CD4-CD8- T cell %CD4-CD8- T cell,GCST90001564,16,24.7552101827557,15,0.0533290548149314,24.7464,0.0535
CONDUCTIO,P<1e-5,HLA DR on Hematopoietic Stem Cell,GCST90002107,6,1.95934278368854,5,0.85474166444994,1.9455,0.8566
CONDUCTIO,P<1e-5,CD127 on CD28+ CD4-CD8- T cell,GCST90001925,24,23.5000517010654,23,0.431908393003329,23.4301,0.4359
CONDUCTIO,P<1e-5,CD8 on Effector Memory CD8+ T cell,GCST90002056,24,14.5563020155537,23,0.909827843826914,14.5045,0.9115
CONDUCTIO,P<1e-5,CD28+ CD45RA- CD8+ T cell Absolute Count,GCST90001693,29,22.1873095003639,28,0.772546375122998,22.1815,0.7728
CONDUCTIO,P<1e-5,CD33- HLA DR+ Absolute Count,GCST90001523,36,57.0224732897251,35,0.0107618064998461,56.9595,0.0109
CONDUCTIO,P<1e-5,CD28 on CD39+ resting CD4 regulatory T cell,GCST90001901,22,21.5752931182194,21,0.424327297387516,21.5229,0.4274
CONDUCTIO,P<1e-5,Basophil Absolute Count,GCST90001532,23,23.5111539499642,22,0.373364708709943,23.4913,0.3744
CONDUCTIO,P<1e-5,CD45RA on CD39+ resting CD4 regulatory T cell,GCST90002103,8,7.7100851924981,7,0.358851097257332,7.4772,0.3809
CONDUCTIO,P<1e-5,CD39 on granulocyte,GCST90002033,26,28.9491220127023,25,0.266048457463452,28.9022,0.268
CONDUCTIO,P<1e-5,CD45 on Natural Killer T,GCST90001919,22,22.7683157696218,21,0.356454672159401,22.7519,0.3573
CONDUCTIO,P<1e-5,CD3 on activated CD4 regulatory T cell,GCST90001853,21,16.9968470821067,20,0.653178381094436,16.9966,0.6532
CONDUCTIO,P<1e-5,CD3 on secreting CD4 regulatory T cell,GCST90001855,20,16.1547075782201,19,0.646932043838743,16.139,0.648
CONDUCTIO,P<1e-5,CD3 on activated & secreting CD4 regulatory T cell,GCST90001857,22,21.8870408050752,21,0.406044221738557,21.8537,0.408
CONDUCTIO,P<1e-5,CD3 on CD4 regulatory T cell,GCST90001868,11,3.7321566905002,10,0.958622010471402,3.7322,0.9586
CONDUCTIO,P<1e-5,Terminally Differentiated CD4+ T cell Absolute Count,GCST90001545,11,24.1974606167899,10,0.00709316997788196,23.723,0.0084
CONDUCTIO,P<1e-5,Naive CD4+ T cell %T cell,GCST90001575,34,48.0668765986917,33,0.0437089441616306,47.8723,0.0455
CONDUCTIO,P<1e-5,CD20 on IgD+ CD24+ B cell,GCST90001746,23,14.506329784704,22,0.882539276598349,14.5003,0.8828
CONDUCTIO,P<1e-5,CD39 on monocyte,GCST90002034,22,36.7670556628622,21,0.0179004502079862,36.6264,0.0186
CONDUCTIO,P<1e-5,CD38 on IgD- CD38dim B cell,GCST90001815,20,12.254914168329,19,0.874441915342602,12.2546,0.8745
CONDUCTIO,P<1e-5,Immature Myeloid-Derived Suppressor Cells %CD33dim HLA DR- CD66b-,GCST90001516,19,10.776071982817,18,0.903616361057167,10.7725,0.9038
CONDUCTIO,P<1e-5,Dendritic Cell Absolute Count,GCST90001461,21,22.2335626606261,20,0.327972589975311,22.099,0.3352
CONDUCTIO,P<1e-5,CD28- CD8dim T cell %CD8dim T cell,GCST90001662,15,20.2629141005596,14,0.122067865904228,20.047,0.1287
CONDUCTIO,P<1e-5,IgD+ CD38dim B cell Absolute Count,GCST90001394,26,19.2137767093924,25,0.786756703504289,19.2105,0.7869
CONDUCTIO,P<1e-5,IgD+ CD24- B cell Absolute Count,GCST90001416,23,20.8570211364346,22,0.529588988637624,20.8204,0.5319
CONDUCTIO,P<1e-5,CD25 on CD4 regulatory T cell,GCST90001936,22,20.9461418189882,21,0.462237604179294,20.8568,0.4677
CONDUCTIO,P<1e-5,CD25 on IgD+ CD38- B cell,GCST90001780,29,20.2292719416114,28,0.855963598142276,20.2215,0.8563
CONDUCTIO,P<1e-5,HVEM on Effector Memory CD4+ T cell,GCST90001878,22,69.6882352327854,21,3.94224622806861e-07,69.6873,0
CONDUCTIO,P<1e-5,Unswitched memory B cell %B cell,GCST90001397,32,25.093778689235,31,0.763506886406531,25.0447,0.7657
CONDUCTIO,P<1e-5,Switched memory B cell Absolute Count,GCST90001403,23,28.8929348109449,22,0.147943044707591,28.8616,0.1489
CONDUCTIO,P<1e-5,CX3CR1 on CD14- CD16-,GCST90001994,19,14.6532797636289,18,0.685620374591729,14.6127,0.6884
CONDUCTIO,P<1e-5,CD11b on CD66b++ myeloid cell,GCST90002093,17,22.4776002375659,16,0.128428944067723,22.4467,0.1293
CONDUCTIO,P<1e-5,CD3 on Effector Memory CD4+ T cell,GCST90001843,19,17.0901926447145,18,0.516912391786179,17.0081,0.5225
CONDUCTIO,P<1e-5,IgD- CD38dim B cell Absolute Count,GCST90001438,17,12.757730810754,16,0.690382329258799,12.748,0.6911
CONDUCTIO,P<1e-5,IgD on IgD+ CD38-  B cell,GCST90001822,27,22.6790310305402,26,0.651035422267632,22.6765,0.6512
CONDUCTIO,P<1e-5,CD28- CD8+ T cell %CD8+ T cell,GCST90001686,23,18.7437574903469,22,0.661093685179049,18.7359,0.6616
CONDUCTIO,P<1e-5,CD14- CD16- Absolute Count,GCST90001581,25,27.9649554603611,24,0.261520852816662,27.9647,0.2615
CONDUCTIO,P<1e-5,CD39+ activated CD4 regulatory T cell %activated CD4 regulatory T cell,GCST90001490,8,9.34792490993502,7,0.228632100552354,9.3378,0.2293
CONDUCTIO,P<1e-5,CD80 on plasmacytoid Dendritic Cell,GCST90002037,21,20.6484827066928,20,0.418075832289506,20.6412,0.4185
CONDUCTIO,P<1e-5,CD80 on CD62L+ plasmacytoid Dendritic Cell,GCST90002038,21,17.8308470230894,20,0.598550190771405,17.8174,0.5994
CONDUCTIO,P<1e-5,CD28- CD25++ CD8+ T cell %T cell,GCST90001676,8,4.44174880897107,7,0.727719873233031,4.4243,0.7298
CONDUCTIO,P<1e-5,HLA DR++ monocyte %leukocyte,GCST90001476,8,3.31919157836874,7,0.853989047486526,3.3192,0.854
CONDUCTIO,P<1e-5,CD3 on resting CD4 regulatory T cell,GCST90001869,37,29.5045036583823,36,0.769492933485073,29.4762,0.7706
CONDUCTIO,P<1e-5,SSC-A on HLA DR+ CD4+ T cell,GCST90002085,22,20.3629048993227,21,0.498390048624288,20.2988,0.5024
CONDUCTIO,P<1e-5,CD25++ CD45RA- CD4 not regulatory T cell %T cell,GCST90001512,30,30.0339406452758,29,0.412310601289286,30.0152,0.4132
CONDUCTIO,P<1e-5,CD4 on Central Memory CD4+ T cell,GCST90002023,15,14.7940297641246,14,0.392377927558833,14.5737,0.4079
CONDUCTIO,P<1e-5,CD45 on T cell,GCST90001915,15,9.12389338605107,14,0.823032968148242,9.1185,0.8234
CONDUCTIO,P<1e-5,CD11b on basophil,GCST90002096,19,12.8208176913066,18,0.802105870650218,12.7884,0.804
CONDUCTIO,P<1e-5,CD25 on CD28+ CD4+ T cell,GCST90001962,5,2.20065567769738,4,0.698909236676422,2.1895,0.701
CONDUCTIO,P<1e-5,CD28- CD4-CD8- T cell %T cell,GCST90001694,22,25.3922225680358,21,0.230576469074737,25.3574,0.232
CONDUCTIO,P<1e-5,HLA DR on myeloid Dendritic Cell,GCST90002104,16,10.851724257533,15,0.7630328104054,10.8422,0.7637
CONDUCTIO,P<1e-5,CD62L- plasmacytoid Dendritic Cell Absolute Count,GCST90001470,24,14.2709526143346,23,0.91884871918566,14.2479,0.9196
CONDUCTIO,P<1e-5,CD11c on monocyte,GCST90002089,19,25.5256245527399,18,0.111109364581076,25.311,0.1166
CONDUCTIO,P<1e-5,T/B cell,GCST90001588,29,31.550726390813,28,0.29317635993388,31.5209,0.2944
CONDUCTIO,P<1e-5,Natural Killer Absolute Count,GCST90001645,22,27.9008970621251,21,0.14298447555914,27.8442,0.1446
CONDUCTIO,P<1e-5,IgD+ B cell Absolute Count,GCST90001400,15,21.1015789325897,14,0.0990576221402749,21.1,0.0991
CONDUCTIO,P<1e-5,CD38 on IgD+ B cell,GCST90001818,15,6.62357838259197,14,0.948250646399322,6.5973,0.9491
CONDUCTIO,P<1e-5,BAFF-R on CD24+ CD27+ B cell,GCST90001702,19,24.4484508377396,18,0.140877826499277,24.408,0.1421
CONDUCTIO,P<1e-5,BAFF-R on IgD- CD38- B cell,GCST90001712,17,18.1903624844151,16,0.312868193291606,18.1417,0.3157
CONDUCTIO,P<1e-5,BAFF-R on IgD- CD38dim B cell,GCST90001714,4,5.57137703103833,3,0.134431265379595,5.5145,0.1378
CONDUCTIO,P<1e-5,BAFF-R on memory B cell,GCST90001715,17,13.7310953291595,16,0.618738904031839,13.7307,0.6188
CONDUCTIO,P<1e-5,CD28 on secreting CD4 regulatory T cell,GCST90001887,17,12.6699325840376,16,0.696720607354201,12.5795,0.7032
CONDUCTIO,P<1e-5,CD45RA on naive CD8+ T cell,GCST90002100,22,24.0285806838785,21,0.291675771366983,23.9807,0.294
CONDUCTIO,P<1e-5,IgD- CD38- B cell %lymphocyte,GCST90001427,28,32.3694086136916,27,0.218679173963911,32.3639,0.2189
CONDUCTIO,P<1e-5,Switched memory B cell %lymphocyte,GCST90001434,18,14.124756651766,17,0.658252036873768,14.1206,0.6585
CONDUCTIO,P<1e-5,IgD+ CD24+ B cell %lymphocyte,GCST90001439,15,8.32608083303784,14,0.87165564401741,8.3214,0.8719
CONDUCTIO,P<1e-5,CD20- B cell %lymphocyte,GCST90001443,17,10.3190211891457,16,0.849445691527219,10.3187,0.8495
CONDUCTIO,P<1e-5,HLA DR on CD14- CD16+ monocyte,GCST90001984,19,19.4353900509885,18,0.365485732620945,19.3808,0.3687
CONDUCTIO,P<1e-5,CD20 on IgD- CD38+ B cell,GCST90001756,16,15.1564733440404,15,0.440205984321053,15.1555,0.4403
CONDUCTIO,P<1e-5,CD33 on CD33dim HLA DR-,GCST90001953,19,14.772407651978,18,0.677530654134754,14.7654,0.678
CONDUCTIO,P<1e-5,CD33- HLA DR- Absolute Count,GCST90001522,21,19.3414931936258,20,0.499738557872241,19.3415,0.4997
CONDUCTIO,P<1e-5,CD14 on CD33dim HLA DR+ CD11b+,GCST90002021,19,35.0302405472916,18,0.00936991146058566,34.9652,0.0095
CONDUCTIO,P<1e-5,HLA DR on HLA DR+ T cell,GCST90002113,19,19.0064352720802,18,0.391427298231903,18.9768,0.3933
CONDUCTIO,P<1e-5,CD3 on Central Memory CD4+ T cell,GCST90001841,26,15.437227445904,25,0.930560839579065,15.4371,0.9306
CONDUCTIO,P<1e-5,CD4 on CD39+ resting CD4 regulatory T cell,GCST90002065,15,21.7464041240869,14,0.0839774377085592,21.6515,0.0861
CONDUCTIO,P<1e-5,IgD on IgD+ B cell,GCST90001827,21,21.728728595978,20,0.355410141462985,21.722,0.3558
CONDUCTIO,P<1e-5,Transitional B cell %B cell,GCST90001576,15,17.1334173644988,14,0.249137737248021,16.9938,0.2565
CONDUCTIO,P<1e-5,Leukocyte Absolute Count,GCST90001600,11,7.23169394065418,10,0.703405524617829,7.1939,0.707
CONDUCTIO,P<1e-5,CD45RA+ CD28- CD8+ T cell %CD8+ T cell,GCST90001699,31,29.4793830349564,30,0.492532210970776,29.4042,0.4964
CONDUCTIO,P<1e-5,CD20- CD38- B cell %B cell,GCST90001422,23,24.6113639680051,22,0.316018126219203,24.5959,0.3168
CONDUCTIO,P<1e-5,CCR2 on CD14- CD16-,GCST90002003,17,13.5476098135274,16,0.632375845597431,13.5076,0.6353
CONDUCTIO,P<1e-5,Basophil %CD33dim HLA DR- CD66b-,GCST90001533,20,27.685075021371,19,0.0896796631139293,27.6851,0.0897
CONDUCTIO,P<1e-5,CD24 on IgD+ CD24+ B cell,GCST90001765,25,23.5125251629406,24,0.489736485368162,23.5125,0.4897
CONDUCTIO,P<1e-5,B cell %CD3- lymphocyte,GCST90001643,29,40.0339245375245,28,0.0656690613570381,40.0226,0.0658
CONDUCTIO,P<1e-5,CD3 on CD28+ CD45RA- CD8+ T cell,GCST90001863,18,15.1321783785919,17,0.585961465992129,15.0503,0.5919
CONDUCTIO,P<1e-5,CD45 on lymphocyte,GCST90001914,24,17.2820001547023,23,0.795187695326261,17.2457,0.797
CONDUCTIO,P<1e-5,HVEM on naive CD4+ T cell,GCST90001877,18,26.3362399684358,17,0.0685485926355449,26.2026,0.0708
CONDUCTIO,P<1e-5,CD34 on Hematopoietic Stem Cell,GCST90001870,12,3.5994135893645,11,0.980206853880506,3.5993,0.9802
CONDUCTIO,P<1e-5,CD11c+ HLA DR++ monocyte %monocyte,GCST90001457,18,15.5464418942256,17,0.556184264421204,15.5459,0.5562
CONDUCTIO,P<1e-5,CD127 on CD45RA- CD4 not regulatory T cell,GCST90001923,16,13.9814442674024,15,0.526936908071076,13.9742,0.5275
CONDUCTIO,P<1e-5,CD3- lymphocyte Absolute Count,GCST90001639,18,8.84750116789746,17,0.94492478924368,8.7805,0.9469
CONDUCTIO,P<1e-5,Activated & resting CD4 regulatory T cell Absolute Count,GCST90001498,19,14.0314619488263,18,0.727038011231475,13.9992,0.7291
CONDUCTIO,P<1e-5,CD16 on CD14- CD16+ monocyte,GCST90001979,20,27.4749228053582,19,0.094067867969222,27.4267,0.0951
CONDUCTIO,P<1e-5,PDL-1 on CD14+ CD16+ monocyte,GCST90001998,28,26.2640908492227,27,0.503983458993007,26.2554,0.5045
CONDUCTIO,P<1e-5,T cell %leukocyte,GCST90001605,18,21.4342936595005,17,0.207464280075211,21.4246,0.2079
CONDUCTIO,P<1e-5,PDL-1 on CD14- CD16-,GCST90002000,28,19.6290531888389,27,0.845956789114262,19.628,0.846
CONDUCTIO,P<1e-5,CD127 on CD4+ T cell,GCST90001931,8,4.95504250851141,7,0.66544972469603,4.9468,0.6665
CONDUCTIO,P<1e-5,CD3 on CD39+ resting CD4 regulatory T cell,GCST90001852,20,8.30529932975845,19,0.98332644633366,8.3012,0.9834
CONDUCTIO,P<1e-5,CD8 on Central Memory CD8+ T cell,GCST90002054,14,14.9681735111046,13,0.309343849617652,14.9669,0.3094
CONDUCTIO,P<1e-5,CD25 on switched memory B cell,GCST90001793,20,25.9356491452843,19,0.131992109588837,25.9268,0.1322
CONDUCTIO,P<1e-5,CD45 on CD33dim HLA DR+ CD11b-,GCST90002044,10,9.41924451099038,9,0.39950784640071,9.4029,0.4009
CONDUCTIO,P<1e-5,CD25 on CD20- CD38- B cell,GCST90001776,20,19.5686117518392,19,0.42094352391774,19.537,0.4229
CONDUCTIO,P<1e-5,CD24 on IgD- CD38dim B cell,GCST90001770,7,9.08463973985289,6,0.168873650079679,8.9977,0.1737
CONDUCTIO,P<1e-5,CD62L on granulocyte,GCST90001835,16,18.0145099631848,15,0.261903496343176,17.9482,0.2654
CONDUCTIO,P<1e-5,CD28- CD8+ T cell %T cell,GCST90001685,16,18.2646656077264,15,0.249007062602422,18.2321,0.2507
CONDUCTIO,P<1e-5,Terminally Differentiated CD8+ T cell %T cell,GCST90001559,17,24.8351073053319,16,0.0727855794307747,24.8177,0.0731
CONDUCTIO,P<1e-5,BAFF-R on IgD- CD27- B cell,GCST90001711,18,16.8834433219842,17,0.462289593631979,16.8752,0.4629
CONDUCTIO,P<1e-5,CD28 on CD45RA- CD4 not regulatory T cell,GCST90001891,13,8.66766487264199,12,0.731023500586536,8.666,0.7312
CONDUCTIO,P<1e-5,CD4 regulatory T cell %CD4+ T cell,GCST90001478,16,29.3660923466737,15,0.0144241570779214,29.3572,0.0145
CONDUCTIO,P<1e-5,BAFF-R on CD20- B cell,GCST90001830,14,22.8411164414148,13,0.0436229581119825,22.8329,0.0437
CONDUCTIO,P<1e-5,CD11b on Granulocytic Myeloid-Derived Suppressor Cells,GCST90002092,3,5.03178609273642,2,0.0807907301124104,5.0289,0.0809
CONDUCTIO,P<1e-5,HVEM on Central Memory CD4+ T cell,GCST90001876,18,17.0660463894446,17,0.449900179546858,17.0006,0.4543
CONDUCTIO,P<1e-5,Central Memory CD4-CD8- T cell Absolute Count,GCST90001563,4,0.994002993851408,3,0.802703052461889,0.994,0.8027
CONDUCTIO,P<1e-5,CD3- lymphocyte %lymphocyte,GCST90001640,6,7.2677758049193,5,0.201474984910629,7.1854,0.2072
CONDUCTIO,P<1e-5,IgD+ CD38dim B cell %B cell,GCST90001393,15,23.4007661657193,14,0.0540530607306533,23.3309,0.0551
CONDUCTIO,P<1e-5,CD28 on CD28+ CD4-CD8- T cell,GCST90001895,3,0.640190117188815,2,0.726080013647584,0.6229,0.7324
CONDUCTIO,P<5e-8,CD39+ CD4+ T cell Absolute Count,GCST90001660,6,13.3790888127877,5,0.0200738036928876,13.3592,0.0202
CONDUCTIO,P<5e-8,FSC-A on Natural Killer,GCST90001969,3,3.22461374586271,2,0.199427030207406,3.2225,0.1996
CONDUCTIO,P<5e-8,SSC-A on Natural Killer,GCST90002076,1,,,,,
CONDUCTIO,P<5e-8,CD20 on IgD+ CD38dim B cell,GCST90001752,7,4.82101355075014,6,0.566966085132333,4.8081,0.5686
CONDUCTIO,P<5e-8,CD45RA+ CD28- CD8+ T cell Absolute Count,GCST90001698,428,457.555686691585,427,0.148166861166758,457.555,0.1482
CONDUCTIO,P<5e-8,Naive CD8+ T cell %T cell,GCST90001553,3,0.586826126509434,2,0.745714049998548,0.5868,0.7457
CONDUCTIO,P<5e-8,CD8 on CD28+ CD45RA+ CD8+ T cell,GCST90002119,8,14.8032384594006,7,0.0386059580703476,14.8031,0.0386
CONDUCTIO,P<5e-8,IgD on transitional B cell,GCST90001828,5,8.46691084992118,4,0.0758965787058136,8.4662,0.0759
CONDUCTIO,P<5e-8,SSC-A on Natural Killer T,GCST90002084,2,,,,,
CONDUCTIO,P<5e-8,CD19 on CD20- CD38- B cell,GCST90001722,1,,,,,
CONDUCTIO,P<5e-8,CD20 on IgD- CD38- B cell,GCST90001755,4,2.37298236126917,3,0.498683762009955,2.3358,0.5057
CONDUCTIO,P<5e-8,CD20 on switched memory B cell,GCST90001761,7,2.57223379866459,6,0.860297577645827,2.552,0.8626
CONDUCTIO,P<5e-8,CD45RA+ CD28- CD8+ T cell %T cell,GCST90001700,67,79.2426315986355,66,0.127014294710219,79.2216,0.1274
CONDUCTIO,P<5e-8,T cell %lymphocyte,GCST90001604,2,,,,,
CONDUCTIO,P<5e-8,Natural Killer %lymphocyte,GCST90001647,3,1.32391829107474,2,0.515839738761439,1.3132,0.5186
CONDUCTIO,P<5e-8,Naive CD8+ T cell %CD8+ T cell,GCST90001552,1,,,,,
CONDUCTIO,P<5e-8,CD28 on CD39+ secreting CD4 regulatory T cell,GCST90001888,2,,,,,
CONDUCTIO,P<5e-8,CD39+ activated CD4 regulatory T cell Absolute Count,GCST90001489,5,19.0283155024876,4,0.000775940244670702,19.0157,8e-04
CONDUCTIO,P<5e-8,CD39+ activated CD4 regulatory T cell %CD4 regulatory T cell,GCST90001491,6,13.9819741466197,5,0.0157243250352035,13.9809,0.0157
CONDUCTIO,P<5e-8,CD39+ secreting CD4 regulatory T cell Absolute Count,GCST90001495,5,19.1849373698785,4,0.000722837992435041,19.1759,7e-04
CONDUCTIO,P<5e-8,CD4 on CD39+ CD4+ T cell,GCST90002061,6,14.0077752498617,5,0.0155601020480065,14.007,0.0156
CONDUCTIO,P<5e-8,BAFF-R on IgD+ CD24- B cell,GCST90001704,10,19.3651603518958,9,0.0222609562227162,19.365,0.0223
CONDUCTIO,P<5e-8,BAFF-R on IgD+ CD38- B cell,GCST90001705,9,13.3617594129032,8,0.0999939738367917,13.36,0.1
CONDUCTIO,P<5e-8,BAFF-R on IgD+ CD38- naive B cell,GCST90001706,8,12.9992650979971,7,0.0721262988072521,12.9949,0.0722
CONDUCTIO,P<5e-8,BAFF-R on IgD+ CD38+ B cell,GCST90001708,10,19.7386378406606,9,0.0195956784566838,19.7383,0.0196
CONDUCTIO,P<5e-8,BAFF-R on IgD+ CD38dim B cell,GCST90001709,10,19.3634119570762,9,0.0222741985462014,19.3632,0.0223
CONDUCTIO,P<5e-8,BAFF-R on naive-mature B cell,GCST90001716,10,19.3707593356167,9,0.0222185992857029,19.3707,0.0222
CONDUCTIO,P<5e-8,BAFF-R on IgD+ B cell,GCST90001719,10,19.3599583567817,9,0.0223003778073522,19.3598,0.0223
CONDUCTIO,P<5e-8,BAFF-R on transitional B cell,GCST90001720,8,13.0651423588416,7,0.0705370268880547,13.0624,0.0706
CONDUCTIO,P<5e-8,BAFF-R on B cell,GCST90001829,10,19.3664140502939,9,0.022251465274049,19.3663,0.0223
CONDUCTIO,P<5e-8,HLA DR+ T cell%T cell,GCST90001619,4,4.76141261442795,3,0.190124850894971,4.7609,0.1902
CONDUCTIO,P<5e-8,CD39 on CD39+ secreting CD4 regulatory T cell,GCST90002031,5,12.4390557166193,4,0.0143681934850034,12.4361,0.0144
CONDUCTIO,P<5e-8,CD39 on CD39+ CD4+ T cell,GCST90002032,5,13.2947951251693,4,0.00992168849955878,13.2885,0.0099
CONDUCTIO,P<5e-8,CD4 on CD39+ secreting CD4 regulatory T cell,GCST90002069,3,1.55559298924818,2,0.459417225113858,1.5298,0.4654
CONDUCTIO,P<5e-8,CD3 on CD39+ activated CD4 regulatory T cell,GCST90001854,5,3.05028672689504,4,0.549445591428798,3.0463,0.5501
CONDUCTIO,P<5e-8,CD39+ resting CD4 regulatory T cell %resting CD4 regulatory T cell,GCST90001484,8,24.6794590995634,7,0.00086472065818358,24.6456,9e-04
CONDUCTIO,P<5e-8,CD39+ secreting CD4 regulatory T cell %secreting CD4 regulatory T cell,GCST90001496,7,10.7804099232778,6,0.0954048809785855,10.7217,0.0974
CONDUCTIO,P<5e-8,CD39+ secreting CD4 regulatory T cell %CD4 regulatory T cell,GCST90001497,7,10.8090412828916,6,0.0944605993577463,10.7504,0.0964
CONDUCTIO,P<5e-8,CD39+ CD4+ T cell %T cell,GCST90001658,6,10.5584397401297,5,0.0608728115494615,10.5057,0.0621
CONDUCTIO,P<5e-8,CD39+ CD4+ T cell %CD4+ T cell,GCST90001659,5,10.0794212247395,4,0.0391108829880115,10.0528,0.0395
CONDUCTIO,P<5e-8,CD28 on CD39+ CD4+ T cell,GCST90001892,6,22.1084687419425,5,0.000499312409509866,22.0955,5e-04
CONDUCTIO,P<5e-8,CD39 on CD39+ CD8+ T cell,GCST90002029,2,,,,,
CONDUCTIO,P<5e-8,CD39 on CD39+ activated CD4 regulatory T cell,GCST90002030,5,9.51150077822986,4,0.0495114676586035,9.4778,0.0502
CONDUCTIO,P<5e-8,CD40 on monocytes,GCST90001985,5,11.0526141311059,4,0.0259790245185365,11.0521,0.026
CONDUCTIO,P<5e-8,CD25 on IgD+ CD38- unswitched memory B cell,GCST90001782,1,,,,,
CONDUCTIO,P<5e-8,CD25++ CD45RA+ CD4 not regulatory T cell %CD4+ T cell,GCST90001508,5,1.24444264011034,4,0.870728618933911,1.2411,0.8713
CONDUCTIO,P<5e-8,CD25++ CD45RA+ CD4 not regulatory T cell %T cell,GCST90001509,5,1.27526840980241,4,0.865557420754395,1.2717,0.8662
CONDUCTIO,P<5e-8,CD25 on CD45RA+ CD4 not regulatory T cell,GCST90001934,1,,,,,
CONDUCTIO,P<5e-8,CD16-CD56 on Natural Killer,GCST90001884,8,8.47109215766017,7,0.292889710147289,8.4671,0.2932
CONDUCTIO,P<5e-8,CD45 on CD33- HLA DR-,GCST90002045,2,,,,,
CONDUCTIO,P<5e-8,CD4+CD8+ T cell Absolute Count,GCST90001594,2,,,,,
CONDUCTIO,P<5e-8,CD27 on IgD- CD38- B cell,GCST90001802,8,10.6905984686019,7,0.152695928640741,10.6779,0.1533
CONDUCTIO,P<5e-8,CD64 on CD14+ CD16+ monocyte,GCST90002011,2,,,,,
CONDUCTIO,P<5e-8,HLA DR on CD33dim HLA DR+ CD11b+,GCST90002110,4,5.12906859909715,3,0.162586427454781,5.1046,0.1643
CONDUCTIO,P<5e-8,HLA DR on CD33dim HLA DR+ CD11b-,GCST90002111,5,5.33980768567397,4,0.254173447210347,5.3118,0.2568
CONDUCTIO,P<5e-8,CD8+ and CD8dim T cell %leukocyte,GCST90001614,2,,,,,
CONDUCTIO,P<5e-8,CD27 on CD24+ CD27+ B cell,GCST90001798,11,17.3668952730666,10,0.0666296128691045,17.3655,0.0667
CONDUCTIO,P<5e-8,CD27 on IgD- CD38dim B cell,GCST90001804,9,13.9327583353774,8,0.0835349685425833,13.9292,0.0836
CONDUCTIO,P<5e-8,CD27 on memory B cell,GCST90001805,8,4.06556355984538,7,0.772195564148389,4.0575,0.7731
CONDUCTIO,P<5e-8,CD27 on unswitched memory B cell,GCST90001806,11,13.3474997775995,10,0.204886375640417,13.3475,0.2049
CONDUCTIO,P<5e-8,CD27 on switched memory B cell,GCST90001808,10,16.4709991773957,9,0.0576739523660066,16.4573,0.0579
CONDUCTIO,P<5e-8,BAFF-R on IgD+ CD38- unswitched memory B cell,GCST90001707,7,2.34635812065589,6,0.885250825211398,2.3464,0.8853
CONDUCTIO,P<5e-8,CD33+ HLA DR+ CD14dim %CD33+ HLA DR+,GCST90001521,1,,,,,
CONDUCTIO,P<5e-8,CD25++ CD45RA+ CD4 not regulatory T cell Absolute Count,GCST90001507,3,0.0251583046031314,2,0.987499634531546,0.0251,0.9875
CONDUCTIO,P<5e-8,CD45RA- CD4+ T cell %CD4+ T cell,GCST90001535,4,4.51093232218408,3,0.211317219603549,4.4949,0.2127
CONDUCTIO,P<5e-8,CD45RA on resting CD4 regulatory T cell,GCST90002102,7,6.87463561103744,6,0.332596685502309,6.8739,0.3327
CONDUCTIO,P<5e-8,CD20 on CD24+ CD27+ B cell,GCST90001745,5,4.12870619637748,4,0.388867499349232,4.1077,0.3916
CONDUCTIO,P<5e-8,CD28+ CD45RA+ CD8+ T cell %T cell,GCST90001688,38,38.7616364425683,37,0.39015355795306,38.7561,0.3904
CONDUCTIO,P<5e-8,CD8 on CD39+ CD8+ T cell,GCST90002121,5,3.12638881544125,4,0.536901777123459,3.1263,0.5369
CONDUCTIO,P<5e-8,SSC-A on monocyte,GCST90002073,8,6.32866792205922,7,0.50193886920884,6.3156,0.5034
CONDUCTIO,P<5e-8,CD45RA- CD28- CD8+ T cell %T cell,GCST90001697,42,36.4392466984082,41,0.673367669217309,36.4224,0.6741
CONDUCTIO,P<5e-8,CD45RA- CD28- CD8+ T cell Absolute Count,GCST90001695,146,138.909449050231,145,0.626835578541225,138.9036,0.627
CONDUCTIO,P<5e-8,CD40 on CD14- CD16+ monocyte,GCST90001989,9,11.3477517390827,8,0.182762774645947,11.3469,0.1828
CONDUCTIO,P<5e-8,CD39+ resting CD4 regulatory T cell Absolute Count,GCST90001483,12,11.7680995539559,11,0.381324537880197,11.6034,0.3942
CONDUCTIO,P<5e-8,CD39+ resting CD4 regulatory T cell %CD4 regulatory T cell,GCST90001485,15,15.647762015963,14,0.335354831816129,15.6442,0.3356
CONDUCTIO,P<5e-8,CD39+ CD8+ T cell %T cell,GCST90001670,7,2.81699861039884,6,0.831440033121194,2.8168,0.8315
CONDUCTIO,P<5e-8,CD39+ CD8+ T cell %CD8+ T cell,GCST90001671,7,2.9166814063795,6,0.819229236131909,2.9161,0.8193
CONDUCTIO,P<5e-8,CD39+ CD8+ T cell Absolute Count,GCST90001672,6,2.7489214958814,5,0.738626543946986,2.7486,0.7387
CONDUCTIO,P<5e-8,CD4 on naive CD4+ T cell,GCST90002024,6,14.8082104004095,5,0.0112140426402713,14.7968,0.0113
CONDUCTIO,P<5e-8,CD33 on basophil,GCST90001954,7,4.92158930926323,6,0.553908594819253,4.9166,0.5545
CONDUCTIO,P<5e-8,CD33 on Immature Myeloid-Derived Suppressor Cells,GCST90001955,6,3.22770916395518,5,0.664926232752751,3.2253,0.6653
CONDUCTIO,P<5e-8,CD45 on Immature Myeloid-Derived Suppressor Cells,GCST90002052,2,,,,,
CONDUCTIO,P<5e-8,CD3 on naive CD8+ T cell,GCST90001838,7,1.55389603023854,6,0.955834382872571,1.5534,0.9559
CONDUCTIO,P<5e-8,CD20 on IgD- CD38dim B cell,GCST90001757,7,0.390743361389181,6,0.998925735680115,0.39,0.9989
CONDUCTIO,P<5e-8,CD25 on CD39+ CD4+ T cell,GCST90001961,6,3.38562128754261,5,0.640760751177754,3.3825,0.6412
CONDUCTIO,P<5e-8,Effector Memory CD4-CD8- T cell Absolute Count,GCST90001569,4,4.70861230971809,3,0.194420401978733,4.7078,0.1945
CONDUCTIO,P<5e-8,Effector Memory CD4-CD8- T cell %CD4-CD8- T cell,GCST90001570,3,0.577690465188539,2,0.749128137049549,0.5498,0.7596
CONDUCTIO,P<5e-8,Terminally Differentiated CD4-CD8- T cell %T cell,GCST90001574,3,7.71281490751323,2,0.0211438234044327,7.6584,0.0217
CONDUCTIO,P<5e-8,HLA DR on B cell,GCST90002116,9,9.41578200037219,8,0.308443436003929,9.4156,0.3085
CONDUCTIO,P<5e-8,CD16-CD56 on Natural Killer T,GCST90001883,4,4.3174082126652,3,0.229166829965579,4.3148,0.2294
CONDUCTIO,P<5e-8,CD20 on unswitched memory B cell,GCST90001760,4,1.49348507098145,3,0.683774786861627,1.4908,0.6844
CONDUCTIO,P<5e-8,CD19 on CD24+ CD27+ B cell,GCST90001723,3,2.35335896392855,2,0.308300759074305,2.3502,0.3088
CONDUCTIO,P<5e-8,CD19 on IgD+ CD24- B cell,GCST90001725,4,6.03213560265354,3,0.110057182593741,5.9791,0.1126
CONDUCTIO,P<5e-8,CD19 on IgD+ CD38+ B cell,GCST90001729,4,3.81782036885351,3,0.281820116253877,3.7918,0.2848
CONDUCTIO,P<5e-8,CD19 on IgD+ CD38dim B cell,GCST90001730,4,3.89421851326376,3,0.273115503926607,3.8609,0.2769
CONDUCTIO,P<5e-8,CD19 on IgD- CD38dim B cell,GCST90001735,4,2.34229721177303,3,0.504466345876962,2.3395,0.505
CONDUCTIO,P<5e-8,CD19 on memory B cell,GCST90001736,3,2.31758894789242,2,0.313864324526374,2.3132,0.3146
CONDUCTIO,P<5e-8,CD19 on switched memory B cell,GCST90001740,2,,,,,
CONDUCTIO,P<5e-8,CD19 on IgD+ B cell,GCST90001741,2,,,,,
CONDUCTIO,P<5e-8,IgD on IgD+ CD24+ B cell,GCST90001820,6,6.49748204613213,5,0.26077368290834,6.4973,0.2608
CONDUCTIO,P<5e-8,CD62L- monocyte Absolute Count,GCST90001450,3,6.11412692879144,2,0.0470255849663914,6.084,0.0477
CONDUCTIO,P<5e-8,Activated & secreting CD4 regulatory T cell %CD4+ T cell,GCST90001503,9,7.36325570876099,8,0.497994505242838,7.3628,0.498
CONDUCTIO,P<5e-8,CD28 on CD28+ CD45RA+ CD8+ T cell,GCST90001896,3,0.224179131447633,2,0.893964185365223,0.2241,0.894
CONDUCTIO,P<5e-8,CD28+ CD45RA+ CD8dim T cell Absolute Count,GCST90001666,8,11.4171045755678,7,0.121431623751604,11.4158,0.1215
CONDUCTIO,P<5e-8,CD64 on CD14+ CD16- monocyte,GCST90001987,9,10.7784984565868,8,0.214568388023867,10.7343,0.2172
CONDUCTIO,P<5e-8,CD64 on monocyte,GCST90002006,8,10.5306484089261,7,0.160442507440961,10.473,0.1633
CONDUCTIO,P<5e-8,CD25 on secreting CD4 regulatory T cell,GCST90001941,2,,,,,
CONDUCTIO,P<5e-8,CD25 on CD39+ secreting CD4 regulatory T cell,GCST90001942,2,,,,,
CONDUCTIO,P<5e-8,CD25 on activated & secreting CD4 regulatory T cell,GCST90001943,1,,,,,
CONDUCTIO,P<5e-8,Naive CD4+ T cell %CD4+ T cell,GCST90001541,4,5.03218305379993,3,0.169455654665467,4.9529,0.1753
CONDUCTIO,P<5e-8,Effector Memory CD4+ T cell %T cell,GCST90001544,4,5.21929726336732,3,0.156425626843727,5.1561,0.1607
CONDUCTIO,P<5e-8,Terminally Differentiated CD4+ T cell %CD4+ T cell,GCST90001546,5,7.18202519934913,4,0.1265760469244,7.1038,0.1305
CONDUCTIO,P<5e-8,Terminally Differentiated CD4+ T cell %T cell,GCST90001547,6,10.334307821542,5,0.0662983467250903,9.8555,0.0794
CONDUCTIO,P<5e-8,SSC-A on CD4+ T cell,GCST90002081,4,2.76135647021379,3,0.429900899553923,2.761,0.43
CONDUCTIO,P<5e-8,IgD+ CD38- B cell %B cell,GCST90001395,2,,,,,
CONDUCTIO,P<5e-8,Activated CD4 regulatory T cell Absolute Count,GCST90001486,2,,,,,
CONDUCTIO,P<5e-8,Secreting CD4 regulatory T cell Absolute Count,GCST90001492,4,5.70500603429891,3,0.126878385898382,5.705,0.1269
CONDUCTIO,P<5e-8,Secreting CD4 regulatory T cell %CD4 regulatory T cell,GCST90001493,6,11.3189567639077,5,0.0454101756194791,11.3186,0.0454
CONDUCTIO,P<5e-8,Secreting CD4 regulatory T cell %CD4+ T cell,GCST90001494,7,6.50865574079406,6,0.368681160894144,6.5084,0.3687
CONDUCTIO,P<5e-8,Activated & resting CD4 regulatory T cell %CD4 regulatory T cell,GCST90001499,6,11.3207923418907,5,0.0453777980270055,11.3204,0.0454
CONDUCTIO,P<5e-8,Activated & secreting CD4 regulatory T cell Absolute Count,GCST90001501,4,5.70519608786642,3,0.126867936992716,5.7052,0.1269
CONDUCTIO,P<5e-8,Activated & secreting CD4 regulatory T cell %CD4 regulatory T cell,GCST90001502,9,7.3316313208345,8,0.501311018387434,7.3312,0.5014
CONDUCTIO,P<5e-8,CD25++ CD45RA- CD4 not regulatory T cell Absolute Count,GCST90001510,2,,,,,
CONDUCTIO,P<5e-8,Central Memory CD8+ T cell Absolute Count,GCST90001548,1,,,,,
CONDUCTIO,P<5e-8,Effector Memory CD4-CD8- T cell %T cell,GCST90001571,3,1.9426916923219,2,0.378573193814833,1.9425,0.3786
CONDUCTIO,P<5e-8,CD19 on IgD+ CD24+ B cell,GCST90001724,4,5.28088239290435,3,0.152347724978232,5.2335,0.1555
CONDUCTIO,P<5e-8,CD19 on IgD+ CD38- unswitched memory B cell,GCST90001728,3,2.36255358701795,2,0.306886657458832,2.3264,0.3125
CONDUCTIO,P<5e-8,CD19 on unswitched memory B cell,GCST90001738,4,4.33493480532925,3,0.227494800635185,4.3084,0.23
CONDUCTIO,P<5e-8,CD19 on transitional B cell,GCST90001742,4,4.19996766806457,3,0.240665122269072,4.1709,0.2436
CONDUCTIO,P<5e-8,CD11c on granulocyte,GCST90002090,3,1.47919546098424,2,0.477305882509679,1.4407,0.4866
CONDUCTIO,P<5e-8,HLA DR on CD33- HLA DR+,GCST90002112,3,0.545020387342963,2,0.761465667004789,0.545,0.7615
CONDUCTIO,P<5e-8,CD45RA- CD28- CD8+ T cell %CD8+ T cell,GCST90001696,10,2.62111024582747,9,0.977447030590337,2.6197,0.9775
CONDUCTIO,P<5e-8,CD33dim HLA DR- Absolute Count,GCST90001531,3,1.46965402902643,2,0.479588413634901,1.4638,0.481
CONDUCTIO,P<5e-8,Basophil Absolute Count,GCST90001532,3,1.4017535462902,2,0.496150101947319,1.3959,0.4976
CONDUCTIO,P<5e-8,CD3 on activated CD4 regulatory T cell,GCST90001853,4,1.16238686102009,3,0.762038897253812,1.1623,0.7621
CONDUCTIO,P<5e-8,CD3 on secreting CD4 regulatory T cell,GCST90001855,5,4.64394553115924,4,0.325818776457619,4.6438,0.3258
CONDUCTIO,P<5e-8,CD3 on activated & secreting CD4 regulatory T cell,GCST90001857,4,1.15592656466556,3,0.763593164247881,1.1558,0.7636
CONDUCTIO,P<5e-8,CD3 on CD4 regulatory T cell,GCST90001868,4,1.11412090444334,3,0.773666381200568,1.114,0.7737
CONDUCTIO,P<5e-8,CD45RA+ CD8+ T cell Absolute Count,GCST90001560,3,0.348026295252422,2,0.840285849821542,0.348,0.8403
CONDUCTIO,P<5e-8,CD38 on IgD+ CD24- B cell,GCST90001811,2,,,,,
CONDUCTIO,P<5e-8,CD38 on IgD+ CD38dim B cell,GCST90001813,4,0.51951966857904,3,0.914582568386526,0.5195,0.9146
CONDUCTIO,P<5e-8,CD38 on IgD- CD38dim B cell,GCST90001815,3,0.253901206020063,2,0.880777179264087,0.2538,0.8808
CONDUCTIO,P<5e-8,CD38 on naive-mature B cell,GCST90001816,3,0.246193321281304,2,0.884178193199521,0.2461,0.8842
CONDUCTIO,P<5e-8,CD38 on transitional B cell,GCST90001819,5,0.620374463652978,4,0.960772933154588,0.6204,0.9608
CONDUCTIO,P<5e-8,SSC-A on CD14+ monocyte,GCST90002074,6,3.67770402811129,5,0.596685407187372,3.6716,0.5976
CONDUCTIO,P<5e-8,CD14- CD16+ monocyte Absolute Count,GCST90001579,1,,,,,
CONDUCTIO,P<5e-8,CD14- CD16+ monocyte %monocyte,GCST90001584,2,,,,,
CONDUCTIO,P<5e-8,CD14+ CD16- monocyte %monocyte,GCST90001586,1,,,,,
CONDUCTIO,P<5e-8,CD16+ monocyte %monocyte,GCST90001587,1,,,,,
CONDUCTIO,P<5e-8,CD64 on CD14- CD16+ monocyte,GCST90001990,2,,,,,
CONDUCTIO,P<5e-8,CCR2 on CD14+ CD16+ monocyte,GCST90001992,2,,,,,
CONDUCTIO,P<5e-8,CD8dim Natural Killer T %T cell,GCST90001634,5,4.84759441034575,4,0.303295719914895,4.845,0.3036
CONDUCTIO,P<5e-8,CD8dim Natural Killer T %lymphocyte,GCST90001635,6,6.28060637652678,5,0.279864246214118,6.2802,0.2799
CONDUCTIO,P<5e-8,CD25 on IgD- CD24- B cell,GCST90001785,2,,,,,
CONDUCTIO,P<5e-8,Natural Killer T %T cell,GCST90001622,5,6.34052554757161,4,0.17512001770523,6.2916,0.1784
CONDUCTIO,P<5e-8,Natural Killer T %lymphocyte,GCST90001623,7,14.0040492846817,6,0.0295909638197025,14.0032,0.0296
CONDUCTIO,P<5e-8,CD8dim Natural Killer T Absolute Count,GCST90001633,5,6.01251697647299,4,0.198215446185725,6.0125,0.1982
CONDUCTIO,P<5e-8,CD4-CD8- Natural Killer T %T cell,GCST90001637,5,5.27557985400012,4,0.260171671029275,5.2754,0.2602
CONDUCTIO,P<5e-8,CD4-CD8- Natural Killer T %lymphocyte,GCST90001638,6,8.04023229420432,5,0.154032241054987,8.0388,0.1541
CONDUCTIO,P<5e-8,CD127 on CD45RA+ CD4+ T cell,GCST90001932,4,4.43166051072086,3,0.218467617158214,4.4301,0.2186
CONDUCTIO,P<5e-8,SSC-A on T cell,GCST90002080,1,,,,,
CONDUCTIO,P<5e-8,CD25++ CD45RA- CD4 not regulatory T cell %T cell,GCST90001512,3,5.18463950696799,2,0.0748462137810074,5.1841,0.0749
CONDUCTIO,P<5e-8,CD28+ CD45RA+ CD8dim T cell %T cell,GCST90001664,6,11.1067661397923,5,0.0493037394919428,11.1068,0.0493
CONDUCTIO,P<5e-8,CD28+ CD45RA+ CD8dim T cell %CD8dim T cell,GCST90001665,5,10.6875809430814,4,0.0303088958978469,10.6875,0.0303
CONDUCTIO,P<5e-8,CD28+ CD45RA- CD8dim T cell %T cell,GCST90001667,3,4.16550958833138,2,0.124586528784779,4.1578,0.1251
CONDUCTIO,P<5e-8,CD28+ CD45RA- CD8dim T cell %CD8dim T cell,GCST90001668,2,,,,,
CONDUCTIO,P<5e-8,CD28+ CD45RA- CD8dim T cell Absolute Count,GCST90001669,3,4.86678906484837,2,0.0877384953438386,4.8664,0.0878
CONDUCTIO,P<5e-8,CD28+ CD45RA- CD8+ T cell %CD8+ T cell,GCST90001692,4,4.87320197167495,3,0.181320885271669,4.8513,0.183
CONDUCTIO,P<5e-8,CD28+ CD45RA- CD8+ T cell Absolute Count,GCST90001693,2,,,,,
CONDUCTIO,P<5e-8,CD4RA on Terminally Differentiated CD4+ T cell,GCST90002099,3,4.17284508792735,2,0.124130413538618,4.1675,0.1245
CONDUCTIO,P<5e-8,Myeloid Dendritic Cell Absolute Count,GCST90001458,3,1.70602475451988,2,0.426129334251971,1.6907,0.4294
CONDUCTIO,P<5e-8,FSC-A on HLA DR+ Natural Killer,GCST90001970,4,1.69132784082434,3,0.638863533323858,1.6682,0.644
CONDUCTIO,P<5e-8,CD16 on CD14+ CD16+ monocyte,GCST90002005,5,2.61339179493895,4,0.624452667904692,2.6,0.6268
CONDUCTIO,P<5e-8,SSC-A on HLA DR+ Natural Killer,GCST90002077,3,1.78643002295157,2,0.409337609852319,1.7632,0.4141
CONDUCTIO,P<5e-8,Hematopoietic Stem Cell Absolute Count,GCST90001514,2,,,,,
CONDUCTIO,P<5e-8,CD25 on CD24+ CD27+ B cell,GCST90001777,4,1.97106595237445,3,0.578433740866199,1.9708,0.5785
CONDUCTIO,P<5e-8,CD25 on IgD+ CD24+ B cell,GCST90001778,3,1.97517108287986,2,0.372474931490235,1.9749,0.3725
CONDUCTIO,P<5e-8,CD25 on memory B cell,GCST90001790,4,1.9683182844997,3,0.579008333768559,1.968,0.5791
CONDUCTIO,P<5e-8,CD25 on unswitched memory B cell,GCST90001792,4,1.98350268815574,3,0.575837834561926,1.9833,0.5759
CONDUCTIO,P<5e-8,HLA DR on myeloid Dendritic Cell,GCST90002104,7,4.45460974132286,6,0.615401574994867,4.4538,0.6155
CONDUCTIO,P<5e-8,HLA DR on plasmacytoid Dendritic Cell,GCST90002105,8,2.54354030357693,7,0.923782905744833,2.5435,0.9238
CONDUCTIO,P<5e-8,HLA DR on Dendritic Cell,GCST90002106,7,4.64067652393594,6,0.59065271841958,4.6406,0.5907
CONDUCTIO,P<5e-8,HLA DR on CD33+ HLA DR+ CD14-,GCST90002108,3,1.13605214879763,2,0.566642846318041,1.1358,0.5667
CONDUCTIO,P<5e-8,CD45 on CD8+ T cell,GCST90001917,2,,,,,
CONDUCTIO,P<5e-8,CD20 on IgD+ CD38- naive B cell,GCST90001749,1,,,,,
CONDUCTIO,P<5e-8,CD86 on CD62L+ myeloid Dendritic Cell,GCST90001904,1,,,,,
CONDUCTIO,P<5e-8,CD4 on CD4+ T cell,GCST90002022,1,,,,,
CONDUCTIO,P<5e-8,CD4 on Central Memory CD4+ T cell,GCST90002023,2,,,,,
CONDUCTIO,P<5e-8,CD4 on Effector Memory CD4+ T cell,GCST90002025,3,0.469755066524001,2,0.79066767419062,0.4603,0.7944
CONDUCTIO,P<5e-8,CD4 on CD45RA+ CD4+ T cell,GCST90002027,2,,,,,
CONDUCTIO,P<5e-8,CD4 on CD28+ CD4+ T cell,GCST90002062,2,,,,,
CONDUCTIO,P<5e-8,CD4 on CD4 regulatory T cell,GCST90002063,1,,,,,
CONDUCTIO,P<5e-8,CD4 on resting CD4 regulatory T cell,GCST90002064,1,,,,,
CONDUCTIO,P<5e-8,CD4 on activated CD4 regulatory T cell,GCST90002066,1,,,,,
CONDUCTIO,P<5e-8,CD4 on CD39+ activated CD4 regulatory T cell,GCST90002067,3,8.30391930095928,2,0.0157335539882584,8.1592,0.0169
CONDUCTIO,P<5e-8,CD4 on secreting CD4 regulatory T cell,GCST90002068,1,,,,,
CONDUCTIO,P<5e-8,CD4 on activated & secreting CD4 regulatory T cell,GCST90002070,1,,,,,
CONDUCTIO,P<5e-8,HLA DR+ CD4+ T cell %T cell,GCST90001625,1,,,,,
CONDUCTIO,P<5e-8,CD127 on CD28+ CD45RA- CD8+ T cell,GCST90001928,1,,,,,
CONDUCTIO,P<5e-8,CD45RA on naive CD8+ T cell,GCST90002100,2,,,,,
CONDUCTIO,P<5e-8,Switched memory B cell %lymphocyte,GCST90001434,3,1.07398893385252,2,0.584502356208273,1.0503,0.5915
CONDUCTIO,P<5e-8,Memory B cell %lymphocyte,GCST90001436,2,,,,,
CONDUCTIO,P<5e-8,IgD+ CD24+ B cell %lymphocyte,GCST90001439,2,,,,,
CONDUCTIO,P<5e-8,IgD+ B cell %Lymphocyte,GCST90001424,2,,,,,
CONDUCTIO,P<5e-8,CD24+ CD27+ B cell %lymphocyte,GCST90001442,3,0.793998087086769,2,0.672334668691291,0.7922,0.6729
CONDUCTIO,P<5e-8,HLA DR on CD14- CD16+ monocyte,GCST90001984,8,7.35327455558246,7,0.393046381618617,7.3359,0.3948
CONDUCTIO,P<5e-8,HLA DR on CD14- CD16-,GCST90002009,4,7.37562691326808,3,0.0608417351677138,7.3745,0.0609
CONDUCTIO,P<5e-8,CD33 on CD33dim HLA DR-,GCST90001953,6,3.8122758186787,5,0.576747811609056,3.8089,0.5772
CONDUCTIO,P<5e-8,CD25++ CD45RA- CD4 not regulatory T cell %CD4+ T cell,GCST90001511,3,10.6969563728071,2,0.00475538230111132,10.4779,0.0053
CONDUCTIO,P<5e-8,CD28+ CD45RA- CD8+ T cell %T cell,GCST90001691,3,9.29378784318198,2,0.00959134718749122,9.2018,0.01
CONDUCTIO,P<5e-8,Memory B cell %B cell,GCST90001406,2,,,,,
CONDUCTIO,P<5e-8,IgD- CD38dim B cell %lymphocyte,GCST90001426,2,,,,,
CONDUCTIO,P<5e-8,CD127 on CD28+ CD45RA+ CD8+ T cell,GCST90001929,2,,,,,
CONDUCTIO,P<5e-8,FSC-A on plasmacytoid Dendritic Cell,GCST90001964,4,4.7410782173555,3,0.191768564934428,4.741,0.1918
CONDUCTIO,P<5e-8,BAFF-R on CD24+ CD27+ B cell,GCST90001702,9,5.65848456551839,8,0.685425054070859,5.6574,0.6855
CONDUCTIO,P<5e-8,BAFF-R on IgD+ CD24+ B cell,GCST90001703,7,4.71287608667628,6,0.581130227282593,4.712,0.5812
CONDUCTIO,P<5e-8,BAFF-R on IgD- CD38- B cell,GCST90001712,7,5.1597902940009,6,0.523488417889285,5.1589,0.5236
CONDUCTIO,P<5e-8,BAFF-R on memory B cell,GCST90001715,9,5.2191832143597,8,0.73391325228075,5.218,0.734
CONDUCTIO,P<5e-8,BAFF-R on unswitched memory B cell,GCST90001717,9,5.23590774005082,8,0.73209007697188,5.2348,0.7322
CONDUCTIO,P<5e-8,BAFF-R on switched memory B cell,GCST90001718,10,12.1761248698341,9,0.20356138652748,12.1753,0.2036
CONDUCTIO,P<5e-8,CD28- CD8dim T cell %T cell,GCST90001661,3,0.0500866586950561,2,0.975267653401733,0.0499,0.9753
CONDUCTIO,P<5e-8,CD40 on CD14+ CD16- monocyte,GCST90001980,4,12.5152923360182,3,0.00581116989129551,12.5109,0.0058
CONDUCTIO,P<5e-8,CD20- CD38- B cell %B cell,GCST90001422,1,,,,,
CONDUCTIO,P<5e-8,CD19 on CD20- B cell,GCST90001721,1,,,,,
CONDUCTIO,P<5e-8,CD28 on CD39+ resting CD4 regulatory T cell,GCST90001901,2,,,,,
CONDUCTIO,P<5e-8,CD39 on granulocyte,GCST90002033,2,,,,,
CONDUCTIO,P<5e-8,CD62L on CD62L+ plasmacytoid Dendritic Cell,GCST90001832,3,0.193977718013297,2,0.907566117265027,0.1899,0.9094
CONDUCTIO,P<5e-8,CD3 on Natural Killer T,GCST90001848,2,,,,,
CONDUCTIO,P<5e-8,Effector Memory CD8+ T cell %CD8+ T cell,GCST90001555,4,4.79802010979911,3,0.1871987979206,4.5722,0.2059
CONDUCTIO,P<5e-8,CD45RA+ CD8+ T cell %CD8+ T cell,GCST90001561,5,15.1916517906323,4,0.00431978705445088,15.1569,0.0044
CONDUCTIO,P<5e-8,CD28+ CD45RA+ CD8+ T cell Absolute Count,GCST90001690,3,0.258318167185377,2,0.878834146331031,0.2579,0.879
CONDUCTIO,P<5e-8,B cell %CD3- lymphocyte,GCST90001643,3,0.422062900819025,2,0.809748599555741,0.4103,0.8145
CONDUCTIO,P<5e-8,Natural Killer %CD3- lymphocyte,GCST90001646,5,2.17092376406815,4,0.704355889880077,2.1006,0.7173
CONDUCTIO,P<5e-8,CD62L on CD62L+ myeloid Dendritic Cell,GCST90001831,2,,,,,
CONDUCTIO,P<5e-8,Resting CD4 regulatory T cell %CD4 regulatory T cell,GCST90001481,11,20.9573086247599,10,0.0213932301482315,20.8463,0.0222
CONDUCTIO,P<5e-8,CD3 on CD39+ CD4+ T cell,GCST90001860,4,4.55046029053203,3,0.207833265409663,4.5497,0.2079
CONDUCTIO,P<5e-8,CD3 on CD28+ CD45RA+ CD8+ T cell,GCST90001864,4,3.30020702363658,3,0.347613831936052,3.3002,0.3476
CONDUCTIO,P<5e-8,CD45 on Natural Killer T,GCST90001919,1,,,,,
CONDUCTIO,P<5e-8,CD80 on CD62L+ myeloid Dendritic Cell,GCST90002036,3,0.0396102770829219,2,0.980389694860659,0.0396,0.9804
CONDUCTIO,P<5e-8,CD24 on transitional B cell,GCST90001774,1,,,,,
CONDUCTIO,P<5e-8,CD20 on B cell,GCST90001743,4,1.4992787234751,3,0.682436810589247,1.4977,0.6828
CONDUCTIO,P<5e-8,CD20 on IgD+ B cell,GCST90001762,5,0.609835921484401,4,0.96196444613859,0.6053,0.9625
CONDUCTIO,P<5e-8,CD25 on IgD- CD38- B cell,GCST90001787,3,0.966737076872849,2,0.616702502911794,0.9666,0.6167
CONDUCTIO,P<5e-8,Monocyte Absolute Count,GCST90001583,1,,,,,
CONDUCTIO,P<5e-8,CD45 on CD14+ monocyte,GCST90001909,1,,,,,
CONDUCTIO,P<5e-8,HLA DR on HLA DR+ T cell,GCST90002113,1,,,,,
CONDUCTIO,P<5e-8,HLA DR on HLA DR+ CD4+ T cell,GCST90002114,1,,,,,
CONDUCTIO,P<5e-8,CD33 on CD66b++ myeloid cell,GCST90001951,5,4.50773417510997,4,0.341631391616361,4.4992,0.3426
CONDUCTIO,P<5e-8,CD20 on IgD+ CD38- B cell,GCST90001748,4,1.8146340924717,3,0.611755582977555,1.7955,0.6159
CONDUCTIO,P<5e-8,CD3 on HLA DR+ T cell,GCST90001847,2,,,,,
CONDUCTIO,P<5e-8,HLA DR on HLA DR+ Natural Killer,GCST90002117,6,7.05735333001282,5,0.216409696551445,7.0057,0.2202
CONDUCTIO,P<5e-8,CD86 on granulocyte,GCST90001906,2,,,,,
CONDUCTIO,P<5e-8,CD80 on granulocyte,GCST90002040,3,6.74927669763834,2,0.0342304955725499,6.7318,0.0345
CONDUCTIO,P<5e-8,CD45RA- CD4+ T cell %T cell,GCST90001536,2,,,,,
CONDUCTIO,P<5e-8,Terminally Differentiated CD4+ T cell Absolute Count,GCST90001545,2,,,,,
CONDUCTIO,P<5e-8,Terminally Differentiated CD4-CD8- T cell %CD4-CD8- T cell,GCST90001573,2,,,,,
CONDUCTIO,P<5e-8,CD25 on resting CD4 regulatory T cell,GCST90001937,1,,,,,
CONDUCTIO,P<5e-8,CD3 on resting CD4 regulatory T cell,GCST90001869,5,0.813207165710878,4,0.936668740945305,0.8084,0.9373
CONDUCTIO,P<5e-8,B cell Absolute Count,GCST90001642,1,,,,,
CONDUCTIO,P<5e-8,Unswitched memory B cell Absolute Count,GCST90001398,2,,,,,
CONDUCTIO,P<5e-8,Memory B cell Absolute Count,GCST90001407,1,,,,,
CONDUCTIO,P<5e-8,IgD+ CD24+ B cell Absolute Count,GCST90001412,1,,,,,
CONDUCTIO,P<5e-8,CD24+ CD27+ B cell Absolute Count,GCST90001418,1,,,,,
CONDUCTIO,P<5e-8,IgD+ CD38- B cell %lymphocyte,GCST90001431,2,,,,,
CONDUCTIO,P<5e-8,Unswitched memory B cell %lymphocyte,GCST90001432,4,1.7428064707423,3,0.627459243432708,1.7281,0.6307
CONDUCTIO,P<5e-8,T/B cell,GCST90001588,2,,,,,
CONDUCTIO,P<5e-8,B cell %lymphocyte,GCST90001644,2,,,,,
CONDUCTIO,P<5e-8,CD3 on CD45RA+ CD4+ T cell,GCST90001858,5,1.41519358036119,4,0.841550046624974,1.4149,0.8416
CONDUCTIO,P<5e-8,CD45 on HLA DR+ T cell,GCST90001918,1,,,,,
CONDUCTIO,P<5e-8,SSC-A on HLA DR+ T cell,GCST90002083,1,,,,,
CONDUCTIO,P<5e-8,CD28- CD8dim T cell Absolute Count,GCST90001663,2,,,,,
CONDUCTIO,P<5e-8,CD8 on CD28+ CD45RA- CD8+ T cell,GCST90002118,2,,,,,
CONDUCTIO,P<5e-8,Terminally Differentiated CD8+ T cell %CD8+ T cell,GCST90001558,4,9.05856007662012,3,0.028522345780431,9.0415,0.0287
CONDUCTIO,P<5e-8,BAFF-R on IgD- CD24- B cell,GCST90001710,9,8.02910209547798,8,0.43063251167789,8.0287,0.4307
CONDUCTIO,P<5e-8,BAFF-R on IgD- CD27- B cell,GCST90001711,9,8.02495679954393,8,0.431036065596636,8.0245,0.4311
CONDUCTIO,P<5e-8,FSC-A on CD4+ T cell,GCST90001973,3,1.66938250126426,2,0.434008460586794,1.6436,0.4396
CONDUCTIO,P<5e-8,CD4+ T cell %leukocyte,GCST90001606,1,,,,,
CONDUCTIO,P<5e-8,HLA DR+ CD4+ T cell Absolute Count,GCST90001624,2,,,,,
CONDUCTIO,P<5e-8,CD28 on CD45RA- CD4 not regulatory T cell,GCST90001891,3,0.464445704494419,2,0.792769433169817,0.4634,0.7932
CONDUCTIO,P<5e-8,Monocytic Myeloid-Derived Suppressor Cells Absolute Count,GCST90001530,5,5.58615356946695,4,0.232259667109629,5.5793,0.2328
CONDUCTIO,P<5e-8,CD14+ CD16- monocyte Absolute Count,GCST90001582,3,1.62652286619448,2,0.443409554797717,1.6261,0.4435
CONDUCTIO,P<5e-8,CD127 on granulocyte,GCST90001926,8,8.673789549884,7,0.276932634140391,8.6427,0.2793
CONDUCTIO,P<5e-8,Plasma Blast-Plasma Cell %B cell,GCST90001404,1,,,,,
CONDUCTIO,P<5e-8,Resting CD4 regulatory T cell %CD4+ T cell,GCST90001482,5,8.98443560316692,4,0.0614896963954051,8.7456,0.0678
CONDUCTIO,P<5e-8,Activated CD4 regulatory T cell %CD4 regulatory T cell,GCST90001487,3,8.93074493882754,2,0.0115004114106493,8.4155,0.0149
CONDUCTIO,P<5e-8,CD45RA on naive CD4+ T cell,GCST90002098,10,14.1775414673534,9,0.116148410454222,14.0078,0.122
CONDUCTIO,P<5e-8,IgD on unswitched memory B cell,GCST90001826,6,3.41444898638118,5,0.636370253549516,3.4139,0.6364
CONDUCTIO,P<5e-8,CD8dim T cell Absolute Count,GCST90001596,3,5.16681567485989,2,0.0755162180315747,5.1656,0.0756
CONDUCTIO,P<5e-8,CD8dim T cell %T cell,GCST90001597,2,,,,,
CONDUCTIO,P<5e-8,CD4-CD8- T cell %T cell,GCST90001599,3,2.61536680798893,2,0.270445845019383,2.6131,0.2707
CONDUCTIO,P<5e-8,CD8dim T cell %leukocyte,GCST90001612,2,,,,,
CONDUCTIO,P<5e-8,CD4-CD8- T cell %leukocyte,GCST90001613,4,4.09867321068913,3,0.251004445136303,4.0966,0.2512
CONDUCTIO,P<5e-8,Natural Killer T Absolute Count,GCST90001621,5,10.1659180923901,4,0.0377236604447914,10.1271,0.0383
CONDUCTIO,P<5e-8,CD28- CD4-CD8- T cell %T cell,GCST90001694,3,3.80662412084549,2,0.149074058378223,3.7891,0.1504
CONDUCTIO,P<5e-8,CD34 on Hematopoietic Stem Cell,GCST90001870,4,1.84017198536329,3,0.606232321443521,1.8372,0.6069
CONDUCTIO,P<5e-8,SSC-A on myeloid Dendritic Cell,GCST90002071,5,4.98618145412873,4,0.288718305517958,4.9819,0.2892
CONDUCTIO,P<5e-8,CD80 on myeloid Dendritic Cell,GCST90002035,4,2.09176798931458,3,0.553579949626188,2.0829,0.5554
CONDUCTIO,P<5e-8,CD80 on monocyte,GCST90002039,6,1.42692934398672,5,0.921344982661589,1.4266,0.9214
CONDUCTIO,P<5e-8,CD25++ CD8+ T cell Absolute Count,GCST90001681,3,1.20507686009271,2,0.547420282820766,1.1785,0.5547
CONDUCTIO,P<5e-8,IgD+ CD38+ B cell Absolute Count,GCST90001392,2,,,,,
CONDUCTIO,P<5e-8,IgD+ CD38+ B cell %lymphocyte,GCST90001429,1,,,,,
CONDUCTIO,P<5e-8,CCR2 on CD14+ CD16- monocyte,GCST90002004,3,3.34603536635812,2,0.187679851901379,3.346,0.1877
CONDUCTIO,P<5e-8,HLA DR on CD33+ HLA DR+ CD14dim,GCST90002109,3,0.732605827693009,2,0.693292761422266,0.7321,0.6935
CONDUCTIO,P<5e-8,FSC-A on CD14+ monocyte,GCST90001967,1,,,,,
CONDUCTIO,P<5e-8,SSC-A on plasmacytoid Dendritic Cell,GCST90002072,5,1.27873432425751,4,0.864973099383029,1.2779,0.8651
CONDUCTIO,P<5e-8,CD62L- Dendritic Cell %Dendritic Cell,GCST90001463,3,1.85199702915631,2,0.396135674283702,1.8447,0.3976
CONDUCTIO,P<5e-8,CD62L- Dendritic Cell Absolute Count,GCST90001462,3,0.772905792224836,2,0.679462729956908,0.7701,0.6804
CONDUCTIO,P<5e-8,CD86+ myeloid Dendritic Cell Absolute Count,GCST90001464,3,0.77485743996851,2,0.678800017402946,0.7723,0.6797
CONDUCTIO,P<5e-8,CD62L- myeloid Dendritic Cell Absolute Count,GCST90001468,3,0.784410575771391,2,0.67556541432888,0.7819,0.6764
CONDUCTIO,P<5e-8,CD62L- myeloid Dendritic Cell %Dendritic Cell,GCST90001469,3,0.818386405275256,2,0.664185897458035,0.8159,0.665
CONDUCTIO,P<5e-8,CD62L- CD86+ myeloid Dendritic Cell Absolute Count,GCST90001472,3,0.81995630236064,2,0.66366475026937,0.8179,0.6643
CONDUCTIO,P<5e-8,CD62L- CD86+ myeloid Dendritic Cell %Dendritic Cell,GCST90001473,3,0.843599243298713,2,0.655865447463943,0.8416,0.6565
CONDUCTIO,P<5e-8,CCR2 on plasmacytoid Dendritic Cell,GCST90002015,2,,,,,
CONDUCTIO,P<5e-8,CCR2 on CD62L+ plasmacytoid Dendritic Cell,GCST90002016,2,,,,,
CONDUCTIO,P<5e-8,CD14- CD16- Absolute Count,GCST90001581,3,1.26727846915802,2,0.530657097064192,1.2251,0.542
CONDUCTIO,P<5e-8,CCR2 on CD14- CD16+ monocyte,GCST90001982,1,,,,,
CONDUCTIO,P<5e-8,CX3CR1 on CD14- CD16-,GCST90001994,3,3.58117691270904,2,0.166861949796137,3.5443,0.17
CONDUCTIO,P<5e-8,HLA DR on CD14+ CD16+ monocyte,GCST90002007,6,6.87900839413912,5,0.229795250344535,6.8684,0.2306
CONDUCTIO,P<5e-8,Effector Memory CD4+ T cell %CD4+ T cell,GCST90001543,2,,,,,
CONDUCTIO,P<5e-8,Terminally Differentiated CD8+ T cell %T cell,GCST90001559,2,,,,,
CONDUCTIO,P<5e-8,CD45RA+ CD8+ T cell %T cell,GCST90001562,3,2.81660423091331,2,0.244558162369101,2.7594,0.2517
CONDUCTIO,P<5e-8,FSC-A on Natural Killer T,GCST90001976,2,,,,,
CONDUCTIO,P<5e-8,CD25 on B cell,GCST90001775,3,1.35248937617773,2,0.508523073916759,1.3519,0.5087
CONDUCTIO,P<5e-8,CD25 on IgD+ CD24- B cell,GCST90001779,5,3.38256978642429,4,0.49595694613582,3.3783,0.4966
CONDUCTIO,P<5e-8,CD25 on IgD+ CD38dim B cell,GCST90001784,3,2.38243108464528,2,0.303851694903768,2.3824,0.3039
CONDUCTIO,P<5e-8,CD25 on naive-mature B cell,GCST90001791,4,3.38122603117347,3,0.33649654853816,3.3763,0.3372
CONDUCTIO,P<5e-8,CD25 on IgD+ B cell,GCST90001794,2,,,,,
CONDUCTIO,P<5e-8,CD16-CD56 on HLA DR+ Natural Killer,GCST90001885,2,,,,,
CONDUCTIO,P<5e-8,CD4 on CD39+ resting CD4 regulatory T cell,GCST90002065,1,,,,,
CONDUCTIO,P<5e-8,PDL-1 on monocyte,GCST90002002,2,,,,,
CONDUCTIO,P<5e-8,BAFF-R on IgD- CD38+ B cell,GCST90001713,3,1.62019319211156,2,0.444815096763736,1.6136,0.4463
CONDUCTIO,P<5e-8,CD64 on CD14- CD16-,GCST90002001,3,1.99568287275943,2,0.368674390014967,1.9957,0.3687
CONDUCTIO,P<5e-8,CD86 on monocyte,GCST90001905,1,,,,,
CONDUCTIO,P<5e-8,CD20 on IgD+ CD24+ B cell,GCST90001746,2,,,,,
CONDUCTIO,P<5e-8,CD20 on memory B cell,GCST90001758,5,0.944024110100655,4,0.918161621843645,0.9426,0.9184
CONDUCTIO,P<5e-8,CD4 regulatory T cell %CD4+ T cell,GCST90001478,2,,,,,
CONDUCTIO,P<5e-8,CD4 regulatory T cell %T cell,GCST90001479,1,,,,,
CONDUCTIO,P<5e-8,CD127 on CD28+ CD4+ T cell,GCST90001924,3,1.3204594238108,2,0.516732621222293,1.3182,0.5173
CONDUCTIO,P<5e-8,CD3 on T cell,GCST90001851,3,0.912251598225908,2,0.633734108895038,0.9118,0.6339
CONDUCTIO,P<5e-8,CD8 on Central Memory CD8+ T cell,GCST90002054,2,,,,,
CONDUCTIO,P<5e-8,CD127 on CD45RA- CD4 not regulatory T cell,GCST90001923,1,,,,,
CONDUCTIO,P<5e-8,Granulocytic Myeloid-Derived Suppressor Cells Absolute Count,GCST90001524,2,,,,,
CONDUCTIO,P<5e-8,CD8 on Effector Memory CD8+ T cell,GCST90002056,3,0.359478463588564,2,0.835488051727271,0.3593,0.8356
CONDUCTIO,P<5e-8,CD28- CD127- CD25++ CD8+ T cell Absolute Count,GCST90001675,1,,,,,
CONDUCTIO,P<5e-8,CD3 on CD39+ resting CD4 regulatory T cell,GCST90001852,1,,,,,
CONDUCTIO,P<5e-8,CD3 on Terminally Differentiated CD4+ T cell,GCST90001844,1,,,,,
CONDUCTIO,P<5e-8,CD3 on Central Memory CD8+ T cell,GCST90001846,3,0.681979601654827,2,0.711066160455917,0.6812,0.7114
CONDUCTIO,P<5e-8,CD3 on HLA DR+ CD4+ T cell,GCST90001849,2,,,,,
CONDUCTIO,P<5e-8,CD3 on CD8+ T cell,GCST90001859,2,,,,,
CONDUCTIO,P<5e-8,CD3 on CD28+ CD45RA- CD8+ T cell,GCST90001863,5,1.2560263810686,4,0.868790885562132,1.2547,0.869
CONDUCTIO,P<5e-8,CD3 on CD39+ CD8+ T cell,GCST90001866,1,,,,,
CONDUCTIO,P<5e-8,CD16 on CD14- CD16+ monocyte,GCST90001979,5,4.42226338409324,4,0.351864801082977,4.4,0.3546
CONDUCTIO,P<5e-8,IgD+ B cell %B cell,GCST90001391,1,,,,,
CONDUCTIO,P<5e-8,CD45 on CD33- HLA DR+,GCST90002046,2,,,,,
CONDUCTIO,P<5e-8,Resting CD4 regulatory T cell Absolute Count,GCST90001480,4,2.00769914842426,3,0.570810256226594,1.9195,0.5893
CONDUCTIO,P<5e-8,Activated & resting CD4 regulatory T cell %CD4+ T cell,GCST90001500,3,1.09403951152672,2,0.578671826467404,1.0642,0.5874
CONDUCTIO,P<5e-8,Effector Memory CD8+ T cell Absolute Count,GCST90001554,2,,,,,
CONDUCTIO,P<5e-8,Effector Memory CD8+ T cell %T cell,GCST90001556,2,,,,,
CONDUCTIO,P<5e-8,CD28+ CD45RA+ CD8+ T cell %CD8+ T cell,GCST90001689,1,,,,,
CONDUCTIO,P<5e-8,CD3 on Effector Memory CD8+ T cell,GCST90001839,3,0.0416626253326365,2,0.979384160338509,0.0415,0.9795
CONDUCTIO,P<5e-8,CD3 on HLA DR+ CD8+ T cell,GCST90001850,1,,,,,
CONDUCTIO,P<5e-8,CD3- lymphocyte Absolute Count,GCST90001639,1,,,,,
CONDUCTIO,P<5e-8,CD24 on IgD+ CD38+ B cell,GCST90001768,2,,,,,
CONDUCTIO,P<5e-8,FSC-A on monocyte,GCST90001965,2,,,,,
CONDUCTIO,P<5e-8,HLA DR on CD14+ CD16- monocyte,GCST90001988,5,3.25087906734737,4,0.516752516667981,3.2508,0.5168
CONDUCTIO,P<5e-8,HLA DR on CD14+ monocyte,GCST90001991,5,3.25416340345265,4,0.516227308199114,3.2541,0.5162
CONDUCTIO,P<5e-8,PDL-1 on CD14- CD16-,GCST90002000,1,,,,,
CONDUCTIO,P<5e-8,CCR2 on CD14- CD16-,GCST90002003,3,0.897440083874453,2,0.638444811449164,0.8613,0.6501
CONDUCTIO,P<5e-8,HLA DR on monocyte,GCST90002010,5,2.83208959769649,4,0.586306272642679,2.832,0.5863
CONDUCTIO,P<5e-8,CD33dim HLA DR+ CD11b+ Absolute Count,GCST90001525,1,,,,,
CONDUCTIO,P<5e-8,CD33dim HLA DR+ CD11b+ %CD33dim HLA DR+,GCST90001526,3,2.16723368808341,2,0.338369480135667,2.1435,0.3424
CONDUCTIO,P<5e-8,CD33dim HLA DR+ CD11b- %CD33dim HLA DR+,GCST90001528,3,2.11850073180053,2,0.346715622789505,2.0948,0.3508
CONDUCTIO,P<5e-8,CD27 on T cell,GCST90001799,1,,,,,
CONDUCTIO,P<5e-8,CD33 on CD33dim HLA DR+ CD11b+,GCST90001948,7,10.5235275176783,6,0.104266720450106,10.515,0.1046
CONDUCTIO,P<5e-8,CD33 on CD33dim HLA DR+ CD11b-,GCST90001949,7,9.95023374531496,6,0.126763489763025,9.9372,0.1273
CONDUCTIO,P<5e-8,CD40 on CD14+ CD16+ monocyte,GCST90001981,4,11.3031222704022,3,0.010194778493602,11.2987,0.0102
CONDUCTIO,P<5e-8,CX3CR1 on monocyte,GCST90001995,3,5.09945148347024,2,0.0781030834802156,5.0701,0.0793
CONDUCTIO,P<5e-8,CX3CR1 on CD14+ CD16+ monocyte,GCST90001996,3,3.72430688647738,2,0.155337758887454,3.6907,0.158
CONDUCTIO,P<5e-8,CX3CR1 on CD14+ CD16- monocyte,GCST90001997,3,5.2560861866853,2,0.0722196511630889,5.2326,0.0731
CONDUCTIO,P<5e-8,PDL-1 on CD14+ CD16+ monocyte,GCST90001998,1,,,,,
CONDUCTIO,P<5e-8,CX3CR1 on CD14- CD16+ monocyte,GCST90002012,1,,,,,
CONDUCTIO,P<5e-8,CCR2 on monocyte,GCST90002017,2,,,,,
CONDUCTIO,P<5e-8,CD14 on CD33dim HLA DR+ CD11b+,GCST90002021,1,,,,,
CONDUCTIO,P<5e-8,CD11c on monocyte,GCST90002089,2,,,,,
CONDUCTIO,P<5e-8,CD11b on CD14+ monocyte,GCST90002091,1,,,,,
CONDUCTIO,P<5e-8,CD11b on Monocytic Myeloid-Derived Suppressor Cells,GCST90002094,1,,,,,
CONDUCTIO,P<5e-8,CD11b on CD33+ HLA DR+ CD14dim,GCST90002097,1,,,,,
CONDUCTIO,P<5e-8,CD25 on CD45RA- CD4 not regulatory T cell,GCST90001933,2,,,,,
CONDUCTIO,P<5e-8,Natural Killer Absolute Count,GCST90001645,3,1.31568189717126,2,0.517968448615914,1.2919,0.5242
CONDUCTIO,P<5e-8,CD45 on Natural Killer,GCST90001911,3,2.13927224553991,2,0.343133353118964,2.1382,0.3433
CONDUCTIO,P<5e-8,CD33dim HLA DR+ CD11b- Absolute Count,GCST90001527,2,,,,,
CONDUCTIO,P<5e-8,CD38 on IgD+ CD38+ B cell,GCST90001812,3,1.50514205921956,2,0.47115364422723,1.4971,0.473
CONDUCTIO,P<5e-8,CD20 on IgD- CD27- B cell,GCST90001754,4,2.3162969598011,3,0.509406033632204,2.3163,0.5094
CONDUCTIO,P<5e-8,CD25 on IgD- CD27- B cell,GCST90001786,2,,,,,
CONDUCTIO,P<5e-8,CD27 on IgD+ CD24+ B cell,GCST90001800,6,1.17689242836996,5,0.947074921002412,1.1759,0.9472
CONDUCTIO,P<5e-8,CD27 on IgD- CD38+ B cell,GCST90001803,2,,,,,
CONDUCTIO,P<5e-8,HVEM on T cell,GCST90001871,1,,,,,
CONDUCTIO,P<5e-8,HVEM on Effector Memory CD8+ T cell,GCST90001873,1,,,,,
CONDUCTIO,P<5e-8,HVEM on CD4+ T cell,GCST90001875,1,,,,,
CONDUCTIO,P<5e-8,HVEM on Central Memory CD4+ T cell,GCST90001876,1,,,,,
CONDUCTIO,P<5e-8,HVEM on CD45RA- CD4+ T cell,GCST90001880,1,,,,,
CONDUCTIO,P<5e-8,HVEM on Central Memory CD8+ T cell,GCST90001882,1,,,,,
CONDUCTIO,P<5e-8,CD45RA on CD39+ resting CD4 regulatory T cell,GCST90002103,1,,,,,
CONDUCTIO,P<5e-8,CD62L- plasmacytoid Dendritic Cell Absolute Count,GCST90001470,2,,,,,
CONDUCTIO,P<5e-8,CD62L- plasmacytoid Dendritic Cell %Dendritic Cell,GCST90001471,3,3.19724265520976,2,0.202175059115043,3.1895,0.203
CONDUCTIO,P<5e-8,CD20 on naive-mature B cell,GCST90001759,6,0.54646484892756,5,0.990323006639461,0.5418,0.9905
CONDUCTIO,P<5e-8,CD28 on CD28+ CD4+ T cell,GCST90001894,2,,,,,
CONDUCTIO,P<5e-8,CD28 on CD4+ T cell,GCST90001898,2,,,,,
CONDUCTIO,P<5e-8,CD3 on Naive CD4+ T cell,GCST90001842,5,1.35816789724998,4,0.851432058358919,1.3579,0.8515
CONDUCTIO,P<5e-8,IgD on IgD+ CD38+ B cell,GCST90001824,6,8.82853253144152,5,0.116101993690275,8.8285,0.1161
CONDUCTIO,P<5e-8,IgD on IgD+ CD38- unswitched memory B cell,GCST90001823,2,,,,,
CONDUCTIO,P<5e-8,CD20 on IgD+ CD24- B cell,GCST90001747,4,0.684136963201043,3,0.87692860055947,0.6818,0.8775
CONDUCTIO,P<5e-8,CD20 on IgD+ CD38+ B cell,GCST90001751,5,1.29281450669004,4,0.862593472808275,1.288,0.8634
CONDUCTIO,P<5e-8,CD45 on granulocyte,GCST90001913,1,,,,,
CONDUCTIO,P<5e-8,CD45 on HLA DR+ CD4+ T cell,GCST90001920,2,,,,,
CONDUCTIO,P<5e-8,Plasmacytoid Dendritic Cell Absolute Count,GCST90001460,2,,,,,
CONDUCTIO,P<5e-8,CCR2 on myeloid Dendritic Cell,GCST90002013,3,4.59363783260479,2,0.100578283308766,4.5931,0.1006
CONDUCTIO,P<5e-8,HLA DR+ T cell Absolute Count,GCST90001618,3,3.56328448000918,2,0.168361430236932,3.5632,0.1684
CONDUCTIO,P<5e-8,HLA DR+ CD8+ T cell Absolute Count,GCST90001627,3,3.54883559599383,2,0.169582151832819,3.5486,0.1696
CONDUCTIO,P<5e-8,HVEM on Effector Memory CD4+ T cell,GCST90001878,1,,,,,
CONDUCTIO,P<5e-8,HVEM on Terminally Differentiated CD4+ T cell,GCST90001879,1,,,,,
CONDUCTIO,P<5e-8,HVEM on CD8+ T cell,GCST90001881,1,,,,,
CONDUCTIO,P<5e-8,CCR7 on naive CD4+ T cell,GCST90001907,4,4.5198082110682,3,0.210530230729241,4.4805,0.214
CONDUCTIO,P<5e-8,CCR7 on naive CD8+ T cell,GCST90001908,2,,,,,
CONDUCTIO,P<5e-8,HVEM on naive CD8+ T cell,GCST90001872,2,,,,,
CONDUCTIO,P<5e-8,HVEM on naive CD4+ T cell,GCST90001877,1,,,,,
CONDUCTIO,P<5e-8,CD24 on IgD+ CD24+ B cell,GCST90001765,2,,,,,
CONDUCTIO,P<5e-8,CD24 on IgD+ CD38- B cell,GCST90001766,2,,,,,
CONDUCTIO,P<5e-8,CD24 on IgD+ CD38- unswitched memory B cell,GCST90001767,2,,,,,
CONDUCTIO,P<5e-8,CD24 on IgD- CD38- B cell,GCST90001769,2,,,,,
CONDUCTIO,P<5e-8,CD24 on memory B cell,GCST90001771,2,,,,,
CONDUCTIO,P<5e-8,CD24 on unswitched memory B cell,GCST90001772,2,,,,,
CONDUCTIO,P<5e-8,CD24 on switched memory B cell,GCST90001773,2,,,,,
CONDUCTIO,P<5e-8,SSC-A on granulocyte,GCST90002078,3,6.2329712746369,2,0.0443126257311959,6.2211,0.0446
CONDUCTIO,P<5e-8,IgD- CD27- B cell %B cell,GCST90001399,3,0.907004452919372,2,0.635398939319428,0.9036,0.6365
CONDUCTIO,P<5e-8,IgD- CD27- B cell Absolute Count,GCST90001401,2,,,,,
CONDUCTIO,P<5e-8,CD25 on IgD+ CD38- naive B cell,GCST90001781,3,0.81329940968082,2,0.665877403083663,0.8112,0.6666
CONDUCTIO,P<5e-8,CD39 on monocyte,GCST90002034,2,,,,,
CONDUCTIO,P<5e-8,CD8 on Natural Killer T,GCST90002059,2,,,,,
CONDUCTIO,P<5e-8,Immature Myeloid-Derived Suppressor Cells Absolute Count,GCST90001515,2,,,,,
CONDUCTIO,P<5e-8,Immature Myeloid-Derived Suppressor Cells %CD33dim HLA DR- CD66b-,GCST90001516,2,,,,,
CONDUCTIO,P<5e-8,CD45 on B cell,GCST90001910,2,,,,,
CONDUCTIO,P<5e-8,Naive CD4-CD8- T cell %T cell,GCST90001568,1,,,,,
CONDUCTIO,P<5e-8,CD8 on HLA DR+ CD8+ T cell,GCST90002060,2,,,,,
CONDUCTIO,P<5e-8,CD8 on Terminally Differentiated CD8+ T cell,GCST90002057,2,,,,,
CONDUCTIO,P<5e-8,CD27 on IgD+ CD38- unswitched memory B cell,GCST90001801,5,1.27111462305575,4,0.866256953016849,1.2692,0.8666
CONDUCTIO,P<5e-8,CD14 on CD14+ CD16+ monocyte,GCST90001983,2,,,,,
CONDUCTIO,P<5e-8,IgD- CD38+ B cell %B cell,GCST90001410,1,,,,,
CONDUCTIO,P<5e-8,FSC-A on myeloid Dendritic Cell,GCST90001963,3,1.12958559115715,2,0.568477925694648,1.1186,0.5716
CONDUCTIO,P<5e-8,CD4+CD8+ T cell %leukocyte,GCST90001608,1,,,,,
CONDUCTIO,P<5e-8,IgD on IgD+ CD24- B cell,GCST90001821,5,1.56435124161665,4,0.815184554633506,1.5643,0.8152
CONDUCTIO,P<5e-8,IgD on IgD+ CD38dim B cell,GCST90001825,5,1.56304954967001,4,0.815417389778073,1.563,0.8154
CONDUCTIO,P<5e-8,IgD on IgD+ B cell,GCST90001827,2,,,,,
CONDUCTIO,P<5e-8,CD19 on B cell,GCST90002028,1,,,,,
CONDUCTIO,P<5e-8,CD3 on Central Memory CD4+ T cell,GCST90001841,4,1.30965555437242,3,0.726841556270675,1.3092,0.7269
CONDUCTIO,P<5e-8,CD3 on CD45RA- CD4+ T cell,GCST90001845,3,1.25554097447122,2,0.53378054589399,1.2552,0.5339
CONDUCTIO,P<5e-8,CD3 on CD39+ secreting CD4 regulatory T cell,GCST90001856,3,2.72761383534606,2,0.255685547991785,2.7276,0.2557
CONDUCTIO,P<5e-8,CD3 on Terminally Differentiated CD8+ T cell,GCST90001840,2,,,,,
CONDUCTIO,P<5e-8,CD3 on CD28+ CD4+ T cell,GCST90001861,2,,,,,
CONDUCTIO,P<5e-8,CD3 on CD28- CD8+ T cell,GCST90001865,2,,,,,
CONDUCTIO,P<5e-8,CD3 on Effector Memory CD4+ T cell,GCST90001843,2,,,,,
CONDUCTIO,P<5e-8,CD20 on IgD- CD24- B cell,GCST90001753,2,,,,,
CONDUCTIO,P<5e-8,CD8 on CD8+ T cell,GCST90002058,1,,,,,
CONDUCTIO,P<5e-8,HLA DR+ T cell%lymphocyte,GCST90001620,4,0.190159692553256,3,0.979162006571808,0.1901,0.9792
CONDUCTIO,P<5e-8,HLA DR+ CD4+ T cell %lymphocyte,GCST90001626,2,,,,,
CONDUCTIO,P<5e-8,HLA DR+ CD8+ T cell %T cell,GCST90001628,3,7.61529015995113,2,0.0222003976084097,7.6009,0.0224
CONDUCTIO,P<5e-8,HLA DR+ CD8+ T cell %lymphocyte,GCST90001629,2,,,,,
CONDUCTIO,P<5e-8,CD45 on CD4+ T cell,GCST90001916,1,,,,,
CONDUCTIO,P<5e-8,CD28 on CD39+ activated CD4 regulatory T cell,GCST90001886,2,,,,,
CONDUCTIO,P<5e-8,CD28 on CD39+ CD8+ T cell,GCST90001897,2,,,,,
CONDUCTIO,P<5e-8,Naive CD4+ T cell Absolute Count,GCST90001540,2,,,,,
CONDUCTIO,P<5e-8,CD8+ T cell Absolute Count,GCST90001592,1,,,,,
CONDUCTIO,P<5e-8,CD8+ T cell %leukocyte,GCST90001607,1,,,,,
CONDUCTIO,P<5e-8,CD127- CD8+ T cell Absolute Count,GCST90001684,1,,,,,
CONDUCTIO,P<5e-8,CD28- CD8+ T cell Absolute Count,GCST90001687,3,1.71120092994398,2,0.425027900077177,1.685,0.4306
CONDUCTIO,P<5e-8,Central Memory CD4+ T cell Absolute Count,GCST90001537,1,,,,,
CONDUCTIO,P<5e-8,CD4+ T cell Absolute Count,GCST90001590,1,,,,,
CONDUCTIO,P<5e-8,T cell Absolute Count,GCST90001603,2,,,,,
CONDUCTIO,P<5e-8,CD28 on secreting CD4 regulatory T cell,GCST90001887,3,0.800551937494847,2,0.670135084175182,0.799,0.6706
CONDUCTIO,P<5e-8,CD28+ CD4-CD8- T cell %T cell,GCST90001655,1,,,,,
CONDUCTIO,P<5e-8,CD4-CD8- Natural Killer T Absolute Count,GCST90001636,1,,,,,
CONDUCTIO,P<5e-8,CD4+ CD8dim T cell Absolute Count,GCST90001609,2,,,,,
CONDUCTIO,P<5e-8,CD4+ CD8dim T cell %lymphocyte,GCST90001610,2,,,,,
CONDUCTIO,P<5e-8,CD4+ CD8dim T cell %leukocyte,GCST90001611,2,,,,,
CONDUCTIO,P<5e-8,IgD- CD27- B cell %lymphocyte,GCST90001433,2,,,,,
CONDUCTIO,P<5e-8,CCR2 on CD62L+ myeloid Dendritic Cell,GCST90002014,3,0.569908892122502,2,0.752048512310949,0.5653,0.7538
CONDUCTIO,P<5e-8,CD8 on naive CD8+ T cell,GCST90002055,1,,,,,
CONDUCTIO,P<5e-8,CD25 on IgD+ CD38- B cell,GCST90001780,3,2.96776268853645,2,0.226755860592443,2.9677,0.2268
CONDUCTIO,P<5e-8,CD25 on IgD+ CD38+ B cell,GCST90001783,3,0.973467976384467,2,0.61463051017335,0.9725,0.6149
CONDUCTIO,P<5e-8,CD25 on IgD- CD38dim B cell,GCST90001789,3,1.56802800853561,2,0.456569655654814,1.5675,0.4567
CONDUCTIO,P<5e-8,CD14+ CD16+ monocyte Absolute Count,GCST90001580,3,0.388902365917515,2,0.823286367680116,0.387,0.8241
CONDUCTIO,P<5e-8,CD14+ CD16+ monocyte %monocyte,GCST90001585,3,0.320948736924459,2,0.851739654689297,0.3195,0.8523
CONDUCTIO,P<5e-8,CD86+ plasmacytoid Dendritic Cell %Dendritic Cell,GCST90001467,1,,,,,
CONDUCTIO,P<5e-8,CD33+ HLA DR+ Absolute Count,GCST90001517,1,,,,,
CONDUCTIO,P<5e-8,CD33+ HLA DR+ CD14- Absolute Count,GCST90001518,1,,,,,
CONDUCTIO,P<5e-8,CD33+ HLA DR+ CD14dim Absolute Count,GCST90001520,2,,,,,
CONDUCTIO,P<5e-8,Basophil %CD33dim HLA DR- CD66b-,GCST90001533,3,0.931047458731553,2,0.627806218520699,0.9239,0.6301
CONDUCTIO,P<5e-8,CD33 on CD14+ monocyte,GCST90001946,6,3.42366178492303,5,0.63496872820851,3.4194,0.6356
CONDUCTIO,P<5e-8,CD33 on CD33+ HLA DR+ CD14dim,GCST90001947,5,2.30450323406383,4,0.679949288617983,2.2995,0.6809
CONDUCTIO,P<5e-8,CD33 on Monocytic Myeloid-Derived Suppressor Cells,GCST90001952,4,1.60717689717681,3,0.657763603470761,1.6034,0.6586
CONDUCTIO,P<5e-8,CD33 on CD33+ HLA DR+,GCST90001956,5,2.31782897736823,4,0.677524919845788,2.313,0.6784
CONDUCTIO,P<5e-8,CD33 on CD33+ HLA DR+ CD14-,GCST90001957,5,2.29701974026981,4,0.681311711140414,2.2922,0.6822
CONDUCTIO,P<5e-8,CD62L on CD62L+ Dendritic Cell,GCST90001833,2,,,,,
CONDUCTIO,P<5e-8,CD3 on CD4+ T cell,GCST90001867,2,,,,,
CONDUCTIO,P<5e-8,CD25 on switched memory B cell,GCST90001793,2,,,,,
CONDUCTIO,P<5e-8,FSC-A on granulocyte,GCST90001966,2,,,,,
CONDUCTIO,P<5e-8,CCR2 on granulocyte,GCST90002018,2,,,,,
CONDUCTIO,P<5e-8,CD4 on HLA DR+ CD4+ T cell,GCST90001959,2,,,,,
CONDUCTIO,P<5e-8,CD11c on CD62L+ myeloid Dendritic Cell,GCST90002088,1,,,,,
CONDUCTIO,P<5e-8,CD62L- monocyte %monocyte,GCST90001451,4,2.15368279609546,3,0.541128936641112,2.152,0.5415
CONDUCTIO,P<5e-8,CD24+ CD27+ B cell %B cell,GCST90001417,3,1.32968330221959,2,0.514354968796888,1.3133,0.5186
CONDUCTIO,P<5e-8,BAFF-R on IgD- CD38dim B cell,GCST90001714,1,,,,,
CONDUCTIO,P<5e-8,CD27 on Plasma Blast-Plasma Cell,GCST90001807,1,,,,,
CONDUCTIO,P<5e-8,CCR2 on monocyte,GCST90002008,2,,,,,
CONDUCTIO,P<5e-8,Plasma Blast-Plasma Cell %lymphocyte,GCST90001435,1,,,,,
CONDUCTIO,P<5e-8,CD3- lymphocyte %leukocyte,GCST90001641,1,,,,,
CONDUCTIO,P<5e-8,CD28- CD4-CD8- T cell %CD4-CD8- T cell,GCST90001653,1,,,,,
CONDUCTIO,P<5e-8,CD28+ CD4-CD8- T cell %CD4-CD8- T cell,GCST90001656,1,,,,,
CONDUCTIO,P<5e-8,CD28- CD8dim T cell %CD8dim T cell,GCST90001662,1,,,,,
CONDUCTIO,P<5e-8,CD28- CD8+ T cell %CD8+ T cell,GCST90001686,3,1.46632827746077,2,0.480386573029704,1.4371,0.4875
CONDUCTIO,P<5e-8,Naive CD8+ T cell Absolute Count,GCST90001551,1,,,,,
CONDUCTIO,P<5e-8,CD62L on monocyte,GCST90001834,2,,,,,
CONDUCTIO,P<5e-8,CD45RA- CD4+ T cell Absolute Count,GCST90001534,2,,,,,
CONDUCTIO,P<5e-8,Effector Memory CD4+ T cell Absolute Count,GCST90001542,1,,,,,
CONDUCTIO,P<5e-8,CD38 on CD3- CD19-,GCST90001810,1,,,,,
CONDUCTIO,P<5e-8,CD11c+ CD62L- monocyte Absolute Count,GCST90001452,1,,,,,
CONDUCTIO,P<5e-8,Dendritic Cell Absolute Count,GCST90001461,2,,,,,
CONDUCTIO,P<5e-8,Plasmacytoid Dendritic Cell %Dendritic Cell,GCST90001474,2,,,,,
CONDUCTIO,P<5e-8,CD28 on CD4 regulatory T cell,GCST90001899,1,,,,,
CONDUCTIO,P<5e-8,CD8 on CD28- CD8+ T cell,GCST90002120,2,,,,,
CONDUCTIO,P<5e-8,CD14 on CD14+ CD16- monocyte,GCST90001986,1,,,,,
CONDUCTIO,P<5e-8,Lymphocyte Absolute Count,GCST90001601,2,,,,,
CONDUCTIO,P<5e-8,BAFF-R on CD20- B cell,GCST90001830,1,,,,,
CONDUCTIO,P<5e-8,Terminally Differentiated CD4-CD8- T cell Absolute Count,GCST90001572,1,,,,,
CONDUCTIO,P<5e-8,CD45RA on Terminally Differentiated CD8+ T cell,GCST90002101,1,,,,,
CONDUCTIO,P<5e-8,CD11c on myeloid Dendritic Cell,GCST90002087,5,5.87756993919288,4,0.208479893343311,5.8776,0.2085
CONDUCTIO,P<5e-8,CD25++ CD4+ T cell Absolute Count,GCST90001504,1,,,,,
CONDUCTIO,P<5e-8,CD25++ CD4+ T cell %CD4+ T cell,GCST90001505,1,,,,,
CONDUCTIO,P<5e-8,CD25++ CD4+ T cell %T cell,GCST90001506,1,,,,,
CONDUCTIO,P<5e-8,CD25++ CD8+ T cell %T cell,GCST90001679,2,,,,,
CONDUCTIO,P<5e-8,CD25 on CD4+ T cell,GCST90001960,1,,,,,
CONDUCTIO,P<5e-8,IgD+ B cell Absolute Count,GCST90001400,1,,,,,
CONDUCTIO,P<5e-8,Naive-mature B cell Absolute Count,GCST90001409,1,,,,,
CONDUCTIO,P<5e-8,IgD+ CD24- B cell Absolute Count,GCST90001416,1,,,,,
CONDUCTIO,P<5e-8,CD28 on activated & secreting CD4 regulatory T cell,GCST90001889,1,,,,,
CONDUCTIO,P<5e-8,CD28 on activated CD4 regulatory T cell,GCST90001902,1,,,,,
CONDUCTIO,P<5e-8,CD28 on CD45RA+ CD4+ T cell,GCST90001890,2,,,,,
CONDUCTIO,P<5e-8,CD28 on resting CD4 regulatory T cell,GCST90001900,1,,,,,
CONDUCTIO,P<5e-8,HLA DR++ monocyte %monocyte,GCST90001475,5,6.9397393621876,4,0.139107199034386,6.9212,0.1401
CONDUCTIO,P<5e-8,CD123 on plasmacytoid Dendritic Cell,GCST90001944,2,,,,,
CONDUCTIO,P<5e-8,CD123 on CD62L+ plasmacytoid Dendritic Cell,GCST90001945,2,,,,,
CONDUCTIO,P<5e-8,CD80 on plasmacytoid Dendritic Cell,GCST90002037,2,,,,,
CONDUCTIO,P<5e-8,CD80 on CD62L+ plasmacytoid Dendritic Cell,GCST90002038,2,,,,,
CONDUCTIO,P<5e-8,CD25 on transitional B cell,GCST90001795,2,,,,,
CONDUCTIO,P<5e-8,CD14 on Monocytic Myeloid-Derived Suppressor Cells,GCST90002019,1,,,,,
CONDUCTIO,P<5e-8,CD25 on CD39+ resting CD4 regulatory T cell,GCST90001938,1,,,,,
CONDUCTIO,P<5e-8,Terminally Differentiated CD8+ T cell Absolute Count,GCST90001557,1,,,,,
CONDUCTIO,P<5e-8,CD28- CD4-CD8- T cell Absolute Count,GCST90001654,2,,,,,
CONDUCTIO,P<5e-8,Activated & resting CD4 regulatory T cell Absolute Count,GCST90001498,1,,,,,
CONDUCTIO,P<5e-8,Central Memory CD4+ T cell %CD4+ T cell,GCST90001538,1,,,,,
CONDUCTIO,P<5e-8,CD4-CD8- T cell Absolute Count,GCST90001598,2,,,,,
CONDUCTIO,P<5e-8,CD11c+ HLA DR++ monocyte %monocyte,GCST90001457,1,,,,,
CONDUCTIO,P<5e-8,CD25 on CD39+ CD4 regulatory T cell,GCST90001935,1,,,,,
CONDUCTIO,P<5e-8,CD25 on CD39+ activated CD4 regulatory T cell,GCST90001940,1,,,,,
CONDUCTIO,P<5e-8,IgD on IgD+ CD38-  B cell,GCST90001822,1,,,,,
CONDUCTIO,P<5e-8,Myeloid Dendritic Cell %Dendritic Cell,GCST90001459,1,,,,,
CONDUCTIO,P<5e-8,CD86+ myeloid Dendritic Cell %Dendritic Cell,GCST90001465,2,,,,,
CONDUCTIO,P<5e-8,HLA DR+ Natural Killer  %CD3- lymphocyte,GCST90001650,3,0.963224506127567,2,0.617786560175236,0.9581,0.6194
CONDUCTIO,P<5e-8,CD86 on myeloid Dendritic Cell,GCST90001903,1,,,,,
CONDUCTIO,P<5e-8,HLA DR+ Natural Killer Absolute Count,GCST90001648,3,0.895111781921184,2,0.639188490393236,0.8909,0.6405
CONDUCTIO,P<5e-8,HLA DR+ Natural Killer %Natural Killer,GCST90001649,4,0.595800184431423,3,0.897393148641718,0.5907,0.8985
CONDUCTIO,P<5e-8,PDL-1 on CD14- CD16+ monocyte,GCST90001999,1,,,,,
CONDUCTIO,P<5e-8,CD19 on IgD- CD38- B cell,GCST90001733,1,,,,,
CONDUCTIO,P<5e-8,CD33+ HLA DR+ CD14- %CD33+ HLA DR+,GCST90001519,1,,,,,
CONDUCTIO,P<5e-8,CD33 on Granulocytic Myeloid-Derived Suppressor Cells,GCST90001950,3,1.22914563072384,2,0.540871898131426,1.2238,0.5423
CONDUCTIO,P<5e-8,Naive-mature B cell %B cell,GCST90001408,1,,,,,
CONDUCTIO,P<5e-8,CD45 on CD33+ HLA DR+ CD14-,GCST90002042,1,,,,,
CONDUCTIO,P<5e-8,CD25++ CD8+ T cell %CD8+ T cell,GCST90001680,1,,,,,
CONDUCTIO,P<5e-8,BAFF-R on CD20- CD38- B cell,GCST90001701,1,,,,,
CONDUCTIO,P<5e-8,Unswitched memory B cell %B cell,GCST90001397,1,,,,,
CONDUCTIO,P<5e-8,CD4+/CD8+ T cell,GCST90001589,1,,,,,
CONDUCTIO,P<5e-8,CD8+ T cell %T cell,GCST90001593,1,,,,,
CONDUCTIO,P<5e-8,CD19 on naive-mature B cell,GCST90001737,2,,,,,
CONDUCTIO,P<5e-8,Transitional B cell Absolute Count,GCST90001577,1,,,,,
CONDUCTIO,P<5e-8,CD45RA+ CD28- CD8+ T cell %CD8+ T cell,GCST90001699,1,,,,,
CONDUCTIO,P<5e-8,IgD+ CD24- B cell %B cell,GCST90001415,1,,,,,
CONDUCTIO,P<5e-8,CD11b on CD33dim HLA DR-,GCST90002095,1,,,,,
CONDUCTIO,P<5e-8,CD11b on basophil,GCST90002096,1,,,,,
CONDUCTIO,P<5e-8,CD38 on IgD+ B cell,GCST90001818,1,,,,,
CONDUCTIO,P<5e-8,CD8+ Natural Killer T %T cell,GCST90001631,1,,,,,
CONDUCTIO,P<5e-8,Lymphocyte %leukocyte,GCST90001602,1,,,,,
CONDUCTIO,P<5e-8,Granulocyte %leukocyte,GCST90001652,1,,,,,
CONDUCTIO,P<5e-8,IgD- CD38- B cell Absolute Count,GCST90001446,1,,,,,
CONDUCTIO,P<5e-8,IgD+ CD38- B cell Absolute Count,GCST90001396,1,,,,,
CONDUCTIO,P<5e-8,FSC-A on CD8+ T cell,GCST90001974,1,,,,,
CONDUCTIO,P<5e-8,PDL-1 on CD14+ CD16- monocyte,GCST90001993,1,,,,,
CONDUCTIO,P<5e-8,CD127 on CD8+ T cell,GCST90001927,1,,,,,
CONDUCTIO,P<5e-8,CD8+ Natural Killer T Absolute Count,GCST90001630,2,,,,,
CONDUCTIO,P<5e-8,CD8+ Natural Killer T %lymphocyte,GCST90001632,1,,,,,
CONDUCTIO,P<5e-8,CD20 on transitional B cell,GCST90001763,2,,,,,
CONDUCTIO,P<5e-8,CD33- HLA DR+ Absolute Count,GCST90001523,1,,,,,
CONDUCTIO,P<5e-8,SSC-A on lymphocyte,GCST90002079,1,,,,,
CONDUCTIO,P<5e-8,CD28- CD25++ CD8+ T cell Absolute Count,GCST90001678,1,,,,,
CONDUCTIO,P<5e-8,HLA DR++ monocyte %leukocyte,GCST90001476,2,,,,,
CONDUCTIO,P<5e-8,HLA DR++ monocyte Absolute Count,GCST90001477,1,,,,,
CONDUCTIO,P<5e-8,CD4 on monocyte,GCST90001958,1,,,,,
CONDUCTIO,P<5e-8,CD33- HLA DR- Absolute Count,GCST90001522,1,,,,,
AVBLOCK,P<1e-5,CD4+CD8+ T cell Absolute Count,GCST90001594,18,12.4679919994204,17,0.771008223185219,12.4504,0.7721
AVBLOCK,P<1e-5,CD25 on CD45RA- CD4 not regulatory T cell,GCST90001933,26,28.5499304273747,25,0.283166104022672,28.5447,0.2834
AVBLOCK,P<1e-5,HVEM on T cell,GCST90001871,25,10.2952754987743,24,0.9932177884908,10.291,0.9932
AVBLOCK,P<1e-5,CX3CR1 on CD14+ CD16+ monocyte,GCST90001996,34,46.569238189701,33,0.0589179400326708,46.5586,0.059
AVBLOCK,P<1e-5,CD33dim HLA DR+ CD11b+ Absolute Count,GCST90001525,26,48.6796458282907,25,0.00308934519305147,48.2842,0.0034
AVBLOCK,P<1e-5,CD45RA- CD4+ T cell %T cell,GCST90001536,26,29.8595246918051,25,0.229592031041379,29.8454,0.2301
AVBLOCK,P<1e-5,CD45RA- CD4+ T cell %CD4+ T cell,GCST90001535,30,23.3726088417663,29,0.759221537337143,23.3631,0.7597
AVBLOCK,P<1e-5,Memory B cell Absolute Count,GCST90001407,17,14.1622873587813,16,0.586625086002949,14.1617,0.5867
AVBLOCK,P<1e-5,CD45RA on naive CD4+ T cell,GCST90002098,33,39.2298666307491,32,0.177370156201232,39.0742,0.1818
AVBLOCK,P<1e-5,CD33 on Monocytic Myeloid-Derived Suppressor Cells,GCST90001952,21,21.2160807011977,20,0.384513771349053,21.2014,0.3854
AVBLOCK,P<1e-5,CD33 on Immature Myeloid-Derived Suppressor Cells,GCST90001955,23,23.2869335814664,22,0.385681953213711,23.286,0.3857
AVBLOCK,P<1e-5,CD127 on CD8+ T cell,GCST90001927,25,16.9206749883736,24,0.852025468773626,16.9157,0.8522
AVBLOCK,P<1e-5,CD28+ CD45RA+ CD8+ T cell %CD8+ T cell,GCST90001689,41,55.4881549097443,40,0.0525565052676007,55.4454,0.053
AVBLOCK,P<1e-5,CD39+ CD4+ T cell Absolute Count,GCST90001660,29,27.1944194236423,28,0.507679774686666,27.1482,0.5102
AVBLOCK,P<1e-5,CD33 on CD33dim HLA DR+ CD11b-,GCST90001949,22,20.928695613526,21,0.463306207258304,20.9257,0.4635
AVBLOCK,P<1e-5,Central Memory CD8+ T cell %CD8+ T cell,GCST90001549,31,29.8432666569534,30,0.473701758610124,29.8419,0.4738
AVBLOCK,P<1e-5,CD64 on CD14- CD16+ monocyte,GCST90001990,20,23.0098632593841,19,0.236907647523102,22.9036,0.2416
AVBLOCK,P<1e-5,CD33 on basophil,GCST90001954,22,13.4150926372743,21,0.89339038446473,13.407,0.8937
AVBLOCK,P<1e-5,CD4+ T cell Absolute Count,GCST90001590,24,28.3876814315706,23,0.201475648599884,28.3405,0.2032
AVBLOCK,P<1e-5,Lymphocyte Absolute Count,GCST90001601,19,27.1334810650505,18,0.0765257068559293,27.109,0.077
AVBLOCK,P<1e-5,Naive-mature B cell Absolute Count,GCST90001409,23,13.4499220203436,22,0.919848840496206,13.44,0.9202
AVBLOCK,P<1e-5,CD3 on CD28- CD8+ T cell,GCST90001865,20,9.0771629810246,19,0.972175717994718,9.0385,0.9728
AVBLOCK,P<1e-5,CD27 on CD20- CD38- B cell,GCST90001797,20,18.7456411054591,19,0.473259254008639,18.7453,0.4733
AVBLOCK,P<1e-5,CD4 on HLA DR+ CD4+ T cell,GCST90001959,21,38.6095558959135,20,0.00745315394529401,38.5887,0.0075
AVBLOCK,P<1e-5,CD20 on unswitched memory B cell,GCST90001760,22,16.7118181752015,21,0.728420392276848,16.7005,0.7291
AVBLOCK,P<1e-5,T cell Absolute Count,GCST90001603,19,19.5623496733642,18,0.357989879260676,19.3731,0.3692
AVBLOCK,P<1e-5,HLA DR+ CD4+ T cell %T cell,GCST90001625,25,39.5782814123663,24,0.0237254087074522,39.5485,0.0239
AVBLOCK,P<1e-5,B cell Absolute Count,GCST90001642,30,30.2009195604069,29,0.404023971047878,30.2007,0.404
AVBLOCK,P<1e-5,CD28+ CD45RA+ CD8dim T cell Absolute Count,GCST90001666,54,53.8966271278198,53,0.439861039175264,53.8678,0.441
AVBLOCK,P<1e-5,CD24 on IgD+ CD38+ B cell,GCST90001768,25,27.538691207241,24,0.279976380468794,27.5289,0.2804
AVBLOCK,P<1e-5,Resting CD4 regulatory T cell %CD4 regulatory T cell,GCST90001481,30,31.6391784174853,29,0.335932104102467,31.6082,0.3373
AVBLOCK,P<1e-5,Secreting CD4 regulatory T cell %CD4 regulatory T cell,GCST90001493,31,17.534971471272,30,0.965586697880577,17.5339,0.9656
AVBLOCK,P<1e-5,Activated & resting CD4 regulatory T cell %CD4 regulatory T cell,GCST90001499,29,16.2615767200547,28,0.961785451789627,16.261,0.9618
AVBLOCK,P<1e-5,Activated & secreting CD4 regulatory T cell %CD4 regulatory T cell,GCST90001502,38,29.0899957967341,37,0.820061888326414,29.046,0.8216
AVBLOCK,P<1e-5,CD39+ activated CD4 regulatory T cell Absolute Count,GCST90001489,30,39.3727518397695,29,0.0947271153611869,39.3705,0.0948
AVBLOCK,P<1e-5,FSC-A on Natural Killer,GCST90001969,18,18.4496149148458,17,0.361021773738187,18.3961,0.3643
AVBLOCK,P<1e-5,SSC-A on Natural Killer,GCST90002076,23,31.8014156416299,22,0.0808452475147855,31.7973,0.0809
AVBLOCK,P<1e-5,SSC-A on Natural Killer T,GCST90002084,20,18.1226142994065,19,0.514262266014331,18.1218,0.5143
AVBLOCK,P<1e-5,CD45RA- CD28- CD8+ T cell Absolute Count,GCST90001695,350,351.005543129989,349,0.459778752057514,350.9913,0.46
AVBLOCK,P<1e-5,BAFF-R on IgD- CD38+ B cell,GCST90001713,15,26.2561351338624,14,0.0240118821136838,26.2556,0.024
AVBLOCK,P<1e-5,CD14 on CD14+ CD16+ monocyte,GCST90001983,15,9.49612113463051,14,0.798017835809052,9.4948,0.7981
AVBLOCK,P<1e-5,CD20 on IgD+ CD24- B cell,GCST90001747,25,19.0897494379255,24,0.747186418629284,19.062,0.7487
AVBLOCK,P<1e-5,CD20 on IgD+ CD38dim B cell,GCST90001752,28,27.2239633726598,27,0.451762533657,27.1904,0.4536
AVBLOCK,P<1e-5,CD38 on naive-mature B cell,GCST90001816,26,28.9469736015488,25,0.266138749973701,28.9331,0.2667
AVBLOCK,P<1e-5,IgD on IgD+ CD24+ B cell,GCST90001820,28,45.542174955943,27,0.0142440225831779,45.5419,0.0142
AVBLOCK,P<1e-5,CD24 on IgD+ CD38- B cell,GCST90001766,22,13.0463474577501,21,0.906991888394437,13.0463,0.907
AVBLOCK,P<1e-5,Hematopoietic Stem Cell Absolute Count,GCST90001514,19,12.1536589633364,18,0.839203555080922,12.1281,0.8406
AVBLOCK,P<1e-5,CCR2 on CD14+ CD16- monocyte,GCST90002004,27,25.4407902223185,26,0.494148221855777,25.4336,0.4946
AVBLOCK,P<1e-5,Monocytic Myeloid-Derived Suppressor Cells Absolute Count,GCST90001530,19,13.4141746803532,18,0.76640442288192,13.4094,0.7667
AVBLOCK,P<1e-5,CD3 on CD8+ T cell,GCST90001859,23,14.2773183080641,22,0.891345059893596,14.26,0.892
AVBLOCK,P<1e-5,CD8+ Natural Killer T Absolute Count,GCST90001630,26,50.5175804294808,25,0.00183900976428001,50.4005,0.0019
AVBLOCK,P<1e-5,CD39+ resting CD4 regulatory T cell Absolute Count,GCST90001483,28,22.8007941496254,27,0.695666810472707,22.6457,0.7039
AVBLOCK,P<1e-5,CD39+ resting CD4 regulatory T cell %CD4 regulatory T cell,GCST90001485,36,37.9568050796691,35,0.33608838826344,37.9551,0.3362
AVBLOCK,P<1e-5,CD127 on CD45RA+ CD4+ T cell,GCST90001932,22,34.6693827577988,21,0.0306848298694534,34.6677,0.0307
AVBLOCK,P<1e-5,HVEM on naive CD8+ T cell,GCST90001872,21,22.9157696009386,20,0.292949344894628,22.9139,0.293
AVBLOCK,P<1e-5,HVEM on CD8+ T cell,GCST90001881,16,13.0335926008706,15,0.599703160250108,12.959,0.6055
AVBLOCK,P<1e-5,CD8 on CD28+ CD45RA+ CD8+ T cell,GCST90002119,22,26.5471995973572,21,0.186347949622253,26.5366,0.1867
AVBLOCK,P<1e-5,CD14+ CD16- monocyte Absolute Count,GCST90001582,28,23.4655778522504,27,0.65976606037296,23.4089,0.6629
AVBLOCK,P<1e-5,IgD+ CD38+ B cell %lymphocyte,GCST90001429,25,25.1987740400779,24,0.395024111229628,25.0961,0.4006
AVBLOCK,P<1e-5,PDL-1 on monocyte,GCST90002002,15,14.5969729813642,14,0.406247215909827,14.5949,0.4064
AVBLOCK,P<1e-5,CD45 on HLA DR+ CD8+ T cell,GCST90001921,18,10.0145595447949,17,0.902998619090198,9.9974,0.9037
AVBLOCK,P<1e-5,CD28- CD8dim T cell Absolute Count,GCST90001663,28,21.633799698108,27,0.755745234057918,21.5998,0.7574
AVBLOCK,P<1e-5,IgD+ CD38- B cell %B cell,GCST90001395,22,28.6036321496874,21,0.123847296158823,28.5091,0.1263
AVBLOCK,P<1e-5,CD33+ HLA DR+ CD14dim Absolute Count,GCST90001520,28,24.1271147891841,27,0.62325594233895,24.125,0.6234
AVBLOCK,P<1e-5,CD4RA on Terminally Differentiated CD4+ T cell,GCST90002099,33,38.1925887759401,32,0.20859389415249,38.1778,0.2091
AVBLOCK,P<1e-5,CD4 on CD45RA+ CD4+ T cell,GCST90002027,27,25.2728084310463,26,0.503577975061891,25.2537,0.5047
AVBLOCK,P<1e-5,Activated CD4 regulatory T cell %CD4+ T cell,GCST90001488,19,19.0258339367664,18,0.390234249938483,19.0122,0.3911
AVBLOCK,P<1e-5,Natural Killer %lymphocyte,GCST90001647,27,38.1216855490736,26,0.0590037821451585,37.9947,0.0606
AVBLOCK,P<1e-5,Unswitched memory B cell %lymphocyte,GCST90001432,22,22.069302676383,21,0.395525676203948,22.0532,0.3965
AVBLOCK,P<1e-5,CD4 on Effector Memory CD4+ T cell,GCST90002025,20,31.1446368495594,19,0.0389213723186973,31.0624,0.0397
AVBLOCK,P<1e-5,CD45RA+ CD28- CD8+ T cell Absolute Count,GCST90001698,719,749.408470953021,718,0.201976527593504,749.4084,0.202
AVBLOCK,P<1e-5,CD62L on monocyte,GCST90001834,25,35.4636674802892,24,0.0618153786861513,35.4563,0.0619
AVBLOCK,P<1e-5,CX3CR1 on CD14- CD16+ monocyte,GCST90002012,18,37.5177500594656,17,0.00286149645374614,37.3401,0.003
AVBLOCK,P<1e-5,CD4 on CD39+ activated CD4 regulatory T cell,GCST90002067,23,18.5718342554972,22,0.671597363038407,18.5707,0.6717
AVBLOCK,P<1e-5,CD28+ CD45RA- CD8dim T cell %T cell,GCST90001667,28,32.6695120046631,27,0.208195457765605,32.6615,0.2085
AVBLOCK,P<1e-5,CD4 on CD28+ CD4+ T cell,GCST90002062,21,28.992999244084,20,0.0878972992339327,28.9912,0.0879
AVBLOCK,P<1e-5,CD3 on CD45RA+ CD4+ T cell,GCST90001858,32,29.8834114589098,31,0.523323567421604,29.8747,0.5238
AVBLOCK,P<1e-5,FSC-A on HLA DR+ T cell,GCST90001975,19,20.5700465448414,18,0.301656745853173,20.5663,0.3019
AVBLOCK,P<1e-5,SSC-A on HLA DR+ CD8+ T cell,GCST90002086,24,25.7455262036801,23,0.313025695679064,25.7419,0.3132
AVBLOCK,P<1e-5,CD28- CD127- CD25++ CD8+ T cell %T cell,GCST90001673,18,19.0437231407432,17,0.326028276588172,19.0431,0.3261
AVBLOCK,P<1e-5,CD80 on granulocyte,GCST90002040,33,44.1128876173343,32,0.0752582577539528,44.1129,0.0753
AVBLOCK,P<1e-5,HLA DR+ CD8+ T cell Absolute Count,GCST90001627,34,43.9200603741724,33,0.0969074617348622,43.9029,0.0972
AVBLOCK,P<1e-5,HLA DR on CD14+ CD16+ monocyte,GCST90002007,19,31.3648715301762,18,0.0261106479405264,31.3647,0.0261
AVBLOCK,P<1e-5,BAFF-R on IgD+ CD38- naive B cell,GCST90001706,28,25.1724437238962,27,0.564798478437916,25.1657,0.5652
AVBLOCK,P<1e-5,Transitional B cell %lymphocyte,GCST90001578,26,21.2603465745686,25,0.678006388430256,21.2473,0.6787
AVBLOCK,P<1e-5,CD45 on CD8+ T cell,GCST90001917,26,30.6193322116786,25,0.201934664242995,30.6174,0.202
AVBLOCK,P<1e-5,CD19 on memory B cell,GCST90001736,24,14.6151069071992,23,0.907895720455165,14.5538,0.9099
AVBLOCK,P<1e-5,CD33 on CD14+ monocyte,GCST90001946,21,21.1864648918396,20,0.386231362934132,21.176,0.3868
AVBLOCK,P<1e-5,BAFF-R on IgD- CD24- B cell,GCST90001710,22,16.5968130987965,21,0.735237878443544,16.5946,0.7354
AVBLOCK,P<1e-5,FSC-A on lymphocyte,GCST90001971,17,11.5605275683342,16,0.773638263282319,11.5501,0.7743
AVBLOCK,P<1e-5,FSC-A on T cell,GCST90001972,22,28.5253858274885,21,0.12587014821468,28.5199,0.126
AVBLOCK,P<1e-5,FSC-A on CD4+ T cell,GCST90001973,25,22.9379494179194,24,0.523463625425397,22.8211,0.5304
AVBLOCK,P<1e-5,SSC-A on lymphocyte,GCST90002079,21,8.16305302285464,20,0.990732902804494,8.1605,0.9908
AVBLOCK,P<1e-5,SSC-A on CD4+ T cell,GCST90002081,30,26.3612334132882,29,0.606125970494191,26.3454,0.607
AVBLOCK,P<1e-5,CD86 on monocyte,GCST90001905,16,7.79843923938604,15,0.931608917722968,7.7934,0.9318
AVBLOCK,P<1e-5,CD86+ plasmacytoid Dendritic Cell %Dendritic Cell,GCST90001467,26,13.6203383920327,25,0.967953695239593,13.6031,0.9682
AVBLOCK,P<1e-5,CD127- CD8+ T cell %T cell,GCST90001682,14,22.0328092062024,13,0.054855501936819,21.8253,0.0581
AVBLOCK,P<1e-5,CD20 on IgD- CD24- B cell,GCST90001753,28,43.7398840439737,27,0.021993226543069,43.7102,0.0221
AVBLOCK,P<1e-5,CD20 on IgD- CD27- B cell,GCST90001754,19,14.7755490093596,18,0.677316770337459,14.6816,0.6837
AVBLOCK,P<1e-5,SSC-A on granulocyte,GCST90002078,25,31.0701641054677,24,0.151769885928045,31.029,0.1529
AVBLOCK,P<1e-5,CD28- CD4-CD8- T cell %CD4-CD8- T cell,GCST90001653,27,31.1603244133484,26,0.222352427132266,31.0682,0.2257
AVBLOCK,P<1e-5,CD28+ CD4-CD8- T cell %CD4-CD8- T cell,GCST90001656,27,31.1603244133484,26,0.222352427132266,31.0682,0.2257
AVBLOCK,P<1e-5,Naive CD8+ T cell Absolute Count,GCST90001551,28,37.0092141072739,27,0.094895604120921,36.9991,0.0951
AVBLOCK,P<1e-5,CD28+ CD45RA+ CD8+ T cell Absolute Count,GCST90001690,59,55.241847192355,58,0.578503635423879,55.2064,0.5798
AVBLOCK,P<1e-5,CD127- CD8+ T cell %CD8+ T cell,GCST90001683,14,12.6091196192209,13,0.478437032449181,12.5455,0.4835
AVBLOCK,P<1e-5,CD8 on CD28+ CD45RA- CD8+ T cell,GCST90002118,14,12.7026060275136,13,0.471036750392923,12.6825,0.4726
AVBLOCK,P<1e-5,Naive CD8+ T cell %T cell,GCST90001553,29,29.594435842047,28,0.382861776794675,29.5887,0.3831
AVBLOCK,P<1e-5,CD28+ CD45RA+ CD8+ T cell %T cell,GCST90001688,110,114.255520027176,109,0.346282199727462,114.2511,0.3464
AVBLOCK,P<1e-5,FSC-A on CD8+ T cell,GCST90001974,18,15.5549029687056,17,0.555577793999236,15.4993,0.5596
AVBLOCK,P<1e-5,CD39+ CD4+ T cell %CD4+ T cell,GCST90001659,25,25.2574875436689,24,0.39187825895666,25.2554,0.392
AVBLOCK,P<1e-5,CD25++ CD45RA+ CD4 not regulatory T cell Absolute Count,GCST90001507,26,19.7986157486191,25,0.757307853124649,19.6905,0.7629
AVBLOCK,P<1e-5,CD45RA on resting CD4 regulatory T cell,GCST90002102,29,28.0979289509119,28,0.459267063630149,28.0979,0.4593
AVBLOCK,P<1e-5,CD8+ Natural Killer T %lymphocyte,GCST90001632,27,37.449839198025,26,0.068052985594334,37.4485,0.0681
AVBLOCK,P<1e-5,Granulocytic Myeloid-Derived Suppressor Cells Absolute Count,GCST90001524,21,14.1576270500913,20,0.822414752019964,14.1272,0.824
AVBLOCK,P<1e-5,CD19 on IgD- CD24- B cell,GCST90001731,23,32.9614746518601,22,0.0624178154568604,32.748,0.0655
AVBLOCK,P<1e-5,CD19 on IgD- CD27- B cell,GCST90001732,26,25.6065199635385,25,0.428827949724583,25.4731,0.4361
AVBLOCK,P<1e-5,Monocyte Absolute Count,GCST90001583,27,28.0105665046507,26,0.357938643548677,27.9495,0.361
AVBLOCK,P<1e-5,CCR2 on CD14+ CD16+ monocyte,GCST90001992,37,50.7393812908827,36,0.0525556188842895,50.7393,0.0526
AVBLOCK,P<1e-5,SSC-A on plasmacytoid Dendritic Cell,GCST90002072,26,17.428059216391,25,0.865685800086931,17.4281,0.8657
AVBLOCK,P<1e-5,CD3 on HLA DR+ CD4+ T cell,GCST90001849,26,24.3807836241545,25,0.497468426006003,24.3705,0.4981
AVBLOCK,P<1e-5,CCR2 on granulocyte,GCST90002018,17,31.788141574879,16,0.0106539556823027,31.7657,0.0107
AVBLOCK,P<1e-5,CD4 on CD4+ T cell,GCST90002022,22,17.2435407528625,21,0.696241508672566,17.2191,0.6977
AVBLOCK,P<1e-5,CD3 on CD39+ CD8+ T cell,GCST90001866,16,14.1218410582211,15,0.516309218666366,14.1048,0.5176
AVBLOCK,P<1e-5,SSC-A on CD14+ monocyte,GCST90002074,23,35.6657581854691,22,0.0329655589655723,35.6512,0.0331
AVBLOCK,P<1e-5,CD4+ T cell %T cell,GCST90001591,23,20.4375146597429,22,0.555692590623743,20.4044,0.5578
AVBLOCK,P<1e-5,CD28 on CD39+ secreting CD4 regulatory T cell,GCST90001888,21,29.4186311918091,20,0.0798375955339077,29.3659,0.0808
AVBLOCK,P<1e-5,Central Memory CD4+ T cell Absolute Count,GCST90001537,28,41.3190004454313,27,0.0383674019180371,41.2839,0.0387
AVBLOCK,P<1e-5,CD4 regulatory T cell %T cell,GCST90001479,16,13.4642760306138,15,0.566484431102264,13.4636,0.5665
AVBLOCK,P<1e-5,HLA DR on B cell,GCST90002116,22,24.3000809726312,21,0.278747072001958,24.2879,0.2793
AVBLOCK,P<1e-5,CD16-CD56 on Natural Killer T,GCST90001883,28,23.9079612994612,27,0.635416547588297,23.9012,0.6358
AVBLOCK,P<1e-5,CD45 on Granulocytic Myeloid-Derived Suppressor Cells,GCST90002047,18,19.740734600432,17,0.287704598711971,19.6976,0.29
AVBLOCK,P<1e-5,Effector Memory CD4-CD8- T cell %T cell,GCST90001571,23,22.5302368032425,22,0.428647447431368,22.5077,0.43
AVBLOCK,P<1e-5,IgD+ B cell %B cell,GCST90001391,17,23.4524468238305,16,0.102164463252444,23.4481,0.1023
AVBLOCK,P<1e-5,CD11c+ monocyte %monocyte,GCST90001449,20,13.3162979788859,19,0.821992436444378,13.3162,0.822
AVBLOCK,P<1e-5,IgD on IgD+ CD38dim B cell,GCST90001825,22,13.3963817012933,21,0.894106835817635,13.3854,0.8945
AVBLOCK,P<1e-5,CD4 on Terminally Differentiated CD4+ T cell,GCST90002026,24,21.6263715356798,23,0.542892574502107,21.5882,0.5452
AVBLOCK,P<1e-5,CD80 on monocyte,GCST90002039,23,22.971106983979,22,0.403362661658401,22.9564,0.4042
AVBLOCK,P<1e-5,CD38 on transitional B cell,GCST90001819,24,20.5271912992073,23,0.609936838575398,20.4662,0.6136
AVBLOCK,P<1e-5,CD8 on HLA DR+ CD8+ T cell,GCST90002060,25,13.4220532465549,24,0.958646162592637,13.3927,0.9592
AVBLOCK,P<1e-5,CD28 on CD39+ CD8+ T cell,GCST90001897,20,21.7866320143718,19,0.29500362240498,21.7751,0.2956
AVBLOCK,P<1e-5,BAFF-R on switched memory B cell,GCST90001718,19,17.5542789587944,18,0.485357557664855,17.5391,0.4864
AVBLOCK,P<1e-5,HLA DR+ T cell%T cell,GCST90001619,31,35.5656453442986,30,0.222641754806559,35.4828,0.2255
AVBLOCK,P<1e-5,HLA DR+ T cell%lymphocyte,GCST90001620,25,24.3361950332309,24,0.442513191043346,24.3302,0.4429
AVBLOCK,P<1e-5,CD24 on transitional B cell,GCST90001774,20,20.1224771287502,19,0.3872423211497,20.0643,0.3907
AVBLOCK,P<1e-5,Central Memory CD4+ T cell %CD4+ T cell,GCST90001538,32,33.0626854052489,31,0.366663150116018,33.061,0.3667
AVBLOCK,P<1e-5,CD39+ secreting CD4 regulatory T cell %secreting CD4 regulatory T cell,GCST90001496,28,35.298680334482,27,0.13146019387388,35.2798,0.1319
AVBLOCK,P<1e-5,CD86+ plasmacytoid Dendritic Cell Absolute Count,GCST90001466,20,12.8888242003667,19,0.844213437405,12.8497,0.8462
AVBLOCK,P<1e-5,CD45 on CD33+ HLA DR+ CD14dim,GCST90002043,16,10.5228612856137,15,0.785626788388475,10.5182,0.7859
AVBLOCK,P<1e-5,Natural Killer T Absolute Count,GCST90001621,34,46.1803078197058,33,0.0635415269380673,46.1239,0.0642
AVBLOCK,P<1e-5,HLA DR+ Natural Killer %Natural Killer,GCST90001649,23,15.1370202234685,22,0.85629090639831,14.9995,0.8623
AVBLOCK,P<1e-5,HLA DR+ Natural Killer  %CD3- lymphocyte,GCST90001650,23,18.5658568019634,22,0.671961360760395,18.5337,0.6739
AVBLOCK,P<1e-5,IgD+ CD38+ B cell Absolute Count,GCST90001392,29,29.668756701093,28,0.379224254977754,29.6051,0.3823
AVBLOCK,P<1e-5,IgD- CD38+ B cell %B cell,GCST90001410,18,14.3994924235533,17,0.638649268205683,14.3592,0.6415
AVBLOCK,P<1e-5,BAFF-R on IgD+ CD38+ B cell,GCST90001708,27,33.3060801708792,26,0.153402141823081,33.3055,0.1534
AVBLOCK,P<1e-5,CD45RA+ CD28- CD8+ T cell %T cell,GCST90001700,206,226.545633838629,205,0.144215739271152,226.5381,0.1443
AVBLOCK,P<1e-5,CD8+ Natural Killer T %T cell,GCST90001631,27,35.8819891970368,26,0.0938609361856037,35.8207,0.095
AVBLOCK,P<1e-5,PDL-1 on CD14+ CD16- monocyte,GCST90001993,15,12.522156812678,14,0.564445135882009,12.5221,0.5645
AVBLOCK,P<1e-5,CD64 on monocyte,GCST90002006,29,48.9554712651881,28,0.00843808957216521,48.8811,0.0086
AVBLOCK,P<1e-5,IgD on IgD+ CD38- unswitched memory B cell,GCST90001823,17,11.9259598133699,16,0.749060657591129,11.9228,0.7493
AVBLOCK,P<1e-5,CD20- CD38- B cell %lymphocyte,GCST90001444,23,21.00361847989,22,0.520514505997287,20.9172,0.5259
AVBLOCK,P<1e-5,CD3- lymphocyte %leukocyte,GCST90001641,20,11.869275773416,19,0.891136688587396,11.8352,0.8925
AVBLOCK,P<1e-5,CD4 regulatory T cell Absolute Count,GCST90001513,21,25.1670023222411,20,0.195116550815292,25.167,0.1951
AVBLOCK,P<1e-5,IgD on IgD+ CD38+ B cell,GCST90001824,25,34.422502421685,24,0.0774352954582139,34.4214,0.0775
AVBLOCK,P<1e-5,IgD on transitional B cell,GCST90001828,32,30.9207259802308,31,0.470212497503111,30.9188,0.4703
AVBLOCK,P<1e-5,CD25 on IgD- CD27- B cell,GCST90001786,21,26.3315869849672,20,0.155137756339453,26.2379,0.1581
AVBLOCK,P<1e-5,CD25 on IgD- CD38- B cell,GCST90001787,22,15.1587068038034,21,0.814904912882742,15.1294,0.8164
AVBLOCK,P<1e-5,CD28- CD25++ CD8+ T cell %CD8+ T cell,GCST90001677,25,35.0214660690584,24,0.0680831725963142,34.9551,0.0691
AVBLOCK,P<1e-5,CD33+ HLA DR+ CD14dim %CD33+ HLA DR+,GCST90001521,25,23.6675070088658,24,0.480736107031639,23.667,0.4808
AVBLOCK,P<1e-5,CD45 on Monocytic Myeloid-Derived Suppressor Cells,GCST90002049,17,18.139924628866,16,0.315767183684476,18.1091,0.3175
AVBLOCK,P<1e-5,HLA DR++ monocyte %monocyte,GCST90001475,22,44.2260138297608,21,0.00218561868250008,44.1991,0.0022
AVBLOCK,P<1e-5,CD45 on HLA DR+ T cell,GCST90001918,18,12.2468410179428,17,0.784965002817709,12.2447,0.7851
AVBLOCK,P<1e-5,CD28- CD127- CD25++ CD8+ T cell Absolute Count,GCST90001675,29,24.7962450000015,28,0.63890157716577,24.7674,0.6405
AVBLOCK,P<1e-5,CD28- CD25++ CD8+ T cell Absolute Count,GCST90001678,25,30.5580480641015,24,0.16693836296072,30.5235,0.168
AVBLOCK,P<1e-5,CD14 on CD14+ CD16- monocyte,GCST90001986,16,21.6851943912899,15,0.116328072499315,21.4548,0.1229
AVBLOCK,P<1e-5,CD80 on CD62L+ myeloid Dendritic Cell,GCST90002036,26,35.884434573813,25,0.0733717555499291,35.8614,0.0737
AVBLOCK,P<1e-5,Secreting CD4 regulatory T cell Absolute Count,GCST90001492,23,33.2731417465016,22,0.0581336220315825,32.8288,0.0643
AVBLOCK,P<1e-5,CD66b on CD66b++ myeloid cell,GCST90001836,26,23.7055522489423,25,0.536434848270861,23.7029,0.5366
AVBLOCK,P<1e-5,CD19 on IgD- CD38- B cell,GCST90001733,22,36.8270214331772,21,0.0176201637909599,36.6794,0.0183
AVBLOCK,P<1e-5,CD38 on IgD- CD38+ B cell,GCST90001814,14,11.8351756146935,13,0.541203659141581,11.8339,0.5413
AVBLOCK,P<1e-5,CD39 on CD39+ CD8+ T cell,GCST90002029,23,31.8895988041305,22,0.0792978074400196,31.8844,0.0794
AVBLOCK,P<1e-5,Terminally Differentiated CD4-CD8- T cell Absolute Count,GCST90001572,22,22.2864067185155,21,0.383169620287752,22.2798,0.3835
AVBLOCK,P<1e-5,FSC-A on Natural Killer T,GCST90001976,20,33.8314495247472,19,0.0192367810763361,33.8187,0.0193
AVBLOCK,P<1e-5,CD19 on CD20- CD38- B cell,GCST90001722,19,26.6085048733081,18,0.0866369747772882,26.4947,0.089
AVBLOCK,P<1e-5,CD20 on CD20- CD38- B cell,GCST90001744,16,19.3500202267028,15,0.198308551591275,19.3279,0.1993
AVBLOCK,P<1e-5,CD27 on Plasma Blast-Plasma Cell,GCST90001807,19,23.0720165690968,18,0.187837835702906,22.9265,0.1934
AVBLOCK,P<1e-5,CD62L on CD62L+ Dendritic Cell,GCST90001833,26,38.1652672217861,25,0.0445713290874047,38.1284,0.0449
AVBLOCK,P<1e-5,HLA DR on HLA DR+ CD4+ T cell,GCST90002114,22,21.8732959902505,21,0.406842676566219,21.7968,0.4113
AVBLOCK,P<1e-5,IgD+ CD38- B cell Absolute Count,GCST90001396,17,15.6874214895702,16,0.474981227375925,15.3374,0.5001
AVBLOCK,P<1e-5,IgD+ CD38- B cell %lymphocyte,GCST90001431,20,25.7687901681303,19,0.136761396204165,25.7618,0.137
AVBLOCK,P<1e-5,CD28 on CD28+ CD45RA+ CD8+ T cell,GCST90001896,15,19.1876426599018,14,0.157902522616694,19.1846,0.158
AVBLOCK,P<1e-5,SSC-A on B cell,GCST90002075,13,12.2705982907857,12,0.424199615521344,12.2677,0.4244
AVBLOCK,P<1e-5,IgD- CD27- B cell Absolute Count,GCST90001401,25,21.6942953657778,24,0.597507473405775,21.6558,0.5998
AVBLOCK,P<1e-5,CD3 on CD39+ CD4+ T cell,GCST90001860,27,28.4465345268375,26,0.336842342932659,28.4464,0.3368
AVBLOCK,P<1e-5,CD123 on plasmacytoid Dendritic Cell,GCST90001944,18,13.4306219286268,17,0.706915517806156,13.4294,0.707
AVBLOCK,P<1e-5,CD123 on CD62L+ plasmacytoid Dendritic Cell,GCST90001945,18,13.4306393960408,17,0.706914313939939,13.4295,0.707
AVBLOCK,P<1e-5,HLA DR on CD14- CD16-,GCST90002009,25,26.5682728005346,24,0.324975256228867,26.5681,0.325
AVBLOCK,P<1e-5,Central Memory CD4+ T cell %T cell,GCST90001539,24,41.554949532393,23,0.0102246815871525,41.5254,0.0103
AVBLOCK,P<1e-5,FSC-A on CD14+ monocyte,GCST90001967,23,29.9224091708681,22,0.120362511114444,29.9105,0.1207
AVBLOCK,P<1e-5,CD25 on CD39+ secreting CD4 regulatory T cell,GCST90001942,16,29.0391937636528,15,0.0158987087560041,28.9161,0.0165
AVBLOCK,P<1e-5,CD4+CD8+ T cell %T cell,GCST90001595,8,4.36188351539131,7,0.737278600196551,4.354,0.7382
AVBLOCK,P<1e-5,CD3 on CD39+ activated CD4 regulatory T cell,GCST90001854,26,28.3888171215058,25,0.290267282593271,28.3887,0.2903
AVBLOCK,P<1e-5,FSC-A on myeloid Dendritic Cell,GCST90001963,20,19.2345833212219,19,0.441882860385685,19.1924,0.4446
AVBLOCK,P<1e-5,FSC-A on monocyte,GCST90001965,19,9.53389256381314,18,0.946063359325255,9.5181,0.9465
AVBLOCK,P<1e-5,CD33+ HLA DR+ CD14- %CD33+ HLA DR+,GCST90001519,19,34.1766593008057,18,0.011977444869124,33.666,0.0138
AVBLOCK,P<1e-5,CD19 on IgD+ CD38- unswitched memory B cell,GCST90001728,22,20.5444949927295,21,0.487045266773901,20.5405,0.4873
AVBLOCK,P<1e-5,CD25 on IgD+ CD24- B cell,GCST90001779,24,25.8746134336954,23,0.306821132315749,25.8682,0.3071
AVBLOCK,P<1e-5,CD45RA- CD28- CD8+ T cell %T cell,GCST90001697,180,205.451984435477,179,0.0854398935342481,205.445,0.0855
AVBLOCK,P<1e-5,CD20 on IgD- CD38- B cell,GCST90001755,27,21.9992245138315,26,0.688739081398636,21.9909,0.6892
AVBLOCK,P<1e-5,CD20 on switched memory B cell,GCST90001761,31,39.1239672231268,30,0.122975658335579,39.0732,0.1241
AVBLOCK,P<1e-5,CD39 on CD39+ secreting CD4 regulatory T cell,GCST90002031,23,30.6932399496179,22,0.102565504792584,30.6877,0.1027
AVBLOCK,P<1e-5,CD24+ CD27+ B cell %B cell,GCST90001417,26,22.867188865646,25,0.585318543000557,22.7935,0.5896
AVBLOCK,P<1e-5,CD4 on activated CD4 regulatory T cell,GCST90002066,24,24.4324899988177,23,0.380193324118064,24.4314,0.3803
AVBLOCK,P<1e-5,CD4 on activated & secreting CD4 regulatory T cell,GCST90002070,32,30.6949026873774,31,0.48165987401615,30.6928,0.4818
AVBLOCK,P<1e-5,CD33 on CD66b++ myeloid cell,GCST90001951,18,18.0031312335367,17,0.38864336215239,18.0027,0.3887
AVBLOCK,P<1e-5,Effector Memory CD8+ T cell %CD8+ T cell,GCST90001555,24,31.1764820145335,23,0.118518745485803,31.1764,0.1185
AVBLOCK,P<1e-5,CD45RA+ CD8+ T cell %CD8+ T cell,GCST90001561,27,33.7675912009648,26,0.140976305754612,33.7663,0.141
AVBLOCK,P<1e-5,HLA DR on CD33dim HLA DR+ CD11b+,GCST90002110,23,32.9588341274802,22,0.0624552509006836,32.9509,0.0626
AVBLOCK,P<1e-5,T cell %lymphocyte,GCST90001604,17,25.83202355289,16,0.0564380776865556,25.6332,0.0594
AVBLOCK,P<1e-5,IgD+ CD24+ B cell Absolute Count,GCST90001412,23,22.2728477451506,22,0.443707370181673,22.2616,0.4444
AVBLOCK,P<1e-5,CD33dim HLA DR- Absolute Count,GCST90001531,24,30.4313906870712,23,0.137414197039129,30.3361,0.14
AVBLOCK,P<1e-5,Activated CD4 regulatory T cell Absolute Count,GCST90001486,15,8.90266945757363,14,0.837234557048986,8.9007,0.8374
AVBLOCK,P<1e-5,CD28+ CD45RA- CD8dim T cell %CD8dim T cell,GCST90001668,28,35.7978684086386,27,0.119783981594414,35.6565,0.123
AVBLOCK,P<1e-5,CD19 on IgD+ B cell,GCST90001741,27,28.7432237368956,26,0.322887600578433,28.742,0.3229
AVBLOCK,P<1e-5,Naive CD8+ T cell %CD8+ T cell,GCST90001552,37,31.6299958658916,36,0.676513329827872,31.6258,0.6767
AVBLOCK,P<1e-5,CD127 on CD28+ CD45RA+ CD8+ T cell,GCST90001929,21,24.0882253733379,20,0.238559534193442,23.9234,0.2458
AVBLOCK,P<1e-5,CCR2 on monocyte,GCST90002017,25,52.3592676558247,24,0.000702235798231734,52.3527,7e-04
AVBLOCK,P<1e-5,CD27 on IgD+ CD38- unswitched memory B cell,GCST90001801,23,19.6278349247604,22,0.606306988202626,19.5892,0.6087
AVBLOCK,P<1e-5,CD45 on CD33- HLA DR+,GCST90002046,25,24.7732928413577,24,0.418162917183839,24.644,0.4253
AVBLOCK,P<1e-5,Myeloid Dendritic Cell %Dendritic Cell,GCST90001459,26,22.573818100929,25,0.602434267914075,22.5686,0.6027
AVBLOCK,P<1e-5,Plasmacytoid Dendritic Cell %Dendritic Cell,GCST90001474,24,25.8872658106606,23,0.30621702091693,25.8597,0.3075
AVBLOCK,P<1e-5,CD19 on IgD+ CD38+ B cell,GCST90001729,21,17.6776671209129,20,0.608632529702691,17.6546,0.6101
AVBLOCK,P<1e-5,CD38 on IgD+ CD38dim B cell,GCST90001813,23,13.8898077288606,22,0.90534389935921,13.8861,0.9055
AVBLOCK,P<1e-5,Terminally Differentiated CD4-CD8- T cell %CD4-CD8- T cell,GCST90001573,27,34.4002309310171,26,0.125240861223857,34.3989,0.1253
AVBLOCK,P<1e-5,CD33+ HLA DR+ Absolute Count,GCST90001517,30,33.3544880085753,29,0.26367245143804,33.3331,0.2645
AVBLOCK,P<1e-5,CD33+ HLA DR+ CD14- Absolute Count,GCST90001518,29,42.0803739087979,28,0.0426087347288569,42.0144,0.0432
AVBLOCK,P<1e-5,CD25 on resting CD4 regulatory T cell,GCST90001937,20,27.4910873432979,19,0.0937240309909022,27.438,0.0949
AVBLOCK,P<1e-5,SSC-A on HLA DR+ T cell,GCST90002083,20,15.6836160002121,19,0.678271895210494,15.6632,0.6796
AVBLOCK,P<1e-5,IgD- CD38dim B cell %B cell,GCST90001428,26,23.8819882498623,25,0.526200664778562,23.7208,0.5356
AVBLOCK,P<1e-5,CD38 on CD20- B cell,GCST90001809,19,26.6326894929058,18,0.0861473062426322,26.6326,0.0861
AVBLOCK,P<1e-5,CD45 on CD33+ HLA DR+ CD14-,GCST90002042,18,22.8824014359231,17,0.15311844772171,22.8792,0.1532
AVBLOCK,P<1e-5,Myeloid Dendritic Cell Absolute Count,GCST90001458,23,13.5265630134203,22,0.91742788112823,13.5257,0.9175
AVBLOCK,P<1e-5,CD4 on naive CD4+ T cell,GCST90002024,20,36.3016972401289,19,0.00969009728347229,36.1947,0.01
AVBLOCK,P<1e-5,Terminally Differentiated CD4+ T cell %CD4+ T cell,GCST90001546,21,28.2046181248098,20,0.104643432269175,28.2024,0.1047
AVBLOCK,P<1e-5,Terminally Differentiated CD4+ T cell %T cell,GCST90001547,26,29.5437071771634,25,0.241829283109667,29.5413,0.2419
AVBLOCK,P<1e-5,CD24 on switched memory B cell,GCST90001773,38,35.4123984661071,37,0.543552178093418,35.1801,0.5546
AVBLOCK,P<1e-5,Natural Killer T %T cell,GCST90001622,32,55.6521688577024,31,0.00424039318050167,55.6459,0.0042
AVBLOCK,P<1e-5,Natural Killer T %lymphocyte,GCST90001623,33,52.7349219842693,32,0.0119405455165609,52.7248,0.012
AVBLOCK,P<1e-5,Memory B cell %B cell,GCST90001406,29,30.3882591989116,28,0.344902437754846,30.1284,0.3571
AVBLOCK,P<1e-5,CD19 on IgD- CD38+ B cell,GCST90001734,18,9.45881054774863,17,0.924759924804999,9.4582,0.9248
AVBLOCK,P<1e-5,HLA DR++ monocyte Absolute Count,GCST90001477,23,33.1295667399272,22,0.0600743860563201,33.1294,0.0601
AVBLOCK,P<1e-5,CD19 on IgD+ CD38- naive B cell,GCST90001727,19,20.3086825897803,18,0.315711835261136,20.3081,0.3157
AVBLOCK,P<1e-5,CD28- CD4-CD8- T cell Absolute Count,GCST90001654,31,28.5426593209184,30,0.541703656683542,28.4661,0.5458
AVBLOCK,P<1e-5,CD24+ CD27+ B cell Absolute Count,GCST90001418,26,18.6114186098525,25,0.815361698889044,18.6092,0.8155
AVBLOCK,P<1e-5,CD62L- HLA DR++ monocyte Absolute Count,GCST90001454,19,15.2791811303199,18,0.642716699034313,15.266,0.6436
AVBLOCK,P<1e-5,CCR2 on plasmacytoid Dendritic Cell,GCST90002015,19,14.1346809920588,18,0.720270306327096,14.0988,0.7226
AVBLOCK,P<1e-5,CCR2 on CD62L+ plasmacytoid Dendritic Cell,GCST90002016,19,21.7398775867348,18,0.24373877716224,21.707,0.2453
AVBLOCK,P<1e-5,CD33 on Granulocytic Myeloid-Derived Suppressor Cells,GCST90001950,20,38.0637685057762,19,0.00582482072048711,38.0552,0.0058
AVBLOCK,P<1e-5,CD40 on CD14- CD16+ monocyte,GCST90001989,27,25.4506012067945,26,0.493598813847861,25.4504,0.4936
AVBLOCK,P<1e-5,CD39+ CD4+ T cell %T cell,GCST90001658,31,34.5603863661026,30,0.258987152037382,34.4355,0.2638
AVBLOCK,P<1e-5,CD45 on basophil,GCST90002051,17,13.9130020032452,16,0.605195014295577,13.9113,0.6053
AVBLOCK,P<1e-5,CD25 on IgD+ CD38+ B cell,GCST90001783,13,10.6408006175176,12,0.559926744879813,10.6407,0.5599
AVBLOCK,P<1e-5,CD14- CD16+ monocyte %monocyte,GCST90001584,23,17.0663920437531,22,0.75968686499476,17.0373,0.7613
AVBLOCK,P<1e-5,CD16+ monocyte %monocyte,GCST90001587,22,23.3849864565339,21,0.32380017671181,23.3828,0.3239
AVBLOCK,P<1e-5,Secreting CD4 regulatory T cell %CD4+ T cell,GCST90001494,26,19.7504157197026,25,0.759792035457853,19.7503,0.7598
AVBLOCK,P<1e-5,CD3 on CD45RA- CD4+ T cell,GCST90001845,28,23.2777063723582,27,0.67000691157201,23.2634,0.6708
AVBLOCK,P<1e-5,CD24 on IgD- CD38- B cell,GCST90001769,29,34.499235672326,28,0.184916865153044,34.315,0.1907
AVBLOCK,P<1e-5,CD3 on Effector Memory CD8+ T cell,GCST90001839,20,13.7375447653086,19,0.798770417933768,13.7059,0.8006
AVBLOCK,P<1e-5,CD62L- myeloid Dendritic Cell Absolute Count,GCST90001468,16,19.0234692405777,15,0.212672341741798,18.9677,0.2152
AVBLOCK,P<1e-5,CD62L- myeloid Dendritic Cell %Dendritic Cell,GCST90001469,24,18.8134966257152,23,0.7119949256745,18.8016,0.7127
AVBLOCK,P<1e-5,CD62L- CD86+ myeloid Dendritic Cell Absolute Count,GCST90001472,19,21.1704279154943,18,0.270902128121746,21.0063,0.2791
AVBLOCK,P<1e-5,CD62L- CD86+ myeloid Dendritic Cell %Dendritic Cell,GCST90001473,18,18.2636506122156,17,0.372393524655441,18.1781,0.3777
AVBLOCK,P<1e-5,CD45 on Natural Killer,GCST90001911,30,38.1541284289027,29,0.118946934585885,38.1521,0.119
AVBLOCK,P<1e-5,SSC-A on monocyte,GCST90002073,23,24.7335614429722,22,0.309985102422941,24.623,0.3154
AVBLOCK,P<1e-5,CD25++ CD45RA- CD4 not regulatory T cell %CD4+ T cell,GCST90001511,24,38.4589560156443,23,0.0227281944907504,38.402,0.0231
AVBLOCK,P<1e-5,CD27 on T cell,GCST90001799,21,26.8400844614812,20,0.139823349493449,26.8386,0.1399
AVBLOCK,P<1e-5,CD20 on naive-mature B cell,GCST90001759,23,17.2908932599485,22,0.747106461810328,17.286,0.7474
AVBLOCK,P<1e-5,CD39+ activated CD4 regulatory T cell %CD4 regulatory T cell,GCST90001491,23,18.3301904525891,22,0.686241678405386,18.33,0.6863
AVBLOCK,P<1e-5,CD39+ secreting CD4 regulatory T cell Absolute Count,GCST90001495,26,27.6065588772921,25,0.326280457683168,27.603,0.3264
AVBLOCK,P<1e-5,CD4 on CD39+ CD4+ T cell,GCST90002061,27,22.7891036986155,26,0.644849088151112,22.7889,0.6449
AVBLOCK,P<1e-5,HLA DR+ CD4+ T cell Absolute Count,GCST90001624,24,21.9215427752743,23,0.524992437057697,21.8558,0.529
AVBLOCK,P<1e-5,CD25++ CD8+ T cell %T cell,GCST90001679,17,21.0350333566478,16,0.177167854835003,21.0326,0.1773
AVBLOCK,P<1e-5,CD25++ CD8+ T cell %CD8+ T cell,GCST90001680,22,15.9035782952764,21,0.7750439923053,15.8929,0.7756
AVBLOCK,P<1e-5,CD27 on IgD- CD38+ B cell,GCST90001803,15,20.5840981366154,14,0.112775253885259,20.5771,0.113
AVBLOCK,P<1e-5,CD8 on Terminally Differentiated CD8+ T cell,GCST90002057,17,8.95751252691625,16,0.915152895429481,8.9543,0.9153
AVBLOCK,P<1e-5,Plasma Blast-Plasma Cell Absolute Count,GCST90001405,24,18.8880062587953,23,0.707705479080991,18.8603,0.7093
AVBLOCK,P<1e-5,CD66b++ myeloid cell Absolute Count,GCST90001529,16,14.6447844875743,15,0.477293536324564,14.6389,0.4777
AVBLOCK,P<1e-5,CD11c+ CD62L- monocyte %monocyte,GCST90001453,18,17.5973438230256,17,0.41465803943649,17.5742,0.4162
AVBLOCK,P<1e-5,BAFF-R on IgD+ CD24- B cell,GCST90001704,22,39.5770920442624,21,0.00836793743837717,39.5681,0.0084
AVBLOCK,P<1e-5,BAFF-R on IgD+ CD38- B cell,GCST90001705,22,31.7390672933214,21,0.0622070375915768,31.733,0.0623
AVBLOCK,P<1e-5,BAFF-R on IgD+ CD38dim B cell,GCST90001709,25,35.1269222034241,24,0.0665408983603273,35.1268,0.0665
AVBLOCK,P<1e-5,BAFF-R on naive-mature B cell,GCST90001716,23,36.992723169035,22,0.0236993711834601,36.9899,0.0237
AVBLOCK,P<1e-5,BAFF-R on IgD+ B cell,GCST90001719,24,40.5354877973744,23,0.0133753622417131,40.5336,0.0134
AVBLOCK,P<1e-5,BAFF-R on transitional B cell,GCST90001720,24,41.141181544884,23,0.0114096745098125,41.1408,0.0114
AVBLOCK,P<1e-5,BAFF-R on B cell,GCST90001829,21,32.1306923471595,20,0.0419254716755168,32.1307,0.0419
AVBLOCK,P<1e-5,HLA DR on plasmacytoid Dendritic Cell,GCST90002105,23,13.4024562155468,22,0.921325756255313,13.4024,0.9213
AVBLOCK,P<1e-5,IgD- CD38+ B cell Absolute Count,GCST90001420,20,14.0047862436225,19,0.783412227736173,13.9956,0.7839
AVBLOCK,P<1e-5,HLA DR on HLA DR+ CD8+ T cell,GCST90002115,20,27.9785908628233,19,0.0838415144603132,27.8687,0.086
AVBLOCK,P<1e-5,CD27 on switched memory B cell,GCST90001808,30,31.2064032182116,29,0.355759341162463,31.1918,0.3564
AVBLOCK,P<1e-5,CD4 on CD39+ secreting CD4 regulatory T cell,GCST90002069,23,28.8338919547946,22,0.149664681027907,28.7941,0.1508
AVBLOCK,P<1e-5,Naive CD4-CD8- T cell Absolute Count,GCST90001566,18,12.4432295489788,17,0.772587216746948,12.4272,0.7736
AVBLOCK,P<1e-5,Terminally Differentiated CD8+ T cell Absolute Count,GCST90001557,17,16.0924865422243,16,0.446524741649496,15.8269,0.4651
AVBLOCK,P<1e-5,CD27 on IgD+ CD24+ B cell,GCST90001800,31,35.0764528849206,30,0.239869218258194,34.8374,0.2486
AVBLOCK,P<1e-5,CD14- CD16+ monocyte Absolute Count,GCST90001579,18,10.0511697193046,17,0.901450762539011,10.0466,0.9016
AVBLOCK,P<1e-5,CD14+ CD16- monocyte %monocyte,GCST90001586,24,20.803026651631,23,0.593115143371464,20.8013,0.5932
AVBLOCK,P<1e-5,HVEM on Terminally Differentiated CD8+ T cell,GCST90001874,25,7.39035890311104,24,0.999535085824557,7.3898,0.9995
AVBLOCK,P<1e-5,Resting CD4 regulatory T cell %CD4+ T cell,GCST90001482,33,39.2914117053338,32,0.175631414544961,39.217,0.1777
AVBLOCK,P<1e-5,CD25 on IgD+ CD38- naive B cell,GCST90001781,25,26.6533767882729,24,0.32086747127246,26.636,0.3217
AVBLOCK,P<1e-5,CD28 on CD4+ T cell,GCST90001898,27,27.5228996091842,26,0.382326696477868,27.5229,0.3823
AVBLOCK,P<1e-5,Plasma Blast-Plasma Cell %B cell,GCST90001404,27,27.5219538939184,26,0.382374764378307,27.4824,0.3844
AVBLOCK,P<1e-5,Plasma Blast-Plasma Cell %lymphocyte,GCST90001435,18,13.1855560791846,17,0.723678259125049,13.1856,0.7237
AVBLOCK,P<1e-5,TCRgd T cell Absolute Count,GCST90001615,19,9.31450106764174,18,0.952005915606447,9.3123,0.9521
AVBLOCK,P<1e-5,TCRgd T cell %T cell,GCST90001616,18,15.6353236192116,17,0.549818182927327,15.6274,0.5504
AVBLOCK,P<1e-5,TCRgd T cell %lymphocyte,GCST90001617,20,17.5009345347862,19,0.555970177613796,17.4988,0.5561
AVBLOCK,P<1e-5,CD25 on CD24+ CD27+ B cell,GCST90001777,24,17.2526548515811,23,0.796671848332163,17.2525,0.7967
AVBLOCK,P<1e-5,Plasmacytoid Dendritic Cell Absolute Count,GCST90001460,30,38.6108227681032,29,0.10934368682366,38.5716,0.1101
AVBLOCK,P<1e-5,CD4+ CD8dim T cell %lymphocyte,GCST90001610,19,16.7249492543843,18,0.542085881780616,16.7091,0.5432
AVBLOCK,P<1e-5,CD4+ CD8dim T cell %leukocyte,GCST90001611,14,9.35743338907702,13,0.745444320780248,9.3549,0.7456
AVBLOCK,P<1e-5,CD19 on Plasma Blast-Plasma Cell,GCST90001739,23,38.4440867229562,22,0.0163271155260236,38.4414,0.0163
AVBLOCK,P<1e-5,SSC-A on myeloid Dendritic Cell,GCST90002071,18,8.53086666574569,17,0.953840958755378,8.5081,0.9544
AVBLOCK,P<1e-5,CD3 on Terminally Differentiated CD8+ T cell,GCST90001840,23,31.9471538927991,22,0.0783014554438822,31.8749,0.0796
AVBLOCK,P<1e-5,CD66b on Granulocytic Myeloid-Derived Suppressor Cells,GCST90001837,22,18.0070152954779,21,0.648560235607869,18.0069,0.6486
AVBLOCK,P<1e-5,Central Memory CD8+ T cell %T cell,GCST90001550,22,21.245975079399,21,0.44401295455089,21.2451,0.4441
AVBLOCK,P<1e-5,CD33 on CD33dim HLA DR+ CD11b+,GCST90001948,22,21.499721999466,21,0.428812157444341,21.4994,0.4288
AVBLOCK,P<1e-5,IgD on unswitched memory B cell,GCST90001826,22,36.5972467626381,21,0.0187165216032417,36.5834,0.0188
AVBLOCK,P<1e-5,CD19 on naive-mature B cell,GCST90001737,29,34.7522763860846,28,0.177193641463431,34.7289,0.1779
AVBLOCK,P<1e-5,Terminally Differentiated CD4-CD8- T cell %T cell,GCST90001574,24,25.66831454671,23,0.316772404332589,25.666,0.3169
AVBLOCK,P<1e-5,CCR2 on monocyte,GCST90002008,24,24.5240508835463,23,0.375282594838216,24.5239,0.3753
AVBLOCK,P<1e-5,CD4+ CD8dim T cell Absolute Count,GCST90001609,15,6.06897597108961,14,0.964722853571654,6.0651,0.9648
AVBLOCK,P<1e-5,CD39 on CD39+ CD4+ T cell,GCST90002032,20,19.4008551021905,19,0.431405635084339,19.3978,0.4316
AVBLOCK,P<1e-5,CD39+ resting CD4 regulatory T cell %resting CD4 regulatory T cell,GCST90001484,28,38.2698738629092,27,0.0736950772179448,38.2695,0.0737
AVBLOCK,P<1e-5,CD39+ secreting CD4 regulatory T cell %CD4 regulatory T cell,GCST90001497,22,21.0031211753635,21,0.458753607723858,20.9653,0.4611
AVBLOCK,P<1e-5,CD28 on CD39+ CD4+ T cell,GCST90001892,17,24.4839888476237,16,0.07945371843034,24.4772,0.0796
AVBLOCK,P<1e-5,CD39 on CD39+ activated CD4 regulatory T cell,GCST90002030,22,13.5562837391344,21,0.887894132926493,13.5092,0.8897
AVBLOCK,P<1e-5,CD14 on Monocytic Myeloid-Derived Suppressor Cells,GCST90002019,25,33.3114975956888,24,0.0976696552685675,33.2602,0.0987
AVBLOCK,P<1e-5,CD40 on CD14+ CD16- monocyte,GCST90001980,23,38.0837813325006,22,0.0179291948196979,38.0303,0.0182
AVBLOCK,P<1e-5,CD40 on monocytes,GCST90001985,29,29.8276113490691,28,0.37150554606733,29.8155,0.3721
AVBLOCK,P<1e-5,HVEM on Terminally Differentiated CD4+ T cell,GCST90001879,26,23.5597161563342,25,0.544914669283662,23.5528,0.5453
AVBLOCK,P<1e-5,CD11c+ CD62L- monocyte Absolute Count,GCST90001452,22,12.223139836775,21,0.933396967578009,12.2218,0.9334
AVBLOCK,P<1e-5,CD8dim Natural Killer T Absolute Count,GCST90001633,27,33.2371808371003,26,0.15532760446861,33.2304,0.1555
AVBLOCK,P<1e-5,CD8dim Natural Killer T %lymphocyte,GCST90001635,26,35.8606388239284,25,0.0737411944221403,35.8579,0.0738
AVBLOCK,P<1e-5,Activated CD4 regulatory T cell %CD4 regulatory T cell,GCST90001487,28,41.9555313337829,27,0.0332490442229761,41.867,0.0339
AVBLOCK,P<1e-5,CD25 on IgD+ CD24+ B cell,GCST90001778,26,27.3019800664781,25,0.340969088623077,27.2888,0.3416
AVBLOCK,P<1e-5,CD25 on IgD+ CD38- unswitched memory B cell,GCST90001782,24,20.4615546412708,23,0.613932979486874,20.4567,0.6142
AVBLOCK,P<1e-5,CD25++ CD45RA+ CD4 not regulatory T cell %CD4+ T cell,GCST90001508,32,53.8557407179199,31,0.00666088979779999,53.7504,0.0068
AVBLOCK,P<1e-5,CD25++ CD45RA+ CD4 not regulatory T cell %T cell,GCST90001509,27,18.5479381098093,26,0.854938338196853,18.4235,0.8598
AVBLOCK,P<1e-5,CD25 on CD45RA+ CD4 not regulatory T cell,GCST90001934,22,14.5346012456898,21,0.845559982845176,14.5098,0.8467
AVBLOCK,P<1e-5,Activated & secreting CD4 regulatory T cell Absolute Count,GCST90001501,22,20.2002117014518,21,0.508613213511668,19.9292,0.5257
AVBLOCK,P<1e-5,CD4 on CD4 regulatory T cell,GCST90002063,29,41.2285858854201,28,0.0511681324953717,41.2008,0.0515
AVBLOCK,P<1e-5,CD4 on secreting CD4 regulatory T cell,GCST90002068,28,33.5156057088512,27,0.180583513040287,33.4662,0.1821
AVBLOCK,P<1e-5,CD27 on CD20- B cell,GCST90001796,16,22.324573076358,15,0.0995715128245072,22.3076,0.1
AVBLOCK,P<1e-5,CCR2 on myeloid Dendritic Cell,GCST90002013,14,8.97249522547652,13,0.775017664698384,8.968,0.7754
AVBLOCK,P<1e-5,CD19 on CD24+ CD27+ B cell,GCST90001723,29,26.5619898723547,28,0.542182940824586,26.5544,0.5426
AVBLOCK,P<1e-5,HLA DR+ CD8+ T cell %T cell,GCST90001628,30,37.51603909881,29,0.133479923890559,37.4452,0.1352
AVBLOCK,P<1e-5,CD16-CD56 on Natural Killer,GCST90001884,28,23.7127541094068,27,0.646197642094153,23.6973,0.647
AVBLOCK,P<1e-5,CD45 on CD33- HLA DR-,GCST90002045,14,16.390791343186,13,0.228669562949704,16.3742,0.2295
AVBLOCK,P<1e-5,CD33dim HLA DR+ CD11b- Absolute Count,GCST90001527,28,33.3815813590434,27,0.184767593466022,33.3463,0.1859
AVBLOCK,P<1e-5,IgD- CD38dim B cell %lymphocyte,GCST90001426,23,31.8576084659371,22,0.0798562427800735,31.7845,0.0811
AVBLOCK,P<1e-5,Central Memory CD4-CD8- T cell %T cell,GCST90001565,16,8.30220314059556,15,0.911096183748674,8.3022,0.9111
AVBLOCK,P<1e-5,Activated & secreting CD4 regulatory T cell %CD4+ T cell,GCST90001503,32,32.9212686269892,31,0.373156983511989,32.9181,0.3733
AVBLOCK,P<1e-5,IgD+ CD38dim B cell %lymphocyte,GCST90001430,33,28.4398865662261,32,0.647444087907101,28.4394,0.6475
AVBLOCK,P<1e-5,Effector Memory CD4-CD8- T cell %CD4-CD8- T cell,GCST90001570,29,37.3636312025758,28,0.111055721578762,37.3621,0.1111
AVBLOCK,P<1e-5,Effector Memory CD4-CD8- T cell Absolute Count,GCST90001569,19,19.530100132319,18,0.359885830389316,19.4907,0.3622
AVBLOCK,P<1e-5,CX3CR1 on monocyte,GCST90001995,26,35.3779958069703,25,0.081582153720878,35.1753,0.0851
AVBLOCK,P<1e-5,CX3CR1 on CD14+ CD16- monocyte,GCST90001997,27,38.3489951498983,26,0.0561867198074271,38.096,0.0593
AVBLOCK,P<1e-5,CD20 on transitional B cell,GCST90001763,22,25.8931329896539,21,0.210553227137725,25.8922,0.2106
AVBLOCK,P<1e-5,CD25 on CD39+ CD4+ T cell,GCST90001961,23,21.4035445222152,22,0.495932479916526,21.3802,0.4974
AVBLOCK,P<1e-5,CD20 on IgD+ CD38+ B cell,GCST90001751,26,36.8188978319598,25,0.0600603379947718,36.818,0.0601
AVBLOCK,P<1e-5,CD14+ CD16+ monocyte Absolute Count,GCST90001580,20,52.5569163697961,19,5.45836251147609e-05,52.3742,1e-04
AVBLOCK,P<1e-5,CD14+ CD16+ monocyte %monocyte,GCST90001585,25,29.3085942205972,24,0.208732857106562,29.1791,0.2135
AVBLOCK,P<1e-5,CD45RA- CD28- CD8+ T cell %CD8+ T cell,GCST90001696,50,36.0087946510451,49,0.916414166623239,35.9984,0.9166
AVBLOCK,P<1e-5,CD8 on CD39+ CD8+ T cell,GCST90002121,25,15.9145300589115,24,0.891136297081826,15.9133,0.8912
AVBLOCK,P<1e-5,CCR2 on CD62L+ myeloid Dendritic Cell,GCST90002014,14,15.7933686169323,13,0.260468159168261,15.7585,0.2624
AVBLOCK,P<1e-5,IgD on IgD+ CD24- B cell,GCST90001821,29,30.4023343301287,28,0.344247831157019,30.386,0.345
AVBLOCK,P<1e-5,CD28+ CD4-CD8- T cell %T cell,GCST90001655,23,20.3707936308671,22,0.559857907096852,20.1258,0.5752
AVBLOCK,P<1e-5,CD4+/CD8+ T cell,GCST90001589,15,16.5337066809164,14,0.281878604270344,16.5245,0.2824
AVBLOCK,P<1e-5,CD8+ T cell %T cell,GCST90001593,23,20.5529412402415,22,0.548493917264867,20.4637,0.5541
AVBLOCK,P<1e-5,CD8+ T cell %leukocyte,GCST90001607,17,18.0923057265621,16,0.318519508064149,18.0856,0.3189
AVBLOCK,P<1e-5,CD38 on Plasma Blast-Plasma Cell,GCST90001817,15,19.8152374391801,14,0.136075016255606,19.7371,0.1387
AVBLOCK,P<1e-5,CD3 on T cell,GCST90001851,31,36.7136296156641,30,0.18563553489653,36.6967,0.1861
AVBLOCK,P<1e-5,CD28- CD127- CD25++ CD8+ T cell %CD8+ T cell,GCST90001674,18,14.8052738745141,17,0.609505229031203,14.8048,0.6095
AVBLOCK,P<1e-5,CD19 on IgD+ CD24+ B cell,GCST90001724,33,31.0782032603604,32,0.513040927476614,31.0612,0.5139
AVBLOCK,P<1e-5,CD62L- plasmacytoid Dendritic Cell %Dendritic Cell,GCST90001471,18,9.86700212711333,17,0.909094664993284,9.8662,0.9091
AVBLOCK,P<1e-5,SSC-A on HLA DR+ Natural Killer,GCST90002077,28,29.9874559700607,27,0.314717761440455,29.9393,0.3169
AVBLOCK,P<1e-5,IgD+ CD38+ B cell %B cell,GCST90001447,25,14.9099349662879,24,0.923366355239682,14.6585,0.9304
AVBLOCK,P<1e-5,CD14 on CD33+ HLA DR+ CD14dim,GCST90002020,18,28.6310108956567,17,0.0380838491170439,28.625,0.0381
AVBLOCK,P<1e-5,CD11c on myeloid Dendritic Cell,GCST90002087,30,19.0319584067708,29,0.92046572812387,19.031,0.9205
AVBLOCK,P<1e-5,CD27 on unswitched memory B cell,GCST90001806,30,38.1884755330113,29,0.118201955373864,38.1829,0.1183
AVBLOCK,P<1e-5,CD8 on CD28- CD8+ T cell,GCST90002120,20,21.1222734172739,19,0.330084153951843,21.1062,0.331
AVBLOCK,P<1e-5,CD11b on CD33+ HLA DR+ CD14dim,GCST90002097,21,25.4566023898385,20,0.184517533560092,25.4056,0.1864
AVBLOCK,P<1e-5,CD20 on IgD- CD38dim B cell,GCST90001757,34,36.605480055718,33,0.305005450673082,36.5926,0.3055
AVBLOCK,P<1e-5,CD24 on memory B cell,GCST90001771,31,43.3603674214956,30,0.0544415047536771,43.3534,0.0545
AVBLOCK,P<1e-5,CD4+CD8+ T cell %leukocyte,GCST90001608,22,21.7539204780721,21,0.413807435730136,21.7539,0.4138
AVBLOCK,P<1e-5,CD25 on IgD- CD38dim B cell,GCST90001789,20,9.28076664438465,19,0.968519705268688,9.2722,0.9687
AVBLOCK,P<1e-5,CD8 on naive CD8+ T cell,GCST90002055,16,25.6080704274536,15,0.0423496942767448,25.5638,0.0429
AVBLOCK,P<1e-5,CD38 on IgD+ CD24- B cell,GCST90001811,17,17.8620677013745,16,0.33203566164709,17.8588,0.3322
AVBLOCK,P<1e-5,CD8 on Natural Killer T,GCST90002059,18,18.4003428116916,17,0.364015903599856,18.3976,0.3642
AVBLOCK,P<1e-5,CD19 on IgD+ CD38- B cell,GCST90001726,31,33.181134708108,30,0.314735299772219,33.1811,0.3147
AVBLOCK,P<1e-5,CD20 on B cell,GCST90001743,23,19.79993501293,22,0.595552721646157,19.7997,0.5956
AVBLOCK,P<1e-5,CD20 on IgD+ B cell,GCST90001762,20,13.7907278453652,19,0.795751189912671,13.789,0.7958
AVBLOCK,P<1e-5,HLA DR+ T cell Absolute Count,GCST90001618,30,48.7652284566166,29,0.0122261313276413,48.7649,0.0122
AVBLOCK,P<1e-5,HLA DR+ CD8+ T cell %lymphocyte,GCST90001629,30,31.8512632112926,29,0.326439806366223,31.8268,0.3275
AVBLOCK,P<1e-5,Effector Memory CD8+ T cell Absolute Count,GCST90001554,24,37.7472345581192,23,0.0271078013250676,37.2052,0.0309
AVBLOCK,P<1e-5,CD8+ T cell Absolute Count,GCST90001592,21,26.965243099764,20,0.136244689673493,26.9301,0.1372
AVBLOCK,P<1e-5,CD127- CD8+ T cell Absolute Count,GCST90001684,13,16.7934579495485,12,0.157533298113394,16.7649,0.1587
AVBLOCK,P<1e-5,CD28 on CD28+ CD4+ T cell,GCST90001894,27,29.3061589781582,26,0.297344566971427,29.3061,0.2973
AVBLOCK,P<1e-5,CD45RA- CD4+ T cell Absolute Count,GCST90001534,16,20.755836718792,15,0.144813480914058,20.7459,0.1451
AVBLOCK,P<1e-5,CD27 on IgD- CD38- B cell,GCST90001802,31,41.4149460431064,30,0.0802390883054398,41.406,0.0804
AVBLOCK,P<1e-5,CD64 on CD14+ CD16+ monocyte,GCST90002011,12,19.0828200607503,11,0.0596229680705694,19.0528,0.0602
AVBLOCK,P<1e-5,Switched memory B cell %B cell,GCST90001402,13,16.4870532209293,12,0.169932266785954,16.48,0.1702
AVBLOCK,P<1e-5,IgD- CD38- B cell %B cell,GCST90001445,12,16.648483665472,11,0.118711889816751,16.6477,0.1187
AVBLOCK,P<1e-5,CD33 on CD33+ HLA DR+ CD14dim,GCST90001947,27,30.7674910827107,26,0.237042495616845,30.6666,0.2409
AVBLOCK,P<1e-5,FSC-A on HLA DR+ Natural Killer,GCST90001970,20,10.6744571987057,19,0.934303876067471,10.6412,0.9353
AVBLOCK,P<1e-5,HLA DR on CD33dim HLA DR+ CD11b-,GCST90002111,18,24.2224169043587,17,0.113516640459862,24.2209,0.1136
AVBLOCK,P<1e-5,CD33 on CD33+ HLA DR+,GCST90001956,23,25.4662079578142,22,0.275303905733003,25.399,0.2784
AVBLOCK,P<1e-5,CD33 on CD33+ HLA DR+ CD14-,GCST90001957,21,21.5132733655332,20,0.367494545245392,21.4804,0.3694
AVBLOCK,P<1e-5,CD127 on T cell,GCST90001922,18,25.8021718573438,17,0.0781409556655191,25.7884,0.0784
AVBLOCK,P<1e-5,CD8+ and CD8dim T cell %leukocyte,GCST90001614,15,16.5110487160741,14,0.283170790016491,16.5024,0.2837
AVBLOCK,P<1e-5,CD45 on granulocyte,GCST90001913,15,16.7106800027337,14,0.271923850115614,16.5949,0.2784
AVBLOCK,P<1e-5,IgD- CD27- B cell %B cell,GCST90001399,15,10.206339181263,14,0.746947454770267,10.184,0.7486
AVBLOCK,P<1e-5,CD27 on CD24+ CD27+ B cell,GCST90001798,30,38.5893700187621,29,0.109780322711107,38.5241,0.1111
AVBLOCK,P<1e-5,CD27 on IgD- CD38dim B cell,GCST90001804,31,45.5486838241517,30,0.0342929565224428,45.5375,0.0344
AVBLOCK,P<1e-5,CD27 on memory B cell,GCST90001805,25,18.3388360448593,24,0.786268978418103,18.3233,0.787
AVBLOCK,P<1e-5,HLA DR+ CD4+ T cell %lymphocyte,GCST90001626,21,29.5525468028086,20,0.0774357164640119,29.5422,0.0776
AVBLOCK,P<1e-5,BAFF-R on IgD+ CD38- unswitched memory B cell,GCST90001707,19,12.1586107593448,18,0.838941335463985,12.1489,0.8395
AVBLOCK,P<1e-5,CD25 on CD39+ activated CD4 regulatory T cell,GCST90001940,12,10.6773236799383,11,0.470678497097731,10.673,0.4711
AVBLOCK,P<1e-5,CD45RA+ CD8+ T cell %T cell,GCST90001562,35,19.0731891780199,34,0.981689186487321,19.073,0.9817
AVBLOCK,P<1e-5,CD25 on transitional B cell,GCST90001795,22,12.8112144423697,21,0.915092321096317,12.8079,0.9152
AVBLOCK,P<1e-5,CD4-CD8- T cell Absolute Count,GCST90001598,20,24.7477279745625,19,0.169014708004648,24.6687,0.1717
AVBLOCK,P<1e-5,CD4-CD8- T cell %leukocyte,GCST90001613,20,13.2476146648357,19,0.825657133478391,13.2453,0.8258
AVBLOCK,P<1e-5,PDL-1 on CD14- CD16+ monocyte,GCST90001999,19,20.2559612840642,18,0.318595112357364,20.2536,0.3187
AVBLOCK,P<1e-5,Activated & resting CD4 regulatory T cell %CD4+ T cell,GCST90001500,27,32.2134135800585,26,0.186159045280467,32.2033,0.1865
AVBLOCK,P<1e-5,CD45RA+ CD8+ T cell Absolute Count,GCST90001560,28,21.4635605539489,27,0.764111505806512,21.4092,0.7668
AVBLOCK,P<1e-5,CD11b on CD33dim HLA DR-,GCST90002095,23,13.250187272644,22,0.925947969454523,13.2469,0.926
AVBLOCK,P<1e-5,CD62L- HLA DR++ monocyte %monocyte,GCST90001455,12,12.6818143831444,11,0.314629494335794,12.6605,0.3161
AVBLOCK,P<1e-5,IgD- CD24- B cell %B cell,GCST90001413,18,19.0144734907412,17,0.327702031501642,19.0039,0.3283
AVBLOCK,P<1e-5,IgD- CD24- B cell Absolute Count,GCST90001414,18,7.65652470044753,17,0.973350249038617,7.6539,0.9734
AVBLOCK,P<1e-5,IgD- CD24- B cell %lymphocyte,GCST90001440,24,28.7374557581476,23,0.189172517691616,28.5774,0.1947
AVBLOCK,P<1e-5,CD4-CD8- T cell %T cell,GCST90001599,15,9.05218400005892,14,0.827693201278266,9.0506,0.8278
AVBLOCK,P<1e-5,CD4-CD8- Natural Killer T Absolute Count,GCST90001636,10,5.62127039342388,9,0.777142667424264,5.6167,0.7776
AVBLOCK,P<1e-5,CD4-CD8- Natural Killer T %T cell,GCST90001637,30,21.7375051906824,29,0.830894384853102,21.7373,0.8309
AVBLOCK,P<1e-5,CD4-CD8- Natural Killer T %lymphocyte,GCST90001638,29,20.3294272830242,28,0.852161098267944,20.3294,0.8522
AVBLOCK,P<1e-5,Naive CD4+ T cell %CD4+ T cell,GCST90001541,35,32.6233382648883,34,0.535070341399993,32.6216,0.5352
AVBLOCK,P<1e-5,CD3 on Terminally Differentiated CD4+ T cell,GCST90001844,23,20.8226947452872,22,0.531717934254007,20.8099,0.5325
AVBLOCK,P<1e-5,CD25 on IgD- CD38+ B cell,GCST90001788,20,12.4229777900621,19,0.866758383152694,12.4217,0.8668
AVBLOCK,P<1e-5,CD20 on CD24+ CD27+ B cell,GCST90001745,29,23.7388460097658,28,0.695242440240496,23.7378,0.6953
AVBLOCK,P<1e-5,CD8 on CD8+ T cell,GCST90002058,27,28.0198315973182,26,0.357483210842509,28.0198,0.3575
AVBLOCK,P<1e-5,CD8dim T cell Absolute Count,GCST90001596,27,21.9570993175729,26,0.69104165489401,21.9318,0.6924
AVBLOCK,P<1e-5,CD3 on Central Memory CD8+ T cell,GCST90001846,19,15.6989153878697,18,0.613551008224865,15.6951,0.6138
AVBLOCK,P<1e-5,CD3 on HLA DR+ T cell,GCST90001847,27,20.3635720307145,26,0.774021285060177,20.3495,0.7747
AVBLOCK,P<1e-5,HLA DR+ Natural Killer Absolute Count,GCST90001648,18,16.4141210119886,17,0.494690376247872,16.4108,0.4949
AVBLOCK,P<1e-5,CD45 on HLA DR+ Natural Killer,GCST90001912,12,13.8470120818519,11,0.241574847167364,13.8349,0.2423
AVBLOCK,P<1e-5,CD28+ CD45RA- CD8+ T cell %CD8+ T cell,GCST90001692,28,22.2696441358881,27,0.723552396732941,22.2654,0.7238
AVBLOCK,P<1e-5,IgD+ CD24+ B cell %B cell,GCST90001411,20,17.5880688747902,19,0.55009195122089,17.5409,0.5533
AVBLOCK,P<1e-5,CD20 on IgD+ CD38- B cell,GCST90001748,25,30.4260264898347,24,0.17103022254384,30.4083,0.1716
AVBLOCK,P<1e-5,CD20 on memory B cell,GCST90001758,28,31.9989066089098,27,0.232124725662536,31.9139,0.2353
AVBLOCK,P<1e-5,Lymphocyte %leukocyte,GCST90001602,22,23.495781338673,21,0.318124515796076,23.4777,0.319
AVBLOCK,P<1e-5,CD45 on B cell,GCST90001910,15,31.6832737745092,14,0.00444251599250734,31.64,0.0045
AVBLOCK,P<1e-5,CD25 on secreting CD4 regulatory T cell,GCST90001941,14,21.9404654473793,13,0.0562911131239465,21.9384,0.0563
AVBLOCK,P<1e-5,HLA DR on CD33+ HLA DR+ CD14dim,GCST90002109,20,14.1498622350524,19,0.774886053505336,14.0893,0.7785
AVBLOCK,P<1e-5,IgD- CD27- B cell %lymphocyte,GCST90001433,18,13.0112256499138,17,0.735434221171122,12.9846,0.7372
AVBLOCK,P<1e-5,CD45 on CD33dim HLA DR-,GCST90002050,18,13.3231031854823,17,0.714301960478543,13.291,0.7165
AVBLOCK,P<1e-5,CD45 on CD14+ monocyte,GCST90001909,17,15.6081770499754,16,0.480625289548492,15.5616,0.484
AVBLOCK,P<1e-5,CD28+ CD45RA- CD8dim T cell Absolute Count,GCST90001669,37,29.6667766471047,36,0.762816145807118,29.6002,0.7656
AVBLOCK,P<1e-5,CD28+ CD4-CD8- T cell Absolute Count,GCST90001657,12,15.4904626756445,11,0.161125889796286,15.4732,0.1618
AVBLOCK,P<1e-5,CD19 on CD20- B cell,GCST90001721,22,26.9515200367215,21,0.172463634321058,26.8638,0.1754
AVBLOCK,P<1e-5,CD25 on IgD- CD24- B cell,GCST90001785,26,24.0194515208229,25,0.518249841662974,23.9656,0.5214
AVBLOCK,P<1e-5,CD62L on CD62L+ plasmacytoid Dendritic Cell,GCST90001832,15,21.5677371178917,14,0.0879433979996001,21.3069,0.094
AVBLOCK,P<1e-5,CD39+ CD8+ T cell %T cell,GCST90001670,20,16.0463525116065,19,0.654183083176578,16.0416,0.6545
AVBLOCK,P<1e-5,CD39+ CD8+ T cell %CD8+ T cell,GCST90001671,21,16.6655817656793,20,0.674569799846439,16.6219,0.6774
AVBLOCK,P<1e-5,CD39+ CD8+ T cell Absolute Count,GCST90001672,24,26.7273311265323,23,0.267747066772026,26.7269,0.2678
AVBLOCK,P<1e-5,HVEM on CD4+ T cell,GCST90001875,20,24.022694440898,19,0.195283268161699,23.9536,0.1979
AVBLOCK,P<1e-5,HVEM on CD45RA- CD4+ T cell,GCST90001880,19,29.6156326406094,18,0.0413551864699401,29.6155,0.0414
AVBLOCK,P<1e-5,Effector Memory CD8+ T cell %T cell,GCST90001556,15,17.145777595951,14,0.248492571133363,17.0106,0.2556
AVBLOCK,P<1e-5,CD3 on Natural Killer T,GCST90001848,17,16.0086255623278,16,0.452358965766141,15.9405,0.4571
AVBLOCK,P<1e-5,CD45 on CD66b++ myelod cell,GCST90002048,16,15.9990589234364,15,0.382114209062,15.8797,0.3901
AVBLOCK,P<1e-5,Granulocyte Absolute Count,GCST90001651,24,23.1943643176958,23,0.44946997184254,23.1484,0.4521
AVBLOCK,P<1e-5,Transitional B cell Absolute Count,GCST90001577,31,26.8747740573812,30,0.629839046284998,26.734,0.6372
AVBLOCK,P<1e-5,Granulocyte %leukocyte,GCST90001652,25,34.6931799067109,24,0.0730817728476874,34.5981,0.0746
AVBLOCK,P<1e-5,HLA DR on HLA DR+ Natural Killer,GCST90002117,28,33.2064268584132,27,0.190342777144211,33.2034,0.1904
AVBLOCK,P<1e-5,Natural Killer %CD3- lymphocyte,GCST90001646,27,28.2022705957937,26,0.348577416238112,28.2018,0.3486
AVBLOCK,P<1e-5,CD80 on myeloid Dendritic Cell,GCST90002035,26,30.1534538796783,25,0.218594539175239,30.0981,0.2206
AVBLOCK,P<1e-5,CD45 on Immature Myeloid-Derived Suppressor Cells,GCST90002052,10,6.40166396070566,9,0.699141660533582,6.4017,0.6991
AVBLOCK,P<1e-5,CD3 on HLA DR+ CD8+ T cell,GCST90001850,26,23.9092440536305,25,0.524622499076329,23.9021,0.525
AVBLOCK,P<1e-5,Resting CD4 regulatory T cell Absolute Count,GCST90001480,25,28.4479474309855,24,0.241600508753885,28.3553,0.2453
AVBLOCK,P<1e-5,CD127 on CD28+ CD4+ T cell,GCST90001924,20,22.9600112209169,19,0.239107722764074,22.9563,0.2393
AVBLOCK,P<1e-5,CD20 on IgD+ CD38- naive B cell,GCST90001749,18,25.7116940856308,17,0.0798757852507696,25.6787,0.0805
AVBLOCK,P<1e-5,CD25 on IgD+ CD38dim B cell,GCST90001784,23,17.7238026835838,22,0.722232673287068,17.6744,0.7251
AVBLOCK,P<1e-5,CD25 on IgD+ B cell,GCST90001794,27,23.7649089400722,26,0.58940609372894,23.7569,0.5899
AVBLOCK,P<1e-5,CD8dim T cell %T cell,GCST90001597,19,15.3238522990914,18,0.639623347140895,15.3238,0.6396
AVBLOCK,P<1e-5,CD8dim T cell %leukocyte,GCST90001612,18,13.1101811757251,17,0.728779379269586,13.1065,0.729
AVBLOCK,P<1e-5,CD28- CD8dim T cell %T cell,GCST90001661,25,23.1428513526821,24,0.511378646332592,23.1286,0.5122
AVBLOCK,P<1e-5,CD20- B cell %B cell,GCST90001419,19,22.2969504626656,18,0.219067926204491,22.291,0.2193
AVBLOCK,P<1e-5,CD20- B cell Absolute Count,GCST90001421,22,18.482001923525,21,0.618331082685831,18.4754,0.6188
AVBLOCK,P<1e-5,CD45RA on Terminally Differentiated CD8+ T cell,GCST90002101,14,8.47179264413536,13,0.811564792035036,8.4493,0.8132
AVBLOCK,P<1e-5,CD3 on naive CD8+ T cell,GCST90001838,25,22.4809382402327,24,0.550584886299612,22.4665,0.5514
AVBLOCK,P<1e-5,CD3 on CD28+ CD45RA+ CD8+ T cell,GCST90001864,25,22.4277564792778,24,0.553751908907938,22.4138,0.5546
AVBLOCK,P<1e-5,IgD+ B cell %Lymphocyte,GCST90001424,18,27.9479531506193,17,0.045550044567583,27.8108,0.0472
AVBLOCK,P<1e-5,Naive-mature B cell %lymphocyte,GCST90001437,21,12.9392371295965,20,0.879975853409668,12.9294,0.8804
AVBLOCK,P<1e-5,IgD+ CD24- B cell %lymphocyte,GCST90001441,21,23.4298040962861,20,0.268186168266896,23.3641,0.2713
AVBLOCK,P<1e-5,IgD+ CD24- B cell %B cell,GCST90001415,18,22.625807220156,17,0.161833545503775,22.4418,0.1683
AVBLOCK,P<1e-5,CD19 on B cell,GCST90002028,24,33.6862717337173,23,0.0698326205240883,33.6813,0.0699
AVBLOCK,P<1e-5,CCR7 on naive CD4+ T cell,GCST90001907,24,18.662772250681,23,0.720614668845935,18.6241,0.7228
AVBLOCK,P<1e-5,CD28 on CD39+ activated CD4 regulatory T cell,GCST90001886,19,22.6861704154297,18,0.202939397771058,22.6318,0.2051
AVBLOCK,P<1e-5,CD28 on activated & secreting CD4 regulatory T cell,GCST90001889,25,31.8128711937696,24,0.131701360473342,31.8129,0.1317
AVBLOCK,P<1e-5,CD28 on CD4 regulatory T cell,GCST90001899,25,11.1261598201709,24,0.988083386235366,11.1076,0.9882
AVBLOCK,P<1e-5,CD28 on activated CD4 regulatory T cell,GCST90001902,18,24.4735705009336,17,0.107128239254851,24.3055,0.1114
AVBLOCK,P<1e-5,CD25 on activated CD4 regulatory T cell,GCST90001939,17,19.8507651562815,16,0.227017475974667,19.8344,0.2278
AVBLOCK,P<1e-5,CD3 on CD39+ secreting CD4 regulatory T cell,GCST90001856,27,27.2461551203869,26,0.396514776307077,27.2354,0.3971
AVBLOCK,P<1e-5,BAFF-R on CD20- CD38- B cell,GCST90001701,17,18.6569369179233,16,0.286853966267875,18.644,0.2876
AVBLOCK,P<1e-5,SSC-A on CD8+ T cell,GCST90002082,18,22.7587045009184,17,0.15727219581184,22.7496,0.1576
AVBLOCK,P<1e-5,CD33dim HLA DR+ CD11b+ %CD33dim HLA DR+,GCST90001526,24,35.6448929110255,23,0.0448256423088175,35.6205,0.0451
AVBLOCK,P<1e-5,CD33dim HLA DR+ CD11b- %CD33dim HLA DR+,GCST90001528,24,25.713586835918,23,0.314572346476744,25.6763,0.3164
AVBLOCK,P<1e-5,CD25 on naive-mature B cell,GCST90001791,23,15.9173364164912,22,0.819967144581929,15.9173,0.82
AVBLOCK,P<1e-5,CD20- CD38- B cell Absolute Count,GCST90001423,14,15.5428237969889,13,0.274700494119889,15.5428,0.2747
AVBLOCK,P<1e-5,CD25 on B cell,GCST90001775,25,22.0158849214138,24,0.578318608275002,22.0144,0.5784
AVBLOCK,P<1e-5,FSC-A on plasmacytoid Dendritic Cell,GCST90001964,26,13.6923309548493,25,0.966833995750561,13.6822,0.967
AVBLOCK,P<1e-5,HLA DR on CD33+ HLA DR+ CD14-,GCST90002108,25,23.3832566741523,24,0.49727816466931,23.2479,0.5052
AVBLOCK,P<1e-5,CD28 on CD28+ CD45RA- CD8+ T cell,GCST90001893,17,12.8497398576688,16,0.68371096214771,12.8472,0.6839
AVBLOCK,P<1e-5,CD19 on switched memory B cell,GCST90001740,27,27.3204676805539,26,0.392681207780044,27.1273,0.4027
AVBLOCK,P<1e-5,CD19 on IgD+ CD24- B cell,GCST90001725,25,24.7120440325346,24,0.421541158542337,24.712,0.4215
AVBLOCK,P<1e-5,FSC-A on granulocyte,GCST90001966,21,32.7598558128873,20,0.035844746199274,32.7346,0.0361
AVBLOCK,P<1e-5,CD3 on Naive CD4+ T cell,GCST90001842,30,29.2048589952415,29,0.454435243954357,29.2044,0.4545
AVBLOCK,P<1e-5,CCR7 on naive CD8+ T cell,GCST90001908,24,24.2605647233413,23,0.389499461128413,24.2119,0.3922
AVBLOCK,P<1e-5,CD25++ CD4+ T cell Absolute Count,GCST90001504,23,29.8268984250931,22,0.122732749762238,29.766,0.1243
AVBLOCK,P<1e-5,CD25++ CD4+ T cell %CD4+ T cell,GCST90001505,26,23.9983987100205,25,0.519466099460845,23.9872,0.5201
AVBLOCK,P<1e-5,Memory B cell %lymphocyte,GCST90001436,28,31.2358252016352,27,0.261566436993552,31.2336,0.2617
AVBLOCK,P<1e-5,CD4 on monocyte,GCST90001958,15,17.334913928881,14,0.238769203735023,17.3312,0.239
AVBLOCK,P<1e-5,SSC-A on T cell,GCST90002080,22,27.3423061336121,21,0.159808080535665,27.1496,0.166
AVBLOCK,P<1e-5,CD28+ CD45RA+ CD8dim T cell %T cell,GCST90001664,41,40.4272505991313,40,0.451387550648477,40.4272,0.4514
AVBLOCK,P<1e-5,CD16-CD56 on HLA DR+ Natural Killer,GCST90001885,24,22.7256478487118,23,0.476883909995089,22.7242,0.477
AVBLOCK,P<1e-5,CD20 on IgD+ CD38- unswitched memory B cell,GCST90001750,19,12.4646573579346,18,0.822344171927096,12.4505,0.8231
AVBLOCK,P<1e-5,FSC-A on HLA DR+ CD8+ T cell,GCST90001978,18,20.4674000861178,17,0.251022956517587,20.4252,0.2531
AVBLOCK,P<1e-5,CD11b on CD14+ monocyte,GCST90002091,20,21.1553434354492,19,0.328281191699616,21.0902,0.3318
AVBLOCK,P<1e-5,CD11b on Monocytic Myeloid-Derived Suppressor Cells,GCST90002094,16,13.7770524285993,15,0.542500835248647,13.7585,0.5439
AVBLOCK,P<1e-5,CD45 on HLA DR+ CD4+ T cell,GCST90001920,18,12.9479309002394,17,0.739664710577903,12.9479,0.7397
AVBLOCK,P<1e-5,CD11c+ HLA DR++ monocyte Absolute Count,GCST90001456,17,16.7825921194391,16,0.399798547058026,16.7811,0.3999
AVBLOCK,P<1e-5,CD28 on CD45RA+ CD4+ T cell,GCST90001890,13,9.28233485139429,12,0.678644815865529,9.2716,0.6796
AVBLOCK,P<1e-5,CD25 on CD4+ T cell,GCST90001960,16,18.8134608078481,15,0.222311737896839,18.7828,0.2237
AVBLOCK,P<1e-5,CD4 on resting CD4 regulatory T cell,GCST90002064,13,15.4922191991079,12,0.215615199112316,15.4477,0.2179
AVBLOCK,P<1e-5,CD86 on myeloid Dendritic Cell,GCST90001903,22,13.6533780625875,21,0.884022683028491,13.5924,0.8865
AVBLOCK,P<1e-5,CD19 on IgD+ CD38dim B cell,GCST90001730,24,22.0685836704116,23,0.516114614699018,22.0684,0.5161
AVBLOCK,P<1e-5,CD19 on IgD- CD38dim B cell,GCST90001735,28,25.7927303018362,27,0.53012552967266,25.6784,0.5365
AVBLOCK,P<1e-5,CD38 on CD3- CD19-,GCST90001810,18,23.3957111908784,17,0.136805921807534,23.395,0.1368
AVBLOCK,P<1e-5,CD25 on memory B cell,GCST90001790,24,11.0576740273743,23,0.982592274194316,10.8615,0.9846
AVBLOCK,P<1e-5,CD25 on unswitched memory B cell,GCST90001792,24,21.1383916319921,23,0.572636350257774,21.0638,0.5772
AVBLOCK,P<1e-5,CD62L- monocyte Absolute Count,GCST90001450,20,24.6013928541979,19,0.174085338465809,24.5768,0.1749
AVBLOCK,P<1e-5,CD62L- monocyte %monocyte,GCST90001451,23,23.3784186213435,22,0.380632150972324,23.3682,0.3812
AVBLOCK,P<1e-5,HLA DR on Dendritic Cell,GCST90002106,19,15.976450663351,18,0.594190921803072,15.9728,0.5944
AVBLOCK,P<1e-5,Naive CD4-CD8- T cell %T cell,GCST90001568,20,13.4296857984563,19,0.815866163919207,13.4073,0.8171
AVBLOCK,P<1e-5,B cell %lymphocyte,GCST90001644,35,31.6233826690116,34,0.584639004151308,31.6135,0.5851
AVBLOCK,P<1e-5,CD24+ CD27+ B cell %lymphocyte,GCST90001442,24,14.6481764168005,23,0.906798198187745,14.6471,0.9068
AVBLOCK,P<1e-5,Naive-mature B cell %B cell,GCST90001408,29,39.7654616868774,28,0.0693733839804691,39.5697,0.0722
AVBLOCK,P<1e-5,Terminally Differentiated CD8+ T cell %CD8+ T cell,GCST90001558,23,17.584362621256,22,0.730327378974624,17.5832,0.7304
AVBLOCK,P<1e-5,HVEM on Effector Memory CD8+ T cell,GCST90001873,18,14.6296241586064,17,0.622140068694792,14.5595,0.6272
AVBLOCK,P<1e-5,CCR2 on CD14- CD16+ monocyte,GCST90001982,28,26.9532399409784,27,0.466319931426406,26.9405,0.467
AVBLOCK,P<1e-5,HLA DR on CD14+ CD16- monocyte,GCST90001988,22,15.9422323701597,21,0.772888035900655,15.9421,0.7729
AVBLOCK,P<1e-5,HLA DR on CD14+ monocyte,GCST90001991,21,17.7299402160081,20,0.605193143450233,17.7286,0.6053
AVBLOCK,P<1e-5,CD64 on CD14- CD16-,GCST90002001,16,18.1133278807181,15,0.256754464783952,18.0507,0.26
AVBLOCK,P<1e-5,CD62L- Dendritic Cell Absolute Count,GCST90001462,18,11.6220589958468,17,0.822463110343099,11.4942,0.8297
AVBLOCK,P<1e-5,FSC-A on HLA DR+ CD4+ T cell,GCST90001977,17,11.4942893201265,16,0.777997514515943,11.4935,0.7781
AVBLOCK,P<1e-5,CD45 on CD4+ T cell,GCST90001916,13,7.59937348845852,12,0.81560252560983,7.582,0.8169
AVBLOCK,P<1e-5,CD64 on CD14+ CD16- monocyte,GCST90001987,35,46.0170212280955,34,0.0818209144761923,45.8671,0.0841
AVBLOCK,P<1e-5,CD4+ T cell %leukocyte,GCST90001606,13,24.273533260448,12,0.0186664082288027,24.273,0.0187
AVBLOCK,P<1e-5,Effector Memory CD4+ T cell Absolute Count,GCST90001542,23,26.2829076077162,22,0.239733806980982,26.2755,0.24
AVBLOCK,P<1e-5,CD86 on CD62L+ myeloid Dendritic Cell,GCST90001904,22,21.4839969318714,21,0.429747877248427,21.4771,0.4302
AVBLOCK,P<1e-5,Unswitched memory B cell Absolute Count,GCST90001398,20,20.5388708465207,19,0.362830337576626,20.5387,0.3628
AVBLOCK,P<1e-5,CD16 on CD14+ CD16+ monocyte,GCST90002005,22,15.4779617892951,21,0.798228074269442,15.4469,0.7999
AVBLOCK,P<1e-5,CD24 on unswitched memory B cell,GCST90001772,25,23.6064535973487,24,0.484276079563619,23.6062,0.4843
AVBLOCK,P<1e-5,CD8dim Natural Killer T %T cell,GCST90001634,19,21.8821999763298,18,0.237257106075163,21.8303,0.2396
AVBLOCK,P<1e-5,CD28 on resting CD4 regulatory T cell,GCST90001900,6,3.67839159981617,5,0.596582876250071,3.6781,0.5966
AVBLOCK,P<1e-5,IgD- CD38- B cell Absolute Count,GCST90001446,14,22.7659325552501,13,0.0445724790668653,22.7586,0.0447
AVBLOCK,P<1e-5,CD86+ myeloid Dendritic Cell Absolute Count,GCST90001464,21,10.6835211953146,20,0.954020477667875,10.6721,0.9543
AVBLOCK,P<1e-5,CD62L- Dendritic Cell %Dendritic Cell,GCST90001463,23,19.8253565120922,22,0.593963182385693,19.7991,0.5956
AVBLOCK,P<1e-5,FSC-A on B cell,GCST90001968,20,20.7170560461278,19,0.352643478784492,20.6309,0.3575
AVBLOCK,P<1e-5,Naive CD4+ T cell Absolute Count,GCST90001540,25,33.371896611381,24,0.0964664973421953,33.2694,0.0985
AVBLOCK,P<1e-5,CD40 on CD14+ CD16+ monocyte,GCST90001981,21,19.6049956174125,20,0.482870031698873,19.6049,0.4829
AVBLOCK,P<1e-5,IgD- CD38+ B cell %lymphocyte,GCST90001425,30,35.2819453223249,29,0.19543046769563,35.0091,0.2042
AVBLOCK,P<1e-5,CD28- CD8+ T cell Absolute Count,GCST90001687,14,16.0749791469229,13,0.245104721114535,16.0292,0.2476
AVBLOCK,P<1e-5,CD25 on activated & secreting CD4 regulatory T cell,GCST90001943,21,16.3453205632373,20,0.694983289404,16.2264,0.7025
AVBLOCK,P<1e-5,Effector Memory CD4+ T cell %T cell,GCST90001544,20,13.3244108406352,19,0.821557243342747,13.3096,0.8224
AVBLOCK,P<1e-5,HVEM on Central Memory CD8+ T cell,GCST90001882,18,20.2924822237123,17,0.259543331723627,20.281,0.2601
AVBLOCK,P<1e-5,CD127 on CD28- CD8+ T cell,GCST90001930,21,21.4656633681095,20,0.370194067534411,21.4624,0.3704
AVBLOCK,P<1e-5,HLA DR on monocyte,GCST90002010,17,30.4599197309091,16,0.0157584734159441,30.4449,0.0158
AVBLOCK,P<1e-5,CD25++ CD4+ T cell %T cell,GCST90001506,20,12.0606532984916,19,0.883016409403001,12.0606,0.883
AVBLOCK,P<1e-5,CD86+ myeloid Dendritic Cell %Dendritic Cell,GCST90001465,23,15.228844617465,22,0.852231271178331,15.1012,0.8579
AVBLOCK,P<1e-5,CD3 on CD28+ CD4+ T cell,GCST90001861,24,29.3080590022133,23,0.170312294956046,29.2842,0.1711
AVBLOCK,P<1e-5,CD3 on CD4+ T cell,GCST90001867,29,33.1290851741818,28,0.231023669021324,33.1269,0.2311
AVBLOCK,P<1e-5,CD11c on CD62L+ myeloid Dendritic Cell,GCST90002088,26,15.6193849539056,25,0.925692816321639,15.6127,0.9259
AVBLOCK,P<1e-5,CD127 on granulocyte,GCST90001926,31,39.7709794348966,30,0.109376746330053,39.7527,0.1097
AVBLOCK,P<1e-5,CD45 on lymphocyte,GCST90002041,17,13.9606779770682,16,0.601643353882307,13.8015,0.6135
AVBLOCK,P<1e-5,CD25++ CD45RA- CD4 not regulatory T cell Absolute Count,GCST90001510,20,13.8970566233143,19,0.789658932732637,13.8854,0.7903
AVBLOCK,P<1e-5,Central Memory CD8+ T cell Absolute Count,GCST90001548,25,24.3645528765273,24,0.440916934234785,24.356,0.4414
AVBLOCK,P<1e-5,CD11c+ monocyte Absolute Count,GCST90001448,15,14.9600367987174,14,0.380891990138789,14.9597,0.3809
AVBLOCK,P<1e-5,Effector Memory CD4+ T cell %CD4+ T cell,GCST90001543,28,17.1431247630809,27,0.927532798613796,17.1153,0.9282
AVBLOCK,P<1e-5,BAFF-R on unswitched memory B cell,GCST90001717,24,23.0602348622138,23,0.457258045172278,23.0451,0.4581
AVBLOCK,P<1e-5,CD19 on unswitched memory B cell,GCST90001738,21,21.9317503303632,20,0.34422551649534,21.9311,0.3443
AVBLOCK,P<1e-5,Immature Myeloid-Derived Suppressor Cells Absolute Count,GCST90001515,22,22.5756979077494,21,0.367011365738523,22.5744,0.3671
AVBLOCK,P<1e-5,CD25 on CD39+ CD4 regulatory T cell,GCST90001935,17,11.5471917708626,16,0.774518398149207,11.5409,0.7749
AVBLOCK,P<1e-5,CD3 on CD28+ CD4-CD8- T cell,GCST90001862,16,16.3095575707677,15,0.361781932198456,16.2336,0.3667
AVBLOCK,P<1e-5,CD25++ CD8+ T cell Absolute Count,GCST90001681,27,20.0400734800485,26,0.7896535925976,20.003,0.7914
AVBLOCK,P<1e-5,CD19 on transitional B cell,GCST90001742,26,29.9166021532328,25,0.227426921386727,29.8623,0.2295
AVBLOCK,P<1e-5,CD11c on granulocyte,GCST90002090,22,21.3221563318428,21,0.439426922171879,21.2958,0.441
AVBLOCK,P<1e-5,CD28+ CD45RA+ CD8dim T cell %CD8dim T cell,GCST90001665,27,23.7158391516013,26,0.592210108621217,23.6537,0.5958
AVBLOCK,P<1e-5,CD28+ CD45RA- CD8+ T cell %T cell,GCST90001691,26,26.0637532584287,25,0.404202708488149,26.0578,0.4045
AVBLOCK,P<1e-5,CD38 on IgD+ CD38+ B cell,GCST90001812,17,18.350046000518,16,0.303801152203891,18.3486,0.3039
AVBLOCK,P<1e-5,CD24 on CD24+ CD27+ B cell,GCST90001764,3,0.546354640254164,2,0.760957842523706,0.5458,0.7612
AVBLOCK,P<1e-5,CD25 on CD39+ resting CD4 regulatory T cell,GCST90001938,15,14.514273038236,14,0.412141507409274,14.4708,0.4153
AVBLOCK,P<1e-5,CD24 on IgD+ CD38- unswitched memory B cell,GCST90001767,21,13.4261314698487,20,0.858361415132121,13.4114,0.859
AVBLOCK,P<1e-5,HLA DR on CD33- HLA DR+,GCST90002112,12,2.82827633459867,11,0.992806090122877,2.8249,0.9928
AVBLOCK,P<1e-5,CD45 on CD33+ HLA DR+,GCST90002053,16,20.3392401937062,15,0.159301628247931,20.3382,0.1593
AVBLOCK,P<1e-5,CD127 on CD28+ CD45RA- CD8+ T cell,GCST90001928,19,28.195097011857,18,0.059147644675424,28.1411,0.0599
AVBLOCK,P<1e-5,CD86 on granulocyte,GCST90001906,21,22.7729521817427,20,0.300080126715084,22.7337,0.3021
AVBLOCK,P<1e-5,CD62L on CD62L+ myeloid Dendritic Cell,GCST90001831,15,24.0087602648522,14,0.0457108176627541,23.888,0.0473
AVBLOCK,P<1e-5,Naive CD4-CD8- T cell %CD4-CD8- T cell,GCST90001567,22,23.2618989171216,21,0.33017501383744,23.2602,0.3303
AVBLOCK,P<1e-5,BAFF-R on IgD+ CD24+ B cell,GCST90001703,18,20.3119631387881,17,0.258584669602617,20.3119,0.2586
AVBLOCK,P<1e-5,Central Memory CD4-CD8- T cell %CD4-CD8- T cell,GCST90001564,16,19.5708486641301,15,0.189020637448511,19.5609,0.1894
AVBLOCK,P<1e-5,HLA DR on Hematopoietic Stem Cell,GCST90002107,6,4.51427593226522,5,0.477975642591319,4.5062,0.4791
AVBLOCK,P<1e-5,CD127 on CD28+ CD4-CD8- T cell,GCST90001925,24,20.0007645033375,23,0.641865672503963,19.9699,0.6437
AVBLOCK,P<1e-5,CD8 on Effector Memory CD8+ T cell,GCST90002056,24,30.8813983453577,23,0.125734843539784,30.7686,0.1286
AVBLOCK,P<1e-5,CD28+ CD45RA- CD8+ T cell Absolute Count,GCST90001693,29,23.0078299662683,28,0.732648406556579,23.0067,0.7327
AVBLOCK,P<1e-5,CD33- HLA DR+ Absolute Count,GCST90001523,36,49.5116335755866,35,0.052903314539109,49.5005,0.053
AVBLOCK,P<1e-5,CD28 on CD39+ resting CD4 regulatory T cell,GCST90001901,22,14.7761936860677,21,0.834011993948399,14.7336,0.8361
AVBLOCK,P<1e-5,Basophil Absolute Count,GCST90001532,23,30.1921203650415,22,0.1138691326964,30.1109,0.1158
AVBLOCK,P<1e-5,CD45RA on CD39+ resting CD4 regulatory T cell,GCST90002103,8,7.82680544831929,7,0.348113639535715,7.6394,0.3655
AVBLOCK,P<1e-5,CD39 on granulocyte,GCST90002033,26,36.3507687316193,25,0.0664435073060226,36.3503,0.0665
AVBLOCK,P<1e-5,CD45 on Natural Killer T,GCST90001919,22,18.6265357842607,21,0.609083762273052,18.5869,0.6116
AVBLOCK,P<1e-5,CD3 on activated CD4 regulatory T cell,GCST90001853,21,13.8586235128416,20,0.837591068810446,13.8466,0.8382
AVBLOCK,P<1e-5,CD3 on secreting CD4 regulatory T cell,GCST90001855,20,23.4800457321462,19,0.216858591483516,23.4736,0.2171
AVBLOCK,P<1e-5,CD3 on activated & secreting CD4 regulatory T cell,GCST90001857,22,19.7585802561292,21,0.536595822761311,19.7571,0.5367
AVBLOCK,P<1e-5,CD3 on CD4 regulatory T cell,GCST90001868,11,8.84201692134533,10,0.547159634649113,8.8397,0.5474
AVBLOCK,P<1e-5,Terminally Differentiated CD4+ T cell Absolute Count,GCST90001545,11,21.375987836222,10,0.0186190941762799,21.1543,0.02
AVBLOCK,P<1e-5,Naive CD4+ T cell %T cell,GCST90001575,34,29.6931228693188,33,0.632551972819684,29.6291,0.6357
AVBLOCK,P<1e-5,CD20 on IgD+ CD24+ B cell,GCST90001746,23,18.358739215178,22,0.684519435376575,18.3513,0.685
AVBLOCK,P<1e-5,CD39 on monocyte,GCST90002034,22,23.8349799878017,21,0.30112276901752,23.8349,0.3011
AVBLOCK,P<1e-5,CD38 on IgD- CD38dim B cell,GCST90001815,20,22.722521964044,19,0.249784731509421,22.6838,0.2516
AVBLOCK,P<1e-5,Immature Myeloid-Derived Suppressor Cells %CD33dim HLA DR- CD66b-,GCST90001516,19,16.4249988226856,18,0.562912802412413,16.4199,0.5633
AVBLOCK,P<1e-5,Dendritic Cell Absolute Count,GCST90001461,21,22.6528857433629,20,0.306158197746501,22.6065,0.3085
AVBLOCK,P<1e-5,CD28- CD8dim T cell %CD8dim T cell,GCST90001662,15,20.1692655000997,14,0.124894553896032,20.0396,0.1289
AVBLOCK,P<1e-5,IgD+ CD38dim B cell Absolute Count,GCST90001394,26,22.7330578523292,25,0.593147739607793,22.6969,0.5953
AVBLOCK,P<1e-5,IgD+ CD24- B cell Absolute Count,GCST90001416,23,18.1154648008112,22,0.699120873838051,18.0741,0.7016
AVBLOCK,P<1e-5,CD25 on CD4 regulatory T cell,GCST90001936,22,26.0638769931974,21,0.204023879735544,25.7572,0.2159
AVBLOCK,P<1e-5,CD25 on IgD+ CD38- B cell,GCST90001780,29,33.3887893954672,28,0.221723276858931,33.3721,0.2223
AVBLOCK,P<1e-5,HVEM on Effector Memory CD4+ T cell,GCST90001878,22,51.9686637770686,21,0.000192938176058628,51.7708,2e-04
AVBLOCK,P<1e-5,Unswitched memory B cell %B cell,GCST90001397,32,39.5323590502794,31,0.139929229397396,39.5283,0.14
AVBLOCK,P<1e-5,Switched memory B cell Absolute Count,GCST90001403,23,23.768851772253,22,0.359461429875183,23.633,0.3668
AVBLOCK,P<1e-5,CX3CR1 on CD14- CD16-,GCST90001994,19,16.1897451767379,18,0.579306874089062,16.14,0.5828
AVBLOCK,P<1e-5,CD11b on CD66b++ myeloid cell,GCST90002093,17,28.4320492136523,16,0.0280593586687679,28.3973,0.0283
AVBLOCK,P<1e-5,CD3 on Effector Memory CD4+ T cell,GCST90001843,19,14.6424326389453,18,0.68635484627312,14.6209,0.6878
AVBLOCK,P<1e-5,IgD- CD38dim B cell Absolute Count,GCST90001438,17,15.5032635183977,16,0.488132954398649,15.495,0.4887
AVBLOCK,P<1e-5,IgD on IgD+ CD38-  B cell,GCST90001822,27,32.9671036247113,26,0.163054514893886,32.9637,0.1632
AVBLOCK,P<1e-5,CD28- CD8+ T cell %CD8+ T cell,GCST90001686,23,19.3005372148517,22,0.626704038063357,19.2902,0.6273
AVBLOCK,P<1e-5,CD14- CD16- Absolute Count,GCST90001581,25,32.3402924621537,24,0.118776079766902,32.3392,0.1188
AVBLOCK,P<1e-5,CD39+ activated CD4 regulatory T cell %activated CD4 regulatory T cell,GCST90001490,8,6.47133165970315,7,0.485912987496598,6.4582,0.4874
AVBLOCK,P<1e-5,CD80 on plasmacytoid Dendritic Cell,GCST90002037,21,18.9708488655221,20,0.523721603289053,18.9707,0.5237
AVBLOCK,P<1e-5,CD80 on CD62L+ plasmacytoid Dendritic Cell,GCST90002038,21,17.7721638686176,20,0.6024139627146,17.7683,0.6027
AVBLOCK,P<1e-5,CD28- CD25++ CD8+ T cell %T cell,GCST90001676,8,4.69859363635451,7,0.696689965439303,4.6386,0.704
AVBLOCK,P<1e-5,HLA DR++ monocyte %leukocyte,GCST90001476,8,18.3877598617474,7,0.0103377728490313,18.3285,0.0106
AVBLOCK,P<1e-5,CD3 on resting CD4 regulatory T cell,GCST90001869,37,33.9283107915378,36,0.567474152529981,33.8705,0.5703
AVBLOCK,P<1e-5,SSC-A on HLA DR+ CD4+ T cell,GCST90002085,22,22.4583516158736,21,0.373522541365268,22.417,0.3758
AVBLOCK,P<1e-5,CD25++ CD45RA- CD4 not regulatory T cell %T cell,GCST90001512,30,31.7614425548025,29,0.330441539816499,31.7171,0.3324
AVBLOCK,P<1e-5,CD4 on Central Memory CD4+ T cell,GCST90002023,15,20.8569359785695,14,0.105355262856012,20.7268,0.1088
AVBLOCK,P<1e-5,CD45 on T cell,GCST90001915,15,8.47487564165717,14,0.863149885785171,8.4388,0.8652
AVBLOCK,P<1e-5,CD11b on basophil,GCST90002096,19,13.623543361252,18,0.753281500300699,13.6171,0.7537
AVBLOCK,P<1e-5,CD25 on CD28+ CD4+ T cell,GCST90001962,5,4.64301788179092,4,0.325924421314805,4.5734,0.3339
AVBLOCK,P<1e-5,CD28- CD4-CD8- T cell %T cell,GCST90001694,22,20.8259006621471,21,0.469619770556517,20.7788,0.4725
AVBLOCK,P<1e-5,HLA DR on myeloid Dendritic Cell,GCST90002104,16,13.5504010790915,15,0.559863954275295,13.5487,0.56
AVBLOCK,P<1e-5,CD62L- plasmacytoid Dendritic Cell Absolute Count,GCST90001470,24,17.5207951632355,23,0.782938782787232,17.519,0.783
AVBLOCK,P<1e-5,CD11c on monocyte,GCST90002089,19,17.5698497919263,18,0.484309049167123,17.2842,0.5037
AVBLOCK,P<1e-5,T/B cell,GCST90001588,29,27.8829887476597,28,0.470661265402202,27.843,0.4728
AVBLOCK,P<1e-5,Natural Killer Absolute Count,GCST90001645,22,26.4787272777028,21,0.188780157935477,26.4652,0.1893
AVBLOCK,P<1e-5,IgD+ B cell Absolute Count,GCST90001400,15,9.58853491457088,14,0.791605407908303,9.5869,0.7917
AVBLOCK,P<1e-5,CD38 on IgD+ B cell,GCST90001818,15,12.9577125935294,14,0.529856069015071,12.9575,0.5299
AVBLOCK,P<1e-5,BAFF-R on CD24+ CD27+ B cell,GCST90001702,19,18.3930620962605,18,0.430055217815974,18.3787,0.431
AVBLOCK,P<1e-5,BAFF-R on IgD- CD38- B cell,GCST90001712,17,18.2160773436473,16,0.311396653241939,18.2063,0.312
AVBLOCK,P<1e-5,BAFF-R on IgD- CD38dim B cell,GCST90001714,4,3.19003731965481,3,0.363242943770162,3.1141,0.3744
AVBLOCK,P<1e-5,BAFF-R on memory B cell,GCST90001715,17,15.6161548522955,16,0.480056022441288,15.614,0.4802
AVBLOCK,P<1e-5,CD28 on secreting CD4 regulatory T cell,GCST90001887,17,13.3764598001531,16,0.645058712105179,13.3125,0.6498
AVBLOCK,P<1e-5,CD45RA on naive CD8+ T cell,GCST90002100,22,23.2650107528495,21,0.330012954119034,22.9843,0.3448
AVBLOCK,P<1e-5,IgD- CD38- B cell %lymphocyte,GCST90001427,28,45.0617473482923,27,0.0160183761213755,45.0617,0.016
AVBLOCK,P<1e-5,Switched memory B cell %lymphocyte,GCST90001434,18,23.1996545328895,17,0.142862996327479,23.1942,0.143
AVBLOCK,P<1e-5,IgD+ CD24+ B cell %lymphocyte,GCST90001439,15,8.51799722809889,14,0.860634561152822,8.4999,0.8617
AVBLOCK,P<1e-5,CD20- B cell %lymphocyte,GCST90001443,17,14.2253204961049,16,0.581932176527172,14.2252,0.5819
AVBLOCK,P<1e-5,HLA DR on CD14- CD16+ monocyte,GCST90001984,19,21.5109875142413,18,0.254420755736238,21.4924,0.2553
AVBLOCK,P<1e-5,CD20 on IgD- CD38+ B cell,GCST90001756,16,18.8778268969937,15,0.21932366234816,18.7845,0.2237
AVBLOCK,P<1e-5,CD33 on CD33dim HLA DR-,GCST90001953,19,12.2252567811855,18,0.83539224262854,12.2241,0.8355
AVBLOCK,P<1e-5,CD33- HLA DR- Absolute Count,GCST90001522,21,11.4392751144417,20,0.934025928651198,11.4189,0.9346
AVBLOCK,P<1e-5,CD14 on CD33dim HLA DR+ CD11b+,GCST90002021,19,51.619412590678,18,4.27968944685733e-05,51.4569,0
AVBLOCK,P<1e-5,HLA DR on HLA DR+ T cell,GCST90002113,19,18.7260957974975,18,0.408869449361239,18.7043,0.4102
AVBLOCK,P<1e-5,CD3 on Central Memory CD4+ T cell,GCST90001841,26,22.7255681979945,25,0.593584756283712,22.72,0.5939
AVBLOCK,P<1e-5,CD4 on CD39+ resting CD4 regulatory T cell,GCST90002065,15,19.6219718378002,14,0.142517362168888,19.6163,0.1427
AVBLOCK,P<1e-5,IgD on IgD+ B cell,GCST90001827,21,16.9531301116333,20,0.656014990261247,16.9145,0.6585
AVBLOCK,P<1e-5,Transitional B cell %B cell,GCST90001576,15,13.26699456134,14,0.505616362938631,13.2092,0.5101
AVBLOCK,P<1e-5,Leukocyte Absolute Count,GCST90001600,11,9.189832207792,10,0.514187687620578,9.0486,0.5275
AVBLOCK,P<1e-5,CD45RA+ CD28- CD8+ T cell %CD8+ T cell,GCST90001699,31,33.3507028181971,30,0.307526326601459,33.3173,0.3089
AVBLOCK,P<1e-5,CD20- CD38- B cell %B cell,GCST90001422,23,21.821964664442,22,0.470557402434735,21.7428,0.4753
AVBLOCK,P<1e-5,CCR2 on CD14- CD16-,GCST90002003,17,10.6103742138428,16,0.832872686785231,10.5965,0.8337
AVBLOCK,P<1e-5,Basophil %CD33dim HLA DR- CD66b-,GCST90001533,20,26.7705225310322,19,0.110112835966491,26.7689,0.1102
AVBLOCK,P<1e-5,CD24 on IgD+ CD24+ B cell,GCST90001765,25,19.0355831283156,24,0.750089284682964,19.0181,0.751
AVBLOCK,P<1e-5,B cell %CD3- lymphocyte,GCST90001643,29,25.8966480084676,28,0.57872561583895,25.8966,0.5787
AVBLOCK,P<1e-5,CD3 on CD28+ CD45RA- CD8+ T cell,GCST90001863,18,19.6432784046834,17,0.292880302682324,19.5837,0.2961
AVBLOCK,P<1e-5,CD45 on lymphocyte,GCST90001914,24,19.282807291948,23,0.684693460566607,19.2344,0.6875
AVBLOCK,P<1e-5,HVEM on naive CD4+ T cell,GCST90001877,18,28.8205905462895,17,0.0362166673711032,28.7819,0.0366
AVBLOCK,P<1e-5,CD34 on Hematopoietic Stem Cell,GCST90001870,12,4.48338874688006,11,0.953590177678461,4.4805,0.9537
AVBLOCK,P<1e-5,CD11c+ HLA DR++ monocyte %monocyte,GCST90001457,18,20.1379718874064,17,0.26723316023926,20.1326,0.2675
AVBLOCK,P<1e-5,CD127 on CD45RA- CD4 not regulatory T cell,GCST90001923,16,17.3701610212754,15,0.297221902759208,17.3095,0.3007
AVBLOCK,P<1e-5,CD3- lymphocyte Absolute Count,GCST90001639,18,13.0845228267829,17,0.730509600379724,13.0834,0.7306
AVBLOCK,P<1e-5,Activated & resting CD4 regulatory T cell Absolute Count,GCST90001498,19,13.1973470349623,18,0.779718249553999,13.1031,0.7854
AVBLOCK,P<1e-5,CD16 on CD14- CD16+ monocyte,GCST90001979,20,16.5702867968008,19,0.618954590135909,16.5702,0.619
AVBLOCK,P<1e-5,PDL-1 on CD14+ CD16+ monocyte,GCST90001998,28,25.3267635678912,27,0.556155271042573,25.3066,0.5573
AVBLOCK,P<1e-5,T cell %leukocyte,GCST90001605,18,16.1376790314157,17,0.51409649774495,16.121,0.5153
AVBLOCK,P<1e-5,PDL-1 on CD14- CD16-,GCST90002000,28,25.5130393495563,27,0.54573407883023,25.513,0.5457
AVBLOCK,P<1e-5,CD127 on CD4+ T cell,GCST90001931,8,4.42777454698287,7,0.729396076587386,4.4235,0.7299
AVBLOCK,P<1e-5,CD3 on CD39+ resting CD4 regulatory T cell,GCST90001852,20,3.95546555874749,19,0.999902480757044,3.9545,0.9999
AVBLOCK,P<1e-5,CD8 on Central Memory CD8+ T cell,GCST90002054,14,11.7051259912212,13,0.551959100224628,11.7048,0.552
AVBLOCK,P<1e-5,CD25 on switched memory B cell,GCST90001793,20,18.1360018530313,19,0.513371395878647,18.1309,0.5137
AVBLOCK,P<1e-5,CD45 on CD33dim HLA DR+ CD11b-,GCST90002044,10,8.47474761174896,9,0.487099010399761,8.4452,0.49
AVBLOCK,P<1e-5,CD25 on CD20- CD38- B cell,GCST90001776,20,18.1352397455916,19,0.513422100068262,18.1352,0.5134
AVBLOCK,P<1e-5,CD24 on IgD- CD38dim B cell,GCST90001770,7,4.21845416740263,6,0.647140451002931,4.0874,0.6649
AVBLOCK,P<1e-5,CD62L on granulocyte,GCST90001835,16,21.0101459757259,15,0.136505465677853,20.992,0.1371
AVBLOCK,P<1e-5,CD28- CD8+ T cell %T cell,GCST90001685,16,18.058848964707,15,0.25958433615147,17.7358,0.2768
AVBLOCK,P<1e-5,Terminally Differentiated CD8+ T cell %T cell,GCST90001559,17,11.3217522027098,16,0.789203289611908,11.2752,0.7922
AVBLOCK,P<1e-5,BAFF-R on IgD- CD27- B cell,GCST90001711,18,16.3994101910289,17,0.495717626334899,16.3992,0.4957
AVBLOCK,P<1e-5,CD28 on CD45RA- CD4 not regulatory T cell,GCST90001891,13,8.9680793555044,12,0.705654441903299,8.965,0.7059
AVBLOCK,P<1e-5,CD4 regulatory T cell %CD4+ T cell,GCST90001478,16,17.403182559799,15,0.295338780275431,17.3873,0.2962
AVBLOCK,P<1e-5,BAFF-R on CD20- B cell,GCST90001830,14,16.1639536114662,13,0.240389712184025,16.1392,0.2417
AVBLOCK,P<1e-5,CD11b on Granulocytic Myeloid-Derived Suppressor Cells,GCST90002092,3,1.75867577190178,2,0.415057636214187,1.7393,0.4191
AVBLOCK,P<1e-5,HVEM on Central Memory CD4+ T cell,GCST90001876,18,22.9410334643725,17,0.151180228247644,22.9409,0.1512
AVBLOCK,P<1e-5,Central Memory CD4-CD8- T cell Absolute Count,GCST90001563,4,0.770818824873585,3,0.856433285755523,0.7708,0.8564
AVBLOCK,P<1e-5,CD3- lymphocyte %lymphocyte,GCST90001640,6,7.0074060189896,5,0.22009009540132,6.9477,0.2246
AVBLOCK,P<1e-5,IgD+ CD38dim B cell %B cell,GCST90001393,15,28.0700892878262,14,0.0139262076595186,27.9739,0.0143
AVBLOCK,P<1e-5,CD28 on CD28+ CD4-CD8- T cell,GCST90001895,3,1.1698521901664,2,0.557147036196017,1.1632,0.559
AVBLOCK,P<5e-8,CD39+ CD4+ T cell Absolute Count,GCST90001660,6,7.96849899612455,5,0.157980276040188,7.9629,0.1583
AVBLOCK,P<5e-8,FSC-A on Natural Killer,GCST90001969,3,1.51551029877356,2,0.468717447526017,1.4996,0.4725
AVBLOCK,P<5e-8,SSC-A on Natural Killer,GCST90002076,1,,,,,
AVBLOCK,P<5e-8,CD20 on IgD+ CD38dim B cell,GCST90001752,7,5.24223951502327,6,0.513140588043421,5.2366,0.5138
AVBLOCK,P<5e-8,CD45RA+ CD28- CD8+ T cell Absolute Count,GCST90001698,428,455.060515361827,427,0.16786367138143,455.0604,0.1679
AVBLOCK,P<5e-8,Naive CD8+ T cell %T cell,GCST90001553,3,0.440872111020512,2,0.802168931504685,0.4409,0.8022
AVBLOCK,P<5e-8,CD8 on CD28+ CD45RA+ CD8+ T cell,GCST90002119,8,7.80100340095731,7,0.350468012827582,7.8009,0.3505
AVBLOCK,P<5e-8,IgD on transitional B cell,GCST90001828,5,2.10765051650934,4,0.715966984409006,2.1076,0.716
AVBLOCK,P<5e-8,SSC-A on Natural Killer T,GCST90002084,2,,,,,
AVBLOCK,P<5e-8,CD19 on CD20- CD38- B cell,GCST90001722,1,,,,,
AVBLOCK,P<5e-8,CD20 on IgD- CD38- B cell,GCST90001755,4,3.88396713585823,3,0.274269251672545,3.8776,0.275
AVBLOCK,P<5e-8,CD20 on switched memory B cell,GCST90001761,7,4.62964920228939,6,0.592111421952141,4.6219,0.5931
AVBLOCK,P<5e-8,CD45RA+ CD28- CD8+ T cell %T cell,GCST90001700,67,74.0705853531226,66,0.23171677028712,74.0661,0.2318
AVBLOCK,P<5e-8,T cell %lymphocyte,GCST90001604,2,,,,,
AVBLOCK,P<5e-8,Natural Killer %lymphocyte,GCST90001647,3,4.55608270329436,2,0.10248474183332,4.5042,0.1052
AVBLOCK,P<5e-8,Naive CD8+ T cell %CD8+ T cell,GCST90001552,1,,,,,
AVBLOCK,P<5e-8,CD28 on CD39+ secreting CD4 regulatory T cell,GCST90001888,2,,,,,
AVBLOCK,P<5e-8,CD39+ activated CD4 regulatory T cell Absolute Count,GCST90001489,5,10.1265606100868,4,0.0383489033673973,10.1208,0.0384
AVBLOCK,P<5e-8,CD39+ activated CD4 regulatory T cell %CD4 regulatory T cell,GCST90001491,6,7.97904926601353,5,0.157394049642525,7.9783,0.1574
AVBLOCK,P<5e-8,CD39+ secreting CD4 regulatory T cell Absolute Count,GCST90001495,5,10.2182913712455,4,0.036906826518838,10.214,0.037
AVBLOCK,P<5e-8,CD4 on CD39+ CD4+ T cell,GCST90002061,6,10.7168813074908,5,0.0572915089540601,10.7154,0.0573
AVBLOCK,P<5e-8,BAFF-R on IgD+ CD24- B cell,GCST90001704,10,21.4443425620014,9,0.0108170925079851,21.4442,0.0108
AVBLOCK,P<5e-8,BAFF-R on IgD+ CD38- B cell,GCST90001705,9,16.5809160502177,8,0.0347811571797459,16.5805,0.0348
AVBLOCK,P<5e-8,BAFF-R on IgD+ CD38- naive B cell,GCST90001706,8,14.631541270902,7,0.0410234796204349,14.6307,0.041
AVBLOCK,P<5e-8,BAFF-R on IgD+ CD38+ B cell,GCST90001708,10,21.5449546480873,9,0.0104386125030272,21.5449,0.0104
AVBLOCK,P<5e-8,BAFF-R on IgD+ CD38dim B cell,GCST90001709,10,21.4443893188046,9,0.0108169136217544,21.4443,0.0108
AVBLOCK,P<5e-8,BAFF-R on naive-mature B cell,GCST90001716,10,21.4371043596323,9,0.0108448190474286,21.4369,0.0108
AVBLOCK,P<5e-8,BAFF-R on IgD+ B cell,GCST90001719,10,21.4475638580932,9,0.0108047747801882,21.4475,0.0108
AVBLOCK,P<5e-8,BAFF-R on transitional B cell,GCST90001720,8,15.4696934119526,7,0.0304284343905883,15.4688,0.0304
AVBLOCK,P<5e-8,BAFF-R on B cell,GCST90001829,10,21.4412663233059,9,0.0108288680400579,21.4411,0.0108
AVBLOCK,P<5e-8,HLA DR+ T cell%T cell,GCST90001619,4,3.84125788300593,3,0.279123482097663,3.8387,0.2794
AVBLOCK,P<5e-8,CD39 on CD39+ secreting CD4 regulatory T cell,GCST90002031,5,8.00216502039558,4,0.0914989191665997,8.0016,0.0915
AVBLOCK,P<5e-8,CD39 on CD39+ CD4+ T cell,GCST90002032,5,5.59061552582563,4,0.23187838243486,5.5897,0.232
AVBLOCK,P<5e-8,CD4 on CD39+ secreting CD4 regulatory T cell,GCST90002069,3,1.63685980645155,2,0.441123717987152,1.6263,0.4435
AVBLOCK,P<5e-8,CD3 on CD39+ activated CD4 regulatory T cell,GCST90001854,5,7.15545539917344,4,0.127897647986591,7.1459,0.1284
AVBLOCK,P<5e-8,CD39+ resting CD4 regulatory T cell %resting CD4 regulatory T cell,GCST90001484,8,15.0557517120217,7,0.0352913532249158,15.0495,0.0354
AVBLOCK,P<5e-8,CD39+ secreting CD4 regulatory T cell %secreting CD4 regulatory T cell,GCST90001496,7,5.94040176545136,6,0.429899374690286,5.9343,0.4306
AVBLOCK,P<5e-8,CD39+ secreting CD4 regulatory T cell %CD4 regulatory T cell,GCST90001497,7,5.93861747960979,6,0.430101256643709,5.9325,0.4308
AVBLOCK,P<5e-8,CD39+ CD4+ T cell %T cell,GCST90001658,6,5.62486686096457,5,0.344447941845482,5.6192,0.3451
AVBLOCK,P<5e-8,CD39+ CD4+ T cell %CD4+ T cell,GCST90001659,5,5.26478257217486,4,0.261191846346719,5.2595,0.2617
AVBLOCK,P<5e-8,CD28 on CD39+ CD4+ T cell,GCST90001892,6,10.0382493823836,5,0.0741586929873022,10.0357,0.0742
AVBLOCK,P<5e-8,CD39 on CD39+ CD8+ T cell,GCST90002029,2,,,,,
AVBLOCK,P<5e-8,CD39 on CD39+ activated CD4 regulatory T cell,GCST90002030,5,4.90577665154048,4,0.297102747417929,4.8997,0.2977
AVBLOCK,P<5e-8,CD40 on monocytes,GCST90001985,5,13.7793769862222,4,0.00803352522699832,13.779,0.008
AVBLOCK,P<5e-8,CD25 on IgD+ CD38- unswitched memory B cell,GCST90001782,1,,,,,
AVBLOCK,P<5e-8,CD25++ CD45RA+ CD4 not regulatory T cell %CD4+ T cell,GCST90001508,5,1.74560297297172,4,0.782418077321169,1.7417,0.7831
AVBLOCK,P<5e-8,CD25++ CD45RA+ CD4 not regulatory T cell %T cell,GCST90001509,5,1.80184688894339,4,0.772144436176519,1.7978,0.7729
AVBLOCK,P<5e-8,CD25 on CD45RA+ CD4 not regulatory T cell,GCST90001934,1,,,,,
AVBLOCK,P<5e-8,CD16-CD56 on Natural Killer,GCST90001884,8,4.53959904051072,7,0.715943783856087,4.5389,0.716
AVBLOCK,P<5e-8,CD45 on CD33- HLA DR-,GCST90002045,2,,,,,
AVBLOCK,P<5e-8,CD4+CD8+ T cell Absolute Count,GCST90001594,2,,,,,
AVBLOCK,P<5e-8,CD27 on IgD- CD38- B cell,GCST90001802,8,12.4012819501483,7,0.0881110211534728,12.3827,0.0887
AVBLOCK,P<5e-8,CD64 on CD14+ CD16+ monocyte,GCST90002011,2,,,,,
AVBLOCK,P<5e-8,HLA DR on CD33dim HLA DR+ CD11b+,GCST90002110,4,7.58865629248127,3,0.0553237203180385,7.5731,0.0557
AVBLOCK,P<5e-8,HLA DR on CD33dim HLA DR+ CD11b-,GCST90002111,5,9.73283086333776,4,0.0451767979622275,9.6742,0.0463
AVBLOCK,P<5e-8,CD8+ and CD8dim T cell %leukocyte,GCST90001614,2,,,,,
AVBLOCK,P<5e-8,CD27 on CD24+ CD27+ B cell,GCST90001798,11,21.6279015724656,10,0.0171165858688554,21.6225,0.0171
AVBLOCK,P<5e-8,CD27 on IgD- CD38dim B cell,GCST90001804,9,18.6842760356762,8,0.0166424482836902,18.6717,0.0167
AVBLOCK,P<5e-8,CD27 on memory B cell,GCST90001805,8,3.34958841024598,7,0.850890687971178,3.3455,0.8513
AVBLOCK,P<5e-8,CD27 on unswitched memory B cell,GCST90001806,11,9.65738508549501,10,0.47104847526931,9.6552,0.4712
AVBLOCK,P<5e-8,CD27 on switched memory B cell,GCST90001808,10,18.3414610436291,9,0.0314124103694364,18.3198,0.0316
AVBLOCK,P<5e-8,BAFF-R on IgD+ CD38- unswitched memory B cell,GCST90001707,7,1.11362577081639,6,0.980936006986032,1.1133,0.9809
AVBLOCK,P<5e-8,CD33+ HLA DR+ CD14dim %CD33+ HLA DR+,GCST90001521,1,,,,,
AVBLOCK,P<5e-8,CD25++ CD45RA+ CD4 not regulatory T cell Absolute Count,GCST90001507,3,0.925110362538027,2,0.629672660416459,0.924,0.63
AVBLOCK,P<5e-8,CD45RA- CD4+ T cell %CD4+ T cell,GCST90001535,4,1.95343445237509,3,0.582127587915941,1.9524,0.5823
AVBLOCK,P<5e-8,CD45RA on resting CD4 regulatory T cell,GCST90002102,7,7.3433209657719,6,0.290260346234687,7.3433,0.2903
AVBLOCK,P<5e-8,CD20 on CD24+ CD27+ B cell,GCST90001745,5,2.8334876623322,4,0.586066085812461,2.8263,0.5873
AVBLOCK,P<5e-8,CD28+ CD45RA+ CD8+ T cell %T cell,GCST90001688,38,35.3655519412403,37,0.545772950860401,35.3567,0.5462
AVBLOCK,P<5e-8,CD8 on CD39+ CD8+ T cell,GCST90002121,5,3.28750054351881,4,0.510915121582229,3.2874,0.5109
AVBLOCK,P<5e-8,SSC-A on monocyte,GCST90002073,8,13.5600653551267,7,0.0595826389519653,13.4906,0.061
AVBLOCK,P<5e-8,CD45RA- CD28- CD8+ T cell %T cell,GCST90001697,42,38.0850074035003,41,0.600916418481481,38.0466,0.6026
AVBLOCK,P<5e-8,CD45RA- CD28- CD8+ T cell Absolute Count,GCST90001695,146,150.927396037751,145,0.351058153764679,150.8968,0.3517
AVBLOCK,P<5e-8,CD40 on CD14- CD16+ monocyte,GCST90001989,9,10.058478528923,8,0.260945463996991,10.0584,0.2609
AVBLOCK,P<5e-8,CD39+ resting CD4 regulatory T cell Absolute Count,GCST90001483,12,11.9916965130859,11,0.364267692167027,11.911,0.3704
AVBLOCK,P<5e-8,CD39+ resting CD4 regulatory T cell %CD4 regulatory T cell,GCST90001485,15,10.9927420412896,14,0.68660606140729,10.9921,0.6867
AVBLOCK,P<5e-8,CD39+ CD8+ T cell %T cell,GCST90001670,7,3.00898670585015,6,0.807718060914868,3.0089,0.8077
AVBLOCK,P<5e-8,CD39+ CD8+ T cell %CD8+ T cell,GCST90001671,7,2.96845982111025,6,0.812794928451882,2.9683,0.8128
AVBLOCK,P<5e-8,CD39+ CD8+ T cell Absolute Count,GCST90001672,6,2.94500597621806,5,0.708464113739547,2.9448,0.7085
AVBLOCK,P<5e-8,CD4 on naive CD4+ T cell,GCST90002024,6,18.1298930262751,5,0.00278794152347578,18.1222,0.0028
AVBLOCK,P<5e-8,CD33 on basophil,GCST90001954,7,2.29826191355212,6,0.890327016305456,2.2978,0.8904
AVBLOCK,P<5e-8,CD33 on Immature Myeloid-Derived Suppressor Cells,GCST90001955,6,0.664738707600792,5,0.984847706832743,0.6645,0.9849
AVBLOCK,P<5e-8,CD45 on Immature Myeloid-Derived Suppressor Cells,GCST90002052,2,,,,,
AVBLOCK,P<5e-8,CD3 on naive CD8+ T cell,GCST90001838,7,3.65221780539952,6,0.723619871153375,3.6496,0.724
AVBLOCK,P<5e-8,CD20 on IgD- CD38dim B cell,GCST90001757,7,3.38440578753154,6,0.759280039463829,3.3834,0.7594
AVBLOCK,P<5e-8,CD25 on CD39+ CD4+ T cell,GCST90001961,6,5.55964413118241,5,0.351450002705902,5.5584,0.3516
AVBLOCK,P<5e-8,Effector Memory CD4-CD8- T cell Absolute Count,GCST90001569,4,2.82118391911332,3,0.420024528920353,2.8201,0.4202
AVBLOCK,P<5e-8,Effector Memory CD4-CD8- T cell %CD4-CD8- T cell,GCST90001570,3,1.18957037292543,2,0.551681061700437,1.1858,0.5527
AVBLOCK,P<5e-8,Terminally Differentiated CD4-CD8- T cell %T cell,GCST90001574,3,6.79686795138115,2,0.0334255742565792,6.7895,0.0335
AVBLOCK,P<5e-8,HLA DR on B cell,GCST90002116,9,10.8209187732922,8,0.21205411388044,10.8209,0.2121
AVBLOCK,P<5e-8,CD16-CD56 on Natural Killer T,GCST90001883,4,0.79795507766568,3,0.849956089112155,0.7964,0.8503
AVBLOCK,P<5e-8,CD20 on unswitched memory B cell,GCST90001760,4,1.9452384624066,3,0.583850097969325,1.9452,0.5839
AVBLOCK,P<5e-8,CD19 on CD24+ CD27+ B cell,GCST90001723,3,2.22825385115405,2,0.328201698357056,2.2122,0.3308
AVBLOCK,P<5e-8,CD19 on IgD+ CD24- B cell,GCST90001725,4,0.773485175582679,3,0.855797943183346,0.7718,0.8562
AVBLOCK,P<5e-8,CD19 on IgD+ CD38+ B cell,GCST90001729,4,0.283982997622404,3,0.963012150783825,0.2834,0.9631
AVBLOCK,P<5e-8,CD19 on IgD+ CD38dim B cell,GCST90001730,4,0.29561452657985,3,0.96085114846482,0.2948,0.961
AVBLOCK,P<5e-8,CD19 on IgD- CD38dim B cell,GCST90001735,4,2.19313615789192,3,0.533301599167537,2.1791,0.5361
AVBLOCK,P<5e-8,CD19 on memory B cell,GCST90001736,3,2.14370875972799,2,0.342373038722379,2.1226,0.346
AVBLOCK,P<5e-8,CD19 on switched memory B cell,GCST90001740,2,,,,,
AVBLOCK,P<5e-8,CD19 on IgD+ B cell,GCST90001741,2,,,,,
AVBLOCK,P<5e-8,IgD on IgD+ CD24+ B cell,GCST90001820,6,12.0702228604159,5,0.0338381319605727,12.07,0.0338
AVBLOCK,P<5e-8,CD62L- monocyte Absolute Count,GCST90001450,3,10.1527507795141,2,0.00624249466923999,10.1406,0.0063
AVBLOCK,P<5e-8,Activated & secreting CD4 regulatory T cell %CD4+ T cell,GCST90001503,9,4.96539472385917,8,0.761268316304077,4.9635,0.7615
AVBLOCK,P<5e-8,CD28 on CD28+ CD45RA+ CD8+ T cell,GCST90001896,3,3.33472912360542,2,0.188743833458976,3.328,0.1894
AVBLOCK,P<5e-8,CD28+ CD45RA+ CD8dim T cell Absolute Count,GCST90001666,8,9.06264621045077,7,0.248189554831172,9.0575,0.2486
AVBLOCK,P<5e-8,CD64 on CD14+ CD16- monocyte,GCST90001987,9,8.22235435579446,8,0.412056964466861,8.1903,0.4151
AVBLOCK,P<5e-8,CD64 on monocyte,GCST90002006,8,7.98824775202306,7,0.333631347365801,7.9531,0.3367
AVBLOCK,P<5e-8,CD25 on secreting CD4 regulatory T cell,GCST90001941,2,,,,,
AVBLOCK,P<5e-8,CD25 on CD39+ secreting CD4 regulatory T cell,GCST90001942,2,,,,,
AVBLOCK,P<5e-8,CD25 on activated & secreting CD4 regulatory T cell,GCST90001943,1,,,,,
AVBLOCK,P<5e-8,Naive CD4+ T cell %CD4+ T cell,GCST90001541,4,2.96443322318539,3,0.397141443542058,2.9498,0.3994
AVBLOCK,P<5e-8,Effector Memory CD4+ T cell %T cell,GCST90001544,4,4.83869281846074,3,0.183997147817444,4.8284,0.1848
AVBLOCK,P<5e-8,Terminally Differentiated CD4+ T cell %CD4+ T cell,GCST90001546,5,5.45267452137826,4,0.243920853521231,5.4486,0.2443
AVBLOCK,P<5e-8,Terminally Differentiated CD4+ T cell %T cell,GCST90001547,6,9.61484806636152,5,0.0869135457679142,9.4085,0.0938
AVBLOCK,P<5e-8,SSC-A on CD4+ T cell,GCST90002081,4,3.32639806775005,3,0.343985392603542,3.3209,0.3447
AVBLOCK,P<5e-8,IgD+ CD38- B cell %B cell,GCST90001395,2,,,,,
AVBLOCK,P<5e-8,Activated CD4 regulatory T cell Absolute Count,GCST90001486,2,,,,,
AVBLOCK,P<5e-8,Secreting CD4 regulatory T cell Absolute Count,GCST90001492,4,1.34173479955057,3,0.719247392168164,1.3417,0.7192
AVBLOCK,P<5e-8,Secreting CD4 regulatory T cell %CD4 regulatory T cell,GCST90001493,6,4.49330346966603,5,0.480779910620572,4.4933,0.4808
AVBLOCK,P<5e-8,Secreting CD4 regulatory T cell %CD4+ T cell,GCST90001494,7,4.65760737159003,6,0.588415257129721,4.6575,0.5884
AVBLOCK,P<5e-8,Activated & resting CD4 regulatory T cell %CD4 regulatory T cell,GCST90001499,6,4.49305495587792,5,0.48081319867729,4.493,0.4808
AVBLOCK,P<5e-8,Activated & secreting CD4 regulatory T cell Absolute Count,GCST90001501,4,1.34141311077851,3,0.719323395773581,1.3414,0.7193
AVBLOCK,P<5e-8,Activated & secreting CD4 regulatory T cell %CD4 regulatory T cell,GCST90001502,9,2.25552902016887,8,0.972158712031613,2.2555,0.9722
AVBLOCK,P<5e-8,CD25++ CD45RA- CD4 not regulatory T cell Absolute Count,GCST90001510,2,,,,,
AVBLOCK,P<5e-8,Central Memory CD8+ T cell Absolute Count,GCST90001548,1,,,,,
AVBLOCK,P<5e-8,Effector Memory CD4-CD8- T cell %T cell,GCST90001571,3,1.40858212401564,2,0.494458990793815,1.4067,0.4949
AVBLOCK,P<5e-8,CD19 on IgD+ CD24+ B cell,GCST90001724,4,2.14859440216637,3,0.542144509671942,2.1295,0.546
AVBLOCK,P<5e-8,CD19 on IgD+ CD38- unswitched memory B cell,GCST90001728,3,0.222506639268997,2,0.894712072084314,0.2218,0.895
AVBLOCK,P<5e-8,CD19 on unswitched memory B cell,GCST90001738,4,0.272565954031506,3,0.965102710668863,0.2716,0.9653
AVBLOCK,P<5e-8,CD19 on transitional B cell,GCST90001742,4,0.245023982611549,3,0.970013055857059,0.2442,0.9702
AVBLOCK,P<5e-8,CD11c on granulocyte,GCST90002090,3,3.44621619249761,2,0.178510457106478,3.4136,0.1814
AVBLOCK,P<5e-8,HLA DR on CD33- HLA DR+,GCST90002112,3,0.110403531524038,2,0.946294198920504,0.1104,0.9463
AVBLOCK,P<5e-8,CD45RA- CD28- CD8+ T cell %CD8+ T cell,GCST90001696,10,5.73510964905338,9,0.766108947258031,5.7325,0.7664
AVBLOCK,P<5e-8,CD33dim HLA DR- Absolute Count,GCST90001531,3,0.563708811643943,2,0.754383510385005,0.5628,0.7547
AVBLOCK,P<5e-8,Basophil Absolute Count,GCST90001532,3,0.766315121571193,2,0.681705480772644,0.7648,0.6822
AVBLOCK,P<5e-8,CD3 on activated CD4 regulatory T cell,GCST90001853,4,5.97782277799532,3,0.112694194411275,5.9766,0.1128
AVBLOCK,P<5e-8,CD3 on secreting CD4 regulatory T cell,GCST90001855,5,8.81786564996889,4,0.0658167435817895,8.8166,0.0659
AVBLOCK,P<5e-8,CD3 on activated & secreting CD4 regulatory T cell,GCST90001857,4,5.9738701265525,3,0.11288844385104,5.9726,0.113
AVBLOCK,P<5e-8,CD3 on CD4 regulatory T cell,GCST90001868,4,5.94376298670021,3,0.114378565100401,5.9422,0.1145
AVBLOCK,P<5e-8,CD45RA+ CD8+ T cell Absolute Count,GCST90001560,3,1.18871713571753,2,0.551916469315869,1.1883,0.552
AVBLOCK,P<5e-8,CD38 on IgD+ CD24- B cell,GCST90001811,2,,,,,
AVBLOCK,P<5e-8,CD38 on IgD+ CD38dim B cell,GCST90001813,4,2.61459716324319,3,0.454936220662596,2.6145,0.455
AVBLOCK,P<5e-8,CD38 on IgD- CD38dim B cell,GCST90001815,3,1.94781185807556,2,0.377605254594689,1.9473,0.3777
AVBLOCK,P<5e-8,CD38 on naive-mature B cell,GCST90001816,3,1.92584675931369,2,0.381775179238078,1.925,0.3819
AVBLOCK,P<5e-8,CD38 on transitional B cell,GCST90001819,5,3.23906081210516,4,0.518645155016965,3.238,0.5188
AVBLOCK,P<5e-8,SSC-A on CD14+ monocyte,GCST90002074,6,8.51809754268463,5,0.129899558598372,8.4974,0.1309
AVBLOCK,P<5e-8,CD14- CD16+ monocyte Absolute Count,GCST90001579,1,,,,,
AVBLOCK,P<5e-8,CD14- CD16+ monocyte %monocyte,GCST90001584,2,,,,,
AVBLOCK,P<5e-8,CD14+ CD16- monocyte %monocyte,GCST90001586,1,,,,,
AVBLOCK,P<5e-8,CD16+ monocyte %monocyte,GCST90001587,1,,,,,
AVBLOCK,P<5e-8,CD64 on CD14- CD16+ monocyte,GCST90001990,2,,,,,
AVBLOCK,P<5e-8,CCR2 on CD14+ CD16+ monocyte,GCST90001992,2,,,,,
AVBLOCK,P<5e-8,CD8dim Natural Killer T %T cell,GCST90001634,5,3.98176600980731,4,0.408479176405274,3.9489,0.413
AVBLOCK,P<5e-8,CD8dim Natural Killer T %lymphocyte,GCST90001635,6,3.91183749805103,5,0.562177855879215,3.8776,0.5672
AVBLOCK,P<5e-8,CD25 on IgD- CD24- B cell,GCST90001785,2,,,,,
AVBLOCK,P<5e-8,Natural Killer T %T cell,GCST90001622,5,5.8205371055322,4,0.212957535381287,5.6788,0.2245
AVBLOCK,P<5e-8,Natural Killer T %lymphocyte,GCST90001623,7,15.5988667189138,6,0.0160768700496681,15.5557,0.0163
AVBLOCK,P<5e-8,CD8dim Natural Killer T Absolute Count,GCST90001633,5,2.21644662114836,4,0.696019396363081,2.209,0.6974
AVBLOCK,P<5e-8,CD4-CD8- Natural Killer T %T cell,GCST90001637,5,2.60895118427843,4,0.625238282184777,2.6059,0.6258
AVBLOCK,P<5e-8,CD4-CD8- Natural Killer T %lymphocyte,GCST90001638,6,3.15154902524463,5,0.676634490460731,3.1497,0.6769
AVBLOCK,P<5e-8,CD127 on CD45RA+ CD4+ T cell,GCST90001932,4,7.343662113366,3,0.061714479937934,7.3228,0.0623
AVBLOCK,P<5e-8,SSC-A on T cell,GCST90002080,1,,,,,
AVBLOCK,P<5e-8,CD25++ CD45RA- CD4 not regulatory T cell %T cell,GCST90001512,3,0.802675971852939,2,0.669423766985901,0.8027,0.6694
AVBLOCK,P<5e-8,CD28+ CD45RA+ CD8dim T cell %T cell,GCST90001664,6,4.97812299796007,5,0.418555926233349,4.978,0.4186
AVBLOCK,P<5e-8,CD28+ CD45RA+ CD8dim T cell %CD8dim T cell,GCST90001665,5,4.15045626428092,4,0.386026582881507,4.1505,0.386
AVBLOCK,P<5e-8,CD28+ CD45RA- CD8dim T cell %T cell,GCST90001667,3,1.28763001645856,2,0.525284631413953,1.2876,0.5253
AVBLOCK,P<5e-8,CD28+ CD45RA- CD8dim T cell %CD8dim T cell,GCST90001668,2,,,,,
AVBLOCK,P<5e-8,CD28+ CD45RA- CD8dim T cell Absolute Count,GCST90001669,3,1.38215649949741,2,0.501035536262679,1.3821,0.501
AVBLOCK,P<5e-8,CD28+ CD45RA- CD8+ T cell %CD8+ T cell,GCST90001692,4,2.73166260575303,3,0.434873355342481,2.7269,0.4357
AVBLOCK,P<5e-8,CD28+ CD45RA- CD8+ T cell Absolute Count,GCST90001693,2,,,,,
AVBLOCK,P<5e-8,CD4RA on Terminally Differentiated CD4+ T cell,GCST90002099,3,2.03692929356323,2,0.361149006009547,2.0346,0.3616
AVBLOCK,P<5e-8,Myeloid Dendritic Cell Absolute Count,GCST90001458,3,0.337483815764207,2,0.844726892606931,0.3371,0.8449
AVBLOCK,P<5e-8,FSC-A on HLA DR+ Natural Killer,GCST90001970,4,1.4421789306174,3,0.695678215473313,1.4345,0.6975
AVBLOCK,P<5e-8,CD16 on CD14+ CD16+ monocyte,GCST90002005,5,2.35429797835064,4,0.670901618875294,2.3521,0.6713
AVBLOCK,P<5e-8,SSC-A on HLA DR+ Natural Killer,GCST90002077,3,0.429920440430948,2,0.806573524860185,0.4293,0.8068
AVBLOCK,P<5e-8,Hematopoietic Stem Cell Absolute Count,GCST90001514,2,,,,,
AVBLOCK,P<5e-8,CD25 on CD24+ CD27+ B cell,GCST90001777,4,0.224310726485273,3,0.973572462005454,0.2231,0.9738
AVBLOCK,P<5e-8,CD25 on IgD+ CD24+ B cell,GCST90001778,3,0.17039022143564,2,0.918333090292235,0.1692,0.9189
AVBLOCK,P<5e-8,CD25 on memory B cell,GCST90001790,4,0.206886723909667,3,0.976469962316182,0.2057,0.9767
AVBLOCK,P<5e-8,CD25 on unswitched memory B cell,GCST90001792,4,0.247546053420013,3,0.969571581435036,0.2461,0.9698
AVBLOCK,P<5e-8,HLA DR on myeloid Dendritic Cell,GCST90002104,7,4.80959643226535,6,0.568455630533358,4.8095,0.5685
AVBLOCK,P<5e-8,HLA DR on plasmacytoid Dendritic Cell,GCST90002105,8,3.97375480764799,7,0.782795341398069,3.973,0.7829
AVBLOCK,P<5e-8,HLA DR on Dendritic Cell,GCST90002106,7,4.42692149769897,6,0.61910658814877,4.4268,0.6191
AVBLOCK,P<5e-8,HLA DR on CD33+ HLA DR+ CD14-,GCST90002108,3,2.64509810147935,2,0.26645522766697,2.645,0.2665
AVBLOCK,P<5e-8,CD45 on CD8+ T cell,GCST90001917,2,,,,,
AVBLOCK,P<5e-8,CD20 on IgD+ CD38- naive B cell,GCST90001749,1,,,,,
AVBLOCK,P<5e-8,CD86 on CD62L+ myeloid Dendritic Cell,GCST90001904,1,,,,,
AVBLOCK,P<5e-8,CD4 on CD4+ T cell,GCST90002022,1,,,,,
AVBLOCK,P<5e-8,CD4 on Central Memory CD4+ T cell,GCST90002023,2,,,,,
AVBLOCK,P<5e-8,CD4 on Effector Memory CD4+ T cell,GCST90002025,3,2.02430866759445,2,0.363435174905829,2.0213,0.364
AVBLOCK,P<5e-8,CD4 on CD45RA+ CD4+ T cell,GCST90002027,2,,,,,
AVBLOCK,P<5e-8,CD4 on CD28+ CD4+ T cell,GCST90002062,2,,,,,
AVBLOCK,P<5e-8,CD4 on CD4 regulatory T cell,GCST90002063,1,,,,,
AVBLOCK,P<5e-8,CD4 on resting CD4 regulatory T cell,GCST90002064,1,,,,,
AVBLOCK,P<5e-8,CD4 on activated CD4 regulatory T cell,GCST90002066,1,,,,,
AVBLOCK,P<5e-8,CD4 on CD39+ activated CD4 regulatory T cell,GCST90002067,3,6.41873745162937,2,0.0403820974030873,6.3958,0.0408
AVBLOCK,P<5e-8,CD4 on secreting CD4 regulatory T cell,GCST90002068,1,,,,,
AVBLOCK,P<5e-8,CD4 on activated & secreting CD4 regulatory T cell,GCST90002070,1,,,,,
AVBLOCK,P<5e-8,HLA DR+ CD4+ T cell %T cell,GCST90001625,1,,,,,
AVBLOCK,P<5e-8,CD127 on CD28+ CD45RA- CD8+ T cell,GCST90001928,1,,,,,
AVBLOCK,P<5e-8,CD45RA on naive CD8+ T cell,GCST90002100,2,,,,,
AVBLOCK,P<5e-8,Switched memory B cell %lymphocyte,GCST90001434,3,5.28006770459962,2,0.0713588538541831,5.2268,0.0733
AVBLOCK,P<5e-8,Memory B cell %lymphocyte,GCST90001436,2,,,,,
AVBLOCK,P<5e-8,IgD+ CD24+ B cell %lymphocyte,GCST90001439,2,,,,,
AVBLOCK,P<5e-8,IgD+ B cell %Lymphocyte,GCST90001424,2,,,,,
AVBLOCK,P<5e-8,CD24+ CD27+ B cell %lymphocyte,GCST90001442,3,0.362914279495488,2,0.834053992301917,0.3626,0.8342
AVBLOCK,P<5e-8,HLA DR on CD14- CD16+ monocyte,GCST90001984,8,14.4055907702392,7,0.044420226454835,14.3852,0.0447
AVBLOCK,P<5e-8,HLA DR on CD14- CD16-,GCST90002009,4,7.22353994324751,3,0.0651040027619164,7.2023,0.0657
AVBLOCK,P<5e-8,CD33 on CD33dim HLA DR-,GCST90001953,6,2.49810183462666,5,0.776780911442599,2.4973,0.7769
AVBLOCK,P<5e-8,CD25++ CD45RA- CD4 not regulatory T cell %CD4+ T cell,GCST90001511,3,5.98599618244115,2,0.050136896180947,5.9033,0.0523
AVBLOCK,P<5e-8,CD28+ CD45RA- CD8+ T cell %T cell,GCST90001691,3,4.60650739595674,2,0.0999331618482185,4.5778,0.1014
AVBLOCK,P<5e-8,Memory B cell %B cell,GCST90001406,2,,,,,
AVBLOCK,P<5e-8,IgD- CD38dim B cell %lymphocyte,GCST90001426,2,,,,,
AVBLOCK,P<5e-8,CD127 on CD28+ CD45RA+ CD8+ T cell,GCST90001929,2,,,,,
AVBLOCK,P<5e-8,FSC-A on plasmacytoid Dendritic Cell,GCST90001964,4,0.963719992592072,3,0.810029675915967,0.9578,0.8115
AVBLOCK,P<5e-8,BAFF-R on CD24+ CD27+ B cell,GCST90001702,9,7.99217746306521,8,0.434234625775816,7.9904,0.4344
AVBLOCK,P<5e-8,BAFF-R on IgD+ CD24+ B cell,GCST90001703,7,7.72148035602912,6,0.259226708542012,7.7203,0.2593
AVBLOCK,P<5e-8,BAFF-R on IgD- CD38- B cell,GCST90001712,7,7.79421272604392,6,0.253570862386572,7.793,0.2537
AVBLOCK,P<5e-8,BAFF-R on memory B cell,GCST90001715,9,7.93039440070075,8,0.44029883767096,7.9287,0.4405
AVBLOCK,P<5e-8,BAFF-R on unswitched memory B cell,GCST90001717,9,7.93548167844333,8,0.439797764927711,7.9338,0.44
AVBLOCK,P<5e-8,BAFF-R on switched memory B cell,GCST90001718,10,13.6875108249043,9,0.133883338384501,13.6832,0.1341
AVBLOCK,P<5e-8,CD28- CD8dim T cell %T cell,GCST90001661,3,0.32146824079937,2,0.851518442395189,0.3215,0.8515
AVBLOCK,P<5e-8,CD40 on CD14+ CD16- monocyte,GCST90001980,4,8.81355935242991,3,0.0318752187459017,8.8134,0.0319
AVBLOCK,P<5e-8,CD20- CD38- B cell %B cell,GCST90001422,1,,,,,
AVBLOCK,P<5e-8,CD19 on CD20- B cell,GCST90001721,1,,,,,
AVBLOCK,P<5e-8,CD28 on CD39+ resting CD4 regulatory T cell,GCST90001901,2,,,,,
AVBLOCK,P<5e-8,CD39 on granulocyte,GCST90002033,2,,,,,
AVBLOCK,P<5e-8,CD62L on CD62L+ plasmacytoid Dendritic Cell,GCST90001832,3,0.76264853332151,2,0.68295639372074,0.7293,0.6944
AVBLOCK,P<5e-8,CD3 on Natural Killer T,GCST90001848,2,,,,,
AVBLOCK,P<5e-8,Effector Memory CD8+ T cell %CD8+ T cell,GCST90001555,4,3.92065428890812,3,0.270160484197289,3.8249,0.281
AVBLOCK,P<5e-8,CD45RA+ CD8+ T cell %CD8+ T cell,GCST90001561,5,9.1065428261703,4,0.0584908928183978,9.0832,0.0591
AVBLOCK,P<5e-8,CD28+ CD45RA+ CD8+ T cell Absolute Count,GCST90001690,3,0.521897447294565,2,0.770320417823858,0.5179,0.7719
AVBLOCK,P<5e-8,B cell %CD3- lymphocyte,GCST90001643,3,0.765547934082356,2,0.681967028891508,0.763,0.6828
AVBLOCK,P<5e-8,Natural Killer %CD3- lymphocyte,GCST90001646,5,5.78835046036057,4,0.215521776349806,5.7489,0.2187
AVBLOCK,P<5e-8,CD62L on CD62L+ myeloid Dendritic Cell,GCST90001831,2,,,,,
AVBLOCK,P<5e-8,Resting CD4 regulatory T cell %CD4 regulatory T cell,GCST90001481,11,7.31321384696073,10,0.69558160704999,7.2491,0.7017
AVBLOCK,P<5e-8,CD3 on CD39+ CD4+ T cell,GCST90001860,4,7.02738274487246,3,0.0710300936752917,7.0251,0.0711
AVBLOCK,P<5e-8,CD3 on CD28+ CD45RA+ CD8+ T cell,GCST90001864,4,7.56993763289559,3,0.0557884249371349,7.5698,0.0558
AVBLOCK,P<5e-8,CD45 on Natural Killer T,GCST90001919,1,,,,,
AVBLOCK,P<5e-8,CD80 on CD62L+ myeloid Dendritic Cell,GCST90002036,3,0.289896166309216,2,0.865067203505186,0.2887,0.8656
AVBLOCK,P<5e-8,CD24 on transitional B cell,GCST90001774,1,,,,,
AVBLOCK,P<5e-8,CD20 on B cell,GCST90001743,4,0.517430543819608,3,0.915045644977972,0.5174,0.915
AVBLOCK,P<5e-8,CD20 on IgD+ B cell,GCST90001762,5,0.0914149556775727,4,0.998986704525402,0.0912,0.999
AVBLOCK,P<5e-8,CD25 on IgD- CD38- B cell,GCST90001787,3,3.73427036541851,2,0.154565831010978,3.732,0.1547
AVBLOCK,P<5e-8,Monocyte Absolute Count,GCST90001583,1,,,,,
AVBLOCK,P<5e-8,CD45 on CD14+ monocyte,GCST90001909,1,,,,,
AVBLOCK,P<5e-8,HLA DR on HLA DR+ T cell,GCST90002113,1,,,,,
AVBLOCK,P<5e-8,HLA DR on HLA DR+ CD4+ T cell,GCST90002114,1,,,,,
AVBLOCK,P<5e-8,CD33 on CD66b++ myeloid cell,GCST90001951,5,5.86789359991319,4,0.209233672103902,5.8651,0.2095
AVBLOCK,P<5e-8,CD20 on IgD+ CD38- B cell,GCST90001748,4,0.352349669248658,3,0.949900079157988,0.3514,0.9501
AVBLOCK,P<5e-8,CD3 on HLA DR+ T cell,GCST90001847,2,,,,,
AVBLOCK,P<5e-8,HLA DR on HLA DR+ Natural Killer,GCST90002117,6,8.45223232167447,5,0.13301064311079,8.4247,0.1343
AVBLOCK,P<5e-8,CD86 on granulocyte,GCST90001906,2,,,,,
AVBLOCK,P<5e-8,CD80 on granulocyte,GCST90002040,3,6.53388184341149,2,0.0381228697240666,6.5333,0.0381
AVBLOCK,P<5e-8,CD45RA- CD4+ T cell %T cell,GCST90001536,2,,,,,
AVBLOCK,P<5e-8,Terminally Differentiated CD4+ T cell Absolute Count,GCST90001545,2,,,,,
AVBLOCK,P<5e-8,Terminally Differentiated CD4-CD8- T cell %CD4-CD8- T cell,GCST90001573,2,,,,,
AVBLOCK,P<5e-8,CD25 on resting CD4 regulatory T cell,GCST90001937,1,,,,,
AVBLOCK,P<5e-8,CD3 on resting CD4 regulatory T cell,GCST90001869,5,1.28461814261201,4,0.863979835128437,1.25,0.8698
AVBLOCK,P<5e-8,B cell Absolute Count,GCST90001642,1,,,,,
AVBLOCK,P<5e-8,Unswitched memory B cell Absolute Count,GCST90001398,2,,,,,
AVBLOCK,P<5e-8,Memory B cell Absolute Count,GCST90001407,1,,,,,
AVBLOCK,P<5e-8,IgD+ CD24+ B cell Absolute Count,GCST90001412,1,,,,,
AVBLOCK,P<5e-8,CD24+ CD27+ B cell Absolute Count,GCST90001418,1,,,,,
AVBLOCK,P<5e-8,IgD+ CD38- B cell %lymphocyte,GCST90001431,2,,,,,
AVBLOCK,P<5e-8,Unswitched memory B cell %lymphocyte,GCST90001432,4,2.40165725331727,3,0.493326200085497,2.3951,0.4945
AVBLOCK,P<5e-8,T/B cell,GCST90001588,2,,,,,
AVBLOCK,P<5e-8,B cell %lymphocyte,GCST90001644,2,,,,,
AVBLOCK,P<5e-8,CD3 on CD45RA+ CD4+ T cell,GCST90001858,5,5.61333329922614,4,0.229945549697222,5.6057,0.2306
AVBLOCK,P<5e-8,CD45 on HLA DR+ T cell,GCST90001918,1,,,,,
AVBLOCK,P<5e-8,SSC-A on HLA DR+ T cell,GCST90002083,1,,,,,
AVBLOCK,P<5e-8,CD28- CD8dim T cell Absolute Count,GCST90001663,2,,,,,
AVBLOCK,P<5e-8,CD8 on CD28+ CD45RA- CD8+ T cell,GCST90002118,2,,,,,
AVBLOCK,P<5e-8,Terminally Differentiated CD8+ T cell %CD8+ T cell,GCST90001558,4,4.74278603452952,3,0.191630006924141,4.7385,0.192
AVBLOCK,P<5e-8,BAFF-R on IgD- CD24- B cell,GCST90001710,9,6.87352736759409,8,0.550337704576131,6.8727,0.5504
AVBLOCK,P<5e-8,BAFF-R on IgD- CD27- B cell,GCST90001711,9,6.87140343626062,8,0.550568841867673,6.8706,0.5507
AVBLOCK,P<5e-8,FSC-A on CD4+ T cell,GCST90001973,3,3.401580264705,2,0.182539236900592,3.3317,0.189
AVBLOCK,P<5e-8,CD4+ T cell %leukocyte,GCST90001606,1,,,,,
AVBLOCK,P<5e-8,HLA DR+ CD4+ T cell Absolute Count,GCST90001624,2,,,,,
AVBLOCK,P<5e-8,CD28 on CD45RA- CD4 not regulatory T cell,GCST90001891,3,1.45088122936201,2,0.484111215446706,1.4507,0.4842
AVBLOCK,P<5e-8,Monocytic Myeloid-Derived Suppressor Cells Absolute Count,GCST90001530,5,5.02747462198057,4,0.284490027429354,5.0255,0.2847
AVBLOCK,P<5e-8,CD14+ CD16- monocyte Absolute Count,GCST90001582,3,4.56383911993291,2,0.10208805437045,4.5144,0.1046
AVBLOCK,P<5e-8,CD127 on granulocyte,GCST90001926,8,8.15389740035466,7,0.319219314981707,8.1352,0.3208
AVBLOCK,P<5e-8,Plasma Blast-Plasma Cell %B cell,GCST90001404,1,,,,,
AVBLOCK,P<5e-8,Resting CD4 regulatory T cell %CD4+ T cell,GCST90001482,5,3.51914350819544,4,0.474973508554848,3.4276,0.489
AVBLOCK,P<5e-8,Activated CD4 regulatory T cell %CD4 regulatory T cell,GCST90001487,3,5.03120464745452,2,0.0808142212213662,4.8355,0.0891
AVBLOCK,P<5e-8,CD45RA on naive CD4+ T cell,GCST90002098,10,13.1382048739968,9,0.156451712131565,13.051,0.1603
AVBLOCK,P<5e-8,IgD on unswitched memory B cell,GCST90001826,6,6.56132631233984,5,0.255361384541467,6.553,0.2561
AVBLOCK,P<5e-8,CD8dim T cell Absolute Count,GCST90001596,3,1.13333770963295,2,0.567412427212251,1.1302,0.5683
AVBLOCK,P<5e-8,CD8dim T cell %T cell,GCST90001597,2,,,,,
AVBLOCK,P<5e-8,CD4-CD8- T cell %T cell,GCST90001599,3,0.999333665862132,2,0.606732769421028,0.9979,0.6072
AVBLOCK,P<5e-8,CD8dim T cell %leukocyte,GCST90001612,2,,,,,
AVBLOCK,P<5e-8,CD4-CD8- T cell %leukocyte,GCST90001613,4,2.40965645175641,3,0.491839608649918,2.4092,0.4919
AVBLOCK,P<5e-8,Natural Killer T Absolute Count,GCST90001621,5,6.78445554941567,4,0.147726718225662,6.7114,0.1519
AVBLOCK,P<5e-8,CD28- CD4-CD8- T cell %T cell,GCST90001694,3,1.72819465444049,2,0.421431795994601,1.7212,0.4229
AVBLOCK,P<5e-8,CD34 on Hematopoietic Stem Cell,GCST90001870,4,0.336362192665552,3,0.953050746260671,0.3363,0.9531
AVBLOCK,P<5e-8,SSC-A on myeloid Dendritic Cell,GCST90002071,5,1.05045207436769,4,0.902051723890778,1.0504,0.9021
AVBLOCK,P<5e-8,CD80 on myeloid Dendritic Cell,GCST90002035,4,0.308007258771562,3,0.958515563638279,0.3062,0.9589
AVBLOCK,P<5e-8,CD80 on monocyte,GCST90002039,6,3.1334702649456,5,0.679417304542102,3.133,0.6795
AVBLOCK,P<5e-8,CD25++ CD8+ T cell Absolute Count,GCST90001681,3,1.73416297318607,2,0.420176050954146,1.683,0.4311
AVBLOCK,P<5e-8,IgD+ CD38+ B cell Absolute Count,GCST90001392,2,,,,,
AVBLOCK,P<5e-8,IgD+ CD38+ B cell %lymphocyte,GCST90001429,1,,,,,
AVBLOCK,P<5e-8,CCR2 on CD14+ CD16- monocyte,GCST90002004,3,5.78558189591204,2,0.0554213185456742,5.7597,0.0561
AVBLOCK,P<5e-8,HLA DR on CD33+ HLA DR+ CD14dim,GCST90002109,3,3.34262839020831,2,0.187999834757103,3.3426,0.188
AVBLOCK,P<5e-8,FSC-A on CD14+ monocyte,GCST90001967,1,,,,,
AVBLOCK,P<5e-8,SSC-A on plasmacytoid Dendritic Cell,GCST90002072,5,4.82868097570764,4,0.305331827232571,4.8287,0.3053
AVBLOCK,P<5e-8,CD62L- Dendritic Cell %Dendritic Cell,GCST90001463,3,2.63743037948468,2,0.267478740721574,2.6368,0.2676
AVBLOCK,P<5e-8,CD62L- Dendritic Cell Absolute Count,GCST90001462,3,0.371095375273155,2,0.830649222938147,0.3705,0.8309
AVBLOCK,P<5e-8,CD86+ myeloid Dendritic Cell Absolute Count,GCST90001464,3,0.394181815749044,2,0.821115984010762,0.3936,0.8213
AVBLOCK,P<5e-8,CD62L- myeloid Dendritic Cell Absolute Count,GCST90001468,3,0.356486284706855,2,0.836738952075499,0.356,0.8369
AVBLOCK,P<5e-8,CD62L- myeloid Dendritic Cell %Dendritic Cell,GCST90001469,3,0.356287803782302,2,0.836821994556427,0.3558,0.837
AVBLOCK,P<5e-8,CD62L- CD86+ myeloid Dendritic Cell Absolute Count,GCST90001472,3,0.400035947902589,2,0.818716037383553,0.3996,0.8189
AVBLOCK,P<5e-8,CD62L- CD86+ myeloid Dendritic Cell %Dendritic Cell,GCST90001473,3,0.411897931410474,2,0.813874610739855,0.4115,0.814
AVBLOCK,P<5e-8,CCR2 on plasmacytoid Dendritic Cell,GCST90002015,2,,,,,
AVBLOCK,P<5e-8,CCR2 on CD62L+ plasmacytoid Dendritic Cell,GCST90002016,2,,,,,
AVBLOCK,P<5e-8,CD14- CD16- Absolute Count,GCST90001581,3,3.63846025697613,2,0.162150537972554,3.5011,0.1737
AVBLOCK,P<5e-8,CCR2 on CD14- CD16+ monocyte,GCST90001982,1,,,,,
AVBLOCK,P<5e-8,CX3CR1 on CD14- CD16-,GCST90001994,3,4.96077991283349,2,0.0837105757504389,4.9127,0.0857
AVBLOCK,P<5e-8,HLA DR on CD14+ CD16+ monocyte,GCST90002007,6,19.0984972220752,5,0.00184260000194173,19.0573,0.0019
AVBLOCK,P<5e-8,Effector Memory CD4+ T cell %CD4+ T cell,GCST90001543,2,,,,,
AVBLOCK,P<5e-8,Terminally Differentiated CD8+ T cell %T cell,GCST90001559,2,,,,,
AVBLOCK,P<5e-8,CD45RA+ CD8+ T cell %T cell,GCST90001562,3,1.9614326118433,2,0.375042357550815,1.9613,0.3751
AVBLOCK,P<5e-8,FSC-A on Natural Killer T,GCST90001976,2,,,,,
AVBLOCK,P<5e-8,CD25 on B cell,GCST90001775,3,0.647112907075465,2,0.723571108620467,0.6469,0.7237
AVBLOCK,P<5e-8,CD25 on IgD+ CD24- B cell,GCST90001779,5,1.66318487013874,4,0.797393764776643,1.6627,0.7975
AVBLOCK,P<5e-8,CD25 on IgD+ CD38dim B cell,GCST90001784,3,1.8644724601493,2,0.393672383290739,1.8645,0.3937
AVBLOCK,P<5e-8,CD25 on naive-mature B cell,GCST90001791,4,1.38196490251193,3,0.709767650410787,1.3809,0.71
AVBLOCK,P<5e-8,CD25 on IgD+ B cell,GCST90001794,2,,,,,
AVBLOCK,P<5e-8,CD16-CD56 on HLA DR+ Natural Killer,GCST90001885,2,,,,,
AVBLOCK,P<5e-8,CD4 on CD39+ resting CD4 regulatory T cell,GCST90002065,1,,,,,
AVBLOCK,P<5e-8,PDL-1 on monocyte,GCST90002002,2,,,,,
AVBLOCK,P<5e-8,BAFF-R on IgD- CD38+ B cell,GCST90001713,3,2.79630938217778,2,0.247052431626665,2.7672,0.2507
AVBLOCK,P<5e-8,CD64 on CD14- CD16-,GCST90002001,3,0.958783817711137,2,0.619159782935478,0.9524,0.6211
AVBLOCK,P<5e-8,CD86 on monocyte,GCST90001905,1,,,,,
AVBLOCK,P<5e-8,CD20 on IgD+ CD24+ B cell,GCST90001746,2,,,,,
AVBLOCK,P<5e-8,CD20 on memory B cell,GCST90001758,5,0.510546174326519,4,0.972466220382945,0.5104,0.9725
AVBLOCK,P<5e-8,CD4 regulatory T cell %CD4+ T cell,GCST90001478,2,,,,,
AVBLOCK,P<5e-8,CD4 regulatory T cell %T cell,GCST90001479,1,,,,,
AVBLOCK,P<5e-8,CD127 on CD28+ CD4+ T cell,GCST90001924,3,1.65221537077895,2,0.437749834717319,1.6482,0.4386
AVBLOCK,P<5e-8,CD3 on T cell,GCST90001851,3,6.34469451057992,2,0.0419051203572544,6.3408,0.042
AVBLOCK,P<5e-8,CD8 on Central Memory CD8+ T cell,GCST90002054,2,,,,,
AVBLOCK,P<5e-8,CD127 on CD45RA- CD4 not regulatory T cell,GCST90001923,1,,,,,
AVBLOCK,P<5e-8,Granulocytic Myeloid-Derived Suppressor Cells Absolute Count,GCST90001524,2,,,,,
AVBLOCK,P<5e-8,CD8 on Effector Memory CD8+ T cell,GCST90002056,3,0.389958194278397,2,0.8228518578341,0.3898,0.8229
AVBLOCK,P<5e-8,CD28- CD127- CD25++ CD8+ T cell Absolute Count,GCST90001675,1,,,,,
AVBLOCK,P<5e-8,CD3 on CD39+ resting CD4 regulatory T cell,GCST90001852,1,,,,,
AVBLOCK,P<5e-8,CD3 on Terminally Differentiated CD4+ T cell,GCST90001844,1,,,,,
AVBLOCK,P<5e-8,CD3 on Central Memory CD8+ T cell,GCST90001846,3,2.10566839243025,2,0.348947361007157,2.1053,0.349
AVBLOCK,P<5e-8,CD3 on HLA DR+ CD4+ T cell,GCST90001849,2,,,,,
AVBLOCK,P<5e-8,CD3 on CD8+ T cell,GCST90001859,2,,,,,
AVBLOCK,P<5e-8,CD3 on CD28+ CD45RA- CD8+ T cell,GCST90001863,5,5.79020893298009,4,0.215372979204439,5.7898,0.2154
AVBLOCK,P<5e-8,CD3 on CD39+ CD8+ T cell,GCST90001866,1,,,,,
AVBLOCK,P<5e-8,CD16 on CD14- CD16+ monocyte,GCST90001979,5,2.31574972305872,4,0.67790305733625,2.3119,0.6786
AVBLOCK,P<5e-8,IgD+ B cell %B cell,GCST90001391,1,,,,,
AVBLOCK,P<5e-8,CD45 on CD33- HLA DR+,GCST90002046,2,,,,,
AVBLOCK,P<5e-8,Resting CD4 regulatory T cell Absolute Count,GCST90001480,4,1.12748576385995,3,0.770443394310568,1.0942,0.7785
AVBLOCK,P<5e-8,Activated & resting CD4 regulatory T cell %CD4+ T cell,GCST90001500,3,0.846571848409176,2,0.654891357049347,0.8242,0.6623
AVBLOCK,P<5e-8,Effector Memory CD8+ T cell Absolute Count,GCST90001554,2,,,,,
AVBLOCK,P<5e-8,Effector Memory CD8+ T cell %T cell,GCST90001556,2,,,,,
AVBLOCK,P<5e-8,CD28+ CD45RA+ CD8+ T cell %CD8+ T cell,GCST90001689,1,,,,,
AVBLOCK,P<5e-8,CD3 on Effector Memory CD8+ T cell,GCST90001839,3,0.00983198628982302,2,0.995096070572908,0.0098,0.9951
AVBLOCK,P<5e-8,CD3 on HLA DR+ CD8+ T cell,GCST90001850,1,,,,,
AVBLOCK,P<5e-8,CD3- lymphocyte Absolute Count,GCST90001639,1,,,,,
AVBLOCK,P<5e-8,CD24 on IgD+ CD38+ B cell,GCST90001768,2,,,,,
AVBLOCK,P<5e-8,FSC-A on monocyte,GCST90001965,2,,,,,
AVBLOCK,P<5e-8,HLA DR on CD14+ CD16- monocyte,GCST90001988,5,5.05172851627441,4,0.282030890768449,5.0516,0.282
AVBLOCK,P<5e-8,HLA DR on CD14+ monocyte,GCST90001991,5,5.05572913078497,4,0.281626989335827,5.0556,0.2816
AVBLOCK,P<5e-8,PDL-1 on CD14- CD16-,GCST90002000,1,,,,,
AVBLOCK,P<5e-8,CCR2 on CD14- CD16-,GCST90002003,3,1.94888787116414,2,0.377402155135878,1.9401,0.3791
AVBLOCK,P<5e-8,HLA DR on monocyte,GCST90002010,5,16.2835094906191,4,0.00266140155917622,16.2811,0.0027
AVBLOCK,P<5e-8,CD33dim HLA DR+ CD11b+ Absolute Count,GCST90001525,1,,,,,
AVBLOCK,P<5e-8,CD33dim HLA DR+ CD11b+ %CD33dim HLA DR+,GCST90001526,3,2.89493422219422,2,0.235165181655062,2.8616,0.2391
AVBLOCK,P<5e-8,CD33dim HLA DR+ CD11b- %CD33dim HLA DR+,GCST90001528,3,2.8456211630836,2,0.241035613743023,2.8121,0.2451
AVBLOCK,P<5e-8,CD27 on T cell,GCST90001799,1,,,,,
AVBLOCK,P<5e-8,CD33 on CD33dim HLA DR+ CD11b+,GCST90001948,7,6.6821717110415,6,0.351242075555564,6.6804,0.3514
AVBLOCK,P<5e-8,CD33 on CD33dim HLA DR+ CD11b-,GCST90001949,7,6.41429759144656,6,0.378413770176393,6.4113,0.3787
AVBLOCK,P<5e-8,CD40 on CD14+ CD16+ monocyte,GCST90001981,4,7.86242684179129,3,0.048942161291271,7.8624,0.0489
AVBLOCK,P<5e-8,CX3CR1 on monocyte,GCST90001995,3,4.39098358193817,2,0.111303809834326,4.3616,0.1129
AVBLOCK,P<5e-8,CX3CR1 on CD14+ CD16+ monocyte,GCST90001996,3,3.22412145362284,2,0.199476124439032,3.1937,0.2025
AVBLOCK,P<5e-8,CX3CR1 on CD14+ CD16- monocyte,GCST90001997,3,4.61890234252491,2,0.0993157439391503,4.5956,0.1005
AVBLOCK,P<5e-8,PDL-1 on CD14+ CD16+ monocyte,GCST90001998,1,,,,,
AVBLOCK,P<5e-8,CX3CR1 on CD14- CD16+ monocyte,GCST90002012,1,,,,,
AVBLOCK,P<5e-8,CCR2 on monocyte,GCST90002017,2,,,,,
AVBLOCK,P<5e-8,CD14 on CD33dim HLA DR+ CD11b+,GCST90002021,1,,,,,
AVBLOCK,P<5e-8,CD11c on monocyte,GCST90002089,2,,,,,
AVBLOCK,P<5e-8,CD11b on CD14+ monocyte,GCST90002091,1,,,,,
AVBLOCK,P<5e-8,CD11b on Monocytic Myeloid-Derived Suppressor Cells,GCST90002094,1,,,,,
AVBLOCK,P<5e-8,CD11b on CD33+ HLA DR+ CD14dim,GCST90002097,1,,,,,
AVBLOCK,P<5e-8,CD25 on CD45RA- CD4 not regulatory T cell,GCST90001933,2,,,,,
AVBLOCK,P<5e-8,Natural Killer Absolute Count,GCST90001645,3,4.82438500259481,2,0.0896185901385316,4.747,0.0932
AVBLOCK,P<5e-8,CD45 on Natural Killer,GCST90001911,3,1.1975177024977,2,0.54949321585422,1.1938,0.5505
AVBLOCK,P<5e-8,CD33dim HLA DR+ CD11b- Absolute Count,GCST90001527,2,,,,,
AVBLOCK,P<5e-8,CD38 on IgD+ CD38+ B cell,GCST90001812,3,3.0664301606577,2,0.215840605689729,3.0662,0.2159
AVBLOCK,P<5e-8,CD20 on IgD- CD27- B cell,GCST90001754,4,1.70373217617292,3,0.636104366423948,1.7035,0.6362
AVBLOCK,P<5e-8,CD25 on IgD- CD27- B cell,GCST90001786,2,,,,,
AVBLOCK,P<5e-8,CD27 on IgD+ CD24+ B cell,GCST90001800,6,0.740492267273161,5,0.98067267788388,0.7389,0.9808
AVBLOCK,P<5e-8,CD27 on IgD- CD38+ B cell,GCST90001803,2,,,,,
AVBLOCK,P<5e-8,HVEM on T cell,GCST90001871,1,,,,,
AVBLOCK,P<5e-8,HVEM on Effector Memory CD8+ T cell,GCST90001873,1,,,,,
AVBLOCK,P<5e-8,HVEM on CD4+ T cell,GCST90001875,1,,,,,
AVBLOCK,P<5e-8,HVEM on Central Memory CD4+ T cell,GCST90001876,1,,,,,
AVBLOCK,P<5e-8,HVEM on CD45RA- CD4+ T cell,GCST90001880,1,,,,,
AVBLOCK,P<5e-8,HVEM on Central Memory CD8+ T cell,GCST90001882,1,,,,,
AVBLOCK,P<5e-8,CD45RA on CD39+ resting CD4 regulatory T cell,GCST90002103,1,,,,,
AVBLOCK,P<5e-8,CD62L- plasmacytoid Dendritic Cell Absolute Count,GCST90001470,2,,,,,
AVBLOCK,P<5e-8,CD62L- plasmacytoid Dendritic Cell %Dendritic Cell,GCST90001471,3,1.24413531118548,2,0.536833302887504,1.2431,0.5371
AVBLOCK,P<5e-8,CD20 on naive-mature B cell,GCST90001759,6,0.145440497025846,5,0.999592567302853,0.1452,0.9996
AVBLOCK,P<5e-8,CD28 on CD28+ CD4+ T cell,GCST90001894,2,,,,,
AVBLOCK,P<5e-8,CD28 on CD4+ T cell,GCST90001898,2,,,,,
AVBLOCK,P<5e-8,CD3 on Naive CD4+ T cell,GCST90001842,5,5.94370909767313,4,0.203391736619546,5.9366,0.2039
AVBLOCK,P<5e-8,IgD on IgD+ CD38+ B cell,GCST90001824,6,2.10970213323697,5,0.833766913367257,2.1096,0.8338
AVBLOCK,P<5e-8,IgD on IgD+ CD38- unswitched memory B cell,GCST90001823,2,,,,,
AVBLOCK,P<5e-8,CD20 on IgD+ CD24- B cell,GCST90001747,4,0.0180258495903018,3,0.999359800879814,0.018,0.9994
AVBLOCK,P<5e-8,CD20 on IgD+ CD38+ B cell,GCST90001751,5,2.57947983207965,4,0.630462451609756,2.5791,0.6305
AVBLOCK,P<5e-8,CD45 on granulocyte,GCST90001913,1,,,,,
AVBLOCK,P<5e-8,CD45 on HLA DR+ CD4+ T cell,GCST90001920,2,,,,,
AVBLOCK,P<5e-8,Plasmacytoid Dendritic Cell Absolute Count,GCST90001460,2,,,,,
AVBLOCK,P<5e-8,CCR2 on myeloid Dendritic Cell,GCST90002013,3,3.44285960282153,2,0.178810301828721,3.4353,0.1795
AVBLOCK,P<5e-8,HLA DR+ T cell Absolute Count,GCST90001618,3,1.35694297157636,2,0.507391955758766,1.3564,0.5075
AVBLOCK,P<5e-8,HLA DR+ CD8+ T cell Absolute Count,GCST90001627,3,1.37184846942682,2,0.503624547119056,1.3714,0.5037
AVBLOCK,P<5e-8,HVEM on Effector Memory CD4+ T cell,GCST90001878,1,,,,,
AVBLOCK,P<5e-8,HVEM on Terminally Differentiated CD4+ T cell,GCST90001879,1,,,,,
AVBLOCK,P<5e-8,HVEM on CD8+ T cell,GCST90001881,1,,,,,
AVBLOCK,P<5e-8,CCR7 on naive CD4+ T cell,GCST90001907,4,8.07890777468211,3,0.0444087606574059,7.993,0.0462
AVBLOCK,P<5e-8,CCR7 on naive CD8+ T cell,GCST90001908,2,,,,,
AVBLOCK,P<5e-8,HVEM on naive CD8+ T cell,GCST90001872,2,,,,,
AVBLOCK,P<5e-8,HVEM on naive CD4+ T cell,GCST90001877,1,,,,,
AVBLOCK,P<5e-8,CD24 on IgD+ CD24+ B cell,GCST90001765,2,,,,,
AVBLOCK,P<5e-8,CD24 on IgD+ CD38- B cell,GCST90001766,2,,,,,
AVBLOCK,P<5e-8,CD24 on IgD+ CD38- unswitched memory B cell,GCST90001767,2,,,,,
AVBLOCK,P<5e-8,CD24 on IgD- CD38- B cell,GCST90001769,2,,,,,
AVBLOCK,P<5e-8,CD24 on memory B cell,GCST90001771,2,,,,,
AVBLOCK,P<5e-8,CD24 on unswitched memory B cell,GCST90001772,2,,,,,
AVBLOCK,P<5e-8,CD24 on switched memory B cell,GCST90001773,2,,,,,
AVBLOCK,P<5e-8,SSC-A on granulocyte,GCST90002078,3,12.1626809922216,2,0.00228511141594618,12.1563,0.0023
AVBLOCK,P<5e-8,IgD- CD27- B cell %B cell,GCST90001399,3,0.686704342549461,2,0.709388341367781,0.6849,0.71
AVBLOCK,P<5e-8,IgD- CD27- B cell Absolute Count,GCST90001401,2,,,,,
AVBLOCK,P<5e-8,CD25 on IgD+ CD38- naive B cell,GCST90001781,3,0.867422510808948,2,0.648099363659434,0.8674,0.6481
AVBLOCK,P<5e-8,CD39 on monocyte,GCST90002034,2,,,,,
AVBLOCK,P<5e-8,CD8 on Natural Killer T,GCST90002059,2,,,,,
AVBLOCK,P<5e-8,Immature Myeloid-Derived Suppressor Cells Absolute Count,GCST90001515,2,,,,,
AVBLOCK,P<5e-8,Immature Myeloid-Derived Suppressor Cells %CD33dim HLA DR- CD66b-,GCST90001516,2,,,,,
AVBLOCK,P<5e-8,CD45 on B cell,GCST90001910,2,,,,,
AVBLOCK,P<5e-8,Naive CD4-CD8- T cell %T cell,GCST90001568,1,,,,,
AVBLOCK,P<5e-8,CD8 on HLA DR+ CD8+ T cell,GCST90002060,2,,,,,
AVBLOCK,P<5e-8,CD8 on Terminally Differentiated CD8+ T cell,GCST90002057,2,,,,,
AVBLOCK,P<5e-8,CD27 on IgD+ CD38- unswitched memory B cell,GCST90001801,5,0.943281947672962,4,0.918270851269633,0.9409,0.9186
AVBLOCK,P<5e-8,CD14 on CD14+ CD16+ monocyte,GCST90001983,2,,,,,
AVBLOCK,P<5e-8,IgD- CD38+ B cell %B cell,GCST90001410,1,,,,,
AVBLOCK,P<5e-8,FSC-A on myeloid Dendritic Cell,GCST90001963,3,0.275743478841256,2,0.871210426534123,0.2742,0.8719
AVBLOCK,P<5e-8,CD4+CD8+ T cell %leukocyte,GCST90001608,1,,,,,
AVBLOCK,P<5e-8,IgD on IgD+ CD24- B cell,GCST90001821,5,2.28340626942381,4,0.683791819690914,2.28,0.6844
AVBLOCK,P<5e-8,IgD on IgD+ CD38dim B cell,GCST90001825,5,2.24803202127991,4,0.690245899132898,2.2442,0.6909
AVBLOCK,P<5e-8,IgD on IgD+ B cell,GCST90001827,2,,,,,
AVBLOCK,P<5e-8,CD19 on B cell,GCST90002028,1,,,,,
AVBLOCK,P<5e-8,CD3 on Central Memory CD4+ T cell,GCST90001841,4,5.68204870483931,3,0.12814659204157,5.6694,0.1288
AVBLOCK,P<5e-8,CD3 on CD45RA- CD4+ T cell,GCST90001845,3,4.4381775095149,2,0.10870812346513,4.4303,0.1091
AVBLOCK,P<5e-8,CD3 on CD39+ secreting CD4 regulatory T cell,GCST90001856,3,4.26950624981897,2,0.118273785624229,4.2694,0.1183
AVBLOCK,P<5e-8,CD3 on Terminally Differentiated CD8+ T cell,GCST90001840,2,,,,,
AVBLOCK,P<5e-8,CD3 on CD28+ CD4+ T cell,GCST90001861,2,,,,,
AVBLOCK,P<5e-8,CD3 on CD28- CD8+ T cell,GCST90001865,2,,,,,
AVBLOCK,P<5e-8,CD3 on Effector Memory CD4+ T cell,GCST90001843,2,,,,,
AVBLOCK,P<5e-8,CD20 on IgD- CD24- B cell,GCST90001753,2,,,,,
AVBLOCK,P<5e-8,CD8 on CD8+ T cell,GCST90002058,1,,,,,
AVBLOCK,P<5e-8,HLA DR+ T cell%lymphocyte,GCST90001620,4,1.18998160529848,3,0.755408125906908,1.19,0.7554
AVBLOCK,P<5e-8,HLA DR+ CD4+ T cell %lymphocyte,GCST90001626,2,,,,,
AVBLOCK,P<5e-8,HLA DR+ CD8+ T cell %T cell,GCST90001628,3,1.39372253405782,2,0.498146401109575,1.3935,0.4982
AVBLOCK,P<5e-8,HLA DR+ CD8+ T cell %lymphocyte,GCST90001629,2,,,,,
AVBLOCK,P<5e-8,CD45 on CD4+ T cell,GCST90001916,1,,,,,
AVBLOCK,P<5e-8,CD28 on CD39+ activated CD4 regulatory T cell,GCST90001886,2,,,,,
AVBLOCK,P<5e-8,CD28 on CD39+ CD8+ T cell,GCST90001897,2,,,,,
AVBLOCK,P<5e-8,Naive CD4+ T cell Absolute Count,GCST90001540,2,,,,,
AVBLOCK,P<5e-8,CD8+ T cell Absolute Count,GCST90001592,1,,,,,
AVBLOCK,P<5e-8,CD8+ T cell %leukocyte,GCST90001607,1,,,,,
AVBLOCK,P<5e-8,CD127- CD8+ T cell Absolute Count,GCST90001684,1,,,,,
AVBLOCK,P<5e-8,CD28- CD8+ T cell Absolute Count,GCST90001687,3,4.5643875592423,2,0.10206006365741,4.487,0.1061
AVBLOCK,P<5e-8,Central Memory CD4+ T cell Absolute Count,GCST90001537,1,,,,,
AVBLOCK,P<5e-8,CD4+ T cell Absolute Count,GCST90001590,1,,,,,
AVBLOCK,P<5e-8,T cell Absolute Count,GCST90001603,2,,,,,
AVBLOCK,P<5e-8,CD28 on secreting CD4 regulatory T cell,GCST90001887,3,0.596526995928769,2,0.742105770622955,0.5961,0.7423
AVBLOCK,P<5e-8,CD28+ CD4-CD8- T cell %T cell,GCST90001655,1,,,,,
AVBLOCK,P<5e-8,CD4-CD8- Natural Killer T Absolute Count,GCST90001636,1,,,,,
AVBLOCK,P<5e-8,CD4+ CD8dim T cell Absolute Count,GCST90001609,2,,,,,
AVBLOCK,P<5e-8,CD4+ CD8dim T cell %lymphocyte,GCST90001610,2,,,,,
AVBLOCK,P<5e-8,CD4+ CD8dim T cell %leukocyte,GCST90001611,2,,,,,
AVBLOCK,P<5e-8,IgD- CD27- B cell %lymphocyte,GCST90001433,2,,,,,
AVBLOCK,P<5e-8,CCR2 on CD62L+ myeloid Dendritic Cell,GCST90002014,3,0.363740160186014,2,0.83370964885991,0.3593,0.8355
AVBLOCK,P<5e-8,CD8 on naive CD8+ T cell,GCST90002055,1,,,,,
AVBLOCK,P<5e-8,CD25 on IgD+ CD38- B cell,GCST90001780,3,2.33372445410326,2,0.311342331734494,2.3321,0.3116
AVBLOCK,P<5e-8,CD25 on IgD+ CD38+ B cell,GCST90001783,3,0.876462607818202,2,0.645176533742693,0.8765,0.6452
AVBLOCK,P<5e-8,CD25 on IgD- CD38dim B cell,GCST90001789,3,0.507015994337766,2,0.776073538509167,0.5066,0.7762
AVBLOCK,P<5e-8,CD14+ CD16+ monocyte Absolute Count,GCST90001580,3,0.720391446791911,2,0.697539787853512,0.7169,0.6988
AVBLOCK,P<5e-8,CD14+ CD16+ monocyte %monocyte,GCST90001585,3,0.813265726500001,2,0.665888617612584,0.8099,0.667
AVBLOCK,P<5e-8,CD86+ plasmacytoid Dendritic Cell %Dendritic Cell,GCST90001467,1,,,,,
AVBLOCK,P<5e-8,CD33+ HLA DR+ Absolute Count,GCST90001517,1,,,,,
AVBLOCK,P<5e-8,CD33+ HLA DR+ CD14- Absolute Count,GCST90001518,1,,,,,
AVBLOCK,P<5e-8,CD33+ HLA DR+ CD14dim Absolute Count,GCST90001520,2,,,,,
AVBLOCK,P<5e-8,Basophil %CD33dim HLA DR- CD66b-,GCST90001533,3,1.50162876468922,2,0.471982022358908,1.4997,0.4724
AVBLOCK,P<5e-8,CD33 on CD14+ monocyte,GCST90001946,6,1.11920149079515,5,0.952390019254763,1.1184,0.9525
AVBLOCK,P<5e-8,CD33 on CD33+ HLA DR+ CD14dim,GCST90001947,5,0.575116527254523,4,0.965788263428278,0.5746,0.9658
AVBLOCK,P<5e-8,CD33 on Monocytic Myeloid-Derived Suppressor Cells,GCST90001952,4,0.564135558219129,3,0.904591339892153,0.5635,0.9047
AVBLOCK,P<5e-8,CD33 on CD33+ HLA DR+,GCST90001956,5,0.576880707844885,4,0.965597792852301,0.5763,0.9657
AVBLOCK,P<5e-8,CD33 on CD33+ HLA DR+ CD14-,GCST90001957,5,0.580255680128584,4,0.965232256997373,0.5797,0.9653
AVBLOCK,P<5e-8,CD62L on CD62L+ Dendritic Cell,GCST90001833,2,,,,,
AVBLOCK,P<5e-8,CD3 on CD4+ T cell,GCST90001867,2,,,,,
AVBLOCK,P<5e-8,CD25 on switched memory B cell,GCST90001793,2,,,,,
AVBLOCK,P<5e-8,FSC-A on granulocyte,GCST90001966,2,,,,,
AVBLOCK,P<5e-8,CCR2 on granulocyte,GCST90002018,2,,,,,
AVBLOCK,P<5e-8,CD4 on HLA DR+ CD4+ T cell,GCST90001959,2,,,,,
AVBLOCK,P<5e-8,CD11c on CD62L+ myeloid Dendritic Cell,GCST90002088,1,,,,,
AVBLOCK,P<5e-8,CD62L- monocyte %monocyte,GCST90001451,4,5.9265304482769,3,0.115239906197532,5.8785,0.1177
AVBLOCK,P<5e-8,CD24+ CD27+ B cell %B cell,GCST90001417,3,0.28960929008426,2,0.865191296011608,0.2821,0.8684
AVBLOCK,P<5e-8,BAFF-R on IgD- CD38dim B cell,GCST90001714,1,,,,,
AVBLOCK,P<5e-8,CD27 on Plasma Blast-Plasma Cell,GCST90001807,1,,,,,
AVBLOCK,P<5e-8,CCR2 on monocyte,GCST90002008,2,,,,,
AVBLOCK,P<5e-8,Plasma Blast-Plasma Cell %lymphocyte,GCST90001435,1,,,,,
AVBLOCK,P<5e-8,CD3- lymphocyte %leukocyte,GCST90001641,1,,,,,
AVBLOCK,P<5e-8,CD28- CD4-CD8- T cell %CD4-CD8- T cell,GCST90001653,1,,,,,
AVBLOCK,P<5e-8,CD28+ CD4-CD8- T cell %CD4-CD8- T cell,GCST90001656,1,,,,,
AVBLOCK,P<5e-8,CD28- CD8dim T cell %CD8dim T cell,GCST90001662,1,,,,,
AVBLOCK,P<5e-8,CD28- CD8+ T cell %CD8+ T cell,GCST90001686,3,2.04044257228707,2,0.360515154337464,2.0273,0.3629
AVBLOCK,P<5e-8,Naive CD8+ T cell Absolute Count,GCST90001551,1,,,,,
AVBLOCK,P<5e-8,CD62L on monocyte,GCST90001834,2,,,,,
AVBLOCK,P<5e-8,CD45RA- CD4+ T cell Absolute Count,GCST90001534,2,,,,,
AVBLOCK,P<5e-8,Effector Memory CD4+ T cell Absolute Count,GCST90001542,1,,,,,
AVBLOCK,P<5e-8,CD38 on CD3- CD19-,GCST90001810,1,,,,,
AVBLOCK,P<5e-8,CD11c+ CD62L- monocyte Absolute Count,GCST90001452,1,,,,,
AVBLOCK,P<5e-8,Dendritic Cell Absolute Count,GCST90001461,2,,,,,
AVBLOCK,P<5e-8,Plasmacytoid Dendritic Cell %Dendritic Cell,GCST90001474,2,,,,,
AVBLOCK,P<5e-8,CD28 on CD4 regulatory T cell,GCST90001899,1,,,,,
AVBLOCK,P<5e-8,CD8 on CD28- CD8+ T cell,GCST90002120,2,,,,,
AVBLOCK,P<5e-8,CD14 on CD14+ CD16- monocyte,GCST90001986,1,,,,,
AVBLOCK,P<5e-8,Lymphocyte Absolute Count,GCST90001601,2,,,,,
AVBLOCK,P<5e-8,BAFF-R on CD20- B cell,GCST90001830,1,,,,,
AVBLOCK,P<5e-8,Terminally Differentiated CD4-CD8- T cell Absolute Count,GCST90001572,1,,,,,
AVBLOCK,P<5e-8,CD45RA on Terminally Differentiated CD8+ T cell,GCST90002101,1,,,,,
AVBLOCK,P<5e-8,CD11c on myeloid Dendritic Cell,GCST90002087,5,1.19933697477067,4,0.878207768471092,1.1992,0.8782
AVBLOCK,P<5e-8,CD25++ CD4+ T cell Absolute Count,GCST90001504,1,,,,,
AVBLOCK,P<5e-8,CD25++ CD4+ T cell %CD4+ T cell,GCST90001505,1,,,,,
AVBLOCK,P<5e-8,CD25++ CD4+ T cell %T cell,GCST90001506,1,,,,,
AVBLOCK,P<5e-8,CD25++ CD8+ T cell %T cell,GCST90001679,2,,,,,
AVBLOCK,P<5e-8,CD25 on CD4+ T cell,GCST90001960,1,,,,,
AVBLOCK,P<5e-8,IgD+ B cell Absolute Count,GCST90001400,1,,,,,
AVBLOCK,P<5e-8,Naive-mature B cell Absolute Count,GCST90001409,1,,,,,
AVBLOCK,P<5e-8,IgD+ CD24- B cell Absolute Count,GCST90001416,1,,,,,
AVBLOCK,P<5e-8,CD28 on activated & secreting CD4 regulatory T cell,GCST90001889,1,,,,,
AVBLOCK,P<5e-8,CD28 on activated CD4 regulatory T cell,GCST90001902,1,,,,,
AVBLOCK,P<5e-8,CD28 on CD45RA+ CD4+ T cell,GCST90001890,2,,,,,
AVBLOCK,P<5e-8,CD28 on resting CD4 regulatory T cell,GCST90001900,1,,,,,
AVBLOCK,P<5e-8,HLA DR++ monocyte %monocyte,GCST90001475,5,23.3162405972517,4,0.000109474231129279,23.1962,1e-04
AVBLOCK,P<5e-8,CD123 on plasmacytoid Dendritic Cell,GCST90001944,2,,,,,
AVBLOCK,P<5e-8,CD123 on CD62L+ plasmacytoid Dendritic Cell,GCST90001945,2,,,,,
AVBLOCK,P<5e-8,CD80 on plasmacytoid Dendritic Cell,GCST90002037,2,,,,,
AVBLOCK,P<5e-8,CD80 on CD62L+ plasmacytoid Dendritic Cell,GCST90002038,2,,,,,
AVBLOCK,P<5e-8,CD25 on transitional B cell,GCST90001795,2,,,,,
AVBLOCK,P<5e-8,CD14 on Monocytic Myeloid-Derived Suppressor Cells,GCST90002019,1,,,,,
AVBLOCK,P<5e-8,CD25 on CD39+ resting CD4 regulatory T cell,GCST90001938,1,,,,,
AVBLOCK,P<5e-8,Terminally Differentiated CD8+ T cell Absolute Count,GCST90001557,1,,,,,
AVBLOCK,P<5e-8,CD28- CD4-CD8- T cell Absolute Count,GCST90001654,2,,,,,
AVBLOCK,P<5e-8,Activated & resting CD4 regulatory T cell Absolute Count,GCST90001498,1,,,,,
AVBLOCK,P<5e-8,Central Memory CD4+ T cell %CD4+ T cell,GCST90001538,1,,,,,
AVBLOCK,P<5e-8,CD4-CD8- T cell Absolute Count,GCST90001598,2,,,,,
AVBLOCK,P<5e-8,CD11c+ HLA DR++ monocyte %monocyte,GCST90001457,1,,,,,
AVBLOCK,P<5e-8,CD25 on CD39+ CD4 regulatory T cell,GCST90001935,1,,,,,
AVBLOCK,P<5e-8,CD25 on CD39+ activated CD4 regulatory T cell,GCST90001940,1,,,,,
AVBLOCK,P<5e-8,IgD on IgD+ CD38-  B cell,GCST90001822,1,,,,,
AVBLOCK,P<5e-8,Myeloid Dendritic Cell %Dendritic Cell,GCST90001459,1,,,,,
AVBLOCK,P<5e-8,CD86+ myeloid Dendritic Cell %Dendritic Cell,GCST90001465,2,,,,,
AVBLOCK,P<5e-8,HLA DR+ Natural Killer  %CD3- lymphocyte,GCST90001650,3,0.3920375923727,2,0.821996784128248,0.3914,0.8222
AVBLOCK,P<5e-8,CD86 on myeloid Dendritic Cell,GCST90001903,1,,,,,
AVBLOCK,P<5e-8,HLA DR+ Natural Killer Absolute Count,GCST90001648,3,0.364096346025891,2,0.833561184294801,0.3635,0.8338
AVBLOCK,P<5e-8,HLA DR+ Natural Killer %Natural Killer,GCST90001649,4,1.57449163390471,3,0.665187400631207,1.569,0.6664
AVBLOCK,P<5e-8,PDL-1 on CD14- CD16+ monocyte,GCST90001999,1,,,,,
AVBLOCK,P<5e-8,CD19 on IgD- CD38- B cell,GCST90001733,1,,,,,
AVBLOCK,P<5e-8,CD33+ HLA DR+ CD14- %CD33+ HLA DR+,GCST90001519,1,,,,,
AVBLOCK,P<5e-8,CD33 on Granulocytic Myeloid-Derived Suppressor Cells,GCST90001950,3,0.554490914617755,2,0.75786844992792,0.5535,0.7582
AVBLOCK,P<5e-8,Naive-mature B cell %B cell,GCST90001408,1,,,,,
AVBLOCK,P<5e-8,CD45 on CD33+ HLA DR+ CD14-,GCST90002042,1,,,,,
AVBLOCK,P<5e-8,CD25++ CD8+ T cell %CD8+ T cell,GCST90001680,1,,,,,
AVBLOCK,P<5e-8,BAFF-R on CD20- CD38- B cell,GCST90001701,1,,,,,
AVBLOCK,P<5e-8,Unswitched memory B cell %B cell,GCST90001397,1,,,,,
AVBLOCK,P<5e-8,CD4+/CD8+ T cell,GCST90001589,1,,,,,
AVBLOCK,P<5e-8,CD8+ T cell %T cell,GCST90001593,1,,,,,
AVBLOCK,P<5e-8,CD19 on naive-mature B cell,GCST90001737,2,,,,,
AVBLOCK,P<5e-8,Transitional B cell Absolute Count,GCST90001577,1,,,,,
AVBLOCK,P<5e-8,CD45RA+ CD28- CD8+ T cell %CD8+ T cell,GCST90001699,1,,,,,
AVBLOCK,P<5e-8,IgD+ CD24- B cell %B cell,GCST90001415,1,,,,,
AVBLOCK,P<5e-8,CD11b on CD33dim HLA DR-,GCST90002095,1,,,,,
AVBLOCK,P<5e-8,CD11b on basophil,GCST90002096,1,,,,,
AVBLOCK,P<5e-8,CD38 on IgD+ B cell,GCST90001818,1,,,,,
AVBLOCK,P<5e-8,CD8+ Natural Killer T %T cell,GCST90001631,1,,,,,
AVBLOCK,P<5e-8,Lymphocyte %leukocyte,GCST90001602,1,,,,,
AVBLOCK,P<5e-8,Granulocyte %leukocyte,GCST90001652,1,,,,,
AVBLOCK,P<5e-8,IgD- CD38- B cell Absolute Count,GCST90001446,1,,,,,
AVBLOCK,P<5e-8,IgD+ CD38- B cell Absolute Count,GCST90001396,1,,,,,
AVBLOCK,P<5e-8,FSC-A on CD8+ T cell,GCST90001974,1,,,,,
AVBLOCK,P<5e-8,PDL-1 on CD14+ CD16- monocyte,GCST90001993,1,,,,,
AVBLOCK,P<5e-8,CD127 on CD8+ T cell,GCST90001927,1,,,,,
AVBLOCK,P<5e-8,CD8+ Natural Killer T Absolute Count,GCST90001630,2,,,,,
AVBLOCK,P<5e-8,CD8+ Natural Killer T %lymphocyte,GCST90001632,1,,,,,
AVBLOCK,P<5e-8,CD20 on transitional B cell,GCST90001763,2,,,,,
AVBLOCK,P<5e-8,CD33- HLA DR+ Absolute Count,GCST90001523,1,,,,,
AVBLOCK,P<5e-8,SSC-A on lymphocyte,GCST90002079,1,,,,,
AVBLOCK,P<5e-8,CD28- CD25++ CD8+ T cell Absolute Count,GCST90001678,1,,,,,
AVBLOCK,P<5e-8,HLA DR++ monocyte %leukocyte,GCST90001476,2,,,,,
AVBLOCK,P<5e-8,HLA DR++ monocyte Absolute Count,GCST90001477,1,,,,,
AVBLOCK,P<5e-8,CD4 on monocyte,GCST90001958,1,,,,,
AVBLOCK,P<5e-8,CD33- HLA DR- Absolute Count,GCST90001522,1,,,,,
