Outcome,Instrument set,Immunophenotype,GWAS Catalog accession,Instruments,Method,beta,SE,OR,OR 95%CI lower,OR 95%CI upper,P,FDR
CONDUCTIO,all instruments,CD4+CD8+ T cell Absolute Count,GCST90001594,18,IVW,-0.0134066367109978,0.0227343684834899,0.98668283197195,0.943682033082036,1.03164305007337,0.555386497495243,0.976120388751442
CONDUCTIO,all instruments,CD25 on CD45RA- CD4 not regulatory T cell,GCST90001933,26,IVW,0.00306748460830914,0.0112816826776249,1.00307219415347,0.981135589432796,1.02549926587164,0.785699246007611,0.978772201123906
CONDUCTIO,all instruments,HVEM on T cell,GCST90001871,25,IVW,-0.00850829864817512,0.0120514814170912,0.991527794488502,0.968381456956609,1.01522737778661,0.480190574730523,0.976120388751442
CONDUCTIO,all instruments,CX3CR1 on CD14+ CD16+ monocyte,GCST90001996,34,IVW,-7.52492503129358e-05,0.0132561948147286,0.999924753580841,0.974279173063249,1.02624539297095,0.995470804900582,0.998945285556077
CONDUCTIO,all instruments,CD33dim HLA DR+ CD11b+ Absolute Count,GCST90001525,26,IVW,-0.033092276432546,0.0170170252464048,0.967449282701542,0.935713774339694,1.00026112713816,0.0518162799720156,0.924454769589635
CONDUCTIO,all instruments,CD45RA- CD4+ T cell %T cell,GCST90001536,26,IVW,0.00325572354321921,0.0057570904974269,1.00326102916743,0.99200396589053,1.01464583535463,0.571723228043618,0.976120388751442
CONDUCTIO,all instruments,CD45RA- CD4+ T cell %CD4+ T cell,GCST90001535,30,IVW,0.0182676987606743,0.014968003676453,1.01843557384211,0.988991454003118,1.04875630003557,0.222294366448042,0.96753368259999
CONDUCTIO,all instruments,Memory B cell Absolute Count,GCST90001407,17,IVW,-0.00264888255730806,0.0101098560676347,0.997354622636461,0.977786240874319,1.01731462533658,0.793313795925911,0.978772201123906
CONDUCTIO,all instruments,CD45RA on naive CD4+ T cell,GCST90002098,33,IVW,-0.017715220913348,0.0118169988213124,0.982440771110024,0.959947639108451,1.00546095372001,0.133839834066124,0.96753368259999
CONDUCTIO,all instruments,CD33 on Monocytic Myeloid-Derived Suppressor Cells,GCST90001952,21,IVW,-0.0118203082345777,0.0103633453484186,0.988249277165322,0.968378297237845,1.00852800667208,0.254041377496923,0.96753368259999
CONDUCTIO,all instruments,CD33 on Immature Myeloid-Derived Suppressor Cells,GCST90001955,23,IVW,-0.010780490349097,0.0104272337668099,0.989277410882309,0.969264377863298,1.00970366603118,0.301193077454445,0.96753368259999
CONDUCTIO,all instruments,CD127 on CD8+ T cell,GCST90001927,25,IVW,-0.00628304695859503,0.0192502746910304,0.993736650106828,0.956940957004024,1.03194718810785,0.744131275159543,0.978772201123906
CONDUCTIO,all instruments,CD28+ CD45RA+ CD8+ T cell %CD8+ T cell,GCST90001689,41,IVW,0.000922299504137857,0.0023748035953465,1.00092272495311,0.996274640889689,1.00559249448817,0.697743166640962,0.976120388751442
CONDUCTIO,all instruments,CD39+ CD4+ T cell Absolute Count,GCST90001660,29,IVW,-0.00269353466057393,0.0103163265195876,0.997310089649112,0.977346986780001,1.01768095504428,0.794019741662926,0.978772201123906
CONDUCTIO,all instruments,CD33 on CD33dim HLA DR+ CD11b-,GCST90001949,22,IVW,-0.0107901297834859,0.0100061201651768,0.989267874853576,0.970055371292494,1.00886089307806,0.280876249357132,0.96753368259999
CONDUCTIO,all instruments,Central Memory CD8+ T cell %CD8+ T cell,GCST90001549,31,IVW,-0.00698251270474713,0.0197536154451571,0.993041808396699,0.9553289008691,1.03224348423529,0.72372844096732,0.976120388751442
CONDUCTIO,all instruments,CD64 on CD14- CD16+ monocyte,GCST90001990,20,IVW,0.0286778760909607,0.0256329595715021,1.02909304560347,0.978668088911762,1.08211610096231,0.263230117532033,0.96753368259999
CONDUCTIO,all instruments,CD33 on basophil,GCST90001954,22,IVW,-0.00390882112307947,0.00686553625461833,0.996098808374189,0.982784635175256,1.0095933539575,0.569125751323146,0.976120388751442
CONDUCTIO,all instruments,CD4+ T cell Absolute Count,GCST90001590,24,IVW,0.0191942223315946,0.0152383591319933,1.01937961567771,0.989383792396781,1.05028484279284,0.207814046815765,0.96753368259999
CONDUCTIO,all instruments,Lymphocyte Absolute Count,GCST90001601,19,IVW,0.0145878362498571,0.023363376079687,1.01469475801952,0.969277451065379,1.06224017779491,0.532372112989165,0.976120388751442
CONDUCTIO,all instruments,Naive-mature B cell Absolute Count,GCST90001409,23,IVW,0.0172557768518702,0.0123635779373221,1.01740551782825,0.993047445711908,1.04236105956178,0.162806532593384,0.96753368259999
CONDUCTIO,all instruments,CD3 on CD28- CD8+ T cell,GCST90001865,20,IVW,-0.0302951568838936,0.019833862609301,0.970159142136115,0.933168468858827,1.00861612075394,0.126650110548732,0.96753368259999
CONDUCTIO,all instruments,CD27 on CD20- CD38- B cell,GCST90001797,20,IVW,0.0165832220155573,0.0184947920468983,1.01672148687669,0.980525555054879,1.05425358528152,0.369909555142095,0.976120388751442
CONDUCTIO,all instruments,CD4 on HLA DR+ CD4+ T cell,GCST90001959,21,IVW,0.00846638666671134,0.0289235567070112,1.00850232787743,0.952920514393966,1.06732610954549,0.769739269693244,0.978772201123906
CONDUCTIO,all instruments,CD20 on unswitched memory B cell,GCST90001760,22,IVW,0.00197424011681213,0.0140005006954648,1.00197619021194,0.974854800882299,1.02985212243197,0.887860377083182,0.983378204310675
CONDUCTIO,all instruments,T cell Absolute Count,GCST90001603,19,IVW,-0.0290969894686956,0.0205126371761336,0.971322251868723,0.93304508346342,1.01116969983189,0.156047489359579,0.96753368259999
CONDUCTIO,all instruments,HLA DR+ CD4+ T cell %T cell,GCST90001625,25,IVW,-0.0204016596727594,0.0285397795781438,0.979805046085778,0.926501487599602,1.03617526920803,0.474701773629194,0.976120388751442
CONDUCTIO,all instruments,B cell Absolute Count,GCST90001642,30,IVW,-0.00875706287516592,0.0184661136708226,0.991281168520297,0.956044665612671,1.02781636717073,0.635340621361412,0.976120388751442
CONDUCTIO,all instruments,CD28+ CD45RA+ CD8dim T cell Absolute Count,GCST90001666,54,IVW,0.000433360487855908,0.00153367563941902,1.00043345440208,0.997430662646552,1.0034452861427,0.777511597569639,0.978772201123906
CONDUCTIO,all instruments,CD24 on IgD+ CD38+ B cell,GCST90001768,25,IVW,-0.00847251805777753,0.0128828785316177,0.991563272573094,0.9668393207229,1.01691946370234,0.510758418638417,0.976120388751442
CONDUCTIO,all instruments,Resting CD4 regulatory T cell %CD4 regulatory T cell,GCST90001481,30,IVW,-0.00412417071320681,0.0103864004571425,0.995884321999685,0.975815726110928,1.01636564800763,0.691312811428709,0.976120388751442
CONDUCTIO,all instruments,Secreting CD4 regulatory T cell %CD4 regulatory T cell,GCST90001493,31,IVW,0.00177739649724158,0.0101440875329966,1.00177897700265,0.982057896066786,1.02189608452192,0.860910682857177,0.983238083759089
CONDUCTIO,all instruments,Activated & resting CD4 regulatory T cell %CD4 regulatory T cell,GCST90001499,29,IVW,-0.00290573382626458,0.0102935218311824,0.997098483732247,0.977183292937974,1.01741955009484,0.77772297403377,0.978772201123906
CONDUCTIO,all instruments,Activated & secreting CD4 regulatory T cell %CD4 regulatory T cell,GCST90001502,38,IVW,-0.00345969337837022,0.00322776164533399,0.996546284464944,0.990261621916386,1.00287083241598,0.283785036886302,0.96753368259999
CONDUCTIO,all instruments,CD39+ activated CD4 regulatory T cell Absolute Count,GCST90001489,30,IVW,0.00850066095693379,0.00911701924651953,1.00853689417127,0.990675052741414,1.02672078406534,0.35113255268463,0.976120388751442
CONDUCTIO,all instruments,FSC-A on Natural Killer,GCST90001969,18,IVW,-0.00757289396367958,0.0182138000170469,0.992455708152009,0.957650929147316,1.02852542890604,0.67757259452646,0.976120388751442
CONDUCTIO,all instruments,SSC-A on Natural Killer,GCST90002076,23,IVW,-0.00298322245860234,0.0212460997307513,0.997021222927892,0.956355495408235,1.03941612061768,0.888333915522704,0.983378204310675
CONDUCTIO,all instruments,SSC-A on Natural Killer T,GCST90002084,20,IVW,-0.00191762798883631,0.00996748715615862,0.998084209484997,0.978774595182918,1.01777477074497,0.847438050210375,0.980743999798171
CONDUCTIO,all instruments,CD45RA- CD28- CD8+ T cell Absolute Count,GCST90001695,350,IVW,2.84842762264255e-06,5.51257309056215e-06,1.00000284843168,0.999992043816016,1.00001365316408,0.60535532377985,0.976120388751442
CONDUCTIO,all instruments,BAFF-R on IgD- CD38+ B cell,GCST90001713,15,IVW,-0.00997395069839801,0.0328644308462953,0.990075624191798,0.928311220818978,1.05594946999992,0.761518215804891,0.978772201123906
CONDUCTIO,all instruments,CD14 on CD14+ CD16+ monocyte,GCST90001983,15,IVW,0.00373788198612195,0.0271646791319199,1.00374487657927,0.951700505154308,1.05863532886932,0.890555911427725,0.983378204310675
CONDUCTIO,all instruments,CD20 on IgD+ CD24- B cell,GCST90001747,25,IVW,0.0141908059405929,0.00866691153979301,1.01429197341007,0.997207565441396,1.03166907570414,0.101556435582019,0.924454769589635
CONDUCTIO,all instruments,CD20 on IgD+ CD38dim B cell,GCST90001752,28,IVW,0.0386644101830081,0.0147870562614806,1.03942160580704,1.00972879996505,1.0699875794925,0.00892935852920932,0.744029720495043
CONDUCTIO,all instruments,CD38 on naive-mature B cell,GCST90001816,26,IVW,-0.0113924443769527,0.0149835547798117,0.988672203784401,0.960059313296128,1.01813785148335,0.447057426762776,0.976120388751442
CONDUCTIO,all instruments,IgD on IgD+ CD24+ B cell,GCST90001820,28,IVW,0.00790815540017301,0.0133658716945265,1.00793950745223,0.981877274860861,1.03469351689294,0.554073087896513,0.976120388751442
CONDUCTIO,all instruments,CD24 on IgD+ CD38- B cell,GCST90001766,22,IVW,0.000442428669371661,0.012339366110642,1.00044252655537,0.976536912161237,1.02493335016428,0.971397932502307,0.997430722004315
CONDUCTIO,all instruments,Hematopoietic Stem Cell Absolute Count,GCST90001514,19,IVW,0.00796276152883989,0.014434952880578,1.00799454862944,0.979875509884123,1.03692050655172,0.581201475936282,0.976120388751442
CONDUCTIO,all instruments,CCR2 on CD14+ CD16- monocyte,GCST90002004,27,IVW,0.00924191202134654,0.00666535698922806,1.00928475035793,0.996185107584201,1.02255665091738,0.165576218218976,0.96753368259999
CONDUCTIO,all instruments,Monocytic Myeloid-Derived Suppressor Cells Absolute Count,GCST90001530,19,IVW,0.00757007834793,0.0135672859434962,1.00759880382999,0.981157970704126,1.03475218037625,0.57686789945244,0.976120388751442
CONDUCTIO,all instruments,CD3 on CD8+ T cell,GCST90001859,23,IVW,-0.00468310211367946,0.0126114975675569,0.99532784651118,0.971026385676216,1.02023748958241,0.710387343506005,0.976120388751442
CONDUCTIO,all instruments,CD8+ Natural Killer T Absolute Count,GCST90001630,26,IVW,0.000637289023664993,0.0234782599854273,1.00063749213546,0.955634175717387,1.04776013260042,0.978345046035104,0.998708342684933
CONDUCTIO,all instruments,CD39+ resting CD4 regulatory T cell Absolute Count,GCST90001483,28,IVW,-0.0337661962479054,0.0110110856997679,0.966797519102444,0.946155900127129,0.987889461786426,0.00216534629155286,0.460262298965818
CONDUCTIO,all instruments,CD39+ resting CD4 regulatory T cell %CD4 regulatory T cell,GCST90001485,36,IVW,0.00449104102421068,0.00348448664252272,1.00450114086289,0.997664179489175,1.01138495571875,0.197444210702206,0.96753368259999
CONDUCTIO,all instruments,CD127 on CD45RA+ CD4+ T cell,GCST90001932,22,IVW,0.0214683644830068,0.0222422420990847,1.0217004678036,0.978116563925809,1.06722642720656,0.334441215545266,0.976120388751442
CONDUCTIO,all instruments,HVEM on naive CD8+ T cell,GCST90001872,21,IVW,0.00714190237804902,0.00969797520573065,1.00716746658562,0.988203995839548,1.02649484318945,0.461467641745554,0.976120388751442
CONDUCTIO,all instruments,HVEM on CD8+ T cell,GCST90001881,16,IVW,-0.0164888522690558,0.0175932681649263,0.983646344754348,0.950305603833519,1.01815681991716,0.348642788403213,0.976120388751442
CONDUCTIO,all instruments,CD8 on CD28+ CD45RA+ CD8+ T cell,GCST90002119,22,IVW,-0.00747548188509881,0.0198676059443733,0.992552390034355,0.954644757350192,1.03196528276908,0.706720003843498,0.976120388751442
CONDUCTIO,all instruments,CD14+ CD16- monocyte Absolute Count,GCST90001582,28,IVW,-0.0182228596849674,0.0105344370788695,0.981942172648451,0.961875402092154,1.00242757879901,0.0836593907116617,0.924454769589635
CONDUCTIO,all instruments,IgD+ CD38+ B cell %lymphocyte,GCST90001429,25,IVW,0.0157891004815465,0.0164938867520946,1.01591440695206,0.983597099453982,1.04929353983017,0.338431069527659,0.976120388751442
CONDUCTIO,all instruments,PDL-1 on monocyte,GCST90002002,15,IVW,-0.00146861881276782,0.024358761086109,0.998532459080105,0.951979488095046,1.04736192775722,0.95192371462217,0.997430722004315
CONDUCTIO,all instruments,CD45 on HLA DR+ CD8+ T cell,GCST90001921,18,IVW,-0.000263737502229594,0.0136676335573031,0.999736297273448,0.973310336768689,1.02687973848525,0.98460457534633,0.998708342684933
CONDUCTIO,all instruments,CD28- CD8dim T cell Absolute Count,GCST90001663,28,IVW,-0.0187439961424891,0.0133983741667153,0.981430580099448,0.955992883965424,1.00754513941463,0.161820353760223,0.96753368259999
CONDUCTIO,all instruments,IgD+ CD38- B cell %B cell,GCST90001395,22,IVW,0.00972402874704072,0.0116681542665488,1.00977146073325,0.98694047181134,1.03313060111924,0.404629370990575,0.976120388751442
CONDUCTIO,all instruments,CD33+ HLA DR+ CD14dim Absolute Count,GCST90001520,28,IVW,-0.0139835265748391,0.00906188440374146,0.98611378880076,0.968753757118556,1.00378491161195,0.122802960939001,0.96753368259999
CONDUCTIO,all instruments,CD4RA on Terminally Differentiated CD4+ T cell,GCST90002099,33,IVW,-0.0156547065724888,0.00874286156686837,0.984467191425033,0.967741071851456,1.00148239976845,0.0733623076028154,0.924454769589635
CONDUCTIO,all instruments,CD4 on CD45RA+ CD4+ T cell,GCST90002027,27,IVW,-0.0295365518193553,0.016480529610278,0.970895388999739,0.940034793674752,1.00276911314743,0.0730995097840211,0.924454769589635
CONDUCTIO,all instruments,Activated CD4 regulatory T cell %CD4+ T cell,GCST90001488,19,IVW,-0.0101099349373736,0.0167849192459252,0.989940998665197,0.957903366003201,1.02305014850002,0.546959470108827,0.976120388751442
CONDUCTIO,all instruments,Natural Killer %lymphocyte,GCST90001647,27,IVW,0.0173792150860052,0.0150573041739709,1.0175311123202,0.987940208186934,1.04800832677889,0.248416151633013,0.96753368259999
CONDUCTIO,all instruments,Unswitched memory B cell %lymphocyte,GCST90001432,22,IVW,-0.018854871217216,0.0207222193972379,0.981321769942819,0.942263404166084,1.02199916913463,0.362882280019054,0.976120388751442
CONDUCTIO,all instruments,CD4 on Effector Memory CD4+ T cell,GCST90002025,20,IVW,-0.0326701748442326,0.0164314546241903,0.96785773077761,0.93718383010386,0.999535584093648,0.0467817927060413,0.924454769589635
CONDUCTIO,all instruments,CD45RA+ CD28- CD8+ T cell Absolute Count,GCST90001698,719,IVW,-2.17737792850255e-06,3.49506912392656e-06,0.999997822624442,0.999990972327338,1.00000467296847,0.533293948377692,0.976120388751442
CONDUCTIO,all instruments,CD62L on monocyte,GCST90001834,25,IVW,-0.0143604889101496,0.0110991642995822,0.98574213109893,0.964529510003145,1.0074212752913,0.195722368390189,0.96753368259999
CONDUCTIO,all instruments,CX3CR1 on CD14- CD16+ monocyte,GCST90002012,18,IVW,0.026393659978105,0.0196543430827875,1.02674505736428,0.987944405589067,1.06706957077549,0.17930694911245,0.96753368259999
CONDUCTIO,all instruments,CD4 on CD39+ activated CD4 regulatory T cell,GCST90002067,23,IVW,-0.0155165526128971,0.0154434679902491,0.984603208861073,0.955246601972921,1.01486200201841,0.31502572382305,0.975778830994276
CONDUCTIO,all instruments,CD28+ CD45RA- CD8dim T cell %T cell,GCST90001667,28,IVW,0.00577758425695496,0.00535306763897864,1.00579430668645,0.995296667158607,1.01640266740858,0.280452484920786,0.96753368259999
CONDUCTIO,all instruments,CD4 on CD28+ CD4+ T cell,GCST90002062,21,IVW,-0.02489011423435,0.0245025636362696,0.975417090593353,0.929679720264983,1.02340459825285,0.309716664471132,0.96753368259999
CONDUCTIO,all instruments,CD3 on CD45RA+ CD4+ T cell,GCST90001858,32,IVW,0.0184563058279665,0.0119977020080615,1.01862767610427,0.994953586039706,1.04286507138051,0.123970374130699,0.96753368259999
CONDUCTIO,all instruments,FSC-A on HLA DR+ T cell,GCST90001975,19,IVW,0.00562472314830477,0.00909230318922382,1.00564057160401,0.987877880997827,1.0237226470083,0.536163639564717,0.976120388751442
CONDUCTIO,all instruments,SSC-A on HLA DR+ CD8+ T cell,GCST90002086,24,IVW,-0.00148027050030558,0.0173200810299371,0.998520824559676,0.965192583347026,1.03299989482084,0.931891270920103,0.997430722004315
CONDUCTIO,all instruments,CD28- CD127- CD25++ CD8+ T cell %T cell,GCST90001673,18,IVW,-0.00755029782720726,0.0187042517280519,0.992478134070002,0.956752414325445,1.0295378740189,0.686457269564192,0.976120388751442
CONDUCTIO,all instruments,CD80 on granulocyte,GCST90002040,33,IVW,-0.00426840067959649,0.0132837762737587,0.995740695995231,0.970149978742745,1.02200644785458,0.747964610932192,0.978772201123906
CONDUCTIO,all instruments,HLA DR+ CD8+ T cell Absolute Count,GCST90001627,34,IVW,-0.00468019430512841,0.0116590029946029,0.995330740738211,0.972843706546889,1.01833755699043,0.688108570423157,0.976120388751442
CONDUCTIO,all instruments,HLA DR on CD14+ CD16+ monocyte,GCST90002007,19,IVW,-0.0048486419021617,0.00989318885603452,0.99516309378694,0.97605212028845,1.01464825765956,0.624063850190064,0.976120388751442
CONDUCTIO,all instruments,BAFF-R on IgD+ CD38- naive B cell,GCST90001706,28,IVW,-0.0113750973948623,0.0106327927552803,0.988689354412168,0.968298016119401,1.00951011285292,0.284703596293873,0.96753368259999
CONDUCTIO,all instruments,Transitional B cell %lymphocyte,GCST90001578,26,IVW,-0.0080987055819573,0.0213910369031061,0.991934000582008,0.951205512879651,1.03440639082494,0.704982873302786,0.976120388751442
CONDUCTIO,all instruments,CD45 on CD8+ T cell,GCST90001917,26,IVW,0.00202964858053919,0.00425624898480676,1.00203170971144,0.993707283167142,1.010425871155,0.63345952659973,0.976120388751442
CONDUCTIO,all instruments,CD19 on memory B cell,GCST90001736,24,IVW,-0.0200892576495185,0.0174231540574891,0.980111186981585,0.947206038656237,1.01415943273466,0.248901879716816,0.96753368259999
CONDUCTIO,all instruments,CD33 on CD14+ monocyte,GCST90001946,21,IVW,0.00303061869244916,0.0108389704953144,1.00303521565999,0.981951104637947,1.02457203734705,0.779781395526148,0.978772201123906
CONDUCTIO,all instruments,BAFF-R on IgD- CD24- B cell,GCST90001710,22,IVW,-0.00218626444794507,0.012680933516413,0.997816123687491,0.973321437567223,1.02292724506231,0.863118639158937,0.983238083759089
CONDUCTIO,all instruments,FSC-A on lymphocyte,GCST90001971,17,IVW,-0.00507276737194216,0.0155952602489581,0.994940077383798,0.964988130749832,1.02582169255832,0.744972023515782,0.978772201123906
CONDUCTIO,all instruments,FSC-A on T cell,GCST90001972,22,IVW,-0.000858983189744357,0.0142039035853717,0.999141385630705,0.971709260267069,1.02734794171424,0.951777207614261,0.997430722004315
CONDUCTIO,all instruments,FSC-A on CD4+ T cell,GCST90001973,25,IVW,0.00120862626553822,0.0105718862602972,1.00120935694861,0.980676861420649,1.02217174267709,0.908980512537525,0.990260439142967
CONDUCTIO,all instruments,SSC-A on lymphocyte,GCST90002079,21,IVW,-0.0272471637305801,0.0234721736358792,0.973120691657505,0.929366020153371,1.01893533871155,0.245711726341905,0.96753368259999
CONDUCTIO,all instruments,SSC-A on CD4+ T cell,GCST90002081,30,IVW,-0.00630647788968505,0.0173610963288066,0.99371336620464,0.960468371332012,1.02810908057733,0.716415573843458,0.976120388751442
CONDUCTIO,all instruments,CD86 on monocyte,GCST90001905,16,IVW,0.00366694094016401,0.0164164091106772,1.00367367239353,0.971893332357298,1.0364932108471,0.823247188985931,0.979162256172564
CONDUCTIO,all instruments,CD86+ plasmacytoid Dendritic Cell %Dendritic Cell,GCST90001467,26,IVW,0.0163576224605652,0.0194433107456762,1.01649214083286,0.978483586333493,1.05597711275538,0.400180895092743,0.976120388751442
CONDUCTIO,all instruments,CD127- CD8+ T cell %T cell,GCST90001682,14,IVW,0.0315035096757058,0.0278594684570579,1.03200499759216,0.977163737854208,1.08992410769759,0.258138936258901,0.96753368259999
CONDUCTIO,all instruments,CD20 on IgD- CD24- B cell,GCST90001753,28,IVW,-0.00588077980309487,0.0201388989980847,0.994136478135833,0.955660053406964,1.03416202616921,0.770278222376453,0.978772201123906
CONDUCTIO,all instruments,CD20 on IgD- CD27- B cell,GCST90001754,19,IVW,-0.0314121342605906,0.0272499744896153,0.969076101301212,0.918675716732179,1.0222415516257,0.249017138142456,0.96753368259999
CONDUCTIO,all instruments,SSC-A on granulocyte,GCST90002078,25,IVW,-0.0237246932291408,0.0144823610565347,0.976554524825705,0.949224331649586,1.00467161255787,0.101384452929219,0.924454769589635
CONDUCTIO,all instruments,CD28- CD4-CD8- T cell %CD4-CD8- T cell,GCST90001653,27,IVW,0.00985810350230029,0.0183460812828054,1.00990685467096,0.974237450719148,1.04688220962819,0.591032020273954,0.976120388751442
CONDUCTIO,all instruments,CD28+ CD4-CD8- T cell %CD4-CD8- T cell,GCST90001656,27,IVW,-0.00985810350230029,0.0183460812828054,0.990190328320733,0.955217302197883,1.02644380921903,0.591032020273954,0.976120388751442
CONDUCTIO,all instruments,Naive CD8+ T cell Absolute Count,GCST90001551,28,IVW,0.00358467269329952,0.00350228779280212,1.00359110531644,0.996725561325328,1.01050393985184,0.306060552000033,0.96753368259999
CONDUCTIO,all instruments,CD28+ CD45RA+ CD8+ T cell Absolute Count,GCST90001690,59,IVW,0.00154143305448943,0.00202692249432815,1.00154262167307,0.997571618266658,1.00552943233358,0.446968003885729,0.976120388751442
CONDUCTIO,all instruments,CD127- CD8+ T cell %CD8+ T cell,GCST90001683,14,IVW,-0.0208473805836372,0.0180490444566151,0.979368423801224,0.945327824211059,1.01463480178358,0.248073768130952,0.96753368259999
CONDUCTIO,all instruments,CD8 on CD28+ CD45RA- CD8+ T cell,GCST90002118,14,IVW,0.0110259283494701,0.0245087309486567,1.01108693792033,0.963665357356788,1.06084211518938,0.652798720859667,0.976120388751442
CONDUCTIO,all instruments,Naive CD8+ T cell %T cell,GCST90001553,29,IVW,0.00253521560174752,0.00331325748189734,1.00253843197832,0.996049056533493,1.00907008645888,0.444168456999978,0.976120388751442
CONDUCTIO,all instruments,CD28+ CD45RA+ CD8+ T cell %T cell,GCST90001688,110,IVW,0.000129167999741641,0.00085449252583375,1.00012917634229,0.998455556531336,1.00180560148919,0.879846817109404,0.983378204310675
CONDUCTIO,all instruments,FSC-A on CD8+ T cell,GCST90001974,18,IVW,0.012079425223805,0.0183611552288491,1.01215267612647,0.976375103522056,1.04924125583958,0.510615648299586,0.976120388751442
CONDUCTIO,all instruments,CD39+ CD4+ T cell %CD4+ T cell,GCST90001659,25,IVW,-0.00571446093779486,0.0121199476898079,0.994301835537476,0.970960434770947,1.01820435184511,0.637289280351698,0.976120388751442
CONDUCTIO,all instruments,CD25++ CD45RA+ CD4 not regulatory T cell Absolute Count,GCST90001507,26,IVW,-0.0219957066976201,0.0124983632764178,0.978244434941355,0.954571721053447,1.00250421564725,0.0784269727388651,0.924454769589635
CONDUCTIO,all instruments,CD45RA on resting CD4 regulatory T cell,GCST90002102,29,IVW,-0.00597279952965888,0.0075824450605643,0.994045002177808,0.979381144641028,1.00892841541978,0.430863906552888,0.976120388751442
CONDUCTIO,all instruments,CD8+ Natural Killer T %lymphocyte,GCST90001632,27,IVW,-0.0302020335473547,0.0218667584753778,0.970249490799124,0.929544237502064,1.01273724952103,0.167222159545891,0.96753368259999
CONDUCTIO,all instruments,Granulocytic Myeloid-Derived Suppressor Cells Absolute Count,GCST90001524,21,IVW,0.0232205554828804,0.0184785427187953,1.02349225148305,0.987086713044633,1.0612404918457,0.208890305818911,0.96753368259999
CONDUCTIO,all instruments,CD19 on IgD- CD24- B cell,GCST90001731,23,IVW,-0.0319242986213874,0.0259498383952551,0.968579902137836,0.920548140125268,1.01911783418266,0.218610571349095,0.96753368259999
CONDUCTIO,all instruments,CD19 on IgD- CD27- B cell,GCST90001732,26,IVW,-0.0181925173042299,0.0223377480682574,0.981971967563738,0.939906850803678,1.02591969008045,0.415399039065032,0.976120388751442
CONDUCTIO,all instruments,Monocyte Absolute Count,GCST90001583,27,IVW,-0.014958955303215,0.0100002643461402,0.985152374053727,0.96603088481585,1.00465235155365,0.134691187606515,0.96753368259999
CONDUCTIO,all instruments,CCR2 on CD14+ CD16+ monocyte,GCST90001992,37,IVW,0.0103657327396073,0.00836350822761621,1.01041964305953,0.993991381002776,1.02711942436621,0.215197373022767,0.96753368259999
CONDUCTIO,all instruments,SSC-A on plasmacytoid Dendritic Cell,GCST90002072,26,IVW,0.0047188022473491,0.0151731124870263,1.00472995332769,0.975289920109044,1.03505866132708,0.755802412114134,0.978772201123906
CONDUCTIO,all instruments,CD3 on HLA DR+ CD4+ T cell,GCST90001849,26,IVW,0.00249064269875369,0.0163549568337541,1.00249374692592,0.970867698607572,1.03515001484439,0.878960800261023,0.983378204310675
CONDUCTIO,all instruments,CCR2 on granulocyte,GCST90002018,17,IVW,0.00193543617197002,0.0200338160039541,1.00193731033747,0.963357362391577,1.04206228450273,0.923037335441807,0.994992668104784
CONDUCTIO,all instruments,CD4 on CD4+ T cell,GCST90002022,22,IVW,-0.0344832265496424,0.0169153112155839,0.966104544457203,0.934599450626977,0.99867166644996,0.0414918955928244,0.924454769589635
CONDUCTIO,all instruments,CD3 on CD39+ CD8+ T cell,GCST90001866,16,IVW,0.00940687392294485,0.0213436304348736,1.0094512576229,0.96809346488886,1.0525758911444,0.659405229559765,0.976120388751442
CONDUCTIO,all instruments,SSC-A on CD14+ monocyte,GCST90002074,23,IVW,-0.00420717234137954,0.0182191876600776,0.995801665409851,0.960869399227487,1.03200388900955,0.817377058306078,0.979162256172564
CONDUCTIO,all instruments,CD4+ T cell %T cell,GCST90001591,23,IVW,-0.0323585478437172,0.0193094318528964,0.968159388379063,0.93220266681184,1.00550302490791,0.0937793839109866,0.924454769589635
CONDUCTIO,all instruments,CD28 on CD39+ secreting CD4 regulatory T cell,GCST90001888,21,IVW,0.0282337488092324,0.0215256802812087,1.02863609878527,0.986140357068803,1.07296310929739,0.189644679788275,0.96753368259999
CONDUCTIO,all instruments,Central Memory CD4+ T cell Absolute Count,GCST90001537,28,IVW,-0.0136453208745746,0.0204983842500237,0.986447354508974,0.94760061849198,1.0268866062649,0.505617018116526,0.976120388751442
CONDUCTIO,all instruments,CD4 regulatory T cell %T cell,GCST90001479,16,IVW,-0.0155221930832775,0.0199629509910259,0.9845976552515,0.946816876213379,1.02388599852996,0.436834331213817,0.976120388751442
CONDUCTIO,all instruments,HLA DR on B cell,GCST90002116,22,IVW,0.00364789923404169,0.0142151716067115,1.00365456091637,0.97607696595759,1.03201131957867,0.797472031161097,0.978772201123906
CONDUCTIO,all instruments,CD16-CD56 on Natural Killer T,GCST90001883,28,IVW,-0.00953972125412786,0.0146472916749209,0.990505637535347,0.962473820243652,1.01935387472767,0.514855483954334,0.976120388751442
CONDUCTIO,all instruments,CD45 on Granulocytic Myeloid-Derived Suppressor Cells,GCST90002047,18,IVW,-0.00522085061080011,0.0148957624856802,0.994792754342976,0.966168967873315,1.02426455102524,0.725969239791307,0.976120388751442
CONDUCTIO,all instruments,Effector Memory CD4-CD8- T cell %T cell,GCST90001571,23,IVW,0.0375232898632585,0.0216085502742908,1.03823617717884,0.995182174458564,1.08315280083207,0.0824751184427141,0.924454769589635
CONDUCTIO,all instruments,IgD+ B cell %B cell,GCST90001391,17,IVW,-0.00172577869380805,0.0205601131301629,0.99827570960596,0.958847151101411,1.03932560183816,0.93310557501396,0.997430722004315
CONDUCTIO,all instruments,CD11c+ monocyte %monocyte,GCST90001449,20,IVW,0.00119513308323865,0.018782639578034,1.00119584753938,0.96500804538661,1.03874069228978,0.949265109534315,0.997430722004315
CONDUCTIO,all instruments,IgD on IgD+ CD38dim B cell,GCST90001825,22,IVW,0.000707325633413734,0.0116833571003427,1.00070757584718,0.978052377863979,1.02388754940199,0.951724523090242,0.997430722004315
CONDUCTIO,all instruments,CD4 on Terminally Differentiated CD4+ T cell,GCST90002026,24,IVW,0.00760077863589019,0.0162820116478407,1.00762973787826,0.975981191075403,1.04030456523231,0.640628227851382,0.976120388751442
CONDUCTIO,all instruments,CD80 on monocyte,GCST90002039,23,IVW,-0.0130504033998534,0.0166245725988961,0.987034383877765,0.955391031064651,1.01972579109447,0.432449551264019,0.976120388751442
CONDUCTIO,all instruments,CD38 on transitional B cell,GCST90001819,24,IVW,-0.0342026046191946,0.0175948109585139,0.966375692622764,0.933617518152512,1.00028326497144,0.0519071575676189,0.924454769589635
CONDUCTIO,all instruments,CD8 on HLA DR+ CD8+ T cell,GCST90002060,25,IVW,0.0140127731188346,0.0111661430651132,1.01411141222135,0.992158042561313,1.03655054162807,0.2095027026445,0.96753368259999
CONDUCTIO,all instruments,CD28 on CD39+ CD8+ T cell,GCST90001897,20,IVW,0.00378432887794327,0.0108603984888361,1.00379149849168,0.982650219107358,1.02538762303383,0.727500665933542,0.976120388751442
CONDUCTIO,all instruments,BAFF-R on switched memory B cell,GCST90001718,19,IVW,-0.0120617476590194,0.0123659203037172,0.988010703630326,0.964351955966112,1.01224987873867,0.329360721051981,0.976120388751442
CONDUCTIO,all instruments,HLA DR+ T cell%T cell,GCST90001619,31,IVW,-0.00782525187397565,0.00987423989345835,0.992205285702811,0.97318725701004,1.0115949647771,0.428074105342452,0.976120388751442
CONDUCTIO,all instruments,HLA DR+ T cell%lymphocyte,GCST90001620,25,IVW,-0.0019483279355799,0.0124429347526833,0.998053568823256,0.974007300438614,1.02269349089301,0.875575028907663,0.983378204310675
CONDUCTIO,all instruments,CD24 on transitional B cell,GCST90001774,20,IVW,0.0133120369276756,0.0234727765672729,1.01340103657496,0.967834086011767,1.06111334140253,0.570628144057214,0.976120388751442
CONDUCTIO,all instruments,Central Memory CD4+ T cell %CD4+ T cell,GCST90001538,32,IVW,0.00146397263412731,0.0064373514573136,1.00146504476519,0.988908730526351,1.01418078830463,0.820098357740628,0.979162256172564
CONDUCTIO,all instruments,CD39+ secreting CD4 regulatory T cell %secreting CD4 regulatory T cell,GCST90001496,28,IVW,-0.0129810918355982,0.0126154657281865,0.987102799145843,0.962994667422649,1.01181446693714,0.303487959026063,0.96753368259999
CONDUCTIO,all instruments,CD86+ plasmacytoid Dendritic Cell Absolute Count,GCST90001466,20,IVW,-0.0431749317974825,0.0243394564040882,0.95774383556147,0.913127036387606,1.00454068054407,0.0760853340087154,0.924454769589635
CONDUCTIO,all instruments,CD45 on CD33+ HLA DR+ CD14dim,GCST90002043,16,IVW,-0.00960997179609862,0.0146395764464049,0.99043605642157,0.962420761781392,1.01926685376591,0.511542456535236,0.976120388751442
CONDUCTIO,all instruments,Natural Killer T Absolute Count,GCST90001621,34,IVW,0.00983832642789172,0.0184136792689751,1.00988688186546,0.974089115726449,1.04700021558432,0.593137839314873,0.976120388751442
CONDUCTIO,all instruments,HLA DR+ Natural Killer %Natural Killer,GCST90001649,23,IVW,-0.0579777571511964,0.0165014285939409,0.943670937133337,0.913638265005119,0.974690828634592,0.00044224564584987,0.323281567116255
CONDUCTIO,all instruments,HLA DR+ Natural Killer  %CD3- lymphocyte,GCST90001650,23,IVW,-0.0243973273652063,0.0185928913096622,0.975897881781599,0.9409743534553,1.01211756959012,0.189457462592166,0.96753368259999
CONDUCTIO,all instruments,IgD+ CD38+ B cell Absolute Count,GCST90001392,29,IVW,-0.000883271841063908,0.00748437798384588,0.999117118128684,0.984567665251474,1.01388157560791,0.906055457885176,0.988547074200095
CONDUCTIO,all instruments,IgD- CD38+ B cell %B cell,GCST90001410,18,IVW,0.0158967965631132,0.0261593253622482,1.01602382284462,0.965242917688372,1.06947628381468,0.543392180346111,0.976120388751442
CONDUCTIO,all instruments,BAFF-R on IgD+ CD38+ B cell,GCST90001708,27,IVW,-0.0107730302524147,0.0123965806818458,0.989284791014968,0.965537509172319,1.01361613447051,0.384829409789055,0.976120388751442
CONDUCTIO,all instruments,CD45RA+ CD28- CD8+ T cell %T cell,GCST90001700,206,IVW,0.000114827600760134,0.000151471336077539,1.0001148341937,0.999817960353276,1.00041179618425,0.448402260821649,0.976120388751442
CONDUCTIO,all instruments,CD8+ Natural Killer T %T cell,GCST90001631,27,IVW,-0.00439373716665259,0.0213752836235152,0.995615901175212,0.954765715130801,1.03821388531649,0.837140697314903,0.979162256172564
CONDUCTIO,all instruments,PDL-1 on CD14+ CD16- monocyte,GCST90001993,15,IVW,0.0130425920782364,0.0270834691474124,1.01312801766866,0.960750040434598,1.068361526918,0.630111288659584,0.976120388751442
CONDUCTIO,all instruments,CD64 on monocyte,GCST90002006,29,IVW,-0.017337592085066,0.0146017407771197,0.982811839125855,0.955083026049854,1.01134569956803,0.23508378334243,0.96753368259999
CONDUCTIO,all instruments,IgD on IgD+ CD38- unswitched memory B cell,GCST90001823,17,IVW,0.0160358081089086,0.0146149585582516,1.01616507170419,0.987469656113538,1.04569436291908,0.272545732332779,0.96753368259999
CONDUCTIO,all instruments,CD20- CD38- B cell %lymphocyte,GCST90001444,23,IVW,-0.000777258923498527,0.0225284831713195,0.999223043063973,0.956061453646926,1.04433317124273,0.972477513069597,0.997430722004315
CONDUCTIO,all instruments,CD3- lymphocyte %leukocyte,GCST90001641,20,IVW,0.00902174285423049,0.0174609752744133,1.00906256143553,0.975113144882653,1.04419395660324,0.605379313820008,0.976120388751442
CONDUCTIO,all instruments,CD4 regulatory T cell Absolute Count,GCST90001513,21,IVW,0.00677340538612961,0.0179349822965179,1.00679639677708,0.972019745998232,1.04281727684692,0.705679873339563,0.976120388751442
CONDUCTIO,all instruments,IgD on IgD+ CD38+ B cell,GCST90001824,25,IVW,-0.00655525130815604,0.0176831288644618,0.993466187480572,0.959623572032591,1.02850231531585,0.710856127496422,0.976120388751442
CONDUCTIO,all instruments,IgD on transitional B cell,GCST90001828,32,IVW,0.00133335996094098,0.0176711641993038,1.00133424928055,0.967246289183271,1.0366235466552,0.939853498649622,0.997430722004315
CONDUCTIO,all instruments,CD25 on IgD- CD27- B cell,GCST90001786,21,IVW,0.0204926433453169,0.0244071432081578,1.02070405924828,0.973025142113044,1.07071927689703,0.401123371553618,0.976120388751442
CONDUCTIO,all instruments,CD25 on IgD- CD38- B cell,GCST90001787,22,IVW,-0.004093875637279,0.0125004017323587,0.995914492847847,0.971810295281997,1.02061655642017,0.743290101705294,0.978772201123906
CONDUCTIO,all instruments,CD28- CD25++ CD8+ T cell %CD8+ T cell,GCST90001677,25,IVW,0.0145358342281255,0.0205311749604835,1.01464199321261,0.974622298984498,1.05630496599876,0.47895244545558,0.976120388751442
CONDUCTIO,all instruments,CD33+ HLA DR+ CD14dim %CD33+ HLA DR+,GCST90001521,25,IVW,0.00887561147396482,0.0136605050831992,1.00891511650409,0.982260256761546,1.03629328918024,0.515867989568851,0.976120388751442
CONDUCTIO,all instruments,CD45 on Monocytic Myeloid-Derived Suppressor Cells,GCST90002049,17,IVW,0.00757516139243327,0.0166700481328255,1.00760392551257,0.975214206687545,1.04106940172338,0.649528367902969,0.976120388751442
CONDUCTIO,all instruments,HLA DR++ monocyte %monocyte,GCST90001475,22,IVW,-0.0245795195001083,0.0199729770908728,0.975720097059052,0.938261527756332,1.0146741389701,0.218458006697606,0.96753368259999
CONDUCTIO,all instruments,CD45 on HLA DR+ T cell,GCST90001918,18,IVW,-0.00974866392608332,0.0151972227344415,0.99029870026062,0.961236098192249,1.02023999887459,0.521213029865754,0.976120388751442
CONDUCTIO,all instruments,CD28- CD127- CD25++ CD8+ T cell Absolute Count,GCST90001675,29,IVW,-0.0116021421405351,0.01093882047603,0.988464903170348,0.967497701033727,1.0098864976688,0.288853886452752,0.96753368259999
CONDUCTIO,all instruments,CD28- CD25++ CD8+ T cell Absolute Count,GCST90001678,25,IVW,-0.016883839015164,0.0142387823929333,0.983257894206772,0.956196491024784,1.0110851646023,0.235715416369491,0.96753368259999
CONDUCTIO,all instruments,CD14 on CD14+ CD16- monocyte,GCST90001986,16,IVW,-0.0400812682743177,0.0242605881176494,0.960711360625317,0.916097919517334,1.00749745062278,0.0985112211101014,0.924454769589635
CONDUCTIO,all instruments,CD80 on CD62L+ myeloid Dendritic Cell,GCST90002036,26,IVW,0.00237203858815238,0.0118581732329122,1.00237485409741,0.97934628996777,1.02594491695054,0.84145393994216,0.979162256172564
CONDUCTIO,all instruments,Secreting CD4 regulatory T cell Absolute Count,GCST90001492,23,IVW,0.0119220149485156,0.0062536296789082,1.01199336543399,0.999664956917329,1.02447381454735,0.056596352521958,0.924454769589635
CONDUCTIO,all instruments,CD66b on CD66b++ myeloid cell,GCST90001836,26,IVW,-0.0105861876310104,0.0124206706248579,0.98946964884776,0.965672333046459,1.01385340812473,0.394045369771746,0.976120388751442
CONDUCTIO,all instruments,CD19 on IgD- CD38- B cell,GCST90001733,22,IVW,-0.000647474040563011,0.028374261968377,0.999352735525522,0.945292356384463,1.05650477681019,0.981794602776283,0.998708342684933
CONDUCTIO,all instruments,CD38 on IgD- CD38+ B cell,GCST90001814,14,IVW,0.00170069623673511,0.00631011766263796,1.00170214324077,0.98938955773605,1.01416795429818,0.787530367676988,0.978772201123906
CONDUCTIO,all instruments,CD39 on CD39+ CD8+ T cell,GCST90002029,23,IVW,-0.00515511081194321,0.0236601621010536,0.994858153968206,0.94977607895862,1.04208009492325,0.827521467982746,0.979162256172564
CONDUCTIO,all instruments,Terminally Differentiated CD4-CD8- T cell Absolute Count,GCST90001572,22,IVW,-0.00814637047201508,0.00655042625115009,0.991886721283716,0.979233451316137,1.004703491835,0.213632179246631,0.96753368259999
CONDUCTIO,all instruments,FSC-A on Natural Killer T,GCST90001976,20,IVW,-0.00995660863639793,0.0235156074579653,0.99009279429354,0.94549450820175,1.03679474900008,0.672000329172118,0.976120388751442
CONDUCTIO,all instruments,CD19 on CD20- CD38- B cell,GCST90001722,19,IVW,0.0188964890971406,0.0210244262763946,1.01907615766461,0.977935671762484,1.06194737047356,0.368765921158368,0.976120388751442
CONDUCTIO,all instruments,CD20 on CD20- CD38- B cell,GCST90001744,16,IVW,-0.016034168133786,0.0211920389200399,0.98409369483581,0.944055271326085,1.02583019197092,0.449281864029847,0.976120388751442
CONDUCTIO,all instruments,CD27 on Plasma Blast-Plasma Cell,GCST90001807,19,IVW,0.011542210229443,0.0199756443811405,1.01160907855973,0.97276762090317,1.05200142956478,0.563389592499954,0.976120388751442
CONDUCTIO,all instruments,CD62L on CD62L+ Dendritic Cell,GCST90001833,26,IVW,0.0246089607262407,0.0164598967901747,1.02491426042545,0.992376768368531,1.05851857349542,0.134892007475467,0.96753368259999
CONDUCTIO,all instruments,HLA DR on HLA DR+ CD4+ T cell,GCST90002114,22,IVW,-0.0257785652152547,0.0199784568855399,0.974550865178813,0.937127118324724,1.01346911240666,0.19694022309624,0.96753368259999
CONDUCTIO,all instruments,IgD+ CD38- B cell Absolute Count,GCST90001396,17,IVW,0.0561827337633582,0.0246560524518609,1.05779096020001,1.00788781716202,1.11016493743469,0.0226873487317135,0.862594456093442
CONDUCTIO,all instruments,IgD+ CD38- B cell %lymphocyte,GCST90001431,20,IVW,0.0244367964068071,0.0170275740127733,1.02473782194797,0.991102569837667,1.05951456053904,0.151249820001711,0.96753368259999
CONDUCTIO,all instruments,CD28 on CD28+ CD45RA+ CD8+ T cell,GCST90001896,15,IVW,-0.00662767001539214,0.0156380407925583,0.99339424454863,0.963408049064525,1.02431376410085,0.671699163428842,0.976120388751442
CONDUCTIO,all instruments,SSC-A on B cell,GCST90002075,13,IVW,0.00446688453253252,0.024523270760926,1.00447687593252,0.957338035118337,1.05393680943475,0.85546594626999,0.983238083759089
CONDUCTIO,all instruments,IgD- CD27- B cell Absolute Count,GCST90001401,25,IVW,0.0424915502809178,0.0219046015085336,1.04340723983836,0.999558628757149,1.08917940061285,0.0523984268686829,0.924454769589635
CONDUCTIO,all instruments,CD3 on CD39+ CD4+ T cell,GCST90001860,27,IVW,0.00833945081346478,0.0115685100983352,1.00837432089845,0.985767425498402,1.03149966690501,0.470986367276493,0.976120388751442
CONDUCTIO,all instruments,CD123 on plasmacytoid Dendritic Cell,GCST90001944,18,IVW,-0.00433884631691999,0.00783768747298703,0.99567055287796,0.980492077181927,1.0110839984731,0.57986113872051,0.976120388751442
CONDUCTIO,all instruments,CD123 on CD62L+ plasmacytoid Dendritic Cell,GCST90001945,18,IVW,-0.00433323168771867,0.00783650721276471,0.995676143214615,0.980499850494351,1.0110873363896,0.580294587819724,0.976120388751442
CONDUCTIO,all instruments,HLA DR on CD14- CD16-,GCST90002009,25,IVW,0.00071155341784366,0.0018848307676468,1.00071180663203,0.997021728987935,1.00441554162443,0.705790315884865,0.976120388751442
CONDUCTIO,all instruments,Central Memory CD4+ T cell %T cell,GCST90001539,24,IVW,0.0184805466494017,0.0213564315557603,1.01865236877516,0.976893090531237,1.06219673213879,0.386852917436618,0.976120388751442
CONDUCTIO,all instruments,FSC-A on CD14+ monocyte,GCST90001967,23,IVW,0.0272147042456209,0.0156082055459031,1.02758840667401,0.996628318303472,1.05951026489827,0.0812262131476813,0.924454769589635
CONDUCTIO,all instruments,CD25 on CD39+ secreting CD4 regulatory T cell,GCST90001942,16,IVW,-0.0015271053000261,0.0143967454004221,0.998474060131951,0.970693294407276,1.02704989773844,0.915524470334794,0.994425539100646
CONDUCTIO,all instruments,CD4+CD8+ T cell %T cell,GCST90001595,8,IVW,0.0195643371734749,0.0460843616211921,1.01975697303145,0.931684527313623,1.11615493609697,0.671177066689737,0.976120388751442
CONDUCTIO,all instruments,CD3 on CD39+ activated CD4 regulatory T cell,GCST90001854,26,IVW,0.0118367097518209,0.013714760706274,1.01190704082292,0.985068377702154,1.03947693626665,0.388102539704599,0.976120388751442
CONDUCTIO,all instruments,FSC-A on myeloid Dendritic Cell,GCST90001963,20,IVW,-0.0126808189764018,0.010199491309524,0.987399243830582,0.96785613662158,1.00733696861231,0.213764836928242,0.96753368259999
CONDUCTIO,all instruments,FSC-A on monocyte,GCST90001965,19,IVW,-0.0192837314470523,0.0124056190690955,0.980901010293007,0.957338017250966,1.00504396008083,0.120080632964431,0.96753368259999
CONDUCTIO,all instruments,CD33+ HLA DR+ CD14- %CD33+ HLA DR+,GCST90001519,19,IVW,-0.0315862130279956,0.0141314862995474,0.968907420410283,0.942439148024004,0.996119050544999,0.0254064744410962,0.862594456093442
CONDUCTIO,all instruments,CD19 on IgD+ CD38- unswitched memory B cell,GCST90001728,22,IVW,0.0020403269251159,0.00909578430163889,1.00204240980844,0.984336557621105,1.02006674778121,0.822511686078677,0.979162256172564
CONDUCTIO,all instruments,CD25 on IgD+ CD24- B cell,GCST90001779,24,IVW,0.0168725666216308,0.0101555050206299,1.01701571231902,0.996972369326973,1.0374620109101,0.0966289761322911,0.924454769589635
CONDUCTIO,all instruments,CD45RA- CD28- CD8+ T cell %T cell,GCST90001697,180,IVW,9.57664454966465e-05,0.000181197192564905,1.00009577103125,0.999740653584167,1.00045101461945,0.597138066256995,0.976120388751442
CONDUCTIO,all instruments,CD20 on IgD- CD38- B cell,GCST90001755,27,IVW,0.0200471705381393,0.0231033402998053,1.020249464608,0.975080374059073,1.06751094343105,0.385549054179508,0.976120388751442
CONDUCTIO,all instruments,CD20 on switched memory B cell,GCST90001761,31,IVW,0.0237050257813599,0.0158066556123432,1.0239882232117,0.992750386926317,1.05620898776248,0.133695666065691,0.96753368259999
CONDUCTIO,all instruments,CD39 on CD39+ secreting CD4 regulatory T cell,GCST90002031,23,IVW,0.00696168973224236,0.0123298294795854,1.00698597862541,0.982942380968593,1.03161770291047,0.572331077341637,0.976120388751442
CONDUCTIO,all instruments,CD24+ CD27+ B cell %B cell,GCST90001417,26,IVW,-0.016196967587349,0.0143168261850735,0.983933497960371,0.956707145990113,1.01193466826947,0.257918789916817,0.96753368259999
CONDUCTIO,all instruments,CD4 on activated CD4 regulatory T cell,GCST90002066,24,IVW,-0.00349511609257619,0.0116097762409956,0.996510984715926,0.974091265947136,1.01944671651886,0.763376830191391,0.978772201123906
CONDUCTIO,all instruments,CD4 on activated & secreting CD4 regulatory T cell,GCST90002070,32,IVW,-0.00570337033053778,0.00964813585853047,0.99431286300978,0.975686730819008,1.01329457326616,0.554428613565474,0.976120388751442
CONDUCTIO,all instruments,CD33 on CD66b++ myeloid cell,GCST90001951,18,IVW,-0.00735341290875161,0.0102738046383601,0.992673557283808,0.972884343247078,1.01286529911833,0.474149503806314,0.976120388751442
CONDUCTIO,all instruments,Effector Memory CD8+ T cell %CD8+ T cell,GCST90001555,24,IVW,-0.000440788491150166,0.0107372722366837,0.999559308641825,0.978743334345728,1.0208179983779,0.967254292920541,0.997430722004315
CONDUCTIO,all instruments,CD45RA+ CD8+ T cell %CD8+ T cell,GCST90001561,27,IVW,0.00398515485404249,0.00768829319073858,1.00399310614251,0.988977300296972,1.01923689945058,0.604220619028079,0.976120388751442
CONDUCTIO,all instruments,HLA DR on CD33dim HLA DR+ CD11b+,GCST90002110,23,IVW,-0.00553414096154803,0.0095449033701887,0.994481144186822,0.976049329264445,1.01326102737906,0.562049074522062,0.976120388751442
CONDUCTIO,all instruments,T cell %lymphocyte,GCST90001604,17,IVW,-0.0349943247312284,0.0263639604259987,0.965610896343382,0.916981769817262,1.01681890941287,0.184391402942969,0.96753368259999
CONDUCTIO,all instruments,IgD+ CD24+ B cell Absolute Count,GCST90001412,23,IVW,0.0311194264578516,0.0232183333858621,1.03160869790274,0.985714512895493,1.07963968437728,0.180149312060444,0.96753368259999
CONDUCTIO,all instruments,CD33dim HLA DR- Absolute Count,GCST90001531,24,IVW,0.00822876582666864,0.00701167646802032,1.00826271517671,0.994501054804512,1.02221480601179,0.240563149809944,0.96753368259999
CONDUCTIO,all instruments,Activated CD4 regulatory T cell Absolute Count,GCST90001486,15,IVW,-0.0058572285714153,0.0134816825227116,0.994159891550057,0.968234154012896,1.02077982466383,0.663955685934053,0.976120388751442
CONDUCTIO,all instruments,CD28+ CD45RA- CD8dim T cell %CD8dim T cell,GCST90001668,28,IVW,0.0150653778701282,0.0123706164146347,1.0151794327153,0.990860986671463,1.04009472011826,0.223286428138355,0.96753368259999
CONDUCTIO,all instruments,CD19 on IgD+ B cell,GCST90001741,27,IVW,0.00690815411732652,0.00969329995532082,1.00693207045484,0.987982085192318,1.02624552581145,0.476048066590528,0.976120388751442
CONDUCTIO,all instruments,Naive CD8+ T cell %CD8+ T cell,GCST90001552,37,IVW,0.0026195771709501,0.00301727663164214,1.00262301126119,0.996711135176319,1.00856995295095,0.38528891781752,0.976120388751442
CONDUCTIO,all instruments,CD127 on CD28+ CD45RA+ CD8+ T cell,GCST90001929,21,IVW,0.0260849326639458,0.0233962944277356,1.0264281220462,0.980422375839994,1.07459266096884,0.264885876188558,0.96753368259999
CONDUCTIO,all instruments,CCR2 on monocyte,GCST90002017,25,IVW,0.00562382683804023,0.0223263093074156,1.00563967023845,0.962582271678585,1.05062307515152,0.80112426172369,0.978772201123906
CONDUCTIO,all instruments,CD27 on IgD+ CD38- unswitched memory B cell,GCST90001801,23,IVW,-0.0114159712958975,0.0119983584955764,0.98864894364722,0.965670351593644,1.0121743223883,0.341370359753021,0.976120388751442
CONDUCTIO,all instruments,CD45 on CD33- HLA DR+,GCST90002046,25,IVW,0.0185423873874082,0.00613761645484921,1.01871536493726,1.00653391261425,1.03104424178203,0.00251853515165974,0.460262298965818
CONDUCTIO,all instruments,Myeloid Dendritic Cell %Dendritic Cell,GCST90001459,26,IVW,0.000210854340186014,0.0181054425756133,1.00021087657153,0.965339126351403,1.03634232810305,0.990708118895243,0.998708342684933
CONDUCTIO,all instruments,Plasmacytoid Dendritic Cell %Dendritic Cell,GCST90001474,24,IVW,0.000154082248322098,0.0140814568411628,1.0001540941196,0.972927634488784,1.02814246047169,0.991269554339705,0.998708342684933
CONDUCTIO,all instruments,CD19 on IgD+ CD38+ B cell,GCST90001729,21,IVW,-0.0221786661296857,0.016409605671947,0.978065472267071,0.947108620073078,1.01003416901347,0.176514173009708,0.96753368259999
CONDUCTIO,all instruments,CD38 on IgD+ CD38dim B cell,GCST90001813,23,IVW,-0.00333091448273208,0.0155644463988379,0.996674626858628,0.966728846842616,1.02754801935222,0.830540896877919,0.979162256172564
CONDUCTIO,all instruments,Terminally Differentiated CD4-CD8- T cell %CD4-CD8- T cell,GCST90001573,27,IVW,-0.00599035890492403,0.00616920539938031,0.994027547521831,0.982080496994532,1.00611993442098,0.331543398161636,0.976120388751442
CONDUCTIO,all instruments,CD33+ HLA DR+ Absolute Count,GCST90001517,30,IVW,-0.0040336194986436,0.00761695082482214,0.995974504617618,0.981215820488577,1.01095517737818,0.596418215746644,0.976120388751442
CONDUCTIO,all instruments,CD33+ HLA DR+ CD14- Absolute Count,GCST90001518,29,IVW,-0.00250839810794658,0.00716450886630826,0.997494745293737,0.983585377079159,1.01160081277676,0.726252804057241,0.976120388751442
CONDUCTIO,all instruments,CD25 on resting CD4 regulatory T cell,GCST90001937,20,IVW,-0.00324174942799183,0.0188296766255175,0.996763499368392,0.960647333902552,1.03423747572062,0.863310395126257,0.983238083759089
CONDUCTIO,all instruments,SSC-A on HLA DR+ T cell,GCST90002083,20,IVW,0.0197051921358981,0.0186021428879435,1.0199006209781,0.983384576553852,1.05777261660616,0.289464590207788,0.96753368259999
CONDUCTIO,all instruments,IgD- CD38dim B cell %B cell,GCST90001428,26,IVW,0.0139852217868199,0.0101991768566906,1.01408347248602,0.994012830111232,1.03455937188881,0.170309242375845,0.96753368259999
CONDUCTIO,all instruments,CD38 on CD20- B cell,GCST90001809,19,IVW,-0.012400247109408,0.0344519805633094,0.987676319147844,0.923184540420552,1.05667336127731,0.71890065940206,0.976120388751442
CONDUCTIO,all instruments,CD45 on CD33+ HLA DR+ CD14-,GCST90002042,18,IVW,0.0311139965493126,0.018312409357096,1.03160309637707,0.995233072246347,1.06930223495562,0.0893067031149705,0.924454769589635
CONDUCTIO,all instruments,Myeloid Dendritic Cell Absolute Count,GCST90001458,23,IVW,0.00715716391010517,0.0119573452439793,1.00718283762149,0.983852557822644,1.0310663527107,0.549467712306366,0.976120388751442
CONDUCTIO,all instruments,CD4 on naive CD4+ T cell,GCST90002024,20,IVW,-0.00778092760429281,0.0218941101883802,0.992249265452153,0.950570086256688,1.03575593112497,0.722298131029137,0.976120388751442
CONDUCTIO,all instruments,Terminally Differentiated CD4+ T cell %CD4+ T cell,GCST90001546,21,IVW,-0.0146548533842936,0.0286470960060423,0.985452006338174,0.93164525768306,1.04236633932,0.608955444165736,0.976120388751442
CONDUCTIO,all instruments,Terminally Differentiated CD4+ T cell %T cell,GCST90001547,26,IVW,-0.00110159558276772,0.011868060657101,0.998899010950907,0.975931387755812,1.02240715545913,0.926046415128108,0.994992668104784
CONDUCTIO,all instruments,CD24 on switched memory B cell,GCST90001773,38,IVW,0.021712737927219,0.010181552991077,1.02195017477551,1.00175843830731,1.04254890179753,0.0329611175815924,0.910873375638657
CONDUCTIO,all instruments,Natural Killer T %T cell,GCST90001622,32,IVW,-0.0168658002604508,0.017279968590604,0.983275631114721,0.950530966231427,1.01714831088276,0.329048665446148,0.976120388751442
CONDUCTIO,all instruments,Natural Killer T %lymphocyte,GCST90001623,33,IVW,-0.015216862678585,0.0170588418215859,0.984898328752082,0.95251236289433,1.01838543599697,0.372381125480131,0.976120388751442
CONDUCTIO,all instruments,Memory B cell %B cell,GCST90001406,29,IVW,-0.0292874960297597,0.0141228087993891,0.971137226231693,0.944624106729668,0.998394499414235,0.0381004211528889,0.924454769589635
CONDUCTIO,all instruments,CD19 on IgD- CD38+ B cell,GCST90001734,18,IVW,0.0034887998534021,0.0208851083056027,1.00349489279924,0.963246419654847,1.04542511586494,0.867332873157975,0.983238083759089
CONDUCTIO,all instruments,HLA DR++ monocyte Absolute Count,GCST90001477,23,IVW,-0.00587727448623262,0.0132704983820275,0.994139962905301,0.968615592355785,1.02033693618503,0.657850563181435,0.976120388751442
CONDUCTIO,all instruments,CD19 on IgD+ CD38- naive B cell,GCST90001727,19,IVW,0.00521114162785862,0.00846502943814755,1.00522474324278,0.988684194776179,1.02204201277462,0.538153130771281,0.976120388751442
CONDUCTIO,all instruments,CD28- CD4-CD8- T cell Absolute Count,GCST90001654,31,IVW,0.0163488131946982,0.0167480405336986,1.01648318632278,0.983657662671718,1.05040412664557,0.328983822606146,0.976120388751442
CONDUCTIO,all instruments,CD24+ CD27+ B cell Absolute Count,GCST90001418,26,IVW,-0.00401898987378182,0.00980035690524077,0.995989075457575,0.97703999678676,1.01530565963856,0.681742808923731,0.976120388751442
CONDUCTIO,all instruments,CD62L- HLA DR++ monocyte Absolute Count,GCST90001454,19,IVW,0.00856267658121162,0.0281367747280908,1.0085994411558,0.954483042437286,1.06578408150884,0.760881583585359,0.978772201123906
CONDUCTIO,all instruments,CCR2 on plasmacytoid Dendritic Cell,GCST90002015,19,IVW,0.00477360858882006,0.016438483057281,1.0047850204096,0.972927396079616,1.03768579372689,0.771516148392969,0.978772201123906
CONDUCTIO,all instruments,CCR2 on CD62L+ plasmacytoid Dendritic Cell,GCST90002016,19,IVW,0.0040939049682483,0.0191306566844177,1.00410229644459,0.967149511106592,1.04246697139071,0.830549322061212,0.979162256172564
CONDUCTIO,all instruments,CD33 on Granulocytic Myeloid-Derived Suppressor Cells,GCST90001950,20,IVW,0.000607251152826586,0.0140922549042771,1.00060743556713,0.973348034601296,1.0286302581608,0.965628891961661,0.997430722004315
CONDUCTIO,all instruments,CD40 on CD14- CD16+ monocyte,GCST90001989,27,IVW,-0.00152960222432215,0.00994566956204042,0.998471567020924,0.97919633060974,1.01812623167044,0.8777707441652,0.983378204310675
CONDUCTIO,all instruments,CD39+ CD4+ T cell %T cell,GCST90001658,31,IVW,-0.0102012200037314,0.00899949066669442,0.989850635959889,0.972543745764032,1.00746551070611,0.256990474863062,0.96753368259999
CONDUCTIO,all instruments,CD45 on basophil,GCST90002051,17,IVW,-0.00247776812396532,0.0170158641940281,0.997525299009734,0.964805394274549,1.03135484945403,0.884225183977218,0.983378204310675
CONDUCTIO,all instruments,CD25 on IgD+ CD38+ B cell,GCST90001783,13,IVW,0.0112332940972238,0.0248826886926839,1.0112966244594,0.963158996184256,1.06184011850037,0.651665129634746,0.976120388751442
CONDUCTIO,all instruments,CD14- CD16+ monocyte %monocyte,GCST90001584,23,IVW,0.0039561359658642,0.0193741918268093,1.00396397180156,0.966554802412023,1.04282101145248,0.838200196217303,0.979162256172564
CONDUCTIO,all instruments,CD16+ monocyte %monocyte,GCST90001587,22,IVW,-0.00170689398988449,0.0260328064140803,0.99829456192518,0.948634976453751,1.05055375050044,0.947722533021923,0.997430722004315
CONDUCTIO,all instruments,Secreting CD4 regulatory T cell %CD4+ T cell,GCST90001494,26,IVW,-0.00341900006266667,0.00552301086769188,0.996586838062635,0.985856865884074,1.00743359423585,0.535885784028735,0.976120388751442
CONDUCTIO,all instruments,CD3 on CD45RA- CD4+ T cell,GCST90001845,28,IVW,0.00261926946713802,0.0129045934240546,1.00262270275032,0.977581383663028,1.02830546987673,0.839157018540769,0.979162256172564
CONDUCTIO,all instruments,CD24 on IgD- CD38- B cell,GCST90001769,29,IVW,0.0141528825893448,0.0114254364043559,1.01425350878865,0.991792890965645,1.03722278054293,0.215450311595582,0.96753368259999
CONDUCTIO,all instruments,CD3 on Effector Memory CD8+ T cell,GCST90001839,20,IVW,-0.00754444025500544,0.0172191366091785,0.992483947599358,0.959547031549237,1.02655143922652,0.661282789987818,0.976120388751442
CONDUCTIO,all instruments,CD62L- myeloid Dendritic Cell Absolute Count,GCST90001468,16,IVW,0.028874915089294,0.0221375057871055,1.02929583704463,0.985590232702574,1.07493954891608,0.192116438971771,0.96753368259999
CONDUCTIO,all instruments,CD62L- myeloid Dendritic Cell %Dendritic Cell,GCST90001469,24,IVW,0.00281981353475246,0.0140796130324758,1.00282379294846,0.975528183489896,1.03088314281794,0.841264456289637,0.979162256172564
CONDUCTIO,all instruments,CD62L- CD86+ myeloid Dendritic Cell Absolute Count,GCST90001472,19,IVW,0.0327479827397877,0.0149881523301891,1.03329009948515,1.00337689307242,1.06409509434155,0.0288943754491401,0.880074518888393
CONDUCTIO,all instruments,CD62L- CD86+ myeloid Dendritic Cell %Dendritic Cell,GCST90001473,18,IVW,0.0242527666547706,0.014593787445753,1.024549257052,0.995658395394575,1.05427844025743,0.096541741088491,0.924454769589635
CONDUCTIO,all instruments,CD45 on Natural Killer,GCST90001911,30,IVW,0.00643762793717508,0.0174327459997407,1.00645839400139,0.972650408042318,1.04144149889852,0.711916316848947,0.976120388751442
CONDUCTIO,all instruments,SSC-A on monocyte,GCST90002073,23,IVW,-0.00500500308592134,0.0136168685820921,0.995007501072209,0.968802926978278,1.02192086710341,0.713202064409414,0.976120388751442
CONDUCTIO,all instruments,CD25++ CD45RA- CD4 not regulatory T cell %CD4+ T cell,GCST90001511,24,IVW,-0.00598475260248262,0.0137940168935855,0.994033120356519,0.967518216613945,1.02127466687275,0.664385873558831,0.976120388751442
CONDUCTIO,all instruments,CD27 on T cell,GCST90001799,21,IVW,0.00268188403810722,0.0108546808157612,1.00268548350617,0.981578498508011,1.02424633420778,0.80485276380896,0.978947371621215
CONDUCTIO,all instruments,CD20 on naive-mature B cell,GCST90001759,23,IVW,0.0152607060384766,0.00939095269433251,1.01537774522182,0.996859380852105,1.03424011981556,0.104153303856528,0.924454769589635
CONDUCTIO,all instruments,CD39+ activated CD4 regulatory T cell %CD4 regulatory T cell,GCST90001491,23,IVW,0.00798739427737882,0.00854791207646805,1.0080193786115,0.991271800444699,1.02504990780579,0.350084011018662,0.976120388751442
CONDUCTIO,all instruments,CD39+ secreting CD4 regulatory T cell Absolute Count,GCST90001495,26,IVW,0.00827347836089702,0.0126268421550019,1.00830779816575,0.983659840480827,1.0335733695755,0.512320060348093,0.976120388751442
CONDUCTIO,all instruments,CD4 on CD39+ CD4+ T cell,GCST90002061,27,IVW,-0.00897051332263868,0.0161925084903335,0.991069601691626,0.96010960423064,1.02302794500663,0.579584609879225,0.976120388751442
CONDUCTIO,all instruments,HLA DR+ CD4+ T cell Absolute Count,GCST90001624,24,IVW,-0.0112802190551741,0.00981160476509456,0.988783164066764,0.969949797096436,1.0079822156452,0.250275136692924,0.96753368259999
CONDUCTIO,all instruments,CD25++ CD8+ T cell %T cell,GCST90001679,17,IVW,0.0164829351337584,0.027669643219585,1.01661952816176,0.962954067543371,1.07327576659652,0.551372551153403,0.976120388751442
CONDUCTIO,all instruments,CD25++ CD8+ T cell %CD8+ T cell,GCST90001680,22,IVW,-0.0141090737881776,0.0198753368426023,0.98598999273383,0.948318622037921,1.02515783532972,0.477779500199831,0.976120388751442
CONDUCTIO,all instruments,CD27 on IgD- CD38+ B cell,GCST90001803,15,IVW,-0.0060080221699604,0.0428442774575143,0.994009989904869,0.913946899551289,1.08108672453047,0.888478838555836,0.983378204310675
CONDUCTIO,all instruments,CD8 on Terminally Differentiated CD8+ T cell,GCST90002057,17,IVW,0.000182565504241061,0.0186900317000584,1.00018258217034,0.964206402678298,1.03750109405848,0.992206333136324,0.998708342684933
CONDUCTIO,all instruments,Plasma Blast-Plasma Cell Absolute Count,GCST90001405,24,IVW,0.0137392992779986,0.0105940714981333,1.01383411719661,0.992999537340179,1.03510583695237,0.194670535430416,0.96753368259999
CONDUCTIO,all instruments,CD66b++ myeloid cell Absolute Count,GCST90001529,16,IVW,0.0067030621617104,0.0180344447500275,1.00672557796304,0.971761913437922,1.04294722329613,0.71013030267075,0.976120388751442
CONDUCTIO,all instruments,CD11c+ CD62L- monocyte %monocyte,GCST90001453,18,IVW,-0.0298996313204219,0.024042984065149,0.970542940773548,0.925867743539204,1.01737381657198,0.213650241669895,0.96753368259999
CONDUCTIO,all instruments,BAFF-R on IgD+ CD24- B cell,GCST90001704,22,IVW,-0.00668693090224811,0.0117261433753107,0.993335376868994,0.970765666529184,1.01642981922435,0.56850250112526,0.976120388751442
CONDUCTIO,all instruments,BAFF-R on IgD+ CD38- B cell,GCST90001705,22,IVW,0.000619100900314709,0.0134826083399537,1.00061929258283,0.974523338178977,1.02741404896461,0.963375223684654,0.997430722004315
CONDUCTIO,all instruments,BAFF-R on IgD+ CD38dim B cell,GCST90001709,25,IVW,0.00117423237354943,0.00925997191265816,1.00117492205431,0.983167956220232,1.01951168994966,0.899092888995724,0.985362671448087
CONDUCTIO,all instruments,BAFF-R on naive-mature B cell,GCST90001716,23,IVW,-0.00376675405001605,0.0118878469861634,0.996240331269011,0.973296092604275,1.01972545167765,0.751351695047993,0.978772201123906
CONDUCTIO,all instruments,BAFF-R on IgD+ B cell,GCST90001719,24,IVW,-0.00413820156337714,0.0132264828215998,0.995870348994003,0.970385263092112,1.02202474597071,0.754377599206543,0.978772201123906
CONDUCTIO,all instruments,BAFF-R on transitional B cell,GCST90001720,24,IVW,-0.00485516367729201,0.0156756500668281,0.995156603578188,0.965046070040335,1.02620661996363,0.756768975822251,0.978772201123906
CONDUCTIO,all instruments,BAFF-R on B cell,GCST90001829,21,IVW,-0.00567452185919144,0.0125445273528812,0.994341547829672,0.970191508555877,1.01909273068366,0.65101657905988,0.976120388751442
CONDUCTIO,all instruments,HLA DR on plasmacytoid Dendritic Cell,GCST90002105,23,IVW,0.00250841346799565,0.00988227528046814,1.00251156216926,0.983280502450004,1.02211874412118,0.799627244826092,0.978772201123906
CONDUCTIO,all instruments,IgD- CD38+ B cell Absolute Count,GCST90001420,20,IVW,0.0141844513454858,0.0136075387109957,1.01428552801574,0.987591306178723,1.04170128463645,0.297227867426729,0.96753368259999
CONDUCTIO,all instruments,HLA DR on HLA DR+ CD8+ T cell,GCST90002115,20,IVW,0.01266998639968,0.0249870149343494,1.01275059073625,0.964346544600008,1.06358421127755,0.612110737376487,0.976120388751442
CONDUCTIO,all instruments,CD27 on switched memory B cell,GCST90001808,30,IVW,0.00902815700370876,0.016144556790077,1.00906903373439,0.977638631859029,1.04150990116406,0.576020125221576,0.976120388751442
CONDUCTIO,all instruments,CD4 on CD39+ secreting CD4 regulatory T cell,GCST90002069,23,IVW,0.0165496934300855,0.0102006218968058,1.0166873982149,0.996562396646615,1.03721881255721,0.104713440194567,0.924454769589635
CONDUCTIO,all instruments,Naive CD4-CD8- T cell Absolute Count,GCST90001566,18,IVW,-0.0086524460712853,0.0268323955331859,0.99138487861271,0.940593762107146,1.04491866429152,0.747102208963399,0.978772201123906
CONDUCTIO,all instruments,Terminally Differentiated CD8+ T cell Absolute Count,GCST90001557,17,IVW,-0.0562420929374032,0.0213810930286347,0.94531025524987,0.906513791155078,0.985767108453955,0.00852696032408021,0.744029720495043
CONDUCTIO,all instruments,CD27 on IgD+ CD24+ B cell,GCST90001800,31,IVW,-0.0112826119509943,0.0121249366776982,0.988780798014495,0.965559562831497,1.01256049254498,0.352096968183014,0.976120388751442
CONDUCTIO,all instruments,CD14- CD16+ monocyte Absolute Count,GCST90001579,18,IVW,-0.00570256599165645,0.0139480346043089,0.994313662774597,0.967499168203938,1.02187132813311,0.682654372126999,0.976120388751442
CONDUCTIO,all instruments,CD14+ CD16- monocyte %monocyte,GCST90001586,24,IVW,-0.00402663938295135,0.00883387339821332,0.99598145665915,0.978885077244604,1.01337642698685,0.648520787752771,0.976120388751442
CONDUCTIO,all instruments,HVEM on Terminally Differentiated CD8+ T cell,GCST90001874,25,IVW,-0.00771288282430914,0.0122870557488836,0.992316785132264,0.968704650214513,1.01650446484094,0.53018459818675,0.976120388751442
CONDUCTIO,all instruments,Resting CD4 regulatory T cell %CD4+ T cell,GCST90001482,33,IVW,-0.00590610242723329,0.00955435894749153,0.99411130431019,0.97566826187716,1.01290297529606,0.536471261077979,0.976120388751442
CONDUCTIO,all instruments,CD25 on IgD+ CD38- naive B cell,GCST90001781,25,IVW,-0.016671469704325,0.0117338604733571,0.983466730182533,0.961106709386394,1.00634695391256,0.155374892275543,0.96753368259999
CONDUCTIO,all instruments,CD28 on CD4+ T cell,GCST90001898,27,IVW,-0.00494086202826908,0.0046417092188406,0.995071323952511,0.986059469703711,1.00416553988384,0.287125415354256,0.96753368259999
CONDUCTIO,all instruments,Plasma Blast-Plasma Cell %B cell,GCST90001404,27,IVW,-0.0254980070856403,0.0142806565015519,0.974824321705194,0.947917227001516,1.00249518746901,0.0741814440114897,0.924454769589635
CONDUCTIO,all instruments,Plasma Blast-Plasma Cell %lymphocyte,GCST90001435,18,IVW,0.0002972324784019,0.00903754914656253,1.00029727665635,0.982734424352897,1.0181740019385,0.973763411448654,0.997430722004315
CONDUCTIO,all instruments,TCRgd T cell Absolute Count,GCST90001615,19,IVW,0.0204475153323504,0.0190721063319451,1.02065799794159,0.983208758042502,1.0595336343791,0.283667815926012,0.96753368259999
CONDUCTIO,all instruments,TCRgd T cell %T cell,GCST90001616,18,IVW,0.018604179758464,0.0133772284550113,1.01877831572001,0.992413734068618,1.04584330199278,0.16430580136232,0.96753368259999
CONDUCTIO,all instruments,TCRgd T cell %lymphocyte,GCST90001617,20,IVW,0.0123781515553514,0.0101305787876882,1.01245507794782,0.992550106190391,1.03275923146766,0.221760478658973,0.96753368259999
CONDUCTIO,all instruments,CD25 on CD24+ CD27+ B cell,GCST90001777,24,IVW,-0.00528565628995903,0.00616101799808509,0.994728288211816,0.982788586582755,1.00681304288376,0.390937022502723,0.976120388751442
CONDUCTIO,all instruments,Plasmacytoid Dendritic Cell Absolute Count,GCST90001460,30,IVW,0.0180198144302034,0.0103378869022418,1.0181831509089,0.997760068500806,1.03902427199003,0.0813187879709315,0.924454769589635
CONDUCTIO,all instruments,CD4+ CD8dim T cell %lymphocyte,GCST90001610,19,IVW,0.00718173961517749,0.0224741669596393,1.00720759015402,0.963803707890485,1.05256612042329,0.749305449093854,0.978772201123906
CONDUCTIO,all instruments,CD4+ CD8dim T cell %leukocyte,GCST90001611,14,IVW,0.00454477638352626,0.0276794835822886,1.00455511954289,0.951508164674007,1.06055946303474,0.869579241783047,0.983238083759089
CONDUCTIO,all instruments,CD19 on Plasma Blast-Plasma Cell,GCST90001739,23,IVW,0.0156358680919323,0.0330460849650075,1.01575874788615,0.952053109516591,1.08372718243746,0.636103727646864,0.976120388751442
CONDUCTIO,all instruments,SSC-A on myeloid Dendritic Cell,GCST90002071,18,IVW,-0.0073799118067777,0.00724062346355071,0.99264725287696,0.978659467739077,1.00683496264595,0.308090434130763,0.96753368259999
CONDUCTIO,all instruments,CD3 on Terminally Differentiated CD8+ T cell,GCST90001840,23,IVW,-0.0175724815559972,0.0191086257840703,0.982581014083185,0.946461118805766,1.02007935672514,0.357776648383687,0.976120388751442
CONDUCTIO,all instruments,CD66b on Granulocytic Myeloid-Derived Suppressor Cells,GCST90001837,22,IVW,0.00629490029422024,0.0133386804652144,1.00631475481796,0.980346779362515,1.03297058457502,0.636977994197042,0.976120388751442
CONDUCTIO,all instruments,Central Memory CD8+ T cell %T cell,GCST90001550,22,IVW,0.00912482460789632,0.0257937378950755,1.00916658273518,0.959415627072133,1.06149739797061,0.723517826186203,0.976120388751442
CONDUCTIO,all instruments,CD33 on CD33dim HLA DR+ CD11b+,GCST90001948,22,IVW,-0.00631751358476627,0.010187432198286,0.993702399947443,0.974057559886118,1.01374343809493,0.535173413824027,0.976120388751442
CONDUCTIO,all instruments,IgD on unswitched memory B cell,GCST90001826,22,IVW,0.00218690740883314,0.0127957831025188,1.00218930043496,0.977367225076676,1.02764177899206,0.864295755220011,0.983238083759089
CONDUCTIO,all instruments,CD19 on naive-mature B cell,GCST90001737,29,IVW,0.00785319146589924,0.00946398558880021,1.00788410865387,0.989360780862766,1.0267542398347,0.406653291457279,0.976120388751442
CONDUCTIO,all instruments,Terminally Differentiated CD4-CD8- T cell %T cell,GCST90001574,24,IVW,-0.00702571584546548,0.00569119234692412,0.99299890679846,0.98198381459554,1.00413755730696,0.21702064524308,0.96753368259999
CONDUCTIO,all instruments,CCR2 on monocyte,GCST90002008,24,IVW,0.0064823613810986,0.00925464071470114,1.00650341735853,0.988410942091337,1.0249270683011,0.483649808329834,0.976120388751442
CONDUCTIO,all instruments,CD4+ CD8dim T cell Absolute Count,GCST90001609,15,IVW,0.0123223956891068,0.0196549218837027,1.01239862921161,0.974139023229848,1.05216089283768,0.530700601621586,0.976120388751442
CONDUCTIO,all instruments,CD39 on CD39+ CD4+ T cell,GCST90002032,20,IVW,0.0120324580078739,0.0132003321924816,1.01210513924952,0.986255142057244,1.03863267141866,0.362017813726883,0.976120388751442
CONDUCTIO,all instruments,CD39+ resting CD4 regulatory T cell %resting CD4 regulatory T cell,GCST90001484,28,IVW,0.00718841088068127,0.0141819069711707,1.00721430952568,0.979602769451951,1.03560412133263,0.612244666239764,0.976120388751442
CONDUCTIO,all instruments,CD39+ secreting CD4 regulatory T cell %CD4 regulatory T cell,GCST90001497,22,IVW,-0.0149071609672654,0.0115299263342169,0.985203400688184,0.963188815237485,1.00772115017578,0.196042071161597,0.96753368259999
CONDUCTIO,all instruments,CD28 on CD39+ CD4+ T cell,GCST90001892,17,IVW,-0.00614083533731466,0.0193202663964557,0.993877981056179,0.956945768399123,1.03223554964958,0.750603092825007,0.978772201123906
CONDUCTIO,all instruments,CD39 on CD39+ activated CD4 regulatory T cell,GCST90002030,22,IVW,-0.0338685734287056,0.0156234178744157,0.966698546164405,0.937545046715032,0.99675859035328,0.0301732824505823,0.882266778855025
CONDUCTIO,all instruments,CD14 on Monocytic Myeloid-Derived Suppressor Cells,GCST90002019,25,IVW,0.00120684118437603,0.0123140902677431,1.00120756971024,0.977332091048952,1.02566630813198,0.921928402522767,0.994992668104784
CONDUCTIO,all instruments,CD40 on CD14+ CD16- monocyte,GCST90001980,23,IVW,0.0239823279923573,0.0161385287268019,1.02427221678424,0.992379992278729,1.05718936520178,0.137271347436635,0.96753368259999
CONDUCTIO,all instruments,CD40 on monocytes,GCST90001985,29,IVW,0.00949783211828998,0.00712904002082544,1.00954307966351,0.995534911956322,1.02374835624167,0.182770284911241,0.96753368259999
CONDUCTIO,all instruments,HVEM on Terminally Differentiated CD4+ T cell,GCST90001879,26,IVW,0.00557830803208247,0.0129346919648124,1.00559389576324,0.980420528917617,1.03141361627003,0.666274116707077,0.976120388751442
CONDUCTIO,all instruments,CD11c+ CD62L- monocyte Absolute Count,GCST90001452,22,IVW,0.00501748728019708,0.0136984516787206,1.00503009594862,0.978405103933852,1.03237962445338,0.714155149734984,0.976120388751442
CONDUCTIO,all instruments,CD8dim Natural Killer T Absolute Count,GCST90001633,27,IVW,-0.0248485165122242,0.0146322736599827,0.975457666566373,0.947879615285936,1.00383808652334,0.0894701574654103,0.924454769589635
CONDUCTIO,all instruments,CD8dim Natural Killer T %lymphocyte,GCST90001635,26,IVW,-0.0208477128353081,0.0175745018655383,0.979368098404483,0.946207171554523,1.01369118836481,0.2355244844939,0.96753368259999
CONDUCTIO,all instruments,Activated CD4 regulatory T cell %CD4 regulatory T cell,GCST90001487,28,IVW,0.00986376206823355,0.0157267868072799,1.00991256931165,0.979257409388177,1.04152737357474,0.53053141963567,0.976120388751442
CONDUCTIO,all instruments,CD25 on IgD+ CD24+ B cell,GCST90001778,26,IVW,0.00914103661332996,0.00872314137288693,1.00918294348193,0.99207524726374,1.0265856508605,0.294681683630259,0.96753368259999
CONDUCTIO,all instruments,CD25 on IgD+ CD38- unswitched memory B cell,GCST90001782,24,IVW,0.00236806669579226,0.00852095395784077,1.00237087278029,0.985769225430232,1.01925211365754,0.781080692205298,0.978772201123906
CONDUCTIO,all instruments,CD25++ CD45RA+ CD4 not regulatory T cell %CD4+ T cell,GCST90001508,32,IVW,-0.0187083261497099,0.00805326723627629,0.981465588345522,0.966095363239162,0.997080348131179,0.0201752413515718,0.862594456093442
CONDUCTIO,all instruments,CD25++ CD45RA+ CD4 not regulatory T cell %T cell,GCST90001509,27,IVW,-0.0197688993614606,0.00805222036484322,0.980425224023051,0.96507327172536,0.996021388285011,0.0140850601652036,0.862594456093442
CONDUCTIO,all instruments,CD25 on CD45RA+ CD4 not regulatory T cell,GCST90001934,22,IVW,0.00235966798113436,0.0108400265093912,1.0023624541887,0.981290453756333,1.02388694980282,0.827677656243489,0.979162256172564
CONDUCTIO,all instruments,Activated & secreting CD4 regulatory T cell Absolute Count,GCST90001501,22,IVW,0.0131357246706325,0.00582459578712629,1.01322237730129,1.00172099614482,1.02485581296097,0.0241197411758788,0.862594456093442
CONDUCTIO,all instruments,CD4 on CD4 regulatory T cell,GCST90002063,29,IVW,-0.0145294639152593,0.0144107433195806,0.985575579389225,0.958127403492557,1.01381008323905,0.313340056340586,0.974687579510504
CONDUCTIO,all instruments,CD4 on secreting CD4 regulatory T cell,GCST90002068,28,IVW,0.0126777780498789,0.01384127680639,1.01275848176534,0.985652791837378,1.04060958471556,0.359698404434631,0.976120388751442
CONDUCTIO,all instruments,CD27 on CD20- B cell,GCST90001796,16,IVW,0.00447009530208529,0.017040972264946,1.00448010108146,0.971484261659834,1.0385966230114,0.793078930432766,0.978772201123906
CONDUCTIO,all instruments,CCR2 on myeloid Dendritic Cell,GCST90002013,14,IVW,-0.0234691808475587,0.0119836441020037,0.976804078478754,0.954128306598447,1.00001876176837,0.0501790615454127,0.924454769589635
CONDUCTIO,all instruments,CD19 on CD24+ CD27+ B cell,GCST90001723,29,IVW,-0.0049914168298369,0.0142907327040005,0.995021019590757,0.967537347332016,1.02328538754348,0.726881753395275,0.976120388751442
CONDUCTIO,all instruments,HLA DR+ CD8+ T cell %T cell,GCST90001628,30,IVW,0.00256019184151844,0.0106675035549876,1.00256347193127,0.981819186750782,1.02374605101909,0.810330911504908,0.979094043487748
CONDUCTIO,all instruments,CD16-CD56 on Natural Killer,GCST90001884,28,IVW,-0.000767055302657658,0.0176556257747647,0.999233238809056,0.965246198869003,1.03441698782213,0.965346506903002,0.997430722004315
CONDUCTIO,all instruments,CD45 on CD33- HLA DR-,GCST90002045,14,IVW,-0.00220319172844833,0.0215707723647439,0.997799233517027,0.956492907137358,1.04088938138272,0.918647279620908,0.994860979856124
CONDUCTIO,all instruments,CD33dim HLA DR+ CD11b- Absolute Count,GCST90001527,28,IVW,-0.0122766456591289,0.00972308703681161,0.98779840491813,0.969151922852274,1.00680364528104,0.206722762802183,0.96753368259999
CONDUCTIO,all instruments,IgD- CD38dim B cell %lymphocyte,GCST90001426,23,IVW,-0.00929181858134372,0.016138836854154,0.990751216968942,0.959902138464876,1.02259171491715,0.564789063829674,0.976120388751442
CONDUCTIO,all instruments,Central Memory CD4-CD8- T cell %T cell,GCST90001565,16,IVW,-0.0128583428015569,0.0240620290863676,0.987223972497741,0.941745773999731,1.03489837574201,0.593076477211269,0.976120388751442
CONDUCTIO,all instruments,Activated & secreting CD4 regulatory T cell %CD4+ T cell,GCST90001503,32,IVW,-0.00119228337297156,0.00445675447821389,0.998808427114454,0.990121593032691,1.00757147515508,0.789066672864261,0.978772201123906
CONDUCTIO,all instruments,IgD+ CD38dim B cell %lymphocyte,GCST90001430,33,IVW,-0.00206755286374877,0.0082246738018556,0.997934583051381,0.981976488365734,1.01415201264882,0.801517099091826,0.978772201123906
CONDUCTIO,all instruments,Effector Memory CD4-CD8- T cell %CD4-CD8- T cell,GCST90001570,29,IVW,0.00505442837414866,0.0057911875133281,1.00506722354559,0.993723481003832,1.01654045934911,0.38278340423699,0.976120388751442
CONDUCTIO,all instruments,Effector Memory CD4-CD8- T cell Absolute Count,GCST90001569,19,IVW,-0.00121566869668955,0.0280171066660633,0.998785069929162,0.945416982241151,1.05516574659852,0.965390465854588,0.997430722004315
CONDUCTIO,all instruments,CX3CR1 on monocyte,GCST90001995,26,IVW,0.0289753459093674,0.0176358150980075,1.02939921526073,0.994424748043084,1.06560375379304,0.10038643288203,0.924454769589635
CONDUCTIO,all instruments,CX3CR1 on CD14+ CD16- monocyte,GCST90001997,27,IVW,0.0351649202803614,0.0181781435811211,1.03579051757687,0.999535866604608,1.07336017860635,0.0530564019435567,0.924454769589635
CONDUCTIO,all instruments,CD20 on transitional B cell,GCST90001763,22,IVW,0.00193985601769172,0.0074971739061161,1.00194173875559,0.987326390414152,1.01677343744401,0.795832021735275,0.978772201123906
CONDUCTIO,all instruments,CD25 on CD39+ CD4+ T cell,GCST90001961,23,IVW,-0.00643248654178654,0.0124108419069042,0.993588157611638,0.969710469899972,1.01805379810731,0.604251941814443,0.976120388751442
CONDUCTIO,all instruments,CD20 on IgD+ CD38+ B cell,GCST90001751,26,IVW,-0.000233223741155595,0.0177169539590923,0.999766803453387,0.965645534615433,1.03509375382289,0.98949705189376,0.998708342684933
CONDUCTIO,all instruments,CD14+ CD16+ monocyte Absolute Count,GCST90001580,20,IVW,-0.0166496610728761,0.0316392797305268,0.983488178479872,0.924351702505423,1.04640797933077,0.598725713767684,0.976120388751442
CONDUCTIO,all instruments,CD14+ CD16+ monocyte %monocyte,GCST90001585,25,IVW,-0.0423366520122493,0.017966420688695,0.958547029461823,0.925379980064046,0.992902837196126,0.0184514361988978,0.862594456093442
CONDUCTIO,all instruments,CD45RA- CD28- CD8+ T cell %CD8+ T cell,GCST90001696,50,IVW,-0.000678341688718176,0.00027701131366982,0.999321888332991,0.998779461600122,0.999864609652175,0.0143338206239803,0.862594456093442
CONDUCTIO,all instruments,CD8 on CD39+ CD8+ T cell,GCST90002121,25,IVW,0.00791386194465061,0.0183992928415994,1.00794525932027,0.972243732820277,1.04495777292299,0.667110008335025,0.976120388751442
CONDUCTIO,all instruments,CCR2 on CD62L+ myeloid Dendritic Cell,GCST90002014,14,IVW,0.021985485204394,0.020824231726244,1.02222894691853,0.981346168101682,1.06481489802882,0.291075807464147,0.96753368259999
CONDUCTIO,all instruments,IgD on IgD+ CD24- B cell,GCST90001821,29,IVW,-0.00359134819292481,0.0139715389628134,0.996415092984852,0.96949926292762,1.02407817673827,0.797142158468862,0.978772201123906
CONDUCTIO,all instruments,CD28+ CD4-CD8- T cell %T cell,GCST90001655,23,IVW,0.0319675676290956,0.0222003487408275,1.03248401885745,0.988521273212055,1.07840193032178,0.149879309377608,0.96753368259999
CONDUCTIO,all instruments,CD4+/CD8+ T cell,GCST90001589,15,IVW,0.0112687575439869,0.0271049195576893,1.01133248915935,0.959007019243609,1.06651294839942,0.677595994220913,0.976120388751442
CONDUCTIO,all instruments,CD8+ T cell %T cell,GCST90001593,23,IVW,0.0104914139857733,0.0165634012432552,1.01054664183993,0.978266792236398,1.04389162898948,0.526466330397062,0.976120388751442
CONDUCTIO,all instruments,CD8+ T cell %leukocyte,GCST90001607,17,IVW,-0.00190851951506863,0.024643624389289,0.99809330055024,0.951029665118528,1.04748597561267,0.938269736326204,0.997430722004315
CONDUCTIO,all instruments,CD38 on Plasma Blast-Plasma Cell,GCST90001817,15,IVW,0.00653407507397006,0.0280685754489855,1.006555468713,0.952676075586747,1.06348205603049,0.815924716535472,0.979162256172564
CONDUCTIO,all instruments,CD3 on T cell,GCST90001851,31,IVW,0.0112209700000057,0.00993267449430223,1.01128416121829,0.991786841795633,1.03116477415589,0.258601484966374,0.96753368259999
CONDUCTIO,all instruments,CD28- CD127- CD25++ CD8+ T cell %CD8+ T cell,GCST90001674,18,IVW,-0.0155918643309224,0.0153135629349674,0.984529059494034,0.955417895137118,1.01452722826497,0.308595499534895,0.96753368259999
CONDUCTIO,all instruments,CD19 on IgD+ CD24+ B cell,GCST90001724,33,IVW,0.000376987249826731,0.0110461398518562,1.00037705831845,0.978951236824854,1.02227181616905,0.972774749437677,0.997430722004315
CONDUCTIO,all instruments,CD62L- plasmacytoid Dendritic Cell %Dendritic Cell,GCST90001471,18,IVW,-0.0141416327009834,0.0147315040575262,0.985957890494238,0.957896656876935,1.01484116772812,0.337076096255039,0.976120388751442
CONDUCTIO,all instruments,SSC-A on HLA DR+ Natural Killer,GCST90002077,28,IVW,-0.0122418131658211,0.0137371061900767,0.987832812998715,0.961590551271376,1.01479123848167,0.372849056118159,0.976120388751442
CONDUCTIO,all instruments,IgD+ CD38+ B cell %B cell,GCST90001447,25,IVW,0.0247686656864563,0.0142714887626617,1.0250779573879,0.996801673290278,1.05415635514945,0.0826461194940991,0.924454769589635
CONDUCTIO,all instruments,CD14 on CD33+ HLA DR+ CD14dim,GCST90002020,18,IVW,0.00760866734316157,0.0204047059366775,1.00763768680565,0.968134208382425,1.04875305415298,0.709231900020611,0.976120388751442
CONDUCTIO,all instruments,CD11c on myeloid Dendritic Cell,GCST90002087,30,IVW,-0.00231863807182103,0.011703445540809,0.997684047893105,0.975058908015666,1.02083417856881,0.842954423403304,0.979162256172564
CONDUCTIO,all instruments,CD27 on unswitched memory B cell,GCST90001806,30,IVW,0.0164452848111144,0.0165644886746667,1.01658125282907,0.984106542403145,1.05012760211908,0.320805651010192,0.976120388751442
CONDUCTIO,all instruments,CD8 on CD28- CD8+ T cell,GCST90002120,20,IVW,-0.00500396916008235,0.0244246191185486,0.995008529836706,0.94849740772898,1.0438004009081,0.837670577558953,0.979162256172564
CONDUCTIO,all instruments,CD11b on CD33+ HLA DR+ CD14dim,GCST90002097,21,IVW,-0.0182024238201682,0.0176886725686177,0.981962239690975,0.948501202274222,1.01660370895359,0.303458960848104,0.96753368259999
CONDUCTIO,all instruments,CD20 on IgD- CD38dim B cell,GCST90001757,34,IVW,0.00345379445505069,0.00557454886037879,1.0034597656756,0.992555527074398,1.01448379850113,0.535544323056472,0.976120388751442
CONDUCTIO,all instruments,CD24 on memory B cell,GCST90001771,31,IVW,0.00423981144900754,0.0125116763184493,1.00424881216552,0.979921243683459,1.02918033794728,0.734708887848609,0.976120388751442
CONDUCTIO,all instruments,CD4+CD8+ T cell %leukocyte,GCST90001608,22,IVW,0.0126527693382712,0.0242043457026769,1.01273315429724,0.965810389459814,1.061935606622,0.601149744584742,0.976120388751442
CONDUCTIO,all instruments,CD25 on IgD- CD38dim B cell,GCST90001789,20,IVW,0.00266883882960847,0.0189494432119767,1.0026724033503,0.966115323040227,1.04061277620208,0.887996373931359,0.983378204310675
CONDUCTIO,all instruments,CD8 on naive CD8+ T cell,GCST90002055,16,IVW,-0.00144565549796981,0.0305272822789375,0.998555388958571,0.94056066559501,1.06012605171769,0.962229352492125,0.997430722004315
CONDUCTIO,all instruments,CD38 on IgD+ CD24- B cell,GCST90001811,17,IVW,-0.00961539032839213,0.0201528762683526,0.990430689726353,0.95207160868338,1.03033526281535,0.633274906977101,0.976120388751442
CONDUCTIO,all instruments,CD8 on Natural Killer T,GCST90002059,18,IVW,-0.0027709070295381,0.0186940110288691,0.997232928389997,0.961355348694861,1.03444945182381,0.882165741055104,0.983378204310675
CONDUCTIO,all instruments,CD19 on IgD+ CD38- B cell,GCST90001726,31,IVW,0.00339457471198581,0.00951998541553111,1.00340034280562,0.984851316713794,1.02229872759059,0.721411103857345,0.976120388751442
CONDUCTIO,all instruments,CD20 on B cell,GCST90001743,23,IVW,0.0132352792273052,0.019697594656737,1.01332325322712,0.974947158074265,1.05320991709847,0.501632318667655,0.976120388751442
CONDUCTIO,all instruments,CD20 on IgD+ B cell,GCST90001762,20,IVW,0.0102630009860531,0.00967582703222043,1.01031584620948,0.991336129524838,1.02965894079865,0.288833248661105,0.96753368259999
CONDUCTIO,all instruments,HLA DR+ T cell Absolute Count,GCST90001618,30,IVW,-0.00110549611649194,0.0117978661820957,0.998895114719227,0.976061859606261,1.02226251378416,0.925345042560266,0.994992668104784
CONDUCTIO,all instruments,HLA DR+ CD8+ T cell %lymphocyte,GCST90001629,30,IVW,-0.0132665177589397,0.0137882693942914,0.986821094622763,0.960509385093056,1.01385357384938,0.335969366825938,0.976120388751442
CONDUCTIO,all instruments,Effector Memory CD8+ T cell Absolute Count,GCST90001554,24,IVW,0.00823353062633537,0.0121955176176554,1.00826751935801,0.984452446843697,1.03265870672751,0.499594695270237,0.976120388751442
CONDUCTIO,all instruments,CD8+ T cell Absolute Count,GCST90001592,21,IVW,-0.00161805762124622,0.00986318432880495,0.99838325072823,0.979268025740139,1.01787160321231,0.869691604497399,0.983238083759089
CONDUCTIO,all instruments,CD127- CD8+ T cell Absolute Count,GCST90001684,13,IVW,0.00592866360899876,0.023690759549882,1.00594627291778,0.960304146804685,1.0537577155782,0.80239235490074,0.978772201123906
CONDUCTIO,all instruments,CD28 on CD28+ CD4+ T cell,GCST90001894,27,IVW,-0.00466556426373907,0.00442985216400188,0.995345302574664,0.986740615986994,1.00402502471887,0.292244790848659,0.96753368259999
CONDUCTIO,all instruments,CD45RA- CD4+ T cell Absolute Count,GCST90001534,16,IVW,0.00593396208186307,0.0142793778926218,1.00595160291093,0.978187784597571,1.03450343925056,0.67773078160623,0.976120388751442
CONDUCTIO,all instruments,CD27 on IgD- CD38- B cell,GCST90001802,31,IVW,0.015849330939262,0.0164233068465947,1.01597559778455,0.983792428842886,1.04921158674471,0.334519199495074,0.976120388751442
CONDUCTIO,all instruments,CD64 on CD14+ CD16+ monocyte,GCST90002011,12,IVW,0.039626053205697,0.0395998081668233,1.04042163910235,0.96272298126813,1.12439113657237,0.316989878701471,0.976120388751442
CONDUCTIO,all instruments,Switched memory B cell %B cell,GCST90001402,13,IVW,0.00379011828306942,0.0256880643006711,1.00379730986415,0.95450873187284,1.05563103368732,0.882702698101711,0.983378204310675
CONDUCTIO,all instruments,IgD- CD38- B cell %B cell,GCST90001445,12,IVW,0.0229701775567125,0.0374023666799805,1.0232360236939,0.950907524787398,1.10106601629743,0.539124794941471,0.976120388751442
CONDUCTIO,all instruments,CD33 on CD33+ HLA DR+ CD14dim,GCST90001947,27,IVW,-0.00989255916689485,0.00767289387252837,0.990156211242663,0.975376790193371,1.00515957783664,0.197298471678135,0.96753368259999
CONDUCTIO,all instruments,FSC-A on HLA DR+ Natural Killer,GCST90001970,20,IVW,-0.00565513413425866,0.0120172582555246,0.99436082603697,0.971213498182797,1.01805983360708,0.63793755778338,0.976120388751442
CONDUCTIO,all instruments,HLA DR on CD33dim HLA DR+ CD11b-,GCST90002111,18,IVW,-0.00527751202113854,0.0137382772772288,0.994736389579389,0.968308508373425,1.02188556250075,0.700869820544638,0.976120388751442
CONDUCTIO,all instruments,CD33 on CD33+ HLA DR+,GCST90001956,23,IVW,-0.0145486944498989,0.00882371038235129,0.985556626426144,0.96865848797799,1.00274955100022,0.0991848810275365,0.924454769589635
CONDUCTIO,all instruments,CD33 on CD33+ HLA DR+ CD14-,GCST90001957,21,IVW,-0.0103086572176455,0.00887447546230377,0.989744294877967,0.972677569780068,1.0071104749182,0.245394935935029,0.96753368259999
CONDUCTIO,all instruments,CD127 on T cell,GCST90001922,18,IVW,0.0100938114601707,0.0347063885867838,1.01014492580985,0.943715335046628,1.08125059882487,0.771177979889042,0.978772201123906
CONDUCTIO,all instruments,CD8+ and CD8dim T cell %leukocyte,GCST90001614,15,IVW,-0.0200612668673486,0.0289112638105966,0.980138621444276,0.926142337508637,1.03728301616243,0.487750544042647,0.976120388751442
CONDUCTIO,all instruments,CD45 on granulocyte,GCST90001913,15,IVW,-0.0573772143112029,0.0173053748525004,0.944237822160277,0.912747726729849,0.976814336193763,0.000914558164027826,0.33427100895217
CONDUCTIO,all instruments,IgD- CD27- B cell %B cell,GCST90001399,15,IVW,0.0226709108469357,0.0229294598446486,1.022929849032,0.977975333682834,1.0699507850573,0.322798120469521,0.976120388751442
CONDUCTIO,all instruments,CD27 on CD24+ CD27+ B cell,GCST90001798,30,IVW,0.0101578399802181,0.0145443498264755,1.01020960596514,0.981818233843278,1.03942197527689,0.484924236647245,0.976120388751442
CONDUCTIO,all instruments,CD27 on IgD- CD38dim B cell,GCST90001804,31,IVW,0.0117531497394678,0.0101195247451957,1.01182248939069,0.991951445700964,1.032091595283,0.245465865148745,0.96753368259999
CONDUCTIO,all instruments,CD27 on memory B cell,GCST90001805,25,IVW,-0.00710620194397562,0.00929951979081766,0.99291898740687,0.974984933685462,1.01118292343904,0.444779531472838,0.976120388751442
CONDUCTIO,all instruments,HLA DR+ CD4+ T cell %lymphocyte,GCST90001626,21,IVW,-0.0578875380964046,0.0293533294398999,0.94375607807393,0.890991791889841,0.999645050615243,0.0485988253500746,0.924454769589635
CONDUCTIO,all instruments,BAFF-R on IgD+ CD38- unswitched memory B cell,GCST90001707,19,IVW,-0.00453728466841455,0.0119566774307705,0.995472993257166,0.972415231897375,1.01907749673029,0.704333644221306,0.976120388751442
CONDUCTIO,all instruments,CD25 on CD39+ activated CD4 regulatory T cell,GCST90001940,12,IVW,0.00282090353659039,0.0236235148200064,1.00282488602883,0.957450567865045,1.05034952799829,0.904949880768731,0.988547074200095
CONDUCTIO,all instruments,CD45RA+ CD8+ T cell %T cell,GCST90001562,35,IVW,0.000510240701996104,0.00277101410470255,1.00051037089693,0.995091141079886,1.00595911364057,0.853907544252312,0.983238083759089
CONDUCTIO,all instruments,CD25 on transitional B cell,GCST90001795,22,IVW,-0.0213071746515173,0.0192093626033014,0.978918219518252,0.942746811143791,1.0164774562771,0.267340552562567,0.96753368259999
CONDUCTIO,all instruments,CD4-CD8- T cell Absolute Count,GCST90001598,20,IVW,0.0140005303597136,0.0237680345745297,1.0140989967756,0.967940348159683,1.06245883562613,0.555828591172461,0.976120388751442
CONDUCTIO,all instruments,CD4-CD8- T cell %leukocyte,GCST90001613,20,IVW,0.00409593313442235,0.0121715925263634,1.00410433293297,0.980433568599032,1.02834658431314,0.73648194276871,0.976120388751442
CONDUCTIO,all instruments,PDL-1 on CD14- CD16+ monocyte,GCST90001999,19,IVW,0.00575114786015037,0.0170499825989163,1.00576771746052,0.9727124030478,1.03994633800925,0.735882416165944,0.976120388751442
CONDUCTIO,all instruments,Activated & resting CD4 regulatory T cell %CD4+ T cell,GCST90001500,27,IVW,-0.0162051135660894,0.0179706799377538,0.98392548289166,0.949872374309857,1.01919940201122,0.367188120781754,0.976120388751442
CONDUCTIO,all instruments,CD45RA+ CD8+ T cell Absolute Count,GCST90001560,28,IVW,-0.00656942785190419,0.00400370592752125,0.993452103663533,0.985686731424778,1.00127865254603,0.100831305846626,0.924454769589635
CONDUCTIO,all instruments,CD11b on CD33dim HLA DR-,GCST90002095,23,IVW,0.00462764293025027,0.0136392189482969,1.00463836700581,0.978137303955979,1.03185743389818,0.734391698605638,0.976120388751442
CONDUCTIO,all instruments,CD62L- HLA DR++ monocyte %monocyte,GCST90001455,12,IVW,-0.00214871135803991,0.0297516138632132,0.997853595469679,0.941329656969934,1.05777162189586,0.942425496836904,0.997430722004315
CONDUCTIO,all instruments,IgD- CD24- B cell %B cell,GCST90001413,18,IVW,-0.00715424837448356,0.0177253199411624,0.99287128233978,0.958969627646285,1.02797143400109,0.686494054196164,0.976120388751442
CONDUCTIO,all instruments,IgD- CD24- B cell Absolute Count,GCST90001414,18,IVW,-0.005069280563825,0.0224948300457742,0.994943546554985,0.952029604554142,1.03979188892451,0.821704563611792,0.979162256172564
CONDUCTIO,all instruments,IgD- CD24- B cell %lymphocyte,GCST90001440,24,IVW,-0.0326126843405919,0.0189647403158084,0.967913375005496,0.932595634741218,1.00456861110496,0.0854963822239622,0.924454769589635
CONDUCTIO,all instruments,CD4-CD8- T cell %T cell,GCST90001599,15,IVW,0.0364971433874759,0.0277841801954218,1.03717134121687,0.982200467116203,1.09521877361757,0.188982735780346,0.96753368259999
CONDUCTIO,all instruments,CD4-CD8- Natural Killer T Absolute Count,GCST90001636,10,IVW,0.0289146754636536,0.0379820981109502,1.02933676304604,0.955490711121326,1.10889008069443,0.446495129369593,0.976120388751442
CONDUCTIO,all instruments,CD4-CD8- Natural Killer T %T cell,GCST90001637,30,IVW,-0.00139943186411964,0.0186908768766064,0.998601546884034,0.962680641891811,1.03586278361174,0.940316191632246,0.997430722004315
CONDUCTIO,all instruments,CD4-CD8- Natural Killer T %lymphocyte,GCST90001638,29,IVW,-0.00325142124883513,0.0191569306679164,0.996753858897024,0.960022069849494,1.0348910576419,0.865225952712614,0.983238083759089
CONDUCTIO,all instruments,Naive CD4+ T cell %CD4+ T cell,GCST90001541,35,IVW,0.000768943057102568,0.0165141659263551,1.00076923876961,0.968895203407143,1.03369184380887,0.962861813784107,0.997430722004315
CONDUCTIO,all instruments,CD3 on Terminally Differentiated CD4+ T cell,GCST90001844,23,IVW,-0.0117963141748482,0.0139492438608605,0.988272989561984,0.96161911973967,1.01566564333932,0.39774257910252,0.976120388751442
CONDUCTIO,all instruments,CD25 on IgD- CD38+ B cell,GCST90001788,20,IVW,0.0084130778066059,0.0249404890711751,1.00844856720089,0.960337704581654,1.05896968101711,0.735871089706077,0.976120388751442
CONDUCTIO,all instruments,CD20 on CD24+ CD27+ B cell,GCST90001745,29,IVW,0.00359623207183339,0.0163018588160868,1.00360270627297,0.972042830484829,1.03618725476949,0.825401893999446,0.979162256172564
CONDUCTIO,all instruments,CD8 on CD8+ T cell,GCST90002058,27,IVW,0.0208219670587767,0.0151237590278138,1.02104025665526,0.991218186735634,1.05175956178122,0.168582768755762,0.96753368259999
CONDUCTIO,all instruments,CD8dim T cell Absolute Count,GCST90001596,27,IVW,-0.0286216094537003,0.0125787168630567,0.971784108825467,0.948118395738897,0.99604053503227,0.0228819591832231,0.862594456093442
CONDUCTIO,all instruments,CD3 on Central Memory CD8+ T cell,GCST90001846,19,IVW,-0.0113046842235139,0.0191106352817795,0.988758973616117,0.952408224003438,1.02649712934741,0.554159397187489,0.976120388751442
CONDUCTIO,all instruments,CD3 on HLA DR+ T cell,GCST90001847,27,IVW,-0.0145527519751308,0.0140255018103385,0.985552627513378,0.958828803646136,1.01302127961207,0.299459927716004,0.96753368259999
CONDUCTIO,all instruments,HLA DR+ Natural Killer Absolute Count,GCST90001648,18,IVW,-0.00681000215321515,0.0242102723309137,0.993213133364017,0.947183783061881,1.04147932632238,0.778491316959307,0.978772201123906
CONDUCTIO,all instruments,CD45 on HLA DR+ Natural Killer,GCST90001912,12,IVW,-0.0243787863293576,0.0334361753880379,0.975915976106953,0.914010069993873,1.04201476951689,0.465931881218248,0.976120388751442
CONDUCTIO,all instruments,CD28+ CD45RA- CD8+ T cell %CD8+ T cell,GCST90001692,28,IVW,-0.00191418584926568,0.00279908521679212,0.998087645036063,0.992626922609863,1.00357840844618,0.494062800022915,0.976120388751442
CONDUCTIO,all instruments,IgD+ CD24+ B cell %B cell,GCST90001411,20,IVW,-0.02312198598442,0.0266037797293607,0.977143278717978,0.927497301207629,1.02944664733852,0.384779258828844,0.976120388751442
CONDUCTIO,all instruments,CD20 on IgD+ CD38- B cell,GCST90001748,25,IVW,0.00141400448808464,0.015419751652442,1.00141500466379,0.971602305710017,1.03214247812323,0.926935714062049,0.994992668104784
CONDUCTIO,all instruments,CD20 on memory B cell,GCST90001758,28,IVW,0.0222959884543056,0.0162284362315863,1.02254640161151,0.990533347015563,1.05559408635661,0.169477705815595,0.96753368259999
CONDUCTIO,all instruments,Lymphocyte %leukocyte,GCST90001602,22,IVW,0.00716582774948313,0.014703234649249,1.00719156372962,0.978580220701528,1.03663943393511,0.626000376663146,0.976120388751442
CONDUCTIO,all instruments,CD45 on B cell,GCST90001910,15,IVW,0.00854952740969732,0.0150064714609879,1.00858617899595,0.979352973338091,1.03869198149713,0.568865792588709,0.976120388751442
CONDUCTIO,all instruments,CD25 on secreting CD4 regulatory T cell,GCST90001941,14,IVW,-0.00689067989659615,0.0108085086021473,0.993133006401996,0.972315093528423,1.01439664463692,0.523783807552526,0.976120388751442
CONDUCTIO,all instruments,HLA DR on CD33+ HLA DR+ CD14dim,GCST90002109,20,IVW,-0.0108132780289835,0.0131937437780075,0.989244975302989,0.963991293709671,1.01516022763681,0.412457761542279,0.976120388751442
CONDUCTIO,all instruments,IgD- CD27- B cell %lymphocyte,GCST90001433,18,IVW,0.00354440115895064,0.0254747393694437,1.00355068997657,0.954673303116692,1.05493050247091,0.889344299503507,0.983378204310675
CONDUCTIO,all instruments,CD45 on CD33dim HLA DR-,GCST90002050,18,IVW,0.0223049410647421,0.0157056726684949,1.02255555611207,0.99155766102728,1.0545225017498,0.155554193990051,0.96753368259999
CONDUCTIO,all instruments,CD45 on CD14+ monocyte,GCST90001909,17,IVW,-0.0303531139604292,0.0164032287076048,0.970102916177824,0.939409829145718,1.00179883026404,0.0642508305518951,0.924454769589635
CONDUCTIO,all instruments,CD28+ CD45RA- CD8dim T cell Absolute Count,GCST90001669,37,IVW,0.00486628677515774,0.00281306936357618,1.00487814637825,0.999352880294879,1.01043396079535,0.0836508060416297,0.924454769589635
CONDUCTIO,all instruments,CD28+ CD4-CD8- T cell Absolute Count,GCST90001657,12,IVW,0.00398614123539526,0.0330211285811706,1.00399409646308,0.941072336145042,1.07112291692884,0.903916880778565,0.988547074200095
CONDUCTIO,all instruments,CD19 on CD20- B cell,GCST90001721,22,IVW,0.0202723581125816,0.0188399815043682,1.02047923798034,0.9834839056627,1.0588662093532,0.281914485000195,0.96753368259999
CONDUCTIO,all instruments,CD25 on IgD- CD24- B cell,GCST90001785,26,IVW,0.0149986203355508,0.0202329504266682,1.01511166410128,0.975643561648755,1.05617638561883,0.458513533602897,0.976120388751442
CONDUCTIO,all instruments,CD62L on CD62L+ plasmacytoid Dendritic Cell,GCST90001832,15,IVW,0.0131085652040105,0.0269322789314271,1.01319485909564,0.961098188954182,1.06811544782422,0.626454496184725,0.976120388751442
CONDUCTIO,all instruments,CD39+ CD8+ T cell %T cell,GCST90001670,20,IVW,0.0108110209309587,0.0197049176616049,1.01086967118356,0.972572537399242,1.05067483691377,0.583248526938463,0.976120388751442
CONDUCTIO,all instruments,CD39+ CD8+ T cell %CD8+ T cell,GCST90001671,21,IVW,-0.01091629158569,0.0141657806470524,0.98914307490828,0.962057343318347,1.01699137731674,0.440938158807125,0.976120388751442
CONDUCTIO,all instruments,CD39+ CD8+ T cell Absolute Count,GCST90001672,24,IVW,-0.0108954062389662,0.0158100074158776,0.989163733720092,0.958981954978078,1.02029541539125,0.490731280656173,0.976120388751442
CONDUCTIO,all instruments,HVEM on CD4+ T cell,GCST90001875,20,IVW,-0.0110892172935728,0.0129110192065119,0.988972041430323,0.964259514258744,1.01431791366117,0.39039812974507,0.976120388751442
CONDUCTIO,all instruments,HVEM on CD45RA- CD4+ T cell,GCST90001880,19,IVW,0.000482147456718563,0.0109772630767952,1.00048226370849,0.97918636870091,1.02224131379937,0.964966280464217,0.997430722004315
CONDUCTIO,all instruments,Effector Memory CD8+ T cell %T cell,GCST90001556,15,IVW,0.0193419870429523,0.0136211706049013,1.01953025514171,0.992671478196833,1.04711575176658,0.155609288667585,0.96753368259999
CONDUCTIO,all instruments,CD3 on Natural Killer T,GCST90001848,17,IVW,-0.0120092597980237,0.0198156918302383,0.988062563559797,0.950423108865818,1.02719264757081,0.544482899895989,0.976120388751442
CONDUCTIO,all instruments,CD45 on CD66b++ myelod cell,GCST90002048,16,IVW,-0.00813865723032476,0.0154899573565398,0.991894371975232,0.962232692327659,1.02247039931285,0.599294670567893,0.976120388751442
CONDUCTIO,all instruments,Granulocyte Absolute Count,GCST90001651,24,IVW,-0.0141937655453426,0.024196802881356,0.9859064910448,0.940240581035345,1.03379031780775,0.557474576628869,0.976120388751442
CONDUCTIO,all instruments,Transitional B cell Absolute Count,GCST90001577,31,IVW,0.029424060471709,0.0200817269911152,1.02986122532665,0.990113075765547,1.07120506676599,0.142862093753512,0.96753368259999
CONDUCTIO,all instruments,Granulocyte %leukocyte,GCST90001652,25,IVW,-0.0153396649262864,0.0176265712794205,0.984777388449576,0.951336211101531,1.01939408327438,0.38415941791424,0.976120388751442
CONDUCTIO,all instruments,HLA DR on HLA DR+ Natural Killer,GCST90002117,28,IVW,0.00154134879083212,0.00241217506921995,1.00154253727943,0.996818557203712,1.00628890456653,0.522831313469638,0.976120388751442
CONDUCTIO,all instruments,Natural Killer %CD3- lymphocyte,GCST90001646,27,IVW,0.0052301151330251,0.011295861108366,1.00524381606057,0.983232395096687,1.02774800216855,0.643356026509925,0.976120388751442
CONDUCTIO,all instruments,CD80 on myeloid Dendritic Cell,GCST90002035,26,IVW,0.00594317866548261,0.014912219448236,1.00596087439072,0.976984226937434,1.03579694830606,0.69022907929158,0.976120388751442
CONDUCTIO,all instruments,CD45 on Immature Myeloid-Derived Suppressor Cells,GCST90002052,10,IVW,0.0103315497331327,0.0120738575497606,1.01038510446865,0.986755282456706,1.03458078966698,0.392166039327514,0.976120388751442
CONDUCTIO,all instruments,CD3 on HLA DR+ CD8+ T cell,GCST90001850,26,IVW,0.00352100044939328,0.0155809119023469,1.00352720645312,0.973344123288286,1.03464625716277,0.821215678929014,0.979162256172564
CONDUCTIO,all instruments,Resting CD4 regulatory T cell Absolute Count,GCST90001480,25,IVW,-0.029641408139794,0.0190471244798759,0.970793589818955,0.93521972984563,1.00772060720868,0.119657133942437,0.96753368259999
CONDUCTIO,all instruments,CD127 on CD28+ CD4+ T cell,GCST90001924,20,IVW,0.00243696430078438,0.0144073732769442,1.00243993611186,0.974528526675851,1.03115075444703,0.865680998662865,0.983238083759089
CONDUCTIO,all instruments,CD20 on IgD+ CD38- naive B cell,GCST90001749,18,IVW,-0.02242301741223,0.0254168866865677,0.977826509911078,0.930307487912243,1.02777274815945,0.377663557078029,0.976120388751442
CONDUCTIO,all instruments,CD25 on IgD+ CD38dim B cell,GCST90001784,23,IVW,0.00239304039101931,0.0116576815452805,1.00239590599756,0.97975178948039,1.02556337548876,0.837356617706751,0.979162256172564
CONDUCTIO,all instruments,CD25 on IgD+ B cell,GCST90001794,27,IVW,0.00919179051938068,0.00960982311637805,1.00923416475806,0.990402886290365,1.02842349655297,0.338819962426343,0.976120388751442
CONDUCTIO,all instruments,CD8dim T cell %T cell,GCST90001597,19,IVW,0.000716132282934927,0.0209078446654221,1.00071638876688,0.960536551093944,1.04257697388621,0.972676323364246,0.997430722004315
CONDUCTIO,all instruments,CD8dim T cell %leukocyte,GCST90001612,18,IVW,0.00929130836107628,0.0175872657803507,1.00933460656169,0.97513463282501,1.0447340435973,0.597292873726168,0.976120388751442
CONDUCTIO,all instruments,CD28- CD8dim T cell %T cell,GCST90001661,25,IVW,0.00533399985847662,0.0151108936218932,1.00534825096292,0.976009116788904,1.035569328532,0.724095663638983,0.976120388751442
CONDUCTIO,all instruments,CD20- B cell %B cell,GCST90001419,19,IVW,0.000155043518930429,0.0183089640743945,1.0001550555388,0.964900273924454,1.03669794915835,0.993243454352867,0.998708342684933
CONDUCTIO,all instruments,CD20- B cell Absolute Count,GCST90001421,22,IVW,0.00576896865884222,0.0114652306812159,1.00578564120425,0.983435836268135,1.02864337330984,0.614844231554203,0.976120388751442
CONDUCTIO,all instruments,CD45RA on Terminally Differentiated CD8+ T cell,GCST90002101,14,IVW,0.0297306468643789,0.0257001531491295,1.03017701517064,0.979569927325656,1.08339859460903,0.247342797164317,0.96753368259999
CONDUCTIO,all instruments,CD3 on naive CD8+ T cell,GCST90001838,25,IVW,-0.0117692009066467,0.01301298404624,0.988299785235863,0.963411498390913,1.01383102353314,0.36577282357053,0.976120388751442
CONDUCTIO,all instruments,CD3 on CD28+ CD45RA+ CD8+ T cell,GCST90001864,25,IVW,0.00559789342160482,0.0147174093158258,1.00561359090426,0.977019929148854,1.03504408051567,0.703679230706341,0.976120388751442
CONDUCTIO,all instruments,IgD+ B cell %Lymphocyte,GCST90001424,18,IVW,-0.00777783814100872,0.0108630704026559,0.992252330974562,0.971348995981234,1.01360550368394,0.473998185116161,0.976120388751442
CONDUCTIO,all instruments,Naive-mature B cell %lymphocyte,GCST90001437,21,IVW,-0.0261462794019188,0.0242591725572033,0.974192574878312,0.928955671550537,1.02163235772484,0.281127744302748,0.96753368259999
CONDUCTIO,all instruments,IgD+ CD24- B cell %lymphocyte,GCST90001441,21,IVW,-0.0237758226456619,0.0245575821002806,0.976504595439091,0.930615872457686,1.02465609402876,0.332961337782963,0.976120388751442
CONDUCTIO,all instruments,IgD+ CD24- B cell %B cell,GCST90001415,18,IVW,0.0245192699255918,0.0158930422575467,1.02482233916715,0.993390844281375,1.05724834580672,0.122887184563299,0.96753368259999
CONDUCTIO,all instruments,CD19 on B cell,GCST90002028,24,IVW,0.00589465563320182,0.0164924713388966,1.00591206330298,0.973915642735968,1.0389596744292,0.720781194854984,0.976120388751442
CONDUCTIO,all instruments,CCR7 on naive CD4+ T cell,GCST90001907,24,IVW,0.0211781973539561,0.011305657503329,1.02140404691999,0.999019589564099,1.0442900599374,0.0610354037477485,0.924454769589635
CONDUCTIO,all instruments,CD28 on CD39+ activated CD4 regulatory T cell,GCST90001886,19,IVW,-0.0087067876431805,0.0126292456877841,0.991331006663809,0.967093488603366,1.01617597094187,0.490562334557356,0.976120388751442
CONDUCTIO,all instruments,CD28 on activated & secreting CD4 regulatory T cell,GCST90001889,25,IVW,-0.00461299161411413,0.00867350296507776,0.995397631890046,0.978618831088816,1.01246411176241,0.594830763059605,0.976120388751442
CONDUCTIO,all instruments,CD28 on CD4 regulatory T cell,GCST90001899,25,IVW,0.000966137437980075,0.00672750244060148,1.00096660429909,0.987854590823375,1.01425265644304,0.88580834828778,0.983378204310675
CONDUCTIO,all instruments,CD28 on activated CD4 regulatory T cell,GCST90001902,18,IVW,-0.0064001026129708,0.0163575946017531,0.993620334420809,0.962269244024136,1.02599285502027,0.69560370005768,0.976120388751442
CONDUCTIO,all instruments,CD25 on activated CD4 regulatory T cell,GCST90001939,17,IVW,-0.00508893693577306,0.0272500275443429,0.994923989766774,0.943179192139913,1.04950761601047,0.851856815570908,0.983238083759089
CONDUCTIO,all instruments,CD3 on CD39+ secreting CD4 regulatory T cell,GCST90001856,27,IVW,0.00725607822810473,0.0154825849994479,1.0072824673523,0.977174740906206,1.0383178428194,0.639312223608608,0.976120388751442
CONDUCTIO,all instruments,BAFF-R on CD20- CD38- B cell,GCST90001701,17,IVW,-0.0107781119890556,0.0136495867909127,0.989279763742971,0.963164268185441,1.01610336188564,0.429744363269473,0.976120388751442
CONDUCTIO,all instruments,SSC-A on CD8+ T cell,GCST90002082,18,IVW,0.00527990705213452,0.0132576061517711,1.00529387032549,0.979507875791728,1.031758693004,0.690442276825501,0.976120388751442
CONDUCTIO,all instruments,CD33dim HLA DR+ CD11b+ %CD33dim HLA DR+,GCST90001526,24,IVW,-0.0157700114350025,0.0105735444440812,0.984353684114974,0.964163725998505,1.00496642769594,0.135840943209197,0.96753368259999
CONDUCTIO,all instruments,CD33dim HLA DR+ CD11b- %CD33dim HLA DR+,GCST90001528,24,IVW,0.0173532465096027,0.0078539539342063,1.01750468882886,1.00196141786698,1.03328908012519,0.0271404548428853,0.862594456093442
CONDUCTIO,all instruments,CD25 on naive-mature B cell,GCST90001791,23,IVW,-0.0129964537577813,0.0187256804011362,0.987087635465927,0.951515989998536,1.02398909774623,0.48765436033714,0.976120388751442
CONDUCTIO,all instruments,CD20- CD38- B cell Absolute Count,GCST90001423,14,IVW,0.0224588200611254,0.0390404865837276,1.02271291804183,0.947374756720728,1.10404220221161,0.565108718853736,0.976120388751442
CONDUCTIO,all instruments,CD25 on B cell,GCST90001775,25,IVW,0.0155968119146671,0.0127785608717077,1.01571907700714,0.99059533570562,1.04148001329053,0.222258242648447,0.96753368259999
CONDUCTIO,all instruments,FSC-A on plasmacytoid Dendritic Cell,GCST90001964,26,IVW,0.00398334839905662,0.00861861279137415,1.0039912924758,0.987173832793349,1.02109525382672,0.643952415840997,0.976120388751442
CONDUCTIO,all instruments,HLA DR on CD33+ HLA DR+ CD14-,GCST90002108,25,IVW,0.01677597834978,0.00755037758049664,1.01691748527279,1.0019791943166,1.03207848797584,0.0262919050998478,0.862594456093442
CONDUCTIO,all instruments,CD28 on CD28+ CD45RA- CD8+ T cell,GCST90001893,17,IVW,0.010088134911531,0.0261978427188053,1.01013919168932,0.959579955316175,1.06336233987978,0.700181831904237,0.976120388751442
CONDUCTIO,all instruments,CD19 on switched memory B cell,GCST90001740,27,IVW,-0.0318762833273552,0.0197330878247367,0.968626409903164,0.931878222428665,1.00682374518492,0.106230096642311,0.924454769589635
CONDUCTIO,all instruments,CD19 on IgD+ CD24- B cell,GCST90001725,25,IVW,0.00707375481653207,0.00989709300124891,1.00709883291737,0.987751088723068,1.02682555437597,0.474775550833464,0.976120388751442
CONDUCTIO,all instruments,FSC-A on granulocyte,GCST90001966,21,IVW,-0.00474159977517576,0.0196255011428239,0.995269623862698,0.957712565527297,1.03429949636133,0.809087014568004,0.979094043487748
CONDUCTIO,all instruments,CD3 on Naive CD4+ T cell,GCST90001842,30,IVW,0.00734575596892507,0.0111389659875557,1.00737280221879,0.985617808805848,1.02960798149503,0.509597343084531,0.976120388751442
CONDUCTIO,all instruments,CCR7 on naive CD8+ T cell,GCST90001908,24,IVW,-0.00947488005451882,0.0175172772872324,0.990569865191381,0.957136998605075,1.02517054429544,0.588584980194045,0.976120388751442
CONDUCTIO,all instruments,CD25++ CD4+ T cell Absolute Count,GCST90001504,23,IVW,0.00207071879828224,0.0162876337252916,1.00207286421705,0.970588157497972,1.03457889676782,0.898834012599379,0.985362671448087
CONDUCTIO,all instruments,CD25++ CD4+ T cell %CD4+ T cell,GCST90001505,26,IVW,-0.0214244176164397,0.0160747258673066,0.978803454971578,0.94844556647424,1.01013304013406,0.182596976468166,0.96753368259999
CONDUCTIO,all instruments,Memory B cell %lymphocyte,GCST90001436,28,IVW,-0.00455714831248244,0.0102113932210431,0.995453219732337,0.975727942343035,1.01557726254712,0.655394453474015,0.976120388751442
CONDUCTIO,all instruments,CD4 on monocyte,GCST90001958,15,IVW,-0.0103169863363558,0.0237014191736442,0.989736051214574,0.944809680642619,1.03679870257844,0.66335207773922,0.976120388751442
CONDUCTIO,all instruments,SSC-A on T cell,GCST90002080,22,IVW,-0.0345302114188004,0.0179568420626974,0.966059153227947,0.932649683486509,1.00066542031802,0.0544856162584269,0.924454769589635
CONDUCTIO,all instruments,CD28+ CD45RA+ CD8dim T cell %T cell,GCST90001664,41,IVW,-0.00204961829554067,0.00230798971293611,0.997952480737721,0.993448278601146,1.00247710450804,0.37451198474359,0.976120388751442
CONDUCTIO,all instruments,CD16-CD56 on HLA DR+ Natural Killer,GCST90001885,24,IVW,0.00764194522185471,0.0112312005629435,1.00767121940831,0.985731565013883,1.03009918974191,0.496237899455651,0.976120388751442
CONDUCTIO,all instruments,CD20 on IgD+ CD38- unswitched memory B cell,GCST90001750,19,IVW,-0.0228183787806615,0.0195402315831125,0.97743999149629,0.940712951007704,1.01560091838094,0.242901977522479,0.96753368259999
CONDUCTIO,all instruments,FSC-A on HLA DR+ CD8+ T cell,GCST90001978,18,IVW,-0.019395282736692,0.0111448070117125,0.980791595623087,0.959599657938117,1.00245153912603,0.0818067462619694,0.924454769589635
CONDUCTIO,all instruments,CD11b on CD14+ monocyte,GCST90002091,20,IVW,-0.0310438240588674,0.0107394830406285,0.96943308765239,0.949240383246064,0.990055341115453,0.00384475924273691,0.562103801288136
CONDUCTIO,all instruments,CD11b on Monocytic Myeloid-Derived Suppressor Cells,GCST90002094,16,IVW,-0.0162836489374909,0.0119776301263766,0.983848212972681,0.961020244664853,1.00721843430791,0.173986595571357,0.96753368259999
CONDUCTIO,all instruments,CD45 on HLA DR+ CD4+ T cell,GCST90001920,18,IVW,-0.000652463252983559,0.00233462123383664,0.999347749554879,0.994785323009711,1.00393110095237,0.779881969816258,0.978772201123906
CONDUCTIO,all instruments,CD11c+ HLA DR++ monocyte Absolute Count,GCST90001456,17,IVW,-0.00244793911894124,0.022320860914237,0.997555054640678,0.954854003111857,1.04216569632226,0.912670727332686,0.992801044166954
CONDUCTIO,all instruments,CD28 on CD45RA+ CD4+ T cell,GCST90001890,13,IVW,0.00790395508942484,0.021975450294065,1.00793527380197,0.965443278180737,1.05229746701294,0.719092401704658,0.976120388751442
CONDUCTIO,all instruments,CD25 on CD4+ T cell,GCST90001960,16,IVW,0.00549605849848963,0.0103406890987334,1.00551118953565,0.985336874082931,1.0260985647395,0.595073530986461,0.976120388751442
CONDUCTIO,all instruments,CD4 on resting CD4 regulatory T cell,GCST90002064,13,IVW,-0.0368025368695962,0.0251592315173758,0.963866444644351,0.917489052831263,1.0125881287024,0.143526323306926,0.96753368259999
CONDUCTIO,all instruments,CD86 on myeloid Dendritic Cell,GCST90001903,22,IVW,0.0517580379896088,0.0196989552336117,1.05312089643379,1.01323490188241,1.09457700326456,0.00860272517578066,0.744029720495043
CONDUCTIO,all instruments,CD19 on IgD+ CD38dim B cell,GCST90001730,24,IVW,0.00367180060722459,0.00918801571522525,1.00367854992526,0.985765571059339,1.02191703702689,0.689429546958402,0.976120388751442
CONDUCTIO,all instruments,CD19 on IgD- CD38dim B cell,GCST90001735,28,IVW,-0.0303355505574497,0.0151740084610363,0.970119954635899,0.941692390459134,0.999405682702711,0.0455890504911928,0.924454769589635
CONDUCTIO,all instruments,CD38 on CD3- CD19-,GCST90001810,18,IVW,-0.0133311556125925,0.0158450315123418,0.986757310686718,0.956583288687541,1.01788312811696,0.400154066546574,0.976120388751442
CONDUCTIO,all instruments,CD25 on memory B cell,GCST90001790,24,IVW,-0.0308524950309561,0.0145234977788028,0.969618586087727,0.942406517102473,0.99761640589815,0.0336437498525906,0.910873375638657
CONDUCTIO,all instruments,CD25 on unswitched memory B cell,GCST90001792,24,IVW,0.0174343238075978,0.0093308763029849,1.01758718870411,0.999146170973371,1.03636856818054,0.0616986571618913,0.924454769589635
CONDUCTIO,all instruments,CD62L- monocyte Absolute Count,GCST90001450,20,IVW,-0.00466546965437344,0.0144319434022785,0.995345396743656,0.967584926383479,1.02390232816229,0.746487869584953,0.978772201123906
CONDUCTIO,all instruments,CD62L- monocyte %monocyte,GCST90001451,23,IVW,0.00623756740953166,0.0172556041146852,1.00625706154404,0.972793531986158,1.04087171698183,0.717740149438221,0.976120388751442
CONDUCTIO,all instruments,HLA DR on Dendritic Cell,GCST90002106,19,IVW,-0.0100349061345124,0.0123855742768437,0.990015275539647,0.966271303499707,1.01434270297787,0.417819955046427,0.976120388751442
CONDUCTIO,all instruments,Naive CD4-CD8- T cell %T cell,GCST90001568,20,IVW,-0.00879145482714797,0.0217850572788836,0.991247077012189,0.949812989338353,1.03448866115179,0.686540453800265,0.976120388751442
CONDUCTIO,all instruments,B cell %lymphocyte,GCST90001644,35,IVW,0.00054239569825843,0.0150833815336714,1.0005425428214,0.971396033745718,1.03056358603331,0.971314396508861,0.997430722004315
CONDUCTIO,all instruments,CD24+ CD27+ B cell %lymphocyte,GCST90001442,24,IVW,-0.000692969631698832,0.00862436482832075,0.999307270416305,0.982557193523619,1.01634289310496,0.93595871563242,0.997430722004315
CONDUCTIO,all instruments,Naive-mature B cell %B cell,GCST90001408,29,IVW,0.0230853345422067,0.0123916984335663,1.02335386325474,0.998798328198908,1.04851309806141,0.0624668037937678,0.924454769589635
CONDUCTIO,all instruments,Terminally Differentiated CD8+ T cell %CD8+ T cell,GCST90001558,23,IVW,-0.0108493450235029,0.0178578624645136,0.989209296853297,0.955184507631621,1.02444608885803,0.543493375856871,0.976120388751442
CONDUCTIO,all instruments,HVEM on Effector Memory CD8+ T cell,GCST90001873,18,IVW,-0.0258812450629649,0.0133827865862766,0.974450803581634,0.949223016146962,1.00034907755953,0.0531229056245773,0.924454769589635
CONDUCTIO,all instruments,CCR2 on CD14- CD16+ monocyte,GCST90001982,28,IVW,-0.00765560860705386,0.0104442139831722,0.992373620926999,0.97226559300463,1.01289751544985,0.463558443562682,0.976120388751442
CONDUCTIO,all instruments,HLA DR on CD14+ CD16- monocyte,GCST90001988,22,IVW,0.00713901097257113,0.0139434788627089,1.0071645544603,0.980012249801357,1.03506914323452,0.608653529526445,0.976120388751442
CONDUCTIO,all instruments,HLA DR on CD14+ monocyte,GCST90001991,21,IVW,0.00406231211376037,0.0143351930904878,1.00407057448794,0.976251866088669,1.03268198870821,0.776885285528577,0.978772201123906
CONDUCTIO,all instruments,CD64 on CD14- CD16-,GCST90002001,16,IVW,0.00173394582470669,0.0233744635583909,1.00173544997802,0.956877401587456,1.04869642660376,0.940866202521898,0.997430722004315
CONDUCTIO,all instruments,CD62L- Dendritic Cell Absolute Count,GCST90001462,18,IVW,0.0108974719997531,0.00921410298322871,1.01095706572467,0.992863417367983,1.029380447361,0.236930112262761,0.96753368259999
CONDUCTIO,all instruments,FSC-A on HLA DR+ CD4+ T cell,GCST90001977,17,IVW,-0.00696238120400526,0.015973380965685,0.993061800019832,0.962452843394051,1.02464421548274,0.662928161498978,0.976120388751442
CONDUCTIO,all instruments,CD45 on CD4+ T cell,GCST90001916,13,IVW,0.027586022753049,0.0292554723049431,1.02797004011682,0.970683610159416,1.08863731942917,0.345713906816933,0.976120388751442
CONDUCTIO,all instruments,CD64 on CD14+ CD16- monocyte,GCST90001987,35,IVW,0.00764845492812287,0.00667173328741539,1.00767777907331,0.994586563428963,1.02094130744874,0.251630929484281,0.96753368259999
CONDUCTIO,all instruments,CD4+ T cell %leukocyte,GCST90001606,13,IVW,-0.0247409737645627,0.0455907116641747,0.975562575605065,0.892169833141713,1.06675018989352,0.587353071791238,0.976120388751442
CONDUCTIO,all instruments,Effector Memory CD4+ T cell Absolute Count,GCST90001542,23,IVW,-0.00936370540060669,0.0112674526875587,0.990679997575171,0.969041429921681,1.01280175159783,0.405950956786207,0.976120388751442
CONDUCTIO,all instruments,CD86 on CD62L+ myeloid Dendritic Cell,GCST90001904,22,IVW,-0.0207357843195253,0.0153580344435574,0.979477723757129,0.950433073112479,1.00940996107667,0.176965072205239,0.96753368259999
CONDUCTIO,all instruments,Unswitched memory B cell Absolute Count,GCST90001398,20,IVW,-7.92069769295101e-05,0.0253837036129074,0.99992079615986,0.951389942733096,1.05092723149951,0.997510295486982,0.998945285556077
CONDUCTIO,all instruments,CD16 on CD14+ CD16+ monocyte,GCST90002005,22,IVW,-0.0407153304941252,0.0156969356222576,0.960102402926342,0.9310136647516,0.990099994236794,0.00949108024403612,0.744029720495043
CONDUCTIO,all instruments,CD24 on unswitched memory B cell,GCST90001772,25,IVW,0.00562664050384811,0.0101299186043838,1.00564249977638,0.985872739690171,1.02580870394522,0.578588438995923,0.976120388751442
CONDUCTIO,all instruments,CD8dim Natural Killer T %T cell,GCST90001634,19,IVW,-0.00978184843792733,0.0184024549504424,0.990265838226931,0.955184598673275,1.02663551288552,0.595036817580543,0.976120388751442
CONDUCTIO,all instruments,CD28 on resting CD4 regulatory T cell,GCST90001900,6,IVW,-0.0162862508202285,0.0350021761133697,0.983845653118329,0.918612852303356,1.05371078439928,0.641721988790519,0.976120388751442
CONDUCTIO,all instruments,IgD- CD38- B cell Absolute Count,GCST90001446,14,IVW,-0.00222380305951974,0.0266904658865716,0.997778667758627,0.946923362011333,1.05136519994557,0.933598484872687,0.997430722004315
CONDUCTIO,all instruments,CD86+ myeloid Dendritic Cell Absolute Count,GCST90001464,21,IVW,0.00823502079066694,0.0118516637144959,1.00826902184342,0.985117613775767,1.03196451488937,0.487155007640534,0.976120388751442
CONDUCTIO,all instruments,CD62L- Dendritic Cell %Dendritic Cell,GCST90001463,23,IVW,0.000586344563489429,0.00995136242433042,1.00058651649707,0.981259502566508,1.02029419779084,0.953015004466823,0.997430722004315
CONDUCTIO,all instruments,FSC-A on B cell,GCST90001968,20,IVW,0.0232318908170995,0.0190606375701957,1.02350385317555,0.985972358428651,1.06246400166298,0.222904461755354,0.96753368259999
CONDUCTIO,all instruments,Naive CD4+ T cell Absolute Count,GCST90001540,25,IVW,0.0304888920547157,0.0235832266730552,1.03095843815526,0.984388904142743,1.07973108669803,0.196072955527201,0.96753368259999
CONDUCTIO,all instruments,CD40 on CD14+ CD16+ monocyte,GCST90001981,21,IVW,0.000320725905621417,0.00993030761849176,1.00032077734367,0.981039380475147,1.01998113174704,0.974234658701889,0.997430722004315
CONDUCTIO,all instruments,IgD- CD38+ B cell %lymphocyte,GCST90001425,30,IVW,0.0214468966361155,0.0122398486181955,1.02167853432982,0.997460024554707,1.04648507390192,0.0797361391043843,0.924454769589635
CONDUCTIO,all instruments,CD28- CD8+ T cell Absolute Count,GCST90001687,14,IVW,0.0473369436654451,0.03561533887086,1.0484752266551,0.97778143010787,1.12428019909131,0.183809452972723,0.96753368259999
CONDUCTIO,all instruments,CD25 on activated & secreting CD4 regulatory T cell,GCST90001943,21,IVW,-0.0210480839214702,0.00932982243397694,0.979171881013655,0.961429022825748,0.997242177846747,0.0240706008555036,0.862594456093442
CONDUCTIO,all instruments,Effector Memory CD4+ T cell %T cell,GCST90001544,20,IVW,0.0298305134012406,0.016209949261176,1.03027990051881,0.99806089534673,1.06353898681131,0.0657301457528457,0.924454769589635
CONDUCTIO,all instruments,HVEM on Central Memory CD8+ T cell,GCST90001882,18,IVW,0.0112691881554943,0.00832147130234179,1.01133292465085,0.994971788395271,1.02796310047387,0.175662931236779,0.96753368259999
CONDUCTIO,all instruments,CD127 on CD28- CD8+ T cell,GCST90001930,21,IVW,-0.00969128720515823,0.0167547747464423,0.990355521982884,0.958361095416449,1.02341806716996,0.562980981222736,0.976120388751442
CONDUCTIO,all instruments,HLA DR on monocyte,GCST90002010,17,IVW,-0.01494596000532,0.0127744074101064,0.985165176485485,0.960805005480534,1.0101429732605,0.242004014039028,0.96753368259999
CONDUCTIO,all instruments,CD25++ CD4+ T cell %T cell,GCST90001506,20,IVW,0.0115114795250091,0.0170089229295172,1.0115779915778,0.978410454448029,1.04586988864695,0.49853880924216,0.976120388751442
CONDUCTIO,all instruments,CD86+ myeloid Dendritic Cell %Dendritic Cell,GCST90001465,23,IVW,0.00406230939752326,0.00793013577074025,1.00407057176065,0.988584895687621,1.01979882301815,0.608467463402302,0.976120388751442
CONDUCTIO,all instruments,CD3 on CD28+ CD4+ T cell,GCST90001861,24,IVW,-0.00825709667892082,0.0163584407877677,0.991776899509574,0.960482380894234,1.02409105879178,0.613726979490272,0.976120388751442
CONDUCTIO,all instruments,CD3 on CD4+ T cell,GCST90001867,29,IVW,-0.000888325898296442,0.014276840222223,0.999112068546347,0.971541850625414,1.02746466852907,0.95038646989588,0.997430722004315
CONDUCTIO,all instruments,CD11c on CD62L+ myeloid Dendritic Cell,GCST90002088,26,IVW,-0.0151250384918997,0.011601945212375,0.984988770392389,0.962843059270805,1.00764384024732,0.192348163429101,0.96753368259999
CONDUCTIO,all instruments,CD127 on granulocyte,GCST90001926,31,IVW,0.0145500030307578,0.0181641501837639,1.0146563695766,0.979168309580866,1.05143062561232,0.423115113199235,0.976120388751442
CONDUCTIO,all instruments,CD45 on lymphocyte,GCST90002041,17,IVW,0.0371679735246474,0.0203882211922722,1.0378673404325,0.997210956616222,1.08018128881327,0.0683015613053331,0.924454769589635
CONDUCTIO,all instruments,CD25++ CD45RA- CD4 not regulatory T cell Absolute Count,GCST90001510,20,IVW,9.84220256953515e-05,0.011394263131836,1.0000984268693,0.978011027241622,1.02268464829829,0.993108072255272,0.998708342684933
CONDUCTIO,all instruments,Central Memory CD8+ T cell Absolute Count,GCST90001548,25,IVW,0.00295809652230418,0.0229601591639002,1.00296247600707,0.958827768192565,1.04912869823792,0.897487368835027,0.985362671448087
CONDUCTIO,all instruments,CD11c+ monocyte Absolute Count,GCST90001448,15,IVW,-0.000163845695690146,0.0193226625577981,0.999836167726283,0.962678029404682,1.0384285625712,0.993234452862574,0.998708342684933
CONDUCTIO,all instruments,Effector Memory CD4+ T cell %CD4+ T cell,GCST90001543,28,IVW,0.0144461639553682,0.0131676482166557,1.01455101406745,0.988701882021678,1.04107595915624,0.272599768288099,0.96753368259999
CONDUCTIO,all instruments,BAFF-R on unswitched memory B cell,GCST90001717,24,IVW,-0.0133829029668418,0.0103099776997793,0.986706249927744,0.966967436117819,1.00684799433913,0.19426894051455,0.96753368259999
CONDUCTIO,all instruments,CD19 on unswitched memory B cell,GCST90001738,21,IVW,0.00377057477410155,0.0136950904446007,1.00377769233412,0.977192316405535,1.03108634678362,0.783068017756019,0.978772201123906
CONDUCTIO,all instruments,Immature Myeloid-Derived Suppressor Cells Absolute Count,GCST90001515,22,IVW,0.00284124643763827,0.0144269606982318,1.00284528660376,0.974885162930438,1.03160731858952,0.843874447864179,0.979162256172564
CONDUCTIO,all instruments,CD25 on CD39+ CD4 regulatory T cell,GCST90001935,17,IVW,0.0109557550429206,0.0206049159510367,1.01101598909607,0.970998961486635,1.05268220744845,0.594929716291166,0.976120388751442
CONDUCTIO,all instruments,CD3 on CD28+ CD4-CD8- T cell,GCST90001862,16,IVW,-0.0264794165029324,0.0150977196256713,0.973868089240191,0.945472055134016,1.00311696161756,0.0794530237177365,0.924454769589635
CONDUCTIO,all instruments,CD25++ CD8+ T cell Absolute Count,GCST90001681,27,IVW,0.0031130924612967,0.0170406326800135,1.00311794316589,0.970167494555763,1.0371875099383,0.85504405870343,0.983238083759089
CONDUCTIO,all instruments,CD19 on transitional B cell,GCST90001742,26,IVW,-0.0319347972475461,0.0171028796982908,0.968569733432918,0.936639844538772,1.00158810666898,0.0618712127925466,0.924454769589635
CONDUCTIO,all instruments,CD11c on granulocyte,GCST90002090,22,IVW,-0.00647942180685796,0.0181077870409027,0.993541524382469,0.958897890820718,1.02943678375115,0.720474160131136,0.976120388751442
CONDUCTIO,all instruments,CD28+ CD45RA+ CD8dim T cell %CD8dim T cell,GCST90001665,27,IVW,0.00526924155454956,0.00874846259726012,1.00528314842332,0.988192516819015,1.02266935976908,0.546971225264598,0.976120388751442
CONDUCTIO,all instruments,CD28+ CD45RA- CD8+ T cell %T cell,GCST90001691,26,IVW,0.00542935824809997,0.00698857758939866,1.00544412392421,0.991765834169453,1.01931106265655,0.437223485466421,0.976120388751442
CONDUCTIO,all instruments,CD38 on IgD+ CD38+ B cell,GCST90001812,17,IVW,0.0125867344284407,0.020440867815549,1.01266628076273,0.972896702371468,1.05406153982654,0.538050810457847,0.976120388751442
CONDUCTIO,all instruments,CD24 on CD24+ CD27+ B cell,GCST90001764,3,IVW,0.0282831759296058,0.0377456547545974,1.02868694256206,0.955330134761097,1.10767658979198,0.453670711342647,0.976120388751442
CONDUCTIO,all instruments,CD25 on CD39+ resting CD4 regulatory T cell,GCST90001938,15,IVW,0.0208297882345469,0.0270622441812817,1.02104824242181,0.968301076753962,1.07666875353229,0.441478332956982,0.976120388751442
CONDUCTIO,all instruments,CD24 on IgD+ CD38- unswitched memory B cell,GCST90001767,21,IVW,0.00226125473674573,0.0113281375127988,1.0022638133014,0.98025562961285,1.02476611315172,0.841782484958419,0.979162256172564
CONDUCTIO,all instruments,HLA DR on CD33- HLA DR+,GCST90002112,12,IVW,0.00301370446158559,0.0127075059509914,1.00301825023427,0.978344905310107,1.028313843965,0.812533133510788,0.979162256172564
CONDUCTIO,all instruments,CD45 on CD33+ HLA DR+,GCST90002053,16,IVW,0.00152571400748685,0.0115665897560367,1.00152687850126,0.979077182054264,1.02449133402935,0.895057861897479,0.985362671448087
CONDUCTIO,all instruments,CD127 on CD28+ CD45RA- CD8+ T cell,GCST90001928,19,IVW,0.0164591746445637,0.0194263729178619,1.01659537307142,0.978615446200121,1.05604929552571,0.39685062056053,0.976120388751442
CONDUCTIO,all instruments,CD86 on granulocyte,GCST90001906,21,IVW,0.0108884479539243,0.0200144047124041,1.01094794284294,0.972058019672167,1.05139376709535,0.586420438224926,0.976120388751442
CONDUCTIO,all instruments,CD62L on CD62L+ myeloid Dendritic Cell,GCST90001831,15,IVW,-0.0234209593095142,0.030481918413196,0.976851182609495,0.920198823857603,1.03699136341564,0.44227582232008,0.976120388751442
CONDUCTIO,all instruments,Naive CD4-CD8- T cell %CD4-CD8- T cell,GCST90001567,22,IVW,0.00518063053984539,0.0206396804232855,1.00519407321005,0.965341703827901,1.04669167488567,0.801811458827832,0.978772201123906
CONDUCTIO,all instruments,BAFF-R on IgD+ CD24+ B cell,GCST90001703,18,IVW,-0.00351296513167506,0.0127750183157058,0.996493198111135,0.971851755539377,1.02175942804224,0.783326155568231,0.978772201123906
CONDUCTIO,all instruments,Central Memory CD4-CD8- T cell %CD4-CD8- T cell,GCST90001564,16,IVW,-0.00599313791379562,0.0238878268395693,0.994024785114297,0.948557111936068,1.04167188352505,0.801901711760625,0.978772201123906
CONDUCTIO,all instruments,HLA DR on Hematopoietic Stem Cell,GCST90002107,6,IVW,-0.0234206286742631,0.0197811223741667,0.976851505590984,0.939702795673198,1.01546879329199,0.236417469718088,0.96753368259999
CONDUCTIO,all instruments,CD127 on CD28+ CD4-CD8- T cell,GCST90001925,24,IVW,-0.0295546951593789,0.0182717801977783,0.970877773874368,0.936723262690096,1.00627761618332,0.105769325169267,0.924454769589635
CONDUCTIO,all instruments,CD8 on Effector Memory CD8+ T cell,GCST90002056,24,IVW,0.0288693959117116,0.0168595171083754,1.02929015619379,0.995833446648992,1.06387090050297,0.086832167919794,0.924454769589635
CONDUCTIO,all instruments,CD28+ CD45RA- CD8+ T cell Absolute Count,GCST90001693,29,IVW,0.00350549570350233,0.00627923165509673,1.00351164713941,0.991236824087851,1.01593847350368,0.576661218217652,0.976120388751442
CONDUCTIO,all instruments,CD33- HLA DR+ Absolute Count,GCST90001523,36,IVW,0.00677474328201584,0.0108735037270677,1.00679774376674,0.985567832689393,1.02848496392968,0.533251255243519,0.976120388751442
CONDUCTIO,all instruments,CD28 on CD39+ resting CD4 regulatory T cell,GCST90001901,22,IVW,0.013919283549943,0.0092707828815548,1.01401660781429,0.995757573725686,1.03261045464712,0.133248505563005,0.96753368259999
CONDUCTIO,all instruments,Basophil Absolute Count,GCST90001532,23,IVW,0.00556960639637175,0.00698177644925235,1.00558514548956,0.99191815965919,1.01944043969988,0.42502437485054,0.976120388751442
CONDUCTIO,all instruments,CD45RA on CD39+ resting CD4 regulatory T cell,GCST90002103,8,IVW,-0.0585147761104851,0.0227709277884286,0.943164303996743,0.901995457849461,0.986212177225978,0.010178245150411,0.744029720495043
CONDUCTIO,all instruments,CD39 on granulocyte,GCST90002033,26,IVW,-0.0164370384846507,0.0161049077923692,0.983697312514391,0.953131253882215,1.01524359704568,0.307433112376346,0.96753368259999
CONDUCTIO,all instruments,CD45 on Natural Killer T,GCST90001919,22,IVW,0.0098274692324825,0.0142346496679078,1.00987591738576,0.982089883147138,1.03844809524724,0.489948546362787,0.976120388751442
CONDUCTIO,all instruments,CD3 on activated CD4 regulatory T cell,GCST90001853,21,IVW,0.00139626199344594,0.0134519375375299,1.00139723722106,0.975339624731601,1.02815101661632,0.9173309644819,0.994860979856124
CONDUCTIO,all instruments,CD3 on secreting CD4 regulatory T cell,GCST90001855,20,IVW,0.0111187806074444,0.0133246150967277,1.01118082398422,0.985114436882587,1.03793693454446,0.404025103766955,0.976120388751442
CONDUCTIO,all instruments,CD3 on activated & secreting CD4 regulatory T cell,GCST90001857,22,IVW,0.0144933554965395,0.0133711312868509,1.01459889342314,0.988354280680133,1.04154040171413,0.278396328991792,0.96753368259999
CONDUCTIO,all instruments,CD3 on CD4 regulatory T cell,GCST90001868,11,IVW,0.000647909370513857,0.0181663837210541,1.00064811930913,0.965645776778336,1.03691921277541,0.971549246322443,0.997430722004315
CONDUCTIO,all instruments,Terminally Differentiated CD4+ T cell Absolute Count,GCST90001545,11,IVW,-0.056630352714116,0.0407154430742577,0.944943300542728,0.872465103983602,1.02344247026454,0.164261392083979,0.96753368259999
CONDUCTIO,all instruments,Naive CD4+ T cell %T cell,GCST90001575,34,IVW,-0.0214664463233077,0.0166971574358701,0.978762317992561,0.94724938825271,1.01132361445938,0.198570552699943,0.96753368259999
CONDUCTIO,all instruments,CD20 on IgD+ CD24+ B cell,GCST90001746,23,IVW,0.00879155059877886,0.0182121060678699,1.00883030978092,0.973454516101015,1.04549167639493,0.629286654490618,0.976120388751442
CONDUCTIO,all instruments,CD39 on monocyte,GCST90002034,22,IVW,0.00994181881011319,0.0105547238719581,1.0099914028731,0.989312086029449,1.03110297375586,0.346228103442905,0.976120388751442
CONDUCTIO,all instruments,CD38 on IgD- CD38dim B cell,GCST90001815,20,IVW,0.00246139157908508,0.0100718920301576,1.00246442329024,0.98286891786097,1.02245060526451,0.806934791922927,0.979002983530347
CONDUCTIO,all instruments,Immature Myeloid-Derived Suppressor Cells %CD33dim HLA DR- CD66b-,GCST90001516,19,IVW,-0.00469793275398788,0.0130082696695875,0.995313085271359,0.970257148272129,1.02101606721123,0.717987537856539,0.976120388751442
CONDUCTIO,all instruments,Dendritic Cell Absolute Count,GCST90001461,21,IVW,0.045768518000544,0.0217307981519484,1.04683206012972,1.00318120294303,1.09238227241551,0.0351905356792441,0.918724342197408
CONDUCTIO,all instruments,CD28- CD8dim T cell %CD8dim T cell,GCST90001662,15,IVW,-0.0162569378895165,0.00716188461969832,0.983874492940478,0.970160039669334,0.997782817553293,0.0232121598680056,0.862594456093442
CONDUCTIO,all instruments,IgD+ CD38dim B cell Absolute Count,GCST90001394,26,IVW,0.00341772669610903,0.0077205909151335,1.00342357378334,0.988353717642668,1.01872320653137,0.657999505377482,0.976120388751442
CONDUCTIO,all instruments,IgD+ CD24- B cell Absolute Count,GCST90001416,23,IVW,0.00905172841458188,0.00795385461207949,1.00909281919551,0.993483498464841,1.02494738898573,0.255107784942445,0.96753368259999
CONDUCTIO,all instruments,CD25 on CD4 regulatory T cell,GCST90001936,22,IVW,-0.0127384395103597,0.0094267883311675,0.987342350998036,0.969267211892379,1.00575455985049,0.176598657800557,0.96753368259999
CONDUCTIO,all instruments,CD25 on IgD+ CD38- B cell,GCST90001780,29,IVW,0.00534484756104885,0.00666956035837018,1.00535915674088,0.992302289556857,1.01858782820516,0.422912099403994,0.976120388751442
CONDUCTIO,all instruments,HVEM on Effector Memory CD4+ T cell,GCST90001878,22,IVW,-0.000633059530474909,0.0159976353953354,0.999367140809432,0.968517792699453,1.03119910615782,0.968434295760553,0.997430722004315
CONDUCTIO,all instruments,Unswitched memory B cell %B cell,GCST90001397,32,IVW,-0.0108094034633633,0.0119015390348694,0.989248808204986,0.966439653973927,1.01259628628751,0.363753669547733,0.976120388751442
CONDUCTIO,all instruments,Switched memory B cell Absolute Count,GCST90001403,23,IVW,0.0171143346878383,0.0197522749144795,1.01726162396668,0.97863148792312,1.05741663165924,0.386244098182619,0.976120388751442
CONDUCTIO,all instruments,CX3CR1 on CD14- CD16-,GCST90001994,19,IVW,0.00874761201336654,0.00922514090376063,1.00878598417799,0.990709759280357,1.02719202303324,0.343009252040949,0.976120388751442
CONDUCTIO,all instruments,CD11b on CD66b++ myeloid cell,GCST90002093,17,IVW,-0.010709224721872,0.0201942660330514,0.989347914869721,0.950953621136831,1.02929235969146,0.5958968942504,0.976120388751442
CONDUCTIO,all instruments,CD3 on Effector Memory CD4+ T cell,GCST90001843,19,IVW,0.0278089679988107,0.0143425019782635,1.02819924669936,0.9996977098203,1.05751336681882,0.0525110457160149,0.924454769589635
CONDUCTIO,all instruments,IgD- CD38dim B cell Absolute Count,GCST90001438,17,IVW,0.0145672957597584,0.0262965969047929,1.01467391590594,0.963701158321125,1.06834276033611,0.579605363787999,0.976120388751442
CONDUCTIO,all instruments,IgD on IgD+ CD38-  B cell,GCST90001822,27,IVW,-0.00430998763345774,0.0139677580964403,0.995699287033891,0.968809972142984,1.02333491469623,0.757651012805547,0.978772201123906
CONDUCTIO,all instruments,CD28- CD8+ T cell %CD8+ T cell,GCST90001686,23,IVW,-0.0109910935373638,0.0228394267132656,0.989069087843015,0.945769525752824,1.03435100612692,0.63035066979223,0.976120388751442
CONDUCTIO,all instruments,CD14- CD16- Absolute Count,GCST90001581,25,IVW,0.000758137100074492,0.00204663407123835,1.00075842455865,0.996752020455284,1.00478093223994,0.711061235788372,0.976120388751442
CONDUCTIO,all instruments,CD39+ activated CD4 regulatory T cell %activated CD4 regulatory T cell,GCST90001490,8,IVW,0.0113883336748517,0.0318467386991627,1.01145342761595,0.950248951815221,1.07660001548204,0.720644090410416,0.976120388751442
CONDUCTIO,all instruments,CD80 on plasmacytoid Dendritic Cell,GCST90002037,21,IVW,0.00422796900717166,0.0125945181703561,1.00423691947779,0.979750544051084,1.02933526964152,0.737097749098216,0.976120388751442
CONDUCTIO,all instruments,CD80 on CD62L+ plasmacytoid Dendritic Cell,GCST90002038,21,IVW,-0.00997544586565917,0.0116695239936857,0.990074143864246,0.967685914456747,1.01298034383276,0.392645899901806,0.976120388751442
CONDUCTIO,all instruments,CD28- CD25++ CD8+ T cell %T cell,GCST90001676,8,IVW,0.0316925236381799,0.0387647560553109,1.03220007938206,0.956679926796039,1.11368178011691,0.413608333078171,0.976120388751442
CONDUCTIO,all instruments,HLA DR++ monocyte %leukocyte,GCST90001476,8,IVW,-0.000256247329294955,0.0262064472386573,0.999743785499248,0.949688840915975,1.05243695996297,0.992198388130213,0.998708342684933
CONDUCTIO,all instruments,CD3 on resting CD4 regulatory T cell,GCST90001869,37,IVW,0.0140640901649435,0.0140826587581596,1.01416345475877,0.986553304519495,1.04254631580114,0.317949026224287,0.976120388751442
CONDUCTIO,all instruments,SSC-A on HLA DR+ CD4+ T cell,GCST90002085,22,IVW,-0.024921399060854,0.0170506819651308,0.97538657531624,0.943328466972646,1.00853414755979,0.143848887699738,0.96753368259999
CONDUCTIO,all instruments,CD25++ CD45RA- CD4 not regulatory T cell %T cell,GCST90001512,30,IVW,-0.0111661016267288,0.00914658524525762,0.988896007897339,0.971325729948042,1.00678411400427,0.222163809212434,0.96753368259999
CONDUCTIO,all instruments,CD4 on Central Memory CD4+ T cell,GCST90002023,15,IVW,-0.0459913052379592,0.0202283307731132,0.955050266089415,0.917925695321442,0.993676302348256,0.0229895346035713,0.862594456093442
CONDUCTIO,all instruments,CD45 on T cell,GCST90001915,15,IVW,-0.00778387481479618,0.0167017187107284,0.992246341089005,0.960290684991504,1.02526538765002,0.641178048268458,0.976120388751442
CONDUCTIO,all instruments,CD11b on basophil,GCST90002096,19,IVW,-0.0196849875750085,0.0171915873720995,0.980507496706857,0.948019223646753,1.01410913103654,0.252194217563958,0.96753368259999
CONDUCTIO,all instruments,CD25 on CD28+ CD4+ T cell,GCST90001962,5,IVW,0.0293255908054997,0.0437038904260395,1.0297598202283,0.945223346009816,1.12185685196312,0.502216443327777,0.976120388751442
CONDUCTIO,all instruments,CD28- CD4-CD8- T cell %T cell,GCST90001694,22,IVW,0.0192984752098462,0.0188086383012778,1.01948589447652,0.98258693483486,1.05777051596077,0.304871227211828,0.96753368259999
CONDUCTIO,all instruments,HLA DR on myeloid Dendritic Cell,GCST90002104,16,IVW,-0.00845862424629708,0.0106732181131066,0.99157704926198,0.971049210500442,1.01253884354262,0.428063791416201,0.976120388751442
CONDUCTIO,all instruments,CD62L- plasmacytoid Dendritic Cell Absolute Count,GCST90001470,24,IVW,-0.0197255491609381,0.0176806819325786,0.98046772657435,0.947072448315876,1.01504057536816,0.264569646911075,0.96753368259999
CONDUCTIO,all instruments,CD11c on monocyte,GCST90002089,19,IVW,-0.0333789530089951,0.0173703931570831,0.967171977403655,0.934797899245536,1.00066724008458,0.054656068601749,0.924454769589635
CONDUCTIO,all instruments,T/B cell,GCST90001588,29,IVW,-0.0144140483238349,0.0178663176827071,0.985689336742174,0.95176984679993,1.02081766073375,0.419797741619723,0.976120388751442
CONDUCTIO,all instruments,Natural Killer Absolute Count,GCST90001645,22,IVW,0.0233450144992029,0.0235993378865357,1.02361964224918,0.977350746524355,1.07207896011183,0.322553909296928,0.976120388751442
CONDUCTIO,all instruments,IgD+ B cell Absolute Count,GCST90001400,15,IVW,-0.00245700806386543,0.0115642590094782,0.997546007909851,0.975189999465613,1.02041452275165,0.831743756029065,0.979162256172564
CONDUCTIO,all instruments,CD38 on IgD+ B cell,GCST90001818,15,IVW,-0.034753497768048,0.0321816366114994,0.96584346948698,0.906803495559487,1.02872740579268,0.28017912427682,0.96753368259999
CONDUCTIO,all instruments,BAFF-R on CD24+ CD27+ B cell,GCST90001702,19,IVW,-0.0126725403703387,0.0128988821396233,0.987407418153785,0.962756890352389,1.01268910063917,0.32587692084662,0.976120388751442
CONDUCTIO,all instruments,BAFF-R on IgD- CD38- B cell,GCST90001712,17,IVW,-0.0150053478798382,0.0119113864773591,0.98510667135687,0.962374447605052,1.00837585242087,0.207760205345408,0.96753368259999
CONDUCTIO,all instruments,BAFF-R on IgD- CD38dim B cell,GCST90001714,4,IVW,0.0299270526698988,0.0380272467978246,1.03037936778809,0.95637388331452,1.11011149518628,0.431287878456576,0.976120388751442
CONDUCTIO,all instruments,BAFF-R on memory B cell,GCST90001715,17,IVW,-0.00290326985637491,0.0116602640115572,0.997100940555915,0.974571504334451,1.02015119592118,0.803369795724136,0.978772201123906
CONDUCTIO,all instruments,CD28 on secreting CD4 regulatory T cell,GCST90001887,17,IVW,-0.014292875126003,0.0107536474718331,0.985808783107879,0.965248185010274,1.00680733923607,0.183808775593118,0.96753368259999
CONDUCTIO,all instruments,CD45RA on naive CD8+ T cell,GCST90002100,22,IVW,-0.0194279867399754,0.0187601154381406,0.980759520336022,0.945352114456753,1.01749308222841,0.300388513544178,0.96753368259999
CONDUCTIO,all instruments,IgD- CD38- B cell %lymphocyte,GCST90001427,28,IVW,-0.00616058823078259,0.0211615457140993,0.993858349284191,0.953479629749668,1.03594705919541,0.77095813327864,0.978772201123906
CONDUCTIO,all instruments,Switched memory B cell %lymphocyte,GCST90001434,18,IVW,-0.00685418977237073,0.0188860473894493,0.993169246609973,0.957077563086934,1.03062195840258,0.716662057042504,0.976120388751442
CONDUCTIO,all instruments,IgD+ CD24+ B cell %lymphocyte,GCST90001439,15,IVW,-0.0119861349041797,0.0291263133640429,0.988085412665881,0.933257887946085,1.04613397361342,0.680689405729617,0.976120388751442
CONDUCTIO,all instruments,CD20- B cell %lymphocyte,GCST90001443,17,IVW,-0.00169225252890173,0.0130288353446579,0.998309178523061,0.973138591332264,1.02413081219909,0.896657275375421,0.985362671448087
CONDUCTIO,all instruments,HLA DR on CD14- CD16+ monocyte,GCST90001984,19,IVW,-0.0258356687027352,0.0155703863855127,0.974495216514566,0.945204827764096,1.00469326765519,0.0970588921767644,0.924454769589635
CONDUCTIO,all instruments,CD20 on IgD- CD38+ B cell,GCST90001756,16,IVW,-0.00162020644540894,0.0100714446549911,0.998381105380482,0.978866276247946,1.01828498515795,0.872194763157355,0.983378204310675
CONDUCTIO,all instruments,CD33 on CD33dim HLA DR-,GCST90001953,19,IVW,-0.00490134793796651,0.00973409948744685,0.995110644067508,0.97630505706858,1.01427846426375,0.614596255554883,0.976120388751442
CONDUCTIO,all instruments,CD33- HLA DR- Absolute Count,GCST90001522,21,IVW,0.000258307086619325,0.0154746211237051,1.00025834045077,0.970375712197725,1.03106120141376,0.986682086488385,0.998708342684933
CONDUCTIO,all instruments,CD14 on CD33dim HLA DR+ CD11b+,GCST90002021,19,IVW,0.0146538706919945,0.0203495573842914,1.01476176503416,0.975084386199596,1.05605366504604,0.47145875570586,0.976120388751442
CONDUCTIO,all instruments,HLA DR on HLA DR+ T cell,GCST90002113,19,IVW,0.0148906732357381,0.0143436956017746,1.01500209165527,0.986864069263777,1.04394240113854,0.299207831856636,0.96753368259999
CONDUCTIO,all instruments,CD3 on Central Memory CD4+ T cell,GCST90001841,26,IVW,0.00112689809297996,0.0115142504142799,1.00112753328121,0.978787192186883,1.0239777817836,0.922035632128127,0.994992668104784
CONDUCTIO,all instruments,CD4 on CD39+ resting CD4 regulatory T cell,GCST90002065,15,IVW,-0.0227672087416982,0.020562996812132,0.977490008418413,0.938877109168611,1.01769092805333,0.268210438448612,0.96753368259999
CONDUCTIO,all instruments,IgD on IgD+ B cell,GCST90001827,21,IVW,-0.0071219246928626,0.0166325201327283,0.992903376113693,0.961056898514686,1.02580514829206,0.668510787324981,0.976120388751442
CONDUCTIO,all instruments,Transitional B cell %B cell,GCST90001576,15,IVW,-0.0525915247498005,0.0314491682091304,0.94876748137552,0.89205107021241,1.00908990950631,0.0944709407173876,0.924454769589635
CONDUCTIO,all instruments,Leukocyte Absolute Count,GCST90001600,11,IVW,-0.021454984279834,0.0137313825046966,0.978773536673095,0.952782627710248,1.00547345032292,0.118175403936615,0.96753368259999
CONDUCTIO,all instruments,CD45RA+ CD28- CD8+ T cell %CD8+ T cell,GCST90001699,31,IVW,-0.000252076518983885,0.000231925226036358,0.999747955249632,0.999293599656268,1.00020251742793,0.277086741129686,0.96753368259999
CONDUCTIO,all instruments,CD20- CD38- B cell %B cell,GCST90001422,23,IVW,0.00527067647520213,0.0147596033006063,1.0052845909259,0.976619513991711,1.03479102585456,0.721015821724865,0.976120388751442
CONDUCTIO,all instruments,CCR2 on CD14- CD16-,GCST90002003,17,IVW,-0.0215443831034456,0.0183796184446874,0.97868603938147,0.944057281374864,1.01458500726277,0.241121259356903,0.96753368259999
CONDUCTIO,all instruments,Basophil %CD33dim HLA DR- CD66b-,GCST90001533,20,IVW,-0.000195116951804763,0.0175309046533343,0.99980490208227,0.966034539655045,1.03475579929542,0.991119819975561,0.998708342684933
CONDUCTIO,all instruments,CD24 on IgD+ CD24+ B cell,GCST90001765,25,IVW,2.72010302398187e-05,0.00912723366145773,1.00002720140019,0.982296406119685,1.01807804376559,0.997622143713572,0.998945285556077
CONDUCTIO,all instruments,B cell %CD3- lymphocyte,GCST90001643,29,IVW,-0.00480717291693233,0.0113974911680447,0.995204363046268,0.973218892395742,1.01768649577714,0.673189506203464,0.976120388751442
CONDUCTIO,all instruments,CD3 on CD28+ CD45RA- CD8+ T cell,GCST90001863,18,IVW,-0.0297769832234007,0.018756142155406,0.970661983318333,0.935626405272612,1.00700950780131,0.112380052092206,0.966468447992974
CONDUCTIO,all instruments,CD45 on lymphocyte,GCST90001914,24,IVW,0.0183367700245045,0.0170202668013628,1.01850592090378,0.985089328680644,1.05305608406641,0.281324310816449,0.96753368259999
CONDUCTIO,all instruments,HVEM on naive CD4+ T cell,GCST90001877,18,IVW,0.0169410498548812,0.0113302340565541,1.0170853632282,0.994747633272859,1.03992470199654,0.134860321720715,0.96753368259999
CONDUCTIO,all instruments,CD34 on Hematopoietic Stem Cell,GCST90001870,12,IVW,0.00169264293731343,0.0103628897800359,1.00169407626596,0.981553634781137,1.0222477782888,0.870253132957771,0.983238083759089
CONDUCTIO,all instruments,CD11c+ HLA DR++ monocyte %monocyte,GCST90001457,18,IVW,0.00286559901033036,0.0140526171813916,1.00286970876387,0.975624470281861,1.03087579636617,0.838416609927582,0.979162256172564
CONDUCTIO,all instruments,CD127 on CD45RA- CD4 not regulatory T cell,GCST90001923,16,IVW,0.0089563250710436,0.0149896586266921,1.00899655295876,0.979783739315726,1.03908036338067,0.550173427033498,0.976120388751442
CONDUCTIO,all instruments,CD3- lymphocyte Absolute Count,GCST90001639,18,IVW,-0.0400313523889008,0.0242483813837371,0.960759316580385,0.916165567678232,1.00752363651392,0.098761526227199,0.924454769589635
CONDUCTIO,all instruments,Activated & resting CD4 regulatory T cell Absolute Count,GCST90001498,19,IVW,-0.0302243439518633,0.0241585625966156,0.970227844381981,0.925357502784086,1.01727393702642,0.210904544724026,0.96753368259999
CONDUCTIO,all instruments,CD16 on CD14- CD16+ monocyte,GCST90001979,20,IVW,-0.0148333815326633,0.0144719504162169,0.985276091119552,0.957721355134315,1.01362360829438,0.305375174535356,0.96753368259999
CONDUCTIO,all instruments,PDL-1 on CD14+ CD16+ monocyte,GCST90001998,28,IVW,-0.00726973450186946,0.0130121808709627,0.99275662610112,0.967757626398851,1.01840139698521,0.57637544704052,0.976120388751442
CONDUCTIO,all instruments,T cell %leukocyte,GCST90001605,18,IVW,0.0108103931736367,0.0167965562758808,1.01086903660292,0.978131796159872,1.04470196467829,0.519829847330162,0.976120388751442
CONDUCTIO,all instruments,PDL-1 on CD14- CD16-,GCST90002000,28,IVW,0.00279869119548391,0.014593860085499,1.00280261118778,0.974524835899611,1.03190092233691,0.847920941001976,0.980743999798171
CONDUCTIO,all instruments,CD127 on CD4+ T cell,GCST90001931,8,IVW,0.0134899978122273,0.0314177133520172,1.01358139836804,0.953049228458045,1.07795822129762,0.667649947264292,0.976120388751442
CONDUCTIO,all instruments,CD3 on CD39+ resting CD4 regulatory T cell,GCST90001852,20,IVW,-0.0101091091052847,0.0150279417302344,0.989941816190577,0.961208554932686,1.01953399646066,0.501146098231977,0.976120388751442
CONDUCTIO,all instruments,CD8 on Central Memory CD8+ T cell,GCST90002054,14,IVW,0.00472726013888593,0.0267648488757101,1.0047384512606,0.953389410219707,1.05885312404393,0.859805341586646,0.983238083759089
CONDUCTIO,all instruments,CD25 on switched memory B cell,GCST90001793,20,IVW,-0.00626457132046822,0.0257215915252792,0.993755010195175,0.944897436001777,1.04513885069549,0.807577016509985,0.979002983530347
CONDUCTIO,all instruments,CD45 on CD33dim HLA DR+ CD11b-,GCST90002044,10,IVW,-0.0173031987317842,0.0269864537193934,0.982845641901939,0.93221048453259,1.03623116434909,0.521405156392702,0.976120388751442
CONDUCTIO,all instruments,CD25 on CD20- CD38- B cell,GCST90001776,20,IVW,0.0169004187246367,0.0185089131441087,1.01704403873987,0.980809477283124,1.05461723269801,0.361191935466482,0.976120388751442
CONDUCTIO,all instruments,CD24 on IgD- CD38dim B cell,GCST90001770,7,IVW,0.0553053829833028,0.0440810278832714,1.05686331347124,0.969384997587612,1.15223576405767,0.20961308320816,0.96753368259999
CONDUCTIO,all instruments,CD62L on granulocyte,GCST90001835,16,IVW,0.0296484436531581,0.026747469272689,1.03009233479241,0.977480832391704,1.0855355757737,0.267664110815372,0.96753368259999
CONDUCTIO,all instruments,CD28- CD8+ T cell %T cell,GCST90001685,16,IVW,-0.0210778490224206,0.0296579311734301,0.979142736297519,0.923848303867124,1.03774666688362,0.477271051260877,0.976120388751442
CONDUCTIO,all instruments,Terminally Differentiated CD8+ T cell %T cell,GCST90001559,17,IVW,0.00899312688948333,0.021329992195719,1.00903368654999,0.967718869638306,1.0521123567356,0.673303241460386,0.976120388751442
CONDUCTIO,all instruments,BAFF-R on IgD- CD27- B cell,GCST90001711,18,IVW,0.0105550825948204,0.0119745397829372,1.01061098398726,0.987168025555322,1.03461065848558,0.37806867994377,0.976120388751442
CONDUCTIO,all instruments,CD28 on CD45RA- CD4 not regulatory T cell,GCST90001891,13,IVW,-0.00724376806567932,0.0209355341790677,0.992782404787393,0.95286941008674,1.03436724153598,0.729340085641523,0.976120388751442
CONDUCTIO,all instruments,CD4 regulatory T cell %CD4+ T cell,GCST90001478,16,IVW,0.0067012956969613,0.0230880628315626,1.00672379961937,0.96218233634844,1.05332718179627,0.771625469000386,0.978772201123906
CONDUCTIO,all instruments,BAFF-R on CD20- B cell,GCST90001830,14,IVW,-0.00911208985128116,0.0266972287538169,0.990929299429763,0.940410630442739,1.04416182110369,0.732868565295359,0.976120388751442
CONDUCTIO,all instruments,CD11b on Granulocytic Myeloid-Derived Suppressor Cells,GCST90002092,3,IVW,-0.00449145829555374,0.0177882196349393,0.995518613219019,0.961408032282745,1.03083943132072,0.80065753212875,0.978772201123906
CONDUCTIO,all instruments,HVEM on Central Memory CD4+ T cell,GCST90001876,18,IVW,0.00872260219072638,0.00773921259506057,1.00876075493494,0.993574478029952,1.02417914630274,0.259714642329588,0.96753368259999
CONDUCTIO,all instruments,Central Memory CD4-CD8- T cell Absolute Count,GCST90001563,4,IVW,2.37949495373772e-05,0.0180007180532388,1.00002379523264,0.965356696333266,1.03593583058987,0.998945285556077,0.998945285556077
CONDUCTIO,all instruments,CD3- lymphocyte %lymphocyte,GCST90001640,6,IVW,-0.0761803855640836,0.0605379266311798,0.926649037373067,0.822970665958393,1.04338887639993,0.208250364067644,0.96753368259999
CONDUCTIO,all instruments,IgD+ CD38dim B cell %B cell,GCST90001393,15,IVW,0.0151693837006905,0.0285330052994046,1.01528502278627,0.960064022455484,1.07368222679327,0.594973005956506,0.976120388751442
CONDUCTIO,all instruments,CD28 on CD28+ CD4-CD8- T cell,GCST90001895,3,IVW,-0.124170513131073,0.0791521983186905,0.883229225861439,0.756306303245593,1.03145228602237,0.116704724632428,0.96753368259999
CONDUCTIO,QC-filtered,CD4+CD8+ T cell Absolute Count,GCST90001594,18,IVW,-0.0134066367109978,0.0227343684834899,0.98668283197195,0.943682033082036,1.03164305007337,0.555386497495243,0.964849108640792
CONDUCTIO,QC-filtered,CD25 on CD45RA- CD4 not regulatory T cell,GCST90001933,21,IVW,0.00454504554429031,0.0203744461246607,1.00455538992975,0.965229995379569,1.04548297946345,0.823476525003367,0.977988946500495
CONDUCTIO,QC-filtered,HVEM on T cell,GCST90001871,23,IVW,-0.00750187023332899,0.0128336172167634,0.992526198561826,0.967871682417707,1.01780873717767,0.558851421381221,0.964849108640792
CONDUCTIO,QC-filtered,CX3CR1 on CD14+ CD16+ monocyte,GCST90001996,29,IVW,0.0072435804378886,0.0193447419206232,1.007269878626,0.969793502928468,1.04619447884884,0.708071786399942,0.964849108640792
CONDUCTIO,QC-filtered,CD33dim HLA DR+ CD11b+ Absolute Count,GCST90001525,24,IVW,-0.0491811859840488,0.0206800404865923,0.952008623451857,0.914192547240433,0.991388982400375,0.0173975838609297,0.717117501215467
CONDUCTIO,QC-filtered,CD45RA- CD4+ T cell %T cell,GCST90001536,22,IVW,-0.00946407565271287,0.015934014253486,0.990580567764039,0.960122168666355,1.02200521272696,0.552542705829977,0.964849108640792
CONDUCTIO,QC-filtered,CD45RA- CD4+ T cell %CD4+ T cell,GCST90001535,28,IVW,0.0252142179072924,0.0209059577752205,1.02553478491105,0.984362102444931,1.06842958749662,0.227787376749228,0.964849108640792
CONDUCTIO,QC-filtered,Memory B cell Absolute Count,GCST90001407,14,IVW,-0.0136109609730097,0.0290127034554919,0.986481249325282,0.931950236769896,1.04420302380442,0.638971015982259,0.964849108640792
CONDUCTIO,QC-filtered,CD45RA on naive CD4+ T cell,GCST90002098,28,IVW,0.0167140234152707,0.0178162612921179,1.01685448416822,0.981958876577095,1.05299016754888,0.348176042831677,0.964849108640792
CONDUCTIO,QC-filtered,CD33 on Monocytic Myeloid-Derived Suppressor Cells,GCST90001952,20,IVW,-0.00142086219719138,0.0169553425358886,0.998580146749586,0.965940217271175,1.0323230068,0.933215237345554,0.998328038888463
CONDUCTIO,QC-filtered,CD33 on Immature Myeloid-Derived Suppressor Cells,GCST90001955,22,IVW,0.004211049459231,0.0172463931998745,1.00421992838683,0.970841671433131,1.0387457545787,0.807099266863437,0.977988946500495
CONDUCTIO,QC-filtered,CD127 on CD8+ T cell,GCST90001927,24,IVW,-0.00389775296386811,0.0222314889572803,0.996109833415404,0.953637678768596,1.04047357011743,0.860823662282623,0.980174485331939
CONDUCTIO,QC-filtered,CD28+ CD45RA+ CD8+ T cell %CD8+ T cell,GCST90001689,22,IVW,0.0145908575243286,0.0218743195337603,1.01469782369552,0.972113405733735,1.05914769546387,0.504752090139067,0.964849108640792
CONDUCTIO,QC-filtered,CD39+ CD4+ T cell Absolute Count,GCST90001660,25,IVW,-0.0194367701360001,0.0162824373639103,0.980750905974581,0.949945801213488,1.01255496717943,0.232585135046666,0.964849108640792
CONDUCTIO,QC-filtered,CD33 on CD33dim HLA DR+ CD11b-,GCST90001949,21,IVW,0.00278849890261788,0.016431216971977,1.00279239038197,0.971011772794201,1.03561316801986,0.865240264118561,0.980174485331939
CONDUCTIO,QC-filtered,Central Memory CD8+ T cell %CD8+ T cell,GCST90001549,30,IVW,-0.0172470494865155,0.0203143076297568,0.982900829492304,0.944534474501098,1.02282560001523,0.39587575073055,0.964849108640792
CONDUCTIO,QC-filtered,CD64 on CD14- CD16+ monocyte,GCST90001990,19,IVW,0.00349603134263938,0.0313898402676277,1.003502149588,0.94362347315978,1.06718049399054,0.911319289911844,0.987375743317303
CONDUCTIO,QC-filtered,CD33 on basophil,GCST90001954,19,IVW,0.00328768152150475,0.0163695119323875,1.00329309187395,0.971614107722903,1.03600495320211,0.840822311536766,0.980174485331939
CONDUCTIO,QC-filtered,CD4+ T cell Absolute Count,GCST90001590,21,IVW,0.0483754193266656,0.025639018630331,1.04956460820959,0.998124703381326,1.1036555483241,0.0591887059629826,0.902059531924931
CONDUCTIO,QC-filtered,Lymphocyte Absolute Count,GCST90001601,17,IVW,0.0246853795935156,0.0281902836928366,1.02499258620503,0.969894887804609,1.08322026952155,0.381209577078561,0.964849108640792
CONDUCTIO,QC-filtered,Naive-mature B cell Absolute Count,GCST90001409,21,IVW,0.00958331519121723,0.0226563820917833,1.00962938219686,0.965776156463622,1.05547386169458,0.672306030838205,0.964849108640792
CONDUCTIO,QC-filtered,CD3 on CD28- CD8+ T cell,GCST90001865,20,IVW,-0.0302951568838936,0.019833862609301,0.970159142136115,0.933168468858827,1.00861612075394,0.126650110548732,0.939537044580903
CONDUCTIO,QC-filtered,CD27 on CD20- CD38- B cell,GCST90001797,18,IVW,0.00206105026942448,0.0293038905307629,1.00206317569348,0.94613068450821,1.06130223289698,0.943928081268735,0.998328038888463
CONDUCTIO,QC-filtered,CD4 on HLA DR+ CD4+ T cell,GCST90001959,21,IVW,0.00846638666671134,0.0289235567070112,1.00850232787743,0.952920514393966,1.06732610954549,0.769739269693244,0.96582235767324
CONDUCTIO,QC-filtered,CD20 on unswitched memory B cell,GCST90001760,19,IVW,0.0214419142690574,0.0221369756026492,1.02167344396503,0.978292515648785,1.06697803510347,0.332743908231842,0.964849108640792
CONDUCTIO,QC-filtered,T cell Absolute Count,GCST90001603,19,IVW,-0.0290969894686956,0.0205126371761336,0.971322251868723,0.93304508346342,1.01116969983189,0.156047489359579,0.964849108640792
CONDUCTIO,QC-filtered,HLA DR+ CD4+ T cell %T cell,GCST90001625,24,IVW,-0.0160986653492188,0.0295264054166631,0.984030225579585,0.928699164387967,1.0426578616471,0.585595729303171,0.964849108640792
CONDUCTIO,QC-filtered,B cell Absolute Count,GCST90001642,28,IVW,-0.00933332087174129,0.0212318807340869,0.990710099377466,0.950328269616372,1.03280785428463,0.660234138615587,0.964849108640792
CONDUCTIO,QC-filtered,CD28+ CD45RA+ CD8dim T cell Absolute Count,GCST90001666,23,IVW,0.000697000897384782,0.0236970601011228,1.00069724385896,0.955281481503052,1.04827215146189,0.976535229405055,0.998360555852956
CONDUCTIO,QC-filtered,CD24 on IgD+ CD38+ B cell,GCST90001768,23,IVW,-0.00713270196117542,0.021082297092952,0.992892675385262,0.952701158489661,1.03477974813904,0.735117078136399,0.964849108640792
CONDUCTIO,QC-filtered,Resting CD4 regulatory T cell %CD4 regulatory T cell,GCST90001481,24,IVW,-0.0104748332149427,0.0206410373587512,0.989579836797568,0.950343988815008,1.03043557377299,0.611820799166483,0.964849108640792
CONDUCTIO,QC-filtered,Secreting CD4 regulatory T cell %CD4 regulatory T cell,GCST90001493,26,IVW,-0.0133738342983588,0.0181627003583539,0.986715198080189,0.952207098887885,1.02247387491601,0.461526773110798,0.964849108640792
CONDUCTIO,QC-filtered,Activated & resting CD4 regulatory T cell %CD4 regulatory T cell,GCST90001499,24,IVW,0.00971798754186115,0.0186492972801152,1.00976536051509,0.973522214591543,1.04735779832613,0.60230313472915,0.964849108640792
CONDUCTIO,QC-filtered,Activated & secreting CD4 regulatory T cell %CD4 regulatory T cell,GCST90001502,27,IVW,0.0125148348218959,0.0177583513771515,1.01259347307304,0.977955086449792,1.04845872363358,0.480978563503802,0.964849108640792
CONDUCTIO,QC-filtered,CD39+ activated CD4 regulatory T cell Absolute Count,GCST90001489,29,IVW,0.00537323731639714,0.0146936098211378,1.00538769904653,0.976846026193477,1.03476330792164,0.714599906213637,0.964849108640792
CONDUCTIO,QC-filtered,FSC-A on Natural Killer,GCST90001969,17,IVW,-0.0170891375258986,0.0197873052095544,0.983056053544926,0.945659930806067,1.02193100598815,0.387784870958002,0.964849108640792
CONDUCTIO,QC-filtered,SSC-A on Natural Killer,GCST90002076,22,IVW,0.00352087308617348,0.0254494662055583,1.00352707864067,0.954698131941702,1.05485342839927,0.88996569180771,0.980174485331939
CONDUCTIO,QC-filtered,SSC-A on Natural Killer T,GCST90002084,17,IVW,-0.0119730215760929,0.028604870167132,0.988098369839031,0.934224442551483,1.04507904525817,0.675533457467084,0.964849108640792
CONDUCTIO,QC-filtered,BAFF-R on IgD- CD38+ B cell,GCST90001713,15,IVW,-0.00997395069839801,0.0328644308462953,0.990075624191798,0.928311220818978,1.05594946999992,0.761518215804891,0.96582235767324
CONDUCTIO,QC-filtered,CD14 on CD14+ CD16+ monocyte,GCST90001983,15,IVW,0.00373788198612195,0.0271646791319199,1.00374487657927,0.951700505154308,1.05863532886932,0.890555911427725,0.980174485331939
CONDUCTIO,QC-filtered,CD20 on IgD+ CD24- B cell,GCST90001747,23,IVW,0.0369133679797808,0.0182938690920181,1.03760312728928,1.00105794378757,1.07548244978411,0.0436121010170526,0.856918849713438
CONDUCTIO,QC-filtered,CD20 on IgD+ CD38dim B cell,GCST90001752,27,IVW,0.0380330418182218,0.0194738622051609,1.03876555501411,0.999864281106749,1.07918034344559,0.0508160117938624,0.887505809855854
CONDUCTIO,QC-filtered,CD38 on naive-mature B cell,GCST90001816,25,IVW,-0.0147470154624324,0.0171556973898497,0.985361189218376,0.952779113513779,1.01905747034809,0.390010282605334,0.964849108640792
CONDUCTIO,QC-filtered,IgD on IgD+ CD24+ B cell,GCST90001820,27,IVW,0.00833168459226216,0.0148427161846969,1.00836648967083,0.979453966998935,1.03813248171997,0.574571550777315,0.964849108640792
CONDUCTIO,QC-filtered,CD24 on IgD+ CD38- B cell,GCST90001766,19,IVW,0.00802077209999273,0.0211284127602852,1.00805302466502,0.96716040632292,1.05067462842045,0.704227370222954,0.964849108640792
CONDUCTIO,QC-filtered,Hematopoietic Stem Cell Absolute Count,GCST90001514,16,IVW,0.00275570651240051,0.0206593750356125,1.00275950696176,0.962966486860582,1.04419690874225,0.893886772730503,0.980174485331939
CONDUCTIO,QC-filtered,CCR2 on CD14+ CD16- monocyte,GCST90002004,22,IVW,0.00491948770692281,0.0168981696345683,1.00493160825405,0.972193009512371,1.03877267927961,0.770955355053229,0.96582235767324
CONDUCTIO,QC-filtered,Monocytic Myeloid-Derived Suppressor Cells Absolute Count,GCST90001530,18,IVW,0.00350247401551644,0.0157111767922041,1.0035086148449,0.97307761375822,1.03489128290454,0.823590909975982,0.977988946500495
CONDUCTIO,QC-filtered,CD3 on CD8+ T cell,GCST90001859,21,IVW,0.00701850172434875,0.0198706100311299,1.00704318912998,0.968576419793976,1.04703765655249,0.723930877403814,0.964849108640792
CONDUCTIO,QC-filtered,CD8+ Natural Killer T Absolute Count,GCST90001630,25,IVW,-0.00146544346173046,0.0248547176864203,0.998535629776219,0.951057562262459,1.04838386602033,0.952983669781099,0.998360555852956
CONDUCTIO,QC-filtered,CD39+ resting CD4 regulatory T cell Absolute Count,GCST90001483,23,IVW,-0.0227447380967804,0.0178158910122859,0.977511973496086,0.943967176138525,1.01224881805423,0.201724238521869,0.964849108640792
CONDUCTIO,QC-filtered,CD39+ resting CD4 regulatory T cell %CD4 regulatory T cell,GCST90001485,28,IVW,0.0197936031814932,0.0117089404307183,1.01999079544455,0.996849054618398,1.04366976923088,0.0909382255829178,0.928412475807204
CONDUCTIO,QC-filtered,CD127 on CD45RA+ CD4+ T cell,GCST90001932,22,IVW,0.0214683644830068,0.0222422420990847,1.0217004678036,0.978116563925809,1.06722642720656,0.334441215545266,0.964849108640792
CONDUCTIO,QC-filtered,HVEM on naive CD8+ T cell,GCST90001872,17,IVW,-0.0120773995151313,0.0172445249294513,0.987995239549977,0.955159756329804,1.02195950667374,0.483701639720599,0.964849108640792
CONDUCTIO,QC-filtered,HVEM on CD8+ T cell,GCST90001881,14,IVW,-0.0182879847966454,0.0185910735055937,0.981878225637097,0.946744057583811,1.01831624107649,0.325264473983207,0.964849108640792
CONDUCTIO,QC-filtered,CD8 on CD28+ CD45RA+ CD8+ T cell,GCST90002119,21,IVW,-0.00597033252351973,0.0205883198329693,0.994047454495956,0.954733113944713,1.03498069497892,0.77182665045005,0.96582235767324
CONDUCTIO,QC-filtered,CD14+ CD16- monocyte Absolute Count,GCST90001582,26,IVW,-0.0233160468856318,0.0218046840995384,0.976953671810936,0.936081037505505,1.01961095100087,0.284928350691015,0.964849108640792
CONDUCTIO,QC-filtered,IgD+ CD38+ B cell %lymphocyte,GCST90001429,24,IVW,0.0110494991431235,0.0211882963163607,1.01111077032278,0.969980256673262,1.05398535983511,0.602024993494372,0.964849108640792
CONDUCTIO,QC-filtered,PDL-1 on monocyte,GCST90002002,14,IVW,0.0168644006432182,0.0259301767042941,1.01700740742458,0.966611380693562,1.0700309218523,0.515448478535242,0.964849108640792
CONDUCTIO,QC-filtered,CD45 on HLA DR+ CD8+ T cell,GCST90001921,15,IVW,-0.0206253959711907,0.0243780619731102,0.979585852653261,0.933880869654128,1.02752767927863,0.397517148768889,0.964849108640792
CONDUCTIO,QC-filtered,CD28- CD8dim T cell Absolute Count,GCST90001663,26,IVW,-0.00735891953045402,0.0174473713022821,0.992668091021104,0.959295836527418,1.0272013089294,0.673186974909621,0.964849108640792
CONDUCTIO,QC-filtered,IgD+ CD38- B cell %B cell,GCST90001395,20,IVW,0.0177334620210342,0.0311971086434294,1.01789163345101,0.957515977942752,1.08207424347703,0.56974107587881,0.964849108640792
CONDUCTIO,QC-filtered,CD33+ HLA DR+ CD14dim Absolute Count,GCST90001520,24,IVW,0.00814226042647773,0.0158930948333991,1.00817549877944,0.977254464930676,1.04007489636925,0.608431029125462,0.964849108640792
CONDUCTIO,QC-filtered,CD4RA on Terminally Differentiated CD4+ T cell,GCST90002099,27,IVW,-0.0175242298624227,0.0160838277650471,0.982628426425042,0.952134919296841,1.01409853251851,0.275908806459959,0.964849108640792
CONDUCTIO,QC-filtered,CD4 on CD45RA+ CD4+ T cell,GCST90002027,26,IVW,-0.03677204580252,0.0181923293602705,0.963895834408828,0.930131773116837,0.998885541214581,0.0432493420624853,0.856918849713438
CONDUCTIO,QC-filtered,Activated CD4 regulatory T cell %CD4+ T cell,GCST90001488,18,IVW,-0.0062853500459832,0.0180177075187746,0.993734361447117,0.95925335073545,1.02945481541826,0.72720722520412,0.964849108640792
CONDUCTIO,QC-filtered,Natural Killer %lymphocyte,GCST90001647,23,IVW,-0.0054153774098568,0.020468166650797,0.994599259313343,0.955488086189756,1.03531137742537,0.791336421204821,0.976742917174711
CONDUCTIO,QC-filtered,Unswitched memory B cell %lymphocyte,GCST90001432,21,IVW,-0.0300082792099623,0.0229264038029139,0.970437499059438,0.9277954129689,1.01503944341262,0.190569567309793,0.964849108640792
CONDUCTIO,QC-filtered,CD4 on Effector Memory CD4+ T cell,GCST90002025,19,IVW,-0.0143750636238686,0.0216239720296787,0.985727764294265,0.944822642683873,1.02840383094595,0.506194781357176,0.964849108640792
CONDUCTIO,QC-filtered,CD62L on monocyte,GCST90001834,22,IVW,0.0120251431709612,0.0159361137976875,1.01209773589257,0.980973689485758,1.04420927694385,0.450498375371494,0.964849108640792
CONDUCTIO,QC-filtered,CX3CR1 on CD14- CD16+ monocyte,GCST90002012,17,IVW,0.0375601259720756,0.0243801142810994,1.03827442246404,0.989827198539013,1.0890929022098,0.123412950190909,0.935939655085881
CONDUCTIO,QC-filtered,CD4 on CD39+ activated CD4 regulatory T cell,GCST90002067,21,IVW,-0.0105033069630745,0.019202370029,0.989551660151688,0.953000403222029,1.02750479936662,0.584392665580008,0.964849108640792
CONDUCTIO,QC-filtered,CD28+ CD45RA- CD8dim T cell %T cell,GCST90001667,20,IVW,0.0288245913089354,0.0185345207523388,1.02924404029031,0.992525008392297,1.06732151383174,0.119902238523149,0.935939655085881
CONDUCTIO,QC-filtered,CD4 on CD28+ CD4+ T cell,GCST90002062,20,IVW,-0.0298086126159416,0.029287221697795,0.970631282354967,0.916483177392495,1.02797859199828,0.308771740074958,0.964849108640792
CONDUCTIO,QC-filtered,CD3 on CD45RA+ CD4+ T cell,GCST90001858,27,IVW,-0.000428760939434663,0.0151124641050456,0.999571330965401,0.970397797938769,1.02962192186569,0.977365978031741,0.998360555852956
CONDUCTIO,QC-filtered,FSC-A on HLA DR+ T cell,GCST90001975,16,IVW,0.0120480692601201,0.0264679167418686,1.01212093960148,0.960953702497303,1.06601264318732,0.648968796983953,0.964849108640792
CONDUCTIO,QC-filtered,SSC-A on HLA DR+ CD8+ T cell,GCST90002086,24,IVW,-0.00148027050030558,0.0173200810299371,0.998520824559676,0.965192583347026,1.03299989482084,0.931891270920103,0.998328038888463
CONDUCTIO,QC-filtered,CD28- CD127- CD25++ CD8+ T cell %T cell,GCST90001673,17,IVW,0.0132202957696615,0.0351651396187854,1.01330807025482,0.945819645311033,1.08561209352539,0.706954881232586,0.964849108640792
CONDUCTIO,QC-filtered,CD80 on granulocyte,GCST90002040,30,IVW,0.00468771245533413,0.0190438242085288,1.00469871696798,0.967888694833073,1.04290867045532,0.805563065414896,0.977988946500495
CONDUCTIO,QC-filtered,HLA DR+ CD8+ T cell Absolute Count,GCST90001627,31,IVW,-0.0117930848597714,0.0184210724146938,0.988276181012002,0.953230642979554,1.02461016874446,0.522045606985404,0.964849108640792
CONDUCTIO,QC-filtered,HLA DR on CD14+ CD16+ monocyte,GCST90002007,16,IVW,-0.0135969531349349,0.0201984500879258,0.98649506789167,0.948203710509995,1.02633274705408,0.500840325918144,0.964849108640792
CONDUCTIO,QC-filtered,BAFF-R on IgD+ CD38- naive B cell,GCST90001706,26,IVW,-0.0165962949458763,0.0151952914820424,0.983540664835392,0.95468000662177,1.01327380135247,0.274745272217975,0.964849108640792
CONDUCTIO,QC-filtered,Transitional B cell %lymphocyte,GCST90001578,26,IVW,-0.0080987055819573,0.0213910369031061,0.991934000582008,0.951205512879651,1.03440639082494,0.704982873302786,0.964849108640792
CONDUCTIO,QC-filtered,CD45 on CD8+ T cell,GCST90001917,13,IVW,-0.00402732412607602,0.0296249499237738,0.995980774667928,0.939796209170922,1.05552426560992,0.891865819980845,0.980174485331939
CONDUCTIO,QC-filtered,CD19 on memory B cell,GCST90001736,23,IVW,-0.0235966611444391,0.0206770787690178,0.976679563141631,0.93788894216372,1.01707454494331,0.253787129848111,0.964849108640792
CONDUCTIO,QC-filtered,CD33 on CD14+ monocyte,GCST90001946,19,IVW,0.00408478529703828,0.0161832950369749,1.00409313940354,0.972743865996011,1.03645272701353,0.800726091446854,0.977988946500495
CONDUCTIO,QC-filtered,BAFF-R on IgD- CD24- B cell,GCST90001710,19,IVW,0.0144151105274953,0.0222932154397224,1.01451950926988,0.971144902417539,1.05983137235959,0.517881640420946,0.964849108640792
CONDUCTIO,QC-filtered,FSC-A on lymphocyte,GCST90001971,15,IVW,-0.0127761916852605,0.0329750814751491,0.987305077380499,0.925512767908496,1.05322298040699,0.698423175536613,0.964849108640792
CONDUCTIO,QC-filtered,FSC-A on T cell,GCST90001972,19,IVW,-0.0206086361222626,0.023593308634552,0.979602270501743,0.935334068451238,1.02596563168189,0.382393353535079,0.964849108640792
CONDUCTIO,QC-filtered,FSC-A on CD4+ T cell,GCST90001973,20,IVW,0.0382658975895062,0.0256957198049696,1.03900746573266,0.987975169901979,1.09267575414402,0.136436435495316,0.959182542376383
CONDUCTIO,QC-filtered,SSC-A on lymphocyte,GCST90002079,20,IVW,-0.0434813701465624,0.0271999119130393,0.957450391085276,0.90774371039594,1.00987893486973,0.109912853358985,0.928412475807204
CONDUCTIO,QC-filtered,SSC-A on CD4+ T cell,GCST90002081,30,IVW,-0.00630647788968505,0.0173610963288066,0.99371336620464,0.960468371332012,1.02810908057733,0.716415573843458,0.964849108640792
CONDUCTIO,QC-filtered,CD86 on monocyte,GCST90001905,14,IVW,0.0107695051715674,0.0244880611484489,1.01082770503265,0.963457314473527,1.0605271597527,0.660092146464708,0.964849108640792
CONDUCTIO,QC-filtered,CD86+ plasmacytoid Dendritic Cell %Dendritic Cell,GCST90001467,24,IVW,0.0128392473008318,0.019849709423677,1.01292202432197,0.974270607158141,1.05310682660263,0.517746547217077,0.964849108640792
CONDUCTIO,QC-filtered,CD127- CD8+ T cell %T cell,GCST90001682,14,IVW,0.0315035096757058,0.0278594684570579,1.03200499759216,0.977163737854208,1.08992410769759,0.258138936258901,0.964849108640792
CONDUCTIO,QC-filtered,CD20 on IgD- CD24- B cell,GCST90001753,26,IVW,-0.022447048724828,0.0287441866727887,0.977803011738899,0.924238009377618,1.03447241951183,0.434846714795307,0.964849108640792
CONDUCTIO,QC-filtered,CD20 on IgD- CD27- B cell,GCST90001754,19,IVW,-0.0314121342605906,0.0272499744896153,0.969076101301212,0.918675716732179,1.0222415516257,0.249017138142456,0.964849108640792
CONDUCTIO,QC-filtered,SSC-A on granulocyte,GCST90002078,23,IVW,-0.0347958431779932,0.0215683234509465,0.965802571315252,0.925825268429306,1.00750610138524,0.106682699727208,0.928412475807204
CONDUCTIO,QC-filtered,CD28- CD4-CD8- T cell %CD4-CD8- T cell,GCST90001653,26,IVW,0.000761757209488607,0.0229131244818805,1.0007620474202,0.956812370557477,1.04673048381799,0.973478851661469,0.998360555852956
CONDUCTIO,QC-filtered,CD28+ CD4-CD8- T cell %CD4-CD8- T cell,GCST90001656,26,IVW,-0.000761757209488607,0.0229131244818805,0.999238532853877,0.955355762977746,1.0451369889975,0.973478851661469,0.998360555852956
CONDUCTIO,QC-filtered,Naive CD8+ T cell Absolute Count,GCST90001551,24,IVW,0.0227488461070664,0.0319403801875716,1.02300957444255,0.96092943727488,1.08910035305927,0.476323348774756,0.964849108640792
CONDUCTIO,QC-filtered,CD28+ CD45RA+ CD8+ T cell Absolute Count,GCST90001690,29,IVW,0.0226497328651339,0.0216798073288892,1.02290818567166,0.980352880979579,1.06731073740364,0.296143771619608,0.964849108640792
CONDUCTIO,QC-filtered,CD127- CD8+ T cell %CD8+ T cell,GCST90001683,12,IVW,0.0278964268056408,0.0306675904136839,1.02828917571114,0.96830123163914,1.09199347716905,0.363013086736815,0.964849108640792
CONDUCTIO,QC-filtered,CD8 on CD28+ CD45RA- CD8+ T cell,GCST90002118,14,IVW,0.0110259283494701,0.0245087309486567,1.01108693792033,0.963665357356788,1.06084211518938,0.652798720859667,0.964849108640792
CONDUCTIO,QC-filtered,Naive CD8+ T cell %T cell,GCST90001553,23,IVW,-0.0126228221184019,0.0279985524767895,0.987456511544973,0.934727734662266,1.04315976303504,0.65210603548303,0.964849108640792
CONDUCTIO,QC-filtered,CD28+ CD45RA+ CD8+ T cell %T cell,GCST90001688,23,IVW,0.0149556206189676,0.0214513975487432,1.01506801552587,0.973274500821166,1.05865619131528,0.4856862076511,0.964849108640792
CONDUCTIO,QC-filtered,FSC-A on CD8+ T cell,GCST90001974,17,IVW,-0.0102140451812575,0.027238539058655,0.989837941031166,0.938378792312049,1.04411902478184,0.707671578315598,0.964849108640792
CONDUCTIO,QC-filtered,CD39+ CD4+ T cell %CD4+ T cell,GCST90001659,24,IVW,-0.0271760958099442,0.0176901406903034,0.973189851779093,0.9400250345592,1.00752474964662,0.12448238291037,0.935939655085881
CONDUCTIO,QC-filtered,CD25++ CD45RA+ CD4 not regulatory T cell Absolute Count,GCST90001507,22,IVW,-0.0305823783759026,0.0182243572576663,0.969880531593208,0.935848084463287,1.00515058071952,0.0933266741556331,0.928412475807204
CONDUCTIO,QC-filtered,CD45RA on resting CD4 regulatory T cell,GCST90002102,22,IVW,-0.00475878302067526,0.0152955893060866,0.995252522047346,0.965858304674039,1.02554130129459,0.755708439336404,0.96582235767324
CONDUCTIO,QC-filtered,CD8+ Natural Killer T %lymphocyte,GCST90001632,26,IVW,-0.034246551460663,0.0228392655088391,0.966333224396581,0.92402928708993,1.01057392186511,0.133754492563302,0.959182542376383
CONDUCTIO,QC-filtered,Granulocytic Myeloid-Derived Suppressor Cells Absolute Count,GCST90001524,20,IVW,0.021331284642822,0.0198164030611076,1.02156042286565,0.982643524140863,1.0620185977187,0.281727910532272,0.964849108640792
CONDUCTIO,QC-filtered,CD19 on IgD- CD24- B cell,GCST90001731,23,IVW,-0.0319242986213874,0.0259498383952551,0.968579902137836,0.920548140125268,1.01911783418266,0.218610571349095,0.964849108640792
CONDUCTIO,QC-filtered,CD19 on IgD- CD27- B cell,GCST90001732,25,IVW,-0.0201540897678927,0.0269670676725772,0.980047646356849,0.929591959439444,1.0332419287585,0.454846684879406,0.964849108640792
CONDUCTIO,QC-filtered,Monocyte Absolute Count,GCST90001583,23,IVW,-0.0563661036952868,0.023536664366503,0.945193033877187,0.902579985730858,0.989817950113912,0.0166284701491117,0.717117501215467
CONDUCTIO,QC-filtered,CCR2 on CD14+ CD16+ monocyte,GCST90001992,28,IVW,0.0340889371627922,0.0195810885130105,1.03467662383952,0.995719192566719,1.07515826139729,0.0816991374719581,0.928412475807204
CONDUCTIO,QC-filtered,SSC-A on plasmacytoid Dendritic Cell,GCST90002072,25,IVW,-0.002740513598998,0.0167608070257132,0.997263238180345,0.965034241001644,1.03056857878295,0.870119058980073,0.980174485331939
CONDUCTIO,QC-filtered,CD3 on HLA DR+ CD4+ T cell,GCST90001849,25,IVW,0.000744116534988975,0.0181831098608454,1.00074439345838,0.965707023771196,1.03705297402462,0.967356881154662,0.998360555852956
CONDUCTIO,QC-filtered,CCR2 on granulocyte,GCST90002018,15,IVW,0.0171237291909669,0.0340707033478594,1.01727118067908,0.951557798601062,1.08752264608791,0.615249787522811,0.964849108640792
CONDUCTIO,QC-filtered,CD4 on CD4+ T cell,GCST90002022,21,IVW,-0.044349304028032,0.0189518358110184,0.95661974797482,0.921737408658624,0.992822178658406,0.0192782692649713,0.717117501215467
CONDUCTIO,QC-filtered,CD3 on CD39+ CD8+ T cell,GCST90001866,15,IVW,0.010152472357983,0.0225607991460025,1.01020418355615,0.966507042297979,1.05587693396209,0.652706837282673,0.964849108640792
CONDUCTIO,QC-filtered,SSC-A on CD14+ monocyte,GCST90002074,22,IVW,0.00120170215523591,0.022942883433742,1.00120242448859,0.957177576486748,1.04725217078432,0.958227510218573,0.998360555852956
CONDUCTIO,QC-filtered,CD4+ T cell %T cell,GCST90001591,22,IVW,-0.0225356129074041,0.0207348990329784,0.977716417249085,0.93877822008629,1.01826967446105,0.277105496279355,0.964849108640792
CONDUCTIO,QC-filtered,CD28 on CD39+ secreting CD4 regulatory T cell,GCST90001888,19,IVW,0.00361661356359548,0.0258526875189871,1.00362316140172,0.954035254347844,1.05578849996536,0.888744423643717,0.980174485331939
CONDUCTIO,QC-filtered,Central Memory CD4+ T cell Absolute Count,GCST90001537,26,IVW,0.0144853499327965,0.0252323952256735,1.01459077101954,0.965634245118099,1.06602933547798,0.56591537003052,0.964849108640792
CONDUCTIO,QC-filtered,CD4 regulatory T cell %T cell,GCST90001479,14,IVW,-0.0275279956212812,0.0272361879136995,0.972847446703531,0.922275840491157,1.02619207075137,0.312153348651101,0.964849108640792
CONDUCTIO,QC-filtered,HLA DR on B cell,GCST90002116,20,IVW,0.000451995805527043,0.0151782721558466,1.00045209797102,0.971127591053931,1.03066209791071,0.976243199773173,0.998360555852956
CONDUCTIO,QC-filtered,CD16-CD56 on Natural Killer T,GCST90001883,25,IVW,-0.00441046464902695,0.0161293001032618,0.995599247167063,0.964617245751256,1.02757634214558,0.784511728470838,0.969966031629761
CONDUCTIO,QC-filtered,CD45 on Granulocytic Myeloid-Derived Suppressor Cells,GCST90002047,17,IVW,-0.00223525908711141,0.0176651679072675,0.997767237244153,0.963812034651107,1.03291868531005,0.899308577161073,0.981234719165854
CONDUCTIO,QC-filtered,Effector Memory CD4-CD8- T cell %T cell,GCST90001571,21,IVW,0.0393558017993606,0.0234901066931,1.0401405016818,0.993337486301485,1.08914873158276,0.0938517947919537,0.928412475807204
CONDUCTIO,QC-filtered,IgD+ B cell %B cell,GCST90001391,16,IVW,0.0098609952967316,0.0222985266625138,1.0099097751182,0.966722188484514,1.05502673470046,0.658325444838785,0.964849108640792
CONDUCTIO,QC-filtered,CD11c+ monocyte %monocyte,GCST90001449,20,IVW,0.00119513308323865,0.018782639578034,1.00119584753938,0.96500804538661,1.03874069228978,0.949265109534315,0.998360555852956
CONDUCTIO,QC-filtered,IgD on IgD+ CD38dim B cell,GCST90001825,21,IVW,0.00242425709447483,0.0147238948110882,1.00242719798171,0.973911758238105,1.03177754940689,0.869221194616131,0.980174485331939
CONDUCTIO,QC-filtered,CD4 on Terminally Differentiated CD4+ T cell,GCST90002026,23,IVW,0.00820765047185049,0.0166654400630286,1.0082414255765,0.975840027696589,1.04171866637612,0.622369261994049,0.964849108640792
CONDUCTIO,QC-filtered,CD80 on monocyte,GCST90002039,22,IVW,-0.0185566795908561,0.0188916811923285,0.981614435510423,0.945932207530703,1.01864265994048,0.325968208085347,0.964849108640792
CONDUCTIO,QC-filtered,CD38 on transitional B cell,GCST90001819,22,IVW,-0.0494140843818975,0.0231910105261559,0.951786927985978,0.909492556692278,0.996048125538966,0.0331103168063692,0.799484982462827
CONDUCTIO,QC-filtered,CD8 on HLA DR+ CD8+ T cell,GCST90002060,19,IVW,0.014700009049194,0.0232612641746259,1.01480858555505,0.969580215449873,1.06214674031732,0.527418056563647,0.964849108640792
CONDUCTIO,QC-filtered,CD28 on CD39+ CD8+ T cell,GCST90001897,17,IVW,-0.0105703554751731,0.0237119117758797,0.989485314409447,0.944550899989751,1.03655736016194,0.655754359069369,0.964849108640792
CONDUCTIO,QC-filtered,BAFF-R on switched memory B cell,GCST90001718,14,IVW,0.0085770430566298,0.0250460918247474,1.00861393127896,0.960296395442292,1.05936257513645,0.732011998206863,0.964849108640792
CONDUCTIO,QC-filtered,CD24 on transitional B cell,GCST90001774,18,IVW,0.0359538552311716,0.0260636234754944,1.03660801135021,0.984983049309664,1.09093874249771,0.167751443628978,0.964849108640792
CONDUCTIO,QC-filtered,Central Memory CD4+ T cell %CD4+ T cell,GCST90001538,29,IVW,0.00466594007947837,0.0167055546459835,1.00467684252802,0.97231354728628,1.03811734468704,0.780010992760502,0.967692818663626
CONDUCTIO,QC-filtered,CD39+ secreting CD4 regulatory T cell %secreting CD4 regulatory T cell,GCST90001496,24,IVW,-0.0217091689540094,0.0207587992439723,0.97852477905711,0.939510376512011,1.01915930591803,0.29566190790321,0.964849108640792
CONDUCTIO,QC-filtered,CD86+ plasmacytoid Dendritic Cell Absolute Count,GCST90001466,19,IVW,-0.0468858089409254,0.0242924191405885,0.954196352061447,0.909828689530335,1.0007275971451,0.0535994933753968,0.887505809855854
CONDUCTIO,QC-filtered,CD45 on CD33+ HLA DR+ CD14dim,GCST90002043,14,IVW,-0.00674640937020207,0.018624560588469,0.993276296559633,0.957671417229301,1.03020491533684,0.717178767150262,0.964849108640792
CONDUCTIO,QC-filtered,Natural Killer T Absolute Count,GCST90001621,34,IVW,0.00983832642789172,0.0184136792689751,1.00988688186546,0.974089115726449,1.04700021558432,0.593137839314873,0.964849108640792
CONDUCTIO,QC-filtered,HLA DR+ Natural Killer %Natural Killer,GCST90001649,22,IVW,-0.0593408682114697,0.0167545411684349,0.942385485147621,0.911941196141514,0.973846127770615,0.000397439551345548,0.288938553828213
CONDUCTIO,QC-filtered,HLA DR+ Natural Killer  %CD3- lymphocyte,GCST90001650,23,IVW,-0.0243973273652063,0.0185928913096622,0.975897881781599,0.9409743534553,1.01211756959012,0.189457462592166,0.964849108640792
CONDUCTIO,QC-filtered,IgD+ CD38+ B cell Absolute Count,GCST90001392,24,IVW,0.00203641498836082,0.0290810797110407,1.00203848988958,0.946520640633356,1.06081271988777,0.944173422476545,0.998328038888463
CONDUCTIO,QC-filtered,IgD- CD38+ B cell %B cell,GCST90001410,18,IVW,0.0158967965631132,0.0261593253622482,1.01602382284462,0.965242917688372,1.06947628381468,0.543392180346111,0.964849108640792
CONDUCTIO,QC-filtered,BAFF-R on IgD+ CD38+ B cell,GCST90001708,24,IVW,0.000433448032123303,0.018498340982134,1.0004335419843,0.964810760200744,1.03737158955296,0.981305899347953,0.998563689481924
CONDUCTIO,QC-filtered,CD8+ Natural Killer T %T cell,GCST90001631,26,IVW,-0.00645477385026944,0.0224075677193647,0.993566013452632,0.950874105307345,1.03817468325008,0.77329910639628,0.96582235767324
CONDUCTIO,QC-filtered,PDL-1 on CD14+ CD16- monocyte,GCST90001993,14,IVW,0.0183602839275532,0.0326531662221064,1.01852987023483,0.955385913837674,1.08584717603114,0.573923977025045,0.964849108640792
CONDUCTIO,QC-filtered,CD64 on monocyte,GCST90002006,27,IVW,-0.0106239339681203,0.0167320118398526,0.989432300697717,0.957510418377777,1.02241840806554,0.525463245442568,0.964849108640792
CONDUCTIO,QC-filtered,IgD on IgD+ CD38- unswitched memory B cell,GCST90001823,17,IVW,0.0160358081089086,0.0146149585582516,1.01616507170419,0.987469656113538,1.04569436291908,0.272545732332779,0.964849108640792
CONDUCTIO,QC-filtered,CD20- CD38- B cell %lymphocyte,GCST90001444,22,IVW,0.0339107578630623,0.0291842536874768,1.03449228230665,0.976978748111879,1.09539156733987,0.245254184610328,0.964849108640792
CONDUCTIO,QC-filtered,CD3- lymphocyte %leukocyte,GCST90001641,17,IVW,0.00544118884739422,0.0241865094838006,1.00545601900112,0.95890394595991,1.05426806345403,0.82200422696273,0.977988946500495
CONDUCTIO,QC-filtered,CD4 regulatory T cell Absolute Count,GCST90001513,20,IVW,0.00147779560520523,0.0196662119494296,1.00147888808322,0.963610627049647,1.04083530745943,0.940100229863667,0.998328038888463
CONDUCTIO,QC-filtered,IgD on IgD+ CD38+ B cell,GCST90001824,25,IVW,-0.00655525130815604,0.0176831288644618,0.993466187480572,0.959623572032591,1.02850231531585,0.710856127496422,0.964849108640792
CONDUCTIO,QC-filtered,IgD on transitional B cell,GCST90001828,31,IVW,-2.88360201075446e-06,0.0180795262693259,0.999997116402147,0.965181844895199,1.03606821668013,0.999872741050852,0.999872741050852
CONDUCTIO,QC-filtered,CD25 on IgD- CD27- B cell,GCST90001786,21,IVW,0.0204926433453169,0.0244071432081578,1.02070405924828,0.973025142113044,1.07071927689703,0.401123371553618,0.964849108640792
CONDUCTIO,QC-filtered,CD25 on IgD- CD38- B cell,GCST90001787,20,IVW,-0.000375286729323886,0.020241879916722,0.999624783681932,0.960742004836137,1.04008121131498,0.985207977970913,0.998563689481924
CONDUCTIO,QC-filtered,CD28- CD25++ CD8+ T cell %CD8+ T cell,GCST90001677,25,IVW,0.0145358342281255,0.0205311749604835,1.01464199321261,0.974622298984498,1.05630496599876,0.47895244545558,0.964849108640792
CONDUCTIO,QC-filtered,CD33+ HLA DR+ CD14dim %CD33+ HLA DR+,GCST90001521,21,IVW,0.0183646499732296,0.0208223823734018,1.01853431719247,0.977802844775323,1.06096250470319,0.377794760640999,0.964849108640792
CONDUCTIO,QC-filtered,CD45 on Monocytic Myeloid-Derived Suppressor Cells,GCST90002049,15,IVW,-0.00020051659680145,0.0211292911862779,0.999799503505308,0.959240045466594,1.04207393335339,0.992428203390043,0.998563689481924
CONDUCTIO,QC-filtered,HLA DR++ monocyte %monocyte,GCST90001475,21,IVW,-0.0381159410535082,0.0220941307213011,0.962601329408908,0.921806048344607,1.00520203902307,0.0844983933736139,0.928412475807204
CONDUCTIO,QC-filtered,CD45 on HLA DR+ T cell,GCST90001918,16,IVW,0.0216243180430119,0.023324392872761,1.02185981805411,0.976196391523872,1.06965923744459,0.353868530581346,0.964849108640792
CONDUCTIO,QC-filtered,CD28- CD127- CD25++ CD8+ T cell Absolute Count,GCST90001675,27,IVW,-0.00959494941866297,0.0194393998793754,0.990450935237592,0.953423418679629,1.02891646659107,0.621600995958965,0.964849108640792
CONDUCTIO,QC-filtered,CD28- CD25++ CD8+ T cell Absolute Count,GCST90001678,23,IVW,-0.0286357700445999,0.023100218975255,0.971770347885691,0.928753235505077,1.0167798861194,0.215111548722985,0.964849108640792
CONDUCTIO,QC-filtered,CD14 on CD14+ CD16- monocyte,GCST90001986,15,IVW,-0.0655341373700283,0.028565855996118,0.936567074277132,0.885570494482789,0.99050034987031,0.0217823287468364,0.717117501215467
CONDUCTIO,QC-filtered,CD80 on CD62L+ myeloid Dendritic Cell,GCST90002036,22,IVW,-0.0186991106700216,0.0149766867434192,0.981474633063392,0.953082875187998,1.01071216409896,0.211830481075614,0.964849108640792
CONDUCTIO,QC-filtered,Secreting CD4 regulatory T cell Absolute Count,GCST90001492,13,IVW,0.013111099010718,0.0183291021516039,1.01319742633883,0.977444328968438,1.05025830557841,0.474413838610798,0.964849108640792
CONDUCTIO,QC-filtered,CD66b on CD66b++ myeloid cell,GCST90001836,24,IVW,0.00170335928402844,0.0163831131837012,1.0017048108245,0.970050116275438,1.03439246199115,0.917192816665877,0.992260681125138
CONDUCTIO,QC-filtered,CD19 on IgD- CD38- B cell,GCST90001733,20,IVW,-0.0394951348056548,0.028185906155309,0.961274630767119,0.909609847087963,1.01587391420038,0.161143211020709,0.964849108640792
CONDUCTIO,QC-filtered,CD38 on IgD- CD38+ B cell,GCST90001814,9,IVW,0.00834906042116097,0.04463307268679,1.00838401102665,0.923918179075914,1.10057182196719,0.851613627764049,0.980174485331939
CONDUCTIO,QC-filtered,CD39 on CD39+ CD8+ T cell,GCST90002029,23,IVW,-0.00515511081194321,0.0236601621010536,0.994858153968206,0.94977607895862,1.04208009492325,0.827521467982746,0.979817764207584
CONDUCTIO,QC-filtered,Terminally Differentiated CD4-CD8- T cell Absolute Count,GCST90001572,20,IVW,-0.0399402866795494,0.0325866402535094,0.960846812792957,0.901396454935225,1.02421813686934,0.220324971392047,0.964849108640792
CONDUCTIO,QC-filtered,FSC-A on Natural Killer T,GCST90001976,20,IVW,-0.00995660863639793,0.0235156074579653,0.99009279429354,0.94549450820175,1.03679474900008,0.672000329172118,0.964849108640792
CONDUCTIO,QC-filtered,CD19 on CD20- CD38- B cell,GCST90001722,19,IVW,0.0188964890971406,0.0210244262763946,1.01907615766461,0.977935671762484,1.06194737047356,0.368765921158368,0.964849108640792
CONDUCTIO,QC-filtered,CD20 on CD20- CD38- B cell,GCST90001744,16,IVW,-0.016034168133786,0.0211920389200399,0.98409369483581,0.944055271326085,1.02583019197092,0.449281864029847,0.964849108640792
CONDUCTIO,QC-filtered,CD27 on Plasma Blast-Plasma Cell,GCST90001807,17,IVW,0.0149724897347909,0.0302845278819803,1.01508513897022,0.95658542422662,1.07716238744829,0.621027930585306,0.964849108640792
CONDUCTIO,QC-filtered,CD62L on CD62L+ Dendritic Cell,GCST90001833,25,IVW,0.0387476098648321,0.0193209598344068,1.03950808895156,1.00087891460867,1.07962816602866,0.0449127996822794,0.858619851623417
CONDUCTIO,QC-filtered,HLA DR on HLA DR+ CD4+ T cell,GCST90002114,22,IVW,-0.0257785652152547,0.0199784568855399,0.974550865178813,0.937127118324724,1.01346911240666,0.19694022309624,0.964849108640792
CONDUCTIO,QC-filtered,IgD+ CD38- B cell Absolute Count,GCST90001396,17,IVW,0.0561827337633582,0.0246560524518609,1.05779096020001,1.00788781716202,1.11016493743469,0.0226873487317135,0.717117501215467
CONDUCTIO,QC-filtered,IgD+ CD38- B cell %lymphocyte,GCST90001431,19,IVW,0.0320446022588507,0.0310753838257291,1.0325635589452,0.971549411868036,1.09740944746348,0.302452072981869,0.964849108640792
CONDUCTIO,QC-filtered,CD28 on CD28+ CD45RA+ CD8+ T cell,GCST90001896,14,IVW,0.00951845376656427,0.0191286836534965,1.00956389832047,0.972413876583345,1.04813319650799,0.618765237896996,0.964849108640792
CONDUCTIO,QC-filtered,SSC-A on B cell,GCST90002075,12,IVW,0.0229347790513969,0.0303470297892579,1.02319980330916,0.964114322753095,1.0859063212569,0.449798876789855,0.964849108640792
CONDUCTIO,QC-filtered,IgD- CD27- B cell Absolute Count,GCST90001401,25,IVW,0.0424915502809178,0.0219046015085336,1.04340723983836,0.999558628757149,1.08917940061285,0.0523984268686829,0.887505809855854
CONDUCTIO,QC-filtered,CD3 on CD39+ CD4+ T cell,GCST90001860,24,IVW,0.00673360556755195,0.0135145818345941,1.00675632726053,0.98043887608169,1.03378020517687,0.618309661087518,0.964849108640792
CONDUCTIO,QC-filtered,CD123 on plasmacytoid Dendritic Cell,GCST90001944,11,IVW,0.0336043809862618,0.0238260957720364,1.0341753863394,0.986990596719837,1.08361592629623,0.158420917868495,0.964849108640792
CONDUCTIO,QC-filtered,CD123 on CD62L+ plasmacytoid Dendritic Cell,GCST90001945,11,IVW,0.0337699005912956,0.0238514413667219,1.03434657680818,0.987104938543556,1.08384914225367,0.156821423995186,0.964849108640792
CONDUCTIO,QC-filtered,HLA DR on CD14- CD16-,GCST90002009,22,IVW,0.00028086920087654,0.0169354460865364,1.00028090864832,0.967623121191963,1.03404091354677,0.986767934838413,0.998563689481924
CONDUCTIO,QC-filtered,Central Memory CD4+ T cell %T cell,GCST90001539,23,IVW,0.0185692824462304,0.0285616495672866,1.01874276371537,0.96327961535517,1.07739933668146,0.515597008486302,0.964849108640792
CONDUCTIO,QC-filtered,FSC-A on CD14+ monocyte,GCST90001967,21,IVW,0.0373483649498657,0.0249775871843199,1.0380545796889,0.988459403573648,1.09013815490785,0.134842652662744,0.959182542376383
CONDUCTIO,QC-filtered,CD25 on CD39+ secreting CD4 regulatory T cell,GCST90001942,13,IVW,0.0615726076350119,0.0268280157725727,1.06350771250535,1.00903022540015,1.12092643618266,0.0217281872108292,0.717117501215467
CONDUCTIO,QC-filtered,CD4+CD8+ T cell %T cell,GCST90001595,8,IVW,0.0195643371734749,0.0460843616211921,1.01975697303145,0.931684527313623,1.11615493609697,0.671177066689737,0.964849108640792
CONDUCTIO,QC-filtered,CD3 on CD39+ activated CD4 regulatory T cell,GCST90001854,25,IVW,0.008066919014003,0.0151745635022915,1.00809954427463,0.978557994180109,1.03853292008329,0.594997538353579,0.964849108640792
CONDUCTIO,QC-filtered,CD33+ HLA DR+ CD14- %CD33+ HLA DR+,GCST90001519,15,IVW,-0.0530761917294437,0.0201110925714781,0.948307756521666,0.91165474180244,0.986434403117528,0.00831141750507707,0.717117501215467
CONDUCTIO,QC-filtered,CD19 on IgD+ CD38- unswitched memory B cell,GCST90001728,16,IVW,-0.0266077241623793,0.023725220013777,0.973743142521033,0.92949936462307,1.02009290559466,0.262077065448828,0.964849108640792
CONDUCTIO,QC-filtered,CD25 on IgD+ CD24- B cell,GCST90001779,19,IVW,0.00790234929068217,0.0249660157250506,1.00793365526208,0.959799335845096,1.0584819299916,0.751604625181684,0.96582235767324
CONDUCTIO,QC-filtered,CD20 on IgD- CD38- B cell,GCST90001755,27,IVW,0.0200471705381393,0.0231033402998053,1.020249464608,0.975080374059073,1.06751094343105,0.385549054179508,0.964849108640792
CONDUCTIO,QC-filtered,CD20 on switched memory B cell,GCST90001761,29,IVW,0.0377235646110063,0.0186464890893388,1.03844413049054,1.00117713827994,1.07709831848829,0.043063653767659,0.856918849713438
CONDUCTIO,QC-filtered,CD39 on CD39+ secreting CD4 regulatory T cell,GCST90002031,20,IVW,-0.00880607749776535,0.0241032151952109,0.991232582438656,0.945493392493957,1.03918445151301,0.714851155767414,0.964849108640792
CONDUCTIO,QC-filtered,CD24+ CD27+ B cell %B cell,GCST90001417,25,IVW,-0.017325386830135,0.0152530128159241,0.982823834668105,0.953876289089479,1.01264985935834,0.256012425419559,0.964849108640792
CONDUCTIO,QC-filtered,CD33 on CD66b++ myeloid cell,GCST90001951,16,IVW,-0.0105017005824927,0.0107959372389429,0.989553249749536,0.96883424688355,1.01071533881024,0.330679749499457,0.964849108640792
CONDUCTIO,QC-filtered,Effector Memory CD8+ T cell %CD8+ T cell,GCST90001555,19,IVW,-0.0449020715629907,0.027721281206978,0.956091105756428,0.905529174711103,1.00947625767904,0.105281910718086,0.928412475807204
CONDUCTIO,QC-filtered,CD45RA+ CD8+ T cell %CD8+ T cell,GCST90001561,20,IVW,0.0288238135356636,0.0245820255168607,1.02924323977212,0.980829186416462,1.08004702682941,0.240973706577694,0.964849108640792
CONDUCTIO,QC-filtered,HLA DR on CD33dim HLA DR+ CD11b+,GCST90002110,19,IVW,-0.0111849436846872,0.0144373222703068,0.988877375236983,0.961287165361672,1.01725946053557,0.438502617737433,0.964849108640792
CONDUCTIO,QC-filtered,T cell %lymphocyte,GCST90001604,17,IVW,-0.0349943247312284,0.0263639604259987,0.965610896343382,0.916981769817262,1.01681890941287,0.184391402942969,0.964849108640792
CONDUCTIO,QC-filtered,IgD+ CD24+ B cell Absolute Count,GCST90001412,22,IVW,0.0312832655577175,0.0265448680348668,1.03177772958984,0.979469014797977,1.08688000048388,0.238595252321162,0.964849108640792
CONDUCTIO,QC-filtered,CD33dim HLA DR- Absolute Count,GCST90001531,18,IVW,0.0089878111145343,0.0158739540665073,1.00902832276825,0.97811782684665,1.04091565269891,0.571258758178528,0.964849108640792
CONDUCTIO,QC-filtered,Activated CD4 regulatory T cell Absolute Count,GCST90001486,12,IVW,-0.00662538586872978,0.0196955418762682,0.99339651360937,0.955778919960106,1.03249466235606,0.736576692291114,0.964849108640792
CONDUCTIO,QC-filtered,CD28+ CD45RA- CD8dim T cell %CD8dim T cell,GCST90001668,20,IVW,0.0121171577175371,0.0252430655334456,1.01219086789151,0.963329996174955,1.06353000229519,0.631213695728118,0.964849108640792
CONDUCTIO,QC-filtered,CD19 on IgD+ B cell,GCST90001741,22,IVW,0.0594585537750211,0.0277987044186158,1.06126177477373,1.00498547946641,1.12068938070019,0.0324440451985752,0.799484982462827
CONDUCTIO,QC-filtered,Naive CD8+ T cell %CD8+ T cell,GCST90001552,25,IVW,0.0227641462052588,0.0226660225175446,1.02302522670923,0.978571662305249,1.06949818270642,0.315220007264422,0.964849108640792
CONDUCTIO,QC-filtered,CD127 on CD28+ CD45RA+ CD8+ T cell,GCST90001929,20,IVW,0.0322553769886365,0.0263089622207466,1.03278122018826,0.980875058431189,1.08743416361257,0.220190245907252,0.964849108640792
CONDUCTIO,QC-filtered,CCR2 on monocyte,GCST90002017,24,IVW,0.00484273583660573,0.0228015005303179,1.00485448083345,0.960935293060027,1.05078097863972,0.831805347831037,0.980174485331939
CONDUCTIO,QC-filtered,CD27 on IgD+ CD38- unswitched memory B cell,GCST90001801,21,IVW,-0.0328694222159314,0.0144141657966314,0.967664906879039,0.940709230971558,0.995392987733455,0.0225866127596529,0.717117501215467
CONDUCTIO,QC-filtered,CD45 on CD33- HLA DR+,GCST90002046,19,IVW,0.0219162489064234,0.0158878360132046,1.02215817402062,0.990818500080663,1.05448912452897,0.167760444676891,0.964849108640792
CONDUCTIO,QC-filtered,Myeloid Dendritic Cell %Dendritic Cell,GCST90001459,25,IVW,0.0027262813380684,0.0184234196069802,1.00273000102257,0.967167462575497,1.03960016631787,0.882359250179671,0.980174485331939
CONDUCTIO,QC-filtered,Plasmacytoid Dendritic Cell %Dendritic Cell,GCST90001474,23,IVW,-0.00607383692201057,0.0166669988500126,0.993944571536618,0.961999686049808,1.02695024292967,0.7155421988796,0.964849108640792
CONDUCTIO,QC-filtered,CD19 on IgD+ CD38+ B cell,GCST90001729,18,IVW,-0.0338495581101884,0.0261148874819064,0.966716928419942,0.91848037806652,1.01748675530878,0.194913962950446,0.964849108640792
CONDUCTIO,QC-filtered,CD38 on IgD+ CD38dim B cell,GCST90001813,21,IVW,-0.0144627598759015,0.0186309592932939,0.985641323454136,0.950298208376496,1.02229890568786,0.437586252259227,0.964849108640792
CONDUCTIO,QC-filtered,Terminally Differentiated CD4-CD8- T cell %CD4-CD8- T cell,GCST90001573,24,IVW,0.00749074682196236,0.0209827671497918,1.0075188726499,0.966923906608943,1.04981816232646,0.721095411031546,0.964849108640792
CONDUCTIO,QC-filtered,CD33+ HLA DR+ Absolute Count,GCST90001517,23,IVW,0.0057165194430969,0.0165443040633368,1.00573288991955,0.97364324903955,1.03888015129127,0.72969750268226,0.964849108640792
CONDUCTIO,QC-filtered,CD33+ HLA DR+ CD14- Absolute Count,GCST90001518,18,IVW,-0.0240014928722081,0.0233428668667138,0.976284252289194,0.932623672184953,1.02198879322339,0.303848562657865,0.964849108640792
CONDUCTIO,QC-filtered,CD25 on resting CD4 regulatory T cell,GCST90001937,19,IVW,0.00136385791003759,0.0289244117562831,1.0013647883872,0.946174762015483,1.05977402872783,0.962391696332581,0.998360555852956
CONDUCTIO,QC-filtered,SSC-A on HLA DR+ T cell,GCST90002083,19,IVW,0.0207948705326086,0.0214587562200407,1.02101259038606,0.97896019936136,1.06487139151001,0.33251413238815,0.964849108640792
CONDUCTIO,QC-filtered,IgD- CD38dim B cell %B cell,GCST90001428,23,IVW,0.026651193805534,0.0182198808628006,1.02700951300037,0.990981143398297,1.06434773942951,0.143534851540077,0.964849108640792
CONDUCTIO,QC-filtered,CD38 on CD20- B cell,GCST90001809,19,IVW,-0.012400247109408,0.0344519805633094,0.987676319147844,0.923184540420552,1.05667336127731,0.71890065940206,0.964849108640792
CONDUCTIO,QC-filtered,CD45 on CD33+ HLA DR+ CD14-,GCST90002042,18,IVW,0.0311139965493126,0.018312409357096,1.03160309637707,0.995233072246347,1.06930223495562,0.0893067031149705,0.928412475807204
CONDUCTIO,QC-filtered,Myeloid Dendritic Cell Absolute Count,GCST90001458,21,IVW,0.00387013649499628,0.0174319272581107,1.00387763514372,0.970157896406972,1.03876936947488,0.824302779584899,0.977988946500495
CONDUCTIO,QC-filtered,CD4 on naive CD4+ T cell,GCST90002024,20,IVW,-0.00778092760429281,0.0218941101883802,0.992249265452153,0.950570086256688,1.03575593112497,0.722298131029137,0.964849108640792
CONDUCTIO,QC-filtered,Terminally Differentiated CD4+ T cell %CD4+ T cell,GCST90001546,20,IVW,0.000823006282093148,0.0283262116159775,1.00082334504469,0.946772574306312,1.05795984713683,0.976821057566363,0.998360555852956
CONDUCTIO,QC-filtered,Terminally Differentiated CD4+ T cell %T cell,GCST90001547,22,IVW,-0.010371572098039,0.0245301338079084,0.989682027192837,0.943224802144952,1.03842743821107,0.672434300854353,0.964849108640792
CONDUCTIO,QC-filtered,CD24 on switched memory B cell,GCST90001773,34,IVW,0.0172034796038275,0.0120723776941504,1.01735231171081,0.99356242983893,1.04171181906618,0.154149026923184,0.964849108640792
CONDUCTIO,QC-filtered,Natural Killer T %T cell,GCST90001622,31,IVW,0.00326977929232765,0.02149954516254,1.00327513085185,0.961876390066917,1.04645565540472,0.87911912570048,0.980174485331939
CONDUCTIO,QC-filtered,Natural Killer T %lymphocyte,GCST90001623,32,IVW,0.00798121942060428,0.0213737482837655,1.00801315425543,0.96665721702429,1.05113839865579,0.708841644204944,0.964849108640792
CONDUCTIO,QC-filtered,Memory B cell %B cell,GCST90001406,27,IVW,-0.0337265231287189,0.017495688266777,0.966835875736507,0.934243589651549,1.00056518553135,0.0538918484806612,0.887505809855854
CONDUCTIO,QC-filtered,CD19 on IgD- CD38+ B cell,GCST90001734,17,IVW,0.0203633152247972,0.0225735848070335,1.02057206204635,0.976401981572949,1.06674029087037,0.367011175815715,0.964849108640792
CONDUCTIO,QC-filtered,HLA DR++ monocyte Absolute Count,GCST90001477,18,IVW,0.000204359841759576,0.0225433757631478,1.00020438072465,0.956972468343573,1.0453893255178,0.992767128974937,0.998563689481924
CONDUCTIO,QC-filtered,CD19 on IgD+ CD38- naive B cell,GCST90001727,17,IVW,0.0138163243322805,0.0238975162382662,1.01391221083206,0.967516492710088,1.06253276199437,0.563163549647594,0.964849108640792
CONDUCTIO,QC-filtered,CD28- CD4-CD8- T cell Absolute Count,GCST90001654,30,IVW,0.00890152931334924,0.0217918841448754,1.00894126574289,0.966754625797794,1.05296882016863,0.682921968448182,0.964849108640792
CONDUCTIO,QC-filtered,CD24+ CD27+ B cell Absolute Count,GCST90001418,23,IVW,-0.0244235293597905,0.0244673379695242,0.975872311645581,0.930177815377867,1.02381152602487,0.31817777761005,0.964849108640792
CONDUCTIO,QC-filtered,CD62L- HLA DR++ monocyte Absolute Count,GCST90001454,19,IVW,0.00856267658121162,0.0281367747280908,1.0085994411558,0.954483042437286,1.06578408150884,0.760881583585359,0.96582235767324
CONDUCTIO,QC-filtered,CCR2 on plasmacytoid Dendritic Cell,GCST90002015,18,IVW,-0.0159946606288059,0.0193874646252791,0.984132574690377,0.947437704615775,1.02224866062248,0.409371522963184,0.964849108640792
CONDUCTIO,QC-filtered,CCR2 on CD62L+ plasmacytoid Dendritic Cell,GCST90002016,18,IVW,-0.0177798684442591,0.0231819350332116,0.982377260792819,0.938740250938902,1.02804272167681,0.443098846408534,0.964849108640792
CONDUCTIO,QC-filtered,CD33 on Granulocytic Myeloid-Derived Suppressor Cells,GCST90001950,20,IVW,0.000607251152826586,0.0140922549042771,1.00060743556713,0.973348034601296,1.0286302581608,0.965628891961661,0.998360555852956
CONDUCTIO,QC-filtered,CD40 on CD14- CD16+ monocyte,GCST90001989,24,IVW,-0.00495658705034455,0.0142989083703513,0.995055676557004,0.967555542500991,1.02333742710931,0.728861084420596,0.964849108640792
CONDUCTIO,QC-filtered,CD39+ CD4+ T cell %T cell,GCST90001658,27,IVW,-0.0394330048961085,0.0167532092719702,0.961334356528337,0.930280342167198,0.99342499583384,0.0185846922894296,0.717117501215467
CONDUCTIO,QC-filtered,CD45 on basophil,GCST90002051,17,IVW,-0.00247776812396532,0.0170158641940281,0.997525299009734,0.964805394274549,1.03135484945403,0.884225183977218,0.980174485331939
CONDUCTIO,QC-filtered,CD25 on IgD+ CD38+ B cell,GCST90001783,13,IVW,0.0112332940972238,0.0248826886926839,1.0112966244594,0.963158996184256,1.06184011850037,0.651665129634746,0.964849108640792
CONDUCTIO,QC-filtered,CD14- CD16+ monocyte %monocyte,GCST90001584,21,IVW,-0.0203555122938582,0.0208107772364161,0.979850262563792,0.940687173009859,1.0206438065636,0.328013198212705,0.964849108640792
CONDUCTIO,QC-filtered,CD16+ monocyte %monocyte,GCST90001587,21,IVW,-0.00700282376440294,0.0279419713459676,0.993021638870121,0.940099942461306,1.04892249294536,0.802107726261561,0.977988946500495
CONDUCTIO,QC-filtered,CD45RA+ CD28- CD8+ T cell %T cell,GCST90001700,6,IVW,0.000384731328732917,0.00935734860900209,1.00038480534732,0.982204570611625,1.01890154934487,0.967203880714094,0.998360555852956
CONDUCTIO,QC-filtered,Secreting CD4 regulatory T cell %CD4+ T cell,GCST90001494,18,IVW,-0.015533944322257,0.0241962664174434,0.984586085077136,0.93898232187016,1.03240469639169,0.520874758654766,0.964849108640792
CONDUCTIO,QC-filtered,CD3 on CD45RA- CD4+ T cell,GCST90001845,27,IVW,0.00969563825879813,0.0164823084201438,1.00974279323541,0.977643997213377,1.04289548281071,0.556367744941947,0.964849108640792
CONDUCTIO,QC-filtered,CD24 on IgD- CD38- B cell,GCST90001769,25,IVW,0.000723218357779275,0.0154507761298802,1.00072347994323,0.970872329500859,1.03149245568112,0.962666334000326,0.998360555852956
CONDUCTIO,QC-filtered,CD3 on Effector Memory CD8+ T cell,GCST90001839,18,IVW,-0.0173216758616557,0.023963712482148,0.982827481903143,0.937732499585355,1.03009105433713,0.469784703779578,0.964849108640792
CONDUCTIO,QC-filtered,CD62L- myeloid Dendritic Cell Absolute Count,GCST90001468,16,IVW,0.028874915089294,0.0221375057871055,1.02929583704463,0.985590232702574,1.07493954891608,0.192116438971771,0.964849108640792
CONDUCTIO,QC-filtered,CD62L- myeloid Dendritic Cell %Dendritic Cell,GCST90001469,20,IVW,0.0275513505965681,0.0179532348271829,1.02793439879662,0.992392098046242,1.06474963908885,0.124877780664829,0.935939655085881
CONDUCTIO,QC-filtered,CD62L- CD86+ myeloid Dendritic Cell Absolute Count,GCST90001472,17,IVW,0.0336760676898565,0.0197351146101036,1.03424952562115,0.99500774598336,1.07503894875755,0.0879329884045694,0.928412475807204
CONDUCTIO,QC-filtered,CD62L- CD86+ myeloid Dendritic Cell %Dendritic Cell,GCST90001473,17,IVW,0.0174616512970034,0.0178878982675829,1.0176149971872,0.982555322134932,1.05392567641915,0.32897962763464,0.964849108640792
CONDUCTIO,QC-filtered,CD45 on Natural Killer,GCST90001911,28,IVW,0.0249637645406116,0.0240471254527591,1.02527796843313,0.97807531633324,1.07475865610765,0.29921491403028,0.964849108640792
CONDUCTIO,QC-filtered,SSC-A on monocyte,GCST90002073,22,IVW,-0.00184510626760792,0.0162421780762935,0.998156594894526,0.966881074273646,1.03044377891035,0.909555139293455,0.9869352033826
CONDUCTIO,QC-filtered,CD25++ CD45RA- CD4 not regulatory T cell %CD4+ T cell,GCST90001511,21,IVW,-0.0383097695797247,0.021680061114312,0.962414767892951,0.922375668020955,1.00419191178989,0.077219719196306,0.928412475807204
CONDUCTIO,QC-filtered,CD27 on T cell,GCST90001799,18,IVW,0.00857384564864558,0.0228901611696446,1.00861070633388,0.964359749128703,1.05489217882689,0.707984252951926,0.964849108640792
CONDUCTIO,QC-filtered,CD20 on naive-mature B cell,GCST90001759,19,IVW,0.0696565483501616,0.0211046539775816,1.07213988979867,1.02869542990676,1.11741912122784,0.000965023182351203,0.350785926784662
CONDUCTIO,QC-filtered,CD39+ activated CD4 regulatory T cell %CD4 regulatory T cell,GCST90001491,19,IVW,0.00601252559400658,0.0123917324625985,1.00603063710647,0.98189071006634,1.03076404779149,0.627531219293904,0.964849108640792
CONDUCTIO,QC-filtered,CD39+ secreting CD4 regulatory T cell Absolute Count,GCST90001495,25,IVW,0.00714095882699349,0.0130986425315747,1.00716651627215,0.981638288104322,1.03335862485426,0.585638078942949,0.964849108640792
CONDUCTIO,QC-filtered,CD4 on CD39+ CD4+ T cell,GCST90002061,26,IVW,-0.0102953175612458,0.0172079514429667,0.989757497814846,0.956932041191786,1.02370895979265,0.54964752210625,0.964849108640792
CONDUCTIO,QC-filtered,HLA DR+ T cell%lymphocyte,GCST90001620,22,IVW,-0.0112584940235965,0.0166978065568545,0.98880464564557,0.956967168433208,1.02170132842807,0.500152464250025,0.964849108640792
CONDUCTIO,QC-filtered,HLA DR+ CD4+ T cell Absolute Count,GCST90001624,21,IVW,0.0114093002535734,0.0176366904344603,1.01147463455618,0.977107489533299,1.04705055207306,0.517692070736376,0.964849108640792
CONDUCTIO,QC-filtered,HLA DR+ T cell%T cell,GCST90001619,27,IVW,-0.0328697519208801,0.0172108747241774,0.967664587835183,0.935566485435895,1.00086393551599,0.0561558008987198,0.887505809855854
CONDUCTIO,QC-filtered,CD25++ CD8+ T cell %T cell,GCST90001679,16,IVW,0.0176439850520063,0.0298351359252816,1.01780055966742,0.959989548689252,1.07909297624514,0.554263988515709,0.964849108640792
CONDUCTIO,QC-filtered,CD25++ CD8+ T cell %CD8+ T cell,GCST90001680,21,IVW,-0.00685087742506581,0.0225883030833911,0.993172536336898,0.950160889395442,1.03813122381987,0.761666471751505,0.96582235767324
CONDUCTIO,QC-filtered,CD27 on IgD- CD38+ B cell,GCST90001803,15,IVW,-0.0060080221699604,0.0428442774575143,0.994009989904869,0.913946899551289,1.08108672453047,0.888478838555836,0.980174485331939
CONDUCTIO,QC-filtered,CD8 on Terminally Differentiated CD8+ T cell,GCST90002057,16,IVW,0.000275496072617979,0.0228120159284688,1.00027553402515,0.956536763740623,1.04601431110347,0.990364344807029,0.998563689481924
CONDUCTIO,QC-filtered,Plasma Blast-Plasma Cell Absolute Count,GCST90001405,20,IVW,0.0201017845445293,0.0260514006607643,1.02030518604035,0.969515360442303,1.07375572903343,0.440339462286669,0.964849108640792
CONDUCTIO,QC-filtered,CD66b++ myeloid cell Absolute Count,GCST90001529,14,IVW,0.00759711986336425,0.0216833011057931,1.007626051197,0.965699905076788,1.05137243331315,0.726063056897758,0.964849108640792
CONDUCTIO,QC-filtered,CD11c+ CD62L- monocyte %monocyte,GCST90001453,18,IVW,-0.0298996313204219,0.024042984065149,0.970542940773548,0.925867743539204,1.01737381657198,0.213650241669895,0.964849108640792
CONDUCTIO,QC-filtered,BAFF-R on IgD+ CD24- B cell,GCST90001704,17,IVW,0.00452280492257809,0.0250732919914719,1.00453304824178,0.956360019506586,1.05513261159804,0.856851608494387,0.980174485331939
CONDUCTIO,QC-filtered,BAFF-R on IgD+ CD38- B cell,GCST90001705,19,IVW,0.0114079881904192,0.0257630767222686,1.01147330743845,0.961666422906142,1.06385980345321,0.657907656810739,0.964849108640792
CONDUCTIO,QC-filtered,BAFF-R on IgD+ CD38dim B cell,GCST90001709,19,IVW,0.0042895468101824,0.0186313496781124,1.00429876008498,0.968285885973957,1.04165103934538,0.817910917105268,0.977988946500495
CONDUCTIO,QC-filtered,BAFF-R on naive-mature B cell,GCST90001716,19,IVW,0.00425278127559573,0.021752447566615,1.00426183718293,0.962345239426108,1.04800418426081,0.84499514024188,0.980174485331939
CONDUCTIO,QC-filtered,BAFF-R on IgD+ B cell,GCST90001719,20,IVW,0.00303641676330802,0.0243703244162824,1.00304103134611,0.956256191498571,1.052114819761,0.900844310661972,0.981234719165854
CONDUCTIO,QC-filtered,BAFF-R on transitional B cell,GCST90001720,21,IVW,0.0120429487050307,0.0249502521168197,1.01211575699373,0.963811497558731,1.06284092703777,0.629324075812783,0.964849108640792
CONDUCTIO,QC-filtered,BAFF-R on B cell,GCST90001829,17,IVW,-0.00102638560918827,0.0242917963741599,0.998974140944357,0.952525589712238,1.04768768950029,0.96629752637028,0.998360555852956
CONDUCTIO,QC-filtered,HLA DR on plasmacytoid Dendritic Cell,GCST90002105,20,IVW,0.0050637820446598,0.0165208909438853,1.0050766246572,0.973052575131198,1.03815461492008,0.759218036956442,0.96582235767324
CONDUCTIO,QC-filtered,IgD- CD38+ B cell Absolute Count,GCST90001420,17,IVW,0.00702334947436332,0.0230502065843556,1.00704807103545,0.96256367859351,1.05358828712307,0.760596251361999,0.96582235767324
CONDUCTIO,QC-filtered,HLA DR on HLA DR+ CD8+ T cell,GCST90002115,20,IVW,0.01266998639968,0.0249870149343494,1.01275059073625,0.964346544600008,1.06358421127755,0.612110737376487,0.964849108640792
CONDUCTIO,QC-filtered,CD27 on switched memory B cell,GCST90001808,30,IVW,0.00902815700370876,0.016144556790077,1.00906903373439,0.977638631859029,1.04150990116406,0.576020125221576,0.964849108640792
CONDUCTIO,QC-filtered,CD4 on CD39+ secreting CD4 regulatory T cell,GCST90002069,20,IVW,0.0151521185168492,0.0205564633611446,1.01526749385502,0.975174792521501,1.05700854040064,0.461063036754552,0.964849108640792
CONDUCTIO,QC-filtered,Naive CD4-CD8- T cell Absolute Count,GCST90001566,18,IVW,-0.0086524460712853,0.0268323955331859,0.99138487861271,0.940593762107146,1.04491866429152,0.747102208963399,0.96582235767324
CONDUCTIO,QC-filtered,Terminally Differentiated CD8+ T cell Absolute Count,GCST90001557,16,IVW,-0.0305708004602693,0.0241935255554648,0.969891760853183,0.924973573979162,1.01699124627325,0.206375688367903,0.964849108640792
CONDUCTIO,QC-filtered,CD27 on IgD+ CD24+ B cell,GCST90001800,29,IVW,-0.00373849317061777,0.0166116659214353,0.996268486294705,0.964353492254907,1.02923969763733,0.821938609317071,0.977988946500495
CONDUCTIO,QC-filtered,CD14- CD16+ monocyte Absolute Count,GCST90001579,15,IVW,-0.0221027351338822,0.0255213222601866,0.978139740571938,0.930415027024622,1.02831244584017,0.386462872028296,0.964849108640792
CONDUCTIO,QC-filtered,CD14+ CD16- monocyte %monocyte,GCST90001586,19,IVW,0.014273649334087,0.0247443052215592,1.0143760042798,0.966353867969043,1.06478455994715,0.564043605421157,0.964849108640792
CONDUCTIO,QC-filtered,HVEM on Terminally Differentiated CD8+ T cell,GCST90001874,24,IVW,-0.012492706654108,0.0127415814784797,0.987585003266642,0.963226968123994,1.01255900317735,0.326855400158631,0.964849108640792
CONDUCTIO,QC-filtered,Resting CD4 regulatory T cell %CD4+ T cell,GCST90001482,27,IVW,-0.00855589288369949,0.0204908484290907,0.991480604604115,0.952449724735049,1.03211094903681,0.676278332766113,0.964849108640792
CONDUCTIO,QC-filtered,CD25 on IgD+ CD38- naive B cell,GCST90001781,22,IVW,-0.0101329859106506,0.0202306991275088,0.98991817982469,0.951433812199334,1.02995919441017,0.616461377215481,0.964849108640792
CONDUCTIO,QC-filtered,CD28 on CD4+ T cell,GCST90001898,24,IVW,0.000186970669277255,0.0183068696243977,1.00018698814938,0.96493504210029,1.03672679259933,0.991851232899373,0.998563689481924
CONDUCTIO,QC-filtered,Plasma Blast-Plasma Cell %B cell,GCST90001404,25,IVW,-0.00593531532384494,0.025764969427518,0.994082263863616,0.945128241502589,1.04557191705239,0.81780911650868,0.977988946500495
CONDUCTIO,QC-filtered,Plasma Blast-Plasma Cell %lymphocyte,GCST90001435,14,IVW,0.0431496146566876,0.0317636362348254,1.04409409494497,0.981074271430593,1.11116203007683,0.17431791273418,0.964849108640792
CONDUCTIO,QC-filtered,TCRgd T cell Absolute Count,GCST90001615,18,IVW,0.0176013888053944,0.0211503156839038,1.01775720610713,0.976429009790754,1.06083465382186,0.405293499824831,0.964849108640792
CONDUCTIO,QC-filtered,TCRgd T cell %T cell,GCST90001616,17,IVW,0.0155800047879219,0.0293571391220739,1.01570200583133,0.958908147741903,1.07585962959975,0.595622647672059,0.964849108640792
CONDUCTIO,QC-filtered,TCRgd T cell %lymphocyte,GCST90001617,16,IVW,0.0125405270657051,0.030801860912025,1.01261948920563,0.953294765597305,1.07563606444078,0.683908566062495,0.964849108640792
CONDUCTIO,QC-filtered,CD25 on CD24+ CD27+ B cell,GCST90001777,21,IVW,-0.0209423605282097,0.0201321415988972,0.979275407860009,0.941386624639618,1.01868913296543,0.298226069082078,0.964849108640792
CONDUCTIO,QC-filtered,Plasmacytoid Dendritic Cell Absolute Count,GCST90001460,23,IVW,0.0566973112391663,0.0187084433397873,1.05833541567249,1.0202306837788,1.09786332628034,0.00244089828909027,0.591511018722875
CONDUCTIO,QC-filtered,CD4+ CD8dim T cell %lymphocyte,GCST90001610,19,IVW,0.00718173961517749,0.0224741669596393,1.00720759015402,0.963803707890485,1.05256612042329,0.749305449093854,0.96582235767324
CONDUCTIO,QC-filtered,CD4+ CD8dim T cell %leukocyte,GCST90001611,14,IVW,0.00454477638352626,0.0276794835822886,1.00455511954289,0.951508164674007,1.06055946303474,0.869579241783047,0.980174485331939
CONDUCTIO,QC-filtered,CD19 on Plasma Blast-Plasma Cell,GCST90001739,23,IVW,0.0156358680919323,0.0330460849650075,1.01575874788615,0.952053109516591,1.08372718243746,0.636103727646864,0.964849108640792
CONDUCTIO,QC-filtered,SSC-A on myeloid Dendritic Cell,GCST90002071,15,IVW,0.0208622376549969,0.0262206623072873,1.02108137538309,0.969931081055377,1.07492913209852,0.426240647230743,0.964849108640792
CONDUCTIO,QC-filtered,CD3 on Terminally Differentiated CD8+ T cell,GCST90001840,22,IVW,-0.0238656653667073,0.0195749345032578,0.976416867550038,0.939664354660122,1.01460685883,0.222770129250805,0.964849108640792
CONDUCTIO,QC-filtered,CD66b on Granulocytic Myeloid-Derived Suppressor Cells,GCST90001837,21,IVW,0.0117770452830764,0.0152233100652758,1.01184666772799,0.982101473517963,1.04249276332392,0.439156001759429,0.964849108640792
CONDUCTIO,QC-filtered,Central Memory CD8+ T cell %T cell,GCST90001550,21,IVW,-0.00500781415520715,0.0255475826155379,0.995004704041115,0.946408413757033,1.04609632234114,0.844595216243978,0.980174485331939
CONDUCTIO,QC-filtered,CD33 on CD33dim HLA DR+ CD11b+,GCST90001948,21,IVW,0.0169019402307008,0.0169594712590258,1.01704558617972,0.983794127896253,1.0514209172803,0.318954950182369,0.964849108640792
CONDUCTIO,QC-filtered,IgD on unswitched memory B cell,GCST90001826,21,IVW,0.00550477610650354,0.0159934887349363,1.00551995522627,0.974488596682646,1.03753946818887,0.730704473391032,0.964849108640792
CONDUCTIO,QC-filtered,CD19 on naive-mature B cell,GCST90001737,24,IVW,0.0470728634634598,0.0246258156180137,1.04819838166172,0.998806977070526,1.10003221096909,0.0559371406130128,0.887505809855854
CONDUCTIO,QC-filtered,Terminally Differentiated CD4-CD8- T cell %T cell,GCST90001574,20,IVW,0.00352120779997024,0.0228623998348437,1.00352741453509,0.959551687410035,1.04951852509549,0.877596001593992,0.980174485331939
CONDUCTIO,QC-filtered,CCR2 on monocyte,GCST90002008,19,IVW,-0.0152885630615336,0.0244557636466473,0.984827713696339,0.938735182975958,1.03318341876742,0.531871476157289,0.964849108640792
CONDUCTIO,QC-filtered,CD4+ CD8dim T cell Absolute Count,GCST90001609,15,IVW,0.0123223956891068,0.0196549218837027,1.01239862921161,0.974139023229848,1.05216089283768,0.530700601621586,0.964849108640792
CONDUCTIO,QC-filtered,CD39 on CD39+ CD4+ T cell,GCST90002032,20,IVW,0.0120324580078739,0.0132003321924816,1.01210513924952,0.986255142057244,1.03863267141866,0.362017813726883,0.964849108640792
CONDUCTIO,QC-filtered,CD39+ resting CD4 regulatory T cell %resting CD4 regulatory T cell,GCST90001484,25,IVW,0.0100964146656744,0.0141222837391512,1.0101475554281,0.98257042200826,1.03849867742995,0.474653595735881,0.964849108640792
CONDUCTIO,QC-filtered,CD39+ secreting CD4 regulatory T cell %CD4 regulatory T cell,GCST90001497,18,IVW,-0.0302339353331746,0.0208387988568628,0.970218538601394,0.931389258543565,1.01066659724828,0.146822114292197,0.964849108640792
CONDUCTIO,QC-filtered,CD28 on CD39+ CD4+ T cell,GCST90001892,15,IVW,-0.0121835822991593,0.0230983975060262,0.987890337034354,0.944163015899517,1.03364281545817,0.597871134530379,0.964849108640792
CONDUCTIO,QC-filtered,CD39 on CD39+ activated CD4 regulatory T cell,GCST90002030,22,IVW,-0.0338685734287056,0.0156234178744157,0.966698546164405,0.937545046715032,0.99675859035328,0.0301732824505823,0.78410048393265
CONDUCTIO,QC-filtered,CD14 on Monocytic Myeloid-Derived Suppressor Cells,GCST90002019,23,IVW,-0.00551263323536726,0.0188156522956689,0.99450253344498,0.958494636978959,1.03186314338261,0.769536487299214,0.96582235767324
CONDUCTIO,QC-filtered,CD40 on CD14+ CD16- monocyte,GCST90001980,20,IVW,0.0163625664736966,0.0181918648249855,1.01649716639577,0.98089143955492,1.0533953581647,0.36841612933373,0.964849108640792
CONDUCTIO,QC-filtered,CD40 on monocytes,GCST90001985,21,IVW,0.0131522091324463,0.0145343468636621,1.01323907986454,0.984781873338836,1.04251861326808,0.365515499805314,0.964849108640792
CONDUCTIO,QC-filtered,HVEM on Terminally Differentiated CD4+ T cell,GCST90001879,24,IVW,0.00335727147029749,0.0158248136068139,1.00336291341824,0.972719654484972,1.03497151659404,0.831988175998127,0.980174485331939
CONDUCTIO,QC-filtered,CD11c+ CD62L- monocyte Absolute Count,GCST90001452,20,IVW,-0.0075931520314926,0.0185733010614525,0.992435603120617,0.956956998570435,1.02922955557327,0.68267116515315,0.964849108640792
CONDUCTIO,QC-filtered,CD8dim Natural Killer T Absolute Count,GCST90001633,26,IVW,-0.0113574506522628,0.0178534801971564,0.98870680171266,0.954707496466974,1.02391689954295,0.524680147287065,0.964849108640792
CONDUCTIO,QC-filtered,CD8dim Natural Killer T %lymphocyte,GCST90001635,26,IVW,-0.0208477128353081,0.0175745018655383,0.979368098404483,0.946207171554523,1.01369118836481,0.2355244844939,0.964849108640792
CONDUCTIO,QC-filtered,Activated CD4 regulatory T cell %CD4 regulatory T cell,GCST90001487,26,IVW,-0.0114400572643184,0.0159900572609311,0.988625131366756,0.958121608109668,1.02009978910533,0.474332154273984,0.964849108640792
CONDUCTIO,QC-filtered,CD25 on IgD+ CD24+ B cell,GCST90001778,24,IVW,0.0161111401392817,0.0156114151188951,1.01624162436563,0.985617201540224,1.04781758828825,0.302067324222386,0.964849108640792
CONDUCTIO,QC-filtered,CD25 on IgD+ CD38- unswitched memory B cell,GCST90001782,18,IVW,-0.0136167405133065,0.0173885627580406,0.986475547933625,0.953421368500344,1.02067568319935,0.433576596378858,0.964849108640792
CONDUCTIO,QC-filtered,CD25++ CD45RA+ CD4 not regulatory T cell %CD4+ T cell,GCST90001508,25,IVW,-0.019054332478833,0.0165691198743304,0.981126053784079,0.949775339175934,1.01351161028156,0.250147733623019,0.964849108640792
CONDUCTIO,QC-filtered,CD25++ CD45RA+ CD4 not regulatory T cell %T cell,GCST90001509,20,IVW,-0.0249258029615917,0.0175464892892397,0.97538227982004,0.942408052009612,1.00951025382075,0.155445341760142,0.964849108640792
CONDUCTIO,QC-filtered,CD25 on CD45RA+ CD4 not regulatory T cell,GCST90001934,19,IVW,0.0141625703583261,0.02491314192545,1.01426333468993,0.96592683498853,1.06501866894355,0.569710514593856,0.964849108640792
CONDUCTIO,QC-filtered,Activated & secreting CD4 regulatory T cell Absolute Count,GCST90001501,12,IVW,0.0188535800225479,0.0195814355947748,1.01903243098789,0.98066336451813,1.05890271114118,0.33563319177646,0.964849108640792
CONDUCTIO,QC-filtered,CD4 on CD4 regulatory T cell,GCST90002063,25,IVW,-0.020121454310203,0.0230335688767778,0.980079631182263,0.936817066206348,1.0253400777039,0.38235200740802,0.964849108640792
CONDUCTIO,QC-filtered,CD4 on secreting CD4 regulatory T cell,GCST90002068,26,IVW,0.00673447184400641,0.0173165102749929,1.00675719939021,0.973160858466891,1.04151338363605,0.697346661883425,0.964849108640792
CONDUCTIO,QC-filtered,CD4 on activated & secreting CD4 regulatory T cell,GCST90002070,27,IVW,-0.00354087730553559,0.0167463002146274,0.996465384207914,0.964289589222288,1.02971480043194,0.832542102233332,0.980174485331939
CONDUCTIO,QC-filtered,CD27 on CD20- B cell,GCST90001796,15,IVW,-0.00451696399973415,0.0246518534482524,0.995493222139574,0.948536890584433,1.04477407801739,0.854617400512841,0.980174485331939
CONDUCTIO,QC-filtered,CCR2 on myeloid Dendritic Cell,GCST90002013,12,IVW,-0.000805245280954641,0.0229104971993778,0.999195078842021,0.955319136679535,1.04508615733616,0.971962174667947,0.998360555852956
CONDUCTIO,QC-filtered,CD19 on CD24+ CD27+ B cell,GCST90001723,26,IVW,-0.00484384856457655,0.0212305847504579,0.995167863951033,0.954606758338828,1.03745240518122,0.819526311136476,0.977988946500495
CONDUCTIO,QC-filtered,HLA DR+ CD8+ T cell %T cell,GCST90001628,25,IVW,0.00615459124244993,0.0181202882065395,1.00617356965394,0.971065677795141,1.04255075163282,0.734118650179649,0.964849108640792
CONDUCTIO,QC-filtered,CD16-CD56 on Natural Killer,GCST90001884,27,IVW,-0.00870379704881832,0.0175318814616243,0.991333971337162,0.957847897289207,1.02599070845001,0.619573153787496,0.964849108640792
CONDUCTIO,QC-filtered,CD45 on CD33- HLA DR-,GCST90002045,14,IVW,-0.00220319172844833,0.0215707723647439,0.997799233517027,0.956492907137358,1.04088938138272,0.918647279620908,0.992357462532541
CONDUCTIO,QC-filtered,CD33dim HLA DR+ CD11b- Absolute Count,GCST90001527,24,IVW,0.0113438610813192,0.0164162107192045,1.011408446659,0.979383573430971,1.04448050153588,0.489555608159676,0.964849108640792
CONDUCTIO,QC-filtered,IgD- CD38dim B cell %lymphocyte,GCST90001426,20,IVW,0.00316665580955403,0.0232408893080062,1.00317167496064,0.958500219747939,1.04992506909177,0.891620770412032,0.980174485331939
CONDUCTIO,QC-filtered,Central Memory CD4-CD8- T cell %T cell,GCST90001565,13,IVW,0.0592340760222687,0.0437992206112699,1.06102357185208,0.973738592995862,1.1561326911796,0.176247315943791,0.964849108640792
CONDUCTIO,QC-filtered,Activated & secreting CD4 regulatory T cell %CD4+ T cell,GCST90001503,17,IVW,-0.00109898081239664,0.0274978049595589,0.99890162284586,0.946490184656241,1.05421531918631,0.968120130076242,0.998360555852956
CONDUCTIO,QC-filtered,IgD+ CD38dim B cell %lymphocyte,GCST90001430,30,IVW,-0.00151605797483966,0.0213809015448818,0.998485090660513,0.957506638298247,1.04121729959306,0.943471683278991,0.998328038888463
CONDUCTIO,QC-filtered,Effector Memory CD4-CD8- T cell %CD4-CD8- T cell,GCST90001570,26,IVW,-0.00147057512215439,0.0188480012161023,0.998530505643593,0.96231575212739,1.03610812614949,0.937809861933145,0.998328038888463
CONDUCTIO,QC-filtered,Effector Memory CD4-CD8- T cell Absolute Count,GCST90001569,17,IVW,-0.0138172950419979,0.0287331663927162,0.986277725632786,0.932268606731755,1.04341575491802,0.630599562016247,0.964849108640792
CONDUCTIO,QC-filtered,CX3CR1 on monocyte,GCST90001995,25,IVW,0.0323898613645027,0.0175400893204459,1.03292012246595,0.99801326247729,1.06904789696554,0.0648023854390849,0.928412475807204
CONDUCTIO,QC-filtered,CX3CR1 on CD14+ CD16- monocyte,GCST90001997,25,IVW,0.0440190677696141,0.0191288008130618,1.04500228056121,1.00654796295957,1.08492571299554,0.0213807089128832,0.717117501215467
CONDUCTIO,QC-filtered,CD20 on transitional B cell,GCST90001763,19,IVW,0.0365288762476714,0.0220653335867448,1.03720425415225,0.993303345617317,1.08304544586322,0.0978257205607934,0.928412475807204
CONDUCTIO,QC-filtered,CD25 on CD39+ CD4+ T cell,GCST90001961,21,IVW,-0.00781185538307855,0.0140322822870361,0.992218577860922,0.965301174251385,1.01988657272261,0.577728334359078,0.964849108640792
CONDUCTIO,QC-filtered,CD20 on IgD+ CD38+ B cell,GCST90001751,25,IVW,0.00921484971924299,0.022106617176898,1.00925743715869,0.966461205841931,1.05394874445351,0.676797844292891,0.964849108640792
CONDUCTIO,QC-filtered,CD14+ CD16+ monocyte Absolute Count,GCST90001580,18,IVW,-0.0427147315588339,0.0373965733182693,0.958184690936253,0.890464524068066,1.03105500233766,0.2533668342111,0.964849108640792
CONDUCTIO,QC-filtered,CD14+ CD16+ monocyte %monocyte,GCST90001585,25,IVW,-0.0423366520122493,0.017966420688695,0.958547029461823,0.925379980064046,0.992902837196126,0.0184514361988978,0.717117501215467
CONDUCTIO,QC-filtered,CD8 on CD39+ CD8+ T cell,GCST90002121,24,IVW,0.00648816383300437,0.0188041171577882,1.00650925756315,0.970088566680877,1.04429731506523,0.730064649371225,0.964849108640792
CONDUCTIO,QC-filtered,CCR2 on CD62L+ myeloid Dendritic Cell,GCST90002014,14,IVW,0.021985485204394,0.020824231726244,1.02222894691853,0.981346168101682,1.06481489802882,0.291075807464147,0.964849108640792
CONDUCTIO,QC-filtered,CD45RA- CD28- CD8+ T cell %T cell,GCST90001697,6,IVW,0.000855777461405623,0.00898068726924623,1.00085614374342,0.983393071399051,1.01862932493904,0.924083798025655,0.996749141193845
CONDUCTIO,QC-filtered,IgD on IgD+ CD24- B cell,GCST90001821,29,IVW,-0.00359134819292481,0.0139715389628134,0.996415092984852,0.96949926292762,1.02407817673827,0.797142158468862,0.977988946500495
CONDUCTIO,QC-filtered,CD28+ CD4-CD8- T cell %T cell,GCST90001655,21,IVW,0.0299267119346746,0.0297417296799879,1.03037901670161,0.972031489697727,1.09222893425924,0.314309936237143,0.964849108640792
CONDUCTIO,QC-filtered,CD4+/CD8+ T cell,GCST90001589,15,IVW,0.0112687575439869,0.0271049195576893,1.01133248915935,0.959007019243609,1.06651294839942,0.677595994220913,0.964849108640792
CONDUCTIO,QC-filtered,CD8+ T cell %T cell,GCST90001593,23,IVW,0.0104914139857733,0.0165634012432552,1.01054664183993,0.978266792236398,1.04389162898948,0.526466330397062,0.964849108640792
CONDUCTIO,QC-filtered,CD8+ T cell %leukocyte,GCST90001607,17,IVW,-0.00190851951506863,0.024643624389289,0.99809330055024,0.951029665118528,1.04748597561267,0.938269736326204,0.998328038888463
CONDUCTIO,QC-filtered,CD38 on Plasma Blast-Plasma Cell,GCST90001817,15,IVW,0.00653407507397006,0.0280685754489855,1.006555468713,0.952676075586747,1.06348205603049,0.815924716535472,0.977988946500495
CONDUCTIO,QC-filtered,CD3 on T cell,GCST90001851,29,IVW,0.00699782983257699,0.0143375276715241,1.00702237185733,0.979117400933761,1.03572263801465,0.625494692103866,0.964849108640792
CONDUCTIO,QC-filtered,CD28- CD127- CD25++ CD8+ T cell %CD8+ T cell,GCST90001674,16,IVW,-0.0227167858723122,0.0282568781946402,0.977539297512071,0.924871687661025,1.03320610948427,0.421432624599623,0.964849108640792
CONDUCTIO,QC-filtered,CD19 on IgD+ CD24+ B cell,GCST90001724,26,IVW,-0.017320132792172,0.0286734051177527,0.982828998475408,0.929117556915091,1.03964544965805,0.545811271443288,0.964849108640792
CONDUCTIO,QC-filtered,CD62L- plasmacytoid Dendritic Cell %Dendritic Cell,GCST90001471,15,IVW,-0.0278241206788765,0.0233806632616739,0.972559404847655,0.928996580818579,1.01816499165603,0.234027373219088,0.964849108640792
CONDUCTIO,QC-filtered,CD14 on CD33+ HLA DR+ CD14dim,GCST90002020,18,IVW,0.00760866734316157,0.0204047059366775,1.00763768680565,0.968134208382425,1.04875305415298,0.709231900020611,0.964849108640792
CONDUCTIO,QC-filtered,CD11c on myeloid Dendritic Cell,GCST90002087,28,IVW,0.00573513681044877,0.0200199915586858,1.00575161419252,0.96705099791181,1.04600099853586,0.774517791641677,0.96582235767324
CONDUCTIO,QC-filtered,CD27 on unswitched memory B cell,GCST90001806,29,IVW,0.0166199774551341,0.0175331922939035,1.01675885760866,0.982411437313109,1.05230714470619,0.343172685006252,0.964849108640792
CONDUCTIO,QC-filtered,CD8 on CD28- CD8+ T cell,GCST90002120,20,IVW,-0.00500396916008235,0.0244246191185486,0.995008529836706,0.94849740772898,1.0438004009081,0.837670577558953,0.980174485331939
CONDUCTIO,QC-filtered,CD11b on CD33+ HLA DR+ CD14dim,GCST90002097,19,IVW,-0.0209950687873503,0.0197400687975161,0.97922379331831,0.942060667483821,1.01785295841063,0.287520696014793,0.964849108640792
CONDUCTIO,QC-filtered,CD20 on IgD- CD38dim B cell,GCST90001757,30,IVW,0.00918738206168781,0.0216322980180337,1.00922971560174,0.967333538555497,1.05294045771901,0.671050493702146,0.964849108640792
CONDUCTIO,QC-filtered,CD24 on memory B cell,GCST90001771,27,IVW,0.00713771409231119,0.022982399745597,1.00716324828932,0.962801717313386,1.05356875716345,0.756125214119385,0.96582235767324
CONDUCTIO,QC-filtered,CD4+CD8+ T cell %leukocyte,GCST90001608,22,IVW,0.0126527693382712,0.0242043457026769,1.01273315429724,0.965810389459814,1.061935606622,0.601149744584742,0.964849108640792
CONDUCTIO,QC-filtered,CD25 on IgD- CD38dim B cell,GCST90001789,19,IVW,0.000622245915647277,0.0231487658978713,1.0006224395508,0.956237146744966,1.04706794746558,0.978555201211907,0.998360555852956
CONDUCTIO,QC-filtered,CD8 on naive CD8+ T cell,GCST90002055,16,IVW,-0.00144565549796981,0.0305272822789375,0.998555388958571,0.94056066559501,1.06012605171769,0.962229352492125,0.998360555852956
CONDUCTIO,QC-filtered,CD38 on IgD+ CD24- B cell,GCST90001811,17,IVW,-0.00961539032839213,0.0201528762683526,0.990430689726353,0.95207160868338,1.03033526281535,0.633274906977101,0.964849108640792
CONDUCTIO,QC-filtered,CD8 on Natural Killer T,GCST90002059,17,IVW,-0.00296554097673257,0.0235458137303663,0.997038851896422,0.952071315375024,1.04413026223709,0.899773327743081,0.981234719165854
CONDUCTIO,QC-filtered,CD19 on IgD+ CD38- B cell,GCST90001726,28,IVW,0.00647684436405962,0.0202236232253287,1.00649786447735,0.967382356173766,1.04719498420901,0.748770238773172,0.96582235767324
CONDUCTIO,QC-filtered,CD20 on B cell,GCST90001743,22,IVW,0.0216925188666725,0.019926503202001,1.02192951211194,0.982786448191372,1.06263159168225,0.276318638504281,0.964849108640792
CONDUCTIO,QC-filtered,CD20 on IgD+ B cell,GCST90001762,19,IVW,0.0412640596075378,0.0194838038856023,1.04212725292964,1.0030805391304,1.0826939302802,0.0341865316885716,0.799484982462827
CONDUCTIO,QC-filtered,HLA DR+ T cell Absolute Count,GCST90001618,28,IVW,0.0101032498383927,0.0158851355912352,1.01015445998471,0.979188006149986,1.04210021632015,0.524763964944378,0.964849108640792
CONDUCTIO,QC-filtered,HLA DR+ CD8+ T cell %lymphocyte,GCST90001629,27,IVW,-0.0109994257984403,0.0173587058480562,0.989060846695486,0.955975982398323,1.02329072746348,0.526306184938914,0.964849108640792
CONDUCTIO,QC-filtered,Effector Memory CD8+ T cell Absolute Count,GCST90001554,22,IVW,0.0179164718781709,0.0200020837748331,1.0180779347004,0.978937369627809,1.05878344548017,0.370396840106525,0.964849108640792
CONDUCTIO,QC-filtered,CD8+ T cell Absolute Count,GCST90001592,19,IVW,0.0286982055078286,0.018070543843324,1.02911396667765,0.993302468687059,1.06621657531053,0.112259038709122,0.928412475807204
CONDUCTIO,QC-filtered,CD127- CD8+ T cell Absolute Count,GCST90001684,13,IVW,0.00592866360899876,0.023690759549882,1.00594627291778,0.960304146804685,1.0537577155782,0.80239235490074,0.977988946500495
CONDUCTIO,QC-filtered,CD28 on CD28+ CD4+ T cell,GCST90001894,24,IVW,0.0114384371820457,0.0191242111961257,1.01150410624962,0.974291229184795,1.05013832241507,0.549764611572371,0.964849108640792
CONDUCTIO,QC-filtered,CD45RA- CD4+ T cell Absolute Count,GCST90001534,13,IVW,0.0539278460391678,0.0355879682540147,1.0554084475079,0.984299978944121,1.13165398242305,0.129686506823552,0.952344348088107
CONDUCTIO,QC-filtered,CD27 on IgD- CD38- B cell,GCST90001802,31,IVW,0.015849330939262,0.0164233068465947,1.01597559778455,0.983792428842886,1.04921158674471,0.334519199495074,0.964849108640792
CONDUCTIO,QC-filtered,CD64 on CD14+ CD16+ monocyte,GCST90002011,12,IVW,0.039626053205697,0.0395998081668233,1.04042163910235,0.96272298126813,1.12439113657237,0.316989878701471,0.964849108640792
CONDUCTIO,QC-filtered,Switched memory B cell %B cell,GCST90001402,11,IVW,-0.0028519264303491,0.0322548790279171,0.997152136448571,0.936063943320053,1.06222698814496,0.929544097209636,0.998328038888463
CONDUCTIO,QC-filtered,IgD- CD38- B cell %B cell,GCST90001445,12,IVW,0.0229701775567125,0.0374023666799805,1.0232360236939,0.950907524787398,1.10106601629743,0.539124794941471,0.964849108640792
CONDUCTIO,QC-filtered,IgD+ CD38+ B cell %B cell,GCST90001447,23,IVW,0.0349099650707994,0.0185292174021649,1.03552647104985,0.998593688746299,1.07382520471486,0.0595582634558414,0.902059531924931
CONDUCTIO,QC-filtered,CD33 on CD33+ HLA DR+ CD14dim,GCST90001947,24,IVW,0.0041697550483572,0.0118652690980842,1.0041784605727,0.981094815320997,1.02780522833386,0.72526934914318,0.964849108640792
CONDUCTIO,QC-filtered,FSC-A on HLA DR+ Natural Killer,GCST90001970,17,IVW,-0.0348706429955315,0.0193818897284994,0.965730332160911,0.929731776440387,1.00312272645596,0.0719972727300444,0.928412475807204
CONDUCTIO,QC-filtered,HLA DR on CD33dim HLA DR+ CD11b-,GCST90002111,17,IVW,-0.00212156419897859,0.0149826636194279,0.997880684727651,0.969002986654769,1.02761898019546,0.887394963596466,0.980174485331939
CONDUCTIO,QC-filtered,CD33 on CD33+ HLA DR+,GCST90001956,21,IVW,-0.00665426273442342,0.0148200897450453,0.993367827845845,0.964928147818269,1.02264572095892,0.65342959090065,0.964849108640792
CONDUCTIO,QC-filtered,CD33 on CD33+ HLA DR+ CD14-,GCST90001957,20,IVW,0.000211258207735087,0.0141371999923865,1.00021128052432,0.972876965136755,1.02831359106902,0.988077314517833,0.998563689481924
CONDUCTIO,QC-filtered,CD127 on T cell,GCST90001922,18,IVW,0.0100938114601707,0.0347063885867838,1.01014492580985,0.943715335046628,1.08125059882487,0.771177979889042,0.96582235767324
CONDUCTIO,QC-filtered,CD8+ and CD8dim T cell %leukocyte,GCST90001614,15,IVW,-0.0200612668673486,0.0289112638105966,0.980138621444276,0.926142337508637,1.03728301616243,0.487750544042647,0.964849108640792
CONDUCTIO,QC-filtered,CD45 on granulocyte,GCST90001913,13,IVW,-0.0710830990993643,0.0296383141011324,0.931384491699262,0.878820866241246,0.987092028308486,0.0164690467396147,0.717117501215467
CONDUCTIO,QC-filtered,IgD- CD27- B cell %B cell,GCST90001399,15,IVW,0.0226709108469357,0.0229294598446486,1.022929849032,0.977975333682834,1.0699507850573,0.322798120469521,0.964849108640792
CONDUCTIO,QC-filtered,CD27 on CD24+ CD27+ B cell,GCST90001798,28,IVW,0.00467244197092894,0.0161255475439558,1.00468337484903,0.97342584447087,1.03694461106764,0.772004438261785,0.96582235767324
CONDUCTIO,QC-filtered,CD27 on IgD- CD38dim B cell,GCST90001804,30,IVW,0.0140761747605153,0.0151940118083101,1.01417571058802,0.984418577852294,1.0448323458002,0.354223024453726,0.964849108640792
CONDUCTIO,QC-filtered,CD27 on memory B cell,GCST90001805,23,IVW,-0.0174674404375073,0.0165208703341554,0.982684230912822,0.951373692908811,1.01502522603101,0.290376785660541,0.964849108640792
CONDUCTIO,QC-filtered,HLA DR+ CD4+ T cell %lymphocyte,GCST90001626,20,IVW,-0.0543512404567139,0.0310823598941139,0.947099388451446,0.891123131932314,1.0065918159481,0.0803567028980433,0.928412475807204
CONDUCTIO,QC-filtered,BAFF-R on IgD+ CD38- unswitched memory B cell,GCST90001707,17,IVW,-0.000573002823432397,0.0194118615059919,0.999427161311334,0.96211600201093,1.03818525903229,0.976451319659564,0.998360555852956
CONDUCTIO,QC-filtered,CD25 on CD39+ activated CD4 regulatory T cell,GCST90001940,11,IVW,0.0380948308386442,0.0463523232721297,1.03882974130318,0.948611708418117,1.13762799029292,0.411160136583919,0.964849108640792
CONDUCTIO,QC-filtered,CD45RA+ CD8+ T cell %T cell,GCST90001562,23,IVW,0.00543848012576366,0.0217215993545936,1.00545329550434,0.963545224396882,1.04918410038649,0.802299686201742,0.977988946500495
CONDUCTIO,QC-filtered,CD25 on transitional B cell,GCST90001795,20,IVW,-0.0114532427129148,0.0259068052313762,0.988612095986844,0.939666192670468,1.0401075232407,0.658421198266553,0.964849108640792
CONDUCTIO,QC-filtered,CD4-CD8- T cell Absolute Count,GCST90001598,20,IVW,0.0140005303597136,0.0237680345745297,1.0140989967756,0.967940348159683,1.06245883562613,0.555828591172461,0.964849108640792
CONDUCTIO,QC-filtered,CD4-CD8- T cell %leukocyte,GCST90001613,18,IVW,0.0189322883886694,0.0236787842399466,1.01911264052209,0.97289596079915,1.06752480832462,0.423973611578059,0.964849108640792
CONDUCTIO,QC-filtered,PDL-1 on CD14- CD16+ monocyte,GCST90001999,19,IVW,0.00575114786015037,0.0170499825989163,1.00576771746052,0.9727124030478,1.03994633800925,0.735882416165944,0.964849108640792
CONDUCTIO,QC-filtered,Activated & resting CD4 regulatory T cell %CD4+ T cell,GCST90001500,25,IVW,0.0253416639353729,0.0205644895627459,1.02566549357501,0.985146679589588,1.06785083531798,0.217836250904813,0.964849108640792
CONDUCTIO,QC-filtered,CD45RA+ CD8+ T cell Absolute Count,GCST90001560,21,IVW,-0.0129276399719799,0.0233052862511416,0.987155563040191,0.943078267838855,1.03329292898912,0.579094073208365,0.964849108640792
CONDUCTIO,QC-filtered,CD11b on CD33dim HLA DR-,GCST90002095,21,IVW,0.00572713462900781,0.0155689687158185,1.00574356601782,0.975516656672988,1.03690707243897,0.712980798244977,0.964849108640792
CONDUCTIO,QC-filtered,CD62L- HLA DR++ monocyte %monocyte,GCST90001455,12,IVW,-0.00214871135803991,0.0297516138632132,0.997853595469679,0.941329656969934,1.05777162189586,0.942425496836904,0.998328038888463
CONDUCTIO,QC-filtered,CD4-CD8- T cell %T cell,GCST90001599,15,IVW,0.0364971433874759,0.0277841801954218,1.03717134121687,0.982200467116203,1.09521877361757,0.188982735780346,0.964849108640792
CONDUCTIO,QC-filtered,CD4-CD8- Natural Killer T Absolute Count,GCST90001636,10,IVW,0.0289146754636536,0.0379820981109502,1.02933676304604,0.955490711121326,1.10889008069443,0.446495129369593,0.964849108640792
CONDUCTIO,QC-filtered,CD4-CD8- Natural Killer T %T cell,GCST90001637,30,IVW,-0.00139943186411964,0.0186908768766064,0.998601546884034,0.962680641891811,1.03586278361174,0.940316191632246,0.998328038888463
CONDUCTIO,QC-filtered,CD4-CD8- Natural Killer T %lymphocyte,GCST90001638,29,IVW,-0.00325142124883513,0.0191569306679164,0.996753858897024,0.960022069849494,1.0348910576419,0.865225952712614,0.980174485331939
CONDUCTIO,QC-filtered,Naive CD4+ T cell %CD4+ T cell,GCST90001541,34,IVW,0.0090344344978203,0.016256845118765,1.00907536817919,0.977429627604189,1.04174568675783,0.578394689518974,0.964849108640792
CONDUCTIO,QC-filtered,CD3 on Terminally Differentiated CD4+ T cell,GCST90001844,20,IVW,1.57658381061461e-05,0.0183315706251171,1.00001576596239,0.964723147500295,1.03659949983012,0.999313789444477,0.999872741050852
CONDUCTIO,QC-filtered,CD25 on IgD- CD38+ B cell,GCST90001788,19,IVW,0.00919395194801066,0.0255489956301195,1.00923634614803,0.959942320164765,1.06106167109228,0.718955039905877,0.964849108640792
CONDUCTIO,QC-filtered,CD20 on CD24+ CD27+ B cell,GCST90001745,28,IVW,0.00510332021752877,0.0169668914388729,1.00511636433615,0.972240782086631,1.03910360938377,0.763581423823051,0.96582235767324
CONDUCTIO,QC-filtered,CD8 on CD8+ T cell,GCST90002058,23,IVW,0.0356988376356035,0.0213452371075844,1.03634369177212,0.993880970886214,1.08062059636598,0.0944356580257102,0.928412475807204
CONDUCTIO,QC-filtered,CD8dim T cell Absolute Count,GCST90001596,25,IVW,-0.00999922975031571,0.0184731343193666,0.990050596335034,0.954844696667485,1.02655456612407,0.588311186144174,0.964849108640792
CONDUCTIO,QC-filtered,CD3 on Central Memory CD8+ T cell,GCST90001846,19,IVW,-0.0113046842235139,0.0191106352817795,0.988758973616117,0.952408224003438,1.02649712934741,0.554159397187489,0.964849108640792
CONDUCTIO,QC-filtered,CD3 on HLA DR+ T cell,GCST90001847,24,IVW,-0.0167071162081463,0.0200499656734063,0.983431673656802,0.945534361943408,1.02284792142679,0.404690185035977,0.964849108640792
CONDUCTIO,QC-filtered,HLA DR+ Natural Killer Absolute Count,GCST90001648,18,IVW,-0.00681000215321515,0.0242102723309137,0.993213133364017,0.947183783061881,1.04147932632238,0.778491316959307,0.967458440050283
CONDUCTIO,QC-filtered,CD45 on HLA DR+ Natural Killer,GCST90001912,11,IVW,-0.029185471246666,0.0468822255499081,0.971236311351036,0.885967834400466,1.06471130876337,0.533595114852956,0.964849108640792
CONDUCTIO,QC-filtered,IgD+ CD24+ B cell %B cell,GCST90001411,20,IVW,-0.02312198598442,0.0266037797293607,0.977143278717978,0.927497301207629,1.02944664733852,0.384779258828844,0.964849108640792
CONDUCTIO,QC-filtered,CD20 on IgD+ CD38- B cell,GCST90001748,24,IVW,0.0147791088186319,0.0216747689750831,1.01488885985499,0.972676782642259,1.05893285029359,0.495328914590813,0.964849108640792
CONDUCTIO,QC-filtered,CD20 on memory B cell,GCST90001758,27,IVW,0.0583332125041251,0.0215363096917744,1.06006816483458,1.01625270691593,1.10577271425534,0.00675680863151898,0.701742839302043
CONDUCTIO,QC-filtered,Lymphocyte %leukocyte,GCST90001602,20,IVW,0.0105342698197406,0.030593497376485,1.01058995058704,0.951772745841781,1.0730419133028,0.730597858263194,0.964849108640792
CONDUCTIO,QC-filtered,CD45 on B cell,GCST90001910,11,IVW,0.0783560263309958,0.0519782950242047,1.08150763533045,0.97675304075496,1.19749692754886,0.131688720346163,0.957376996916603
CONDUCTIO,QC-filtered,HLA DR on CD33+ HLA DR+ CD14dim,GCST90002109,18,IVW,0.0160209290755145,0.0158079119659425,1.01614995226263,0.98514880477973,1.04812665911341,0.310833165515011,0.964849108640792
CONDUCTIO,QC-filtered,IgD- CD27- B cell %lymphocyte,GCST90001433,18,IVW,0.00354440115895064,0.0254747393694437,1.00355068997657,0.954673303116692,1.05493050247091,0.889344299503507,0.980174485331939
CONDUCTIO,QC-filtered,CD45 on CD33dim HLA DR-,GCST90002050,17,IVW,0.0183284599909928,0.0176209445771013,1.01849745712061,0.983922060987756,1.05428784584804,0.298269307798527,0.964849108640792
CONDUCTIO,QC-filtered,CD45 on CD14+ monocyte,GCST90001909,15,IVW,-0.0209436233674746,0.0235551764012254,0.979274171193354,0.93509068123899,1.02554535255959,0.373933003750406,0.964849108640792
CONDUCTIO,QC-filtered,CD28+ CD4-CD8- T cell Absolute Count,GCST90001657,12,IVW,0.00398614123539526,0.0330211285811706,1.00399409646308,0.941072336145042,1.07112291692884,0.903916880778565,0.982283366705556
CONDUCTIO,QC-filtered,CD19 on CD20- B cell,GCST90001721,20,IVW,-0.0138854401735851,0.0283157068317874,0.986210517897357,0.932968140992609,1.04249131655941,0.623865429809312,0.964849108640792
CONDUCTIO,QC-filtered,CD25 on IgD- CD24- B cell,GCST90001785,25,IVW,0.0174002676155346,0.0223450323221632,1.01755253414948,0.973949333451859,1.06310782726687,0.436151421152623,0.964849108640792
CONDUCTIO,QC-filtered,CD62L on CD62L+ plasmacytoid Dendritic Cell,GCST90001832,13,IVW,0.0461346459595187,0.028505748565429,1.0472154047876,0.990310626199975,1.10739001986939,0.105569301486651,0.928412475807204
CONDUCTIO,QC-filtered,CD39+ CD8+ T cell %T cell,GCST90001670,19,IVW,0.0121834801260342,0.0201599697429174,1.01225800105392,0.973040026371206,1.05305663994009,0.545617485364315,0.964849108640792
CONDUCTIO,QC-filtered,CD39+ CD8+ T cell %CD8+ T cell,GCST90001671,19,IVW,-0.0108729863731196,0.0180858724422505,0.989185910886905,0.954735159974539,1.02487978584894,0.547715627068363,0.964849108640792
CONDUCTIO,QC-filtered,CD39+ CD8+ T cell Absolute Count,GCST90001672,21,IVW,0.0221330981972009,0.0202183804056936,1.02237985233024,0.982657220281452,1.06370821979146,0.273647283007224,0.964849108640792
CONDUCTIO,QC-filtered,HVEM on CD4+ T cell,GCST90001875,16,IVW,-0.0244630950057384,0.0166910028423494,0.975833701391033,0.944426456031005,1.00828540612088,0.142744859415232,0.964849108640792
CONDUCTIO,QC-filtered,HVEM on CD45RA- CD4+ T cell,GCST90001880,17,IVW,-0.0402359062330764,0.014507443340681,0.960562809667658,0.933634266389968,0.988268045135388,0.00554625724728567,0.701742839302043
CONDUCTIO,QC-filtered,Effector Memory CD8+ T cell %T cell,GCST90001556,12,IVW,0.0163276670352256,0.0246872562931478,1.01646169183448,0.968449097787117,1.06685459600081,0.508368402806515,0.964849108640792
CONDUCTIO,QC-filtered,CD3 on Natural Killer T,GCST90001848,15,IVW,-0.0214651934391724,0.0283603370458098,0.978763544269109,0.925842214050271,1.03470986854161,0.449125528875449,0.964849108640792
CONDUCTIO,QC-filtered,CD45 on CD66b++ myelod cell,GCST90002048,15,IVW,0.00316494295551268,0.0177494445937544,1.00316995667545,0.968870839594008,1.03868330106614,0.858477778617077,0.980174485331939
CONDUCTIO,QC-filtered,Granulocyte Absolute Count,GCST90001651,23,IVW,-0.0239139090747696,0.0267309359772322,0.976369762715998,0.926532140533553,1.02888812146023,0.370992674794741,0.964849108640792
CONDUCTIO,QC-filtered,Transitional B cell Absolute Count,GCST90001577,30,IVW,0.0306162529115528,0.0265537872357545,1.03108975026714,0.978798803264152,1.08617426743934,0.248914461740063,0.964849108640792
CONDUCTIO,QC-filtered,Granulocyte %leukocyte,GCST90001652,24,IVW,-0.0236867285056547,0.0196397406758094,0.976591600151982,0.939713140257967,1.01491733235271,0.227793907641605,0.964849108640792
CONDUCTIO,QC-filtered,Natural Killer %CD3- lymphocyte,GCST90001646,20,IVW,-0.00503966618894059,0.024345042988919,0.994973011622454,0.94861149244535,1.04360035877816,0.836002086004034,0.980174485331939
CONDUCTIO,QC-filtered,CD80 on myeloid Dendritic Cell,GCST90002035,24,IVW,-0.00525541612484674,0.0180382308757995,0.994758369414322,0.960203201546314,1.0305570861733,0.770784602093591,0.96582235767324
CONDUCTIO,QC-filtered,CD45 on Immature Myeloid-Derived Suppressor Cells,GCST90002052,8,IVW,0.0149944295434392,0.0153420616168283,1.01510740998824,0.985037062883007,1.04609571826376,0.328400242194925,0.964849108640792
CONDUCTIO,QC-filtered,CD3 on HLA DR+ CD8+ T cell,GCST90001850,23,IVW,0.00501486534812198,0.0201163905876792,1.00502746083143,0.966172141626685,1.04544537511159,0.803134530535895,0.977988946500495
CONDUCTIO,QC-filtered,Resting CD4 regulatory T cell Absolute Count,GCST90001480,23,IVW,0.00760575875266117,0.0199159571415943,1.00763475600451,0.969059256012995,1.04774583722118,0.702540951241234,0.964849108640792
CONDUCTIO,QC-filtered,CD127 on CD28+ CD4+ T cell,GCST90001924,17,IVW,0.0159869733893768,0.0219412000948343,1.01611544877958,0.973343936486736,1.06076646347157,0.46622922803312,0.964849108640792
CONDUCTIO,QC-filtered,CD20 on IgD+ CD38- naive B cell,GCST90001749,17,IVW,-0.0112675910353345,0.0278449528724279,0.988795650519016,0.936277194230652,1.04426001670234,0.685731345144954,0.964849108640792
CONDUCTIO,QC-filtered,CD8dim T cell %T cell,GCST90001597,19,IVW,0.000716132282934927,0.0209078446654221,1.00071638876688,0.960536551093944,1.04257697388621,0.972676323364246,0.998360555852956
CONDUCTIO,QC-filtered,CD8dim T cell %leukocyte,GCST90001612,17,IVW,0.0134919923689484,0.0224332441016353,1.01358342001564,0.969982580328435,1.05914412296223,0.547554620448965,0.964849108640792
CONDUCTIO,QC-filtered,CD28- CD8dim T cell %T cell,GCST90001661,24,IVW,0.00574109434376017,0.0164181465865764,1.00575760600911,0.973907963660633,1.03864882492907,0.726579009131654,0.964849108640792
CONDUCTIO,QC-filtered,CD20- B cell %B cell,GCST90001419,18,IVW,-0.0225990364316767,0.0256994602616814,0.977654408994576,0.9296287384146,1.0281611399585,0.379206976624698,0.964849108640792
CONDUCTIO,QC-filtered,CD20- B cell Absolute Count,GCST90001421,20,IVW,0.0183867345805182,0.0306500312931618,1.01855681137126,0.959169640375818,1.08162095037151,0.54857764879616,0.964849108640792
CONDUCTIO,QC-filtered,CD45RA on Terminally Differentiated CD8+ T cell,GCST90002101,14,IVW,0.0297306468643789,0.0257001531491295,1.03017701517064,0.979569927325656,1.08339859460903,0.247342797164317,0.964849108640792
CONDUCTIO,QC-filtered,CD3 on naive CD8+ T cell,GCST90001838,25,IVW,-0.0117692009066467,0.01301298404624,0.988299785235863,0.963411498390913,1.01383102353314,0.36577282357053,0.964849108640792
CONDUCTIO,QC-filtered,CD3 on CD28+ CD45RA+ CD8+ T cell,GCST90001864,25,IVW,0.00559789342160482,0.0147174093158258,1.00561359090426,0.977019929148854,1.03504408051567,0.703679230706341,0.964849108640792
CONDUCTIO,QC-filtered,IgD+ B cell %Lymphocyte,GCST90001424,16,IVW,-0.0313043156998846,0.0259811150422194,0.96918059132455,0.921062576287945,1.01981238059395,0.228246809847686,0.964849108640792
CONDUCTIO,QC-filtered,Naive-mature B cell %lymphocyte,GCST90001437,21,IVW,-0.0261462794019188,0.0242591725572033,0.974192574878312,0.928955671550537,1.02163235772484,0.281127744302748,0.964849108640792
CONDUCTIO,QC-filtered,IgD+ CD24- B cell %lymphocyte,GCST90001441,21,IVW,-0.0237758226456619,0.0245575821002806,0.976504595439091,0.930615872457686,1.02465609402876,0.332961337782963,0.964849108640792
CONDUCTIO,QC-filtered,IgD+ CD24- B cell %B cell,GCST90001415,16,IVW,0.0483459757928931,0.0259197105750576,1.04953370577354,0.997546358177889,1.10423038540962,0.0621505017362339,0.922110505351878
CONDUCTIO,QC-filtered,CCR7 on naive CD4+ T cell,GCST90001907,23,IVW,0.018226414432761,0.0187921757737959,1.01839352928182,0.981565777604905,1.05660303582888,0.332099439793255,0.964849108640792
CONDUCTIO,QC-filtered,CD25 on activated CD4 regulatory T cell,GCST90001939,17,IVW,-0.00508893693577306,0.0272500275443429,0.994923989766774,0.943179192139913,1.04950761601047,0.851856815570908,0.980174485331939
CONDUCTIO,QC-filtered,CD3 on CD39+ secreting CD4 regulatory T cell,GCST90001856,26,IVW,0.00212687069145043,0.0170069760036073,1.00212913408528,0.969275104050796,1.03609676673372,0.900477061406758,0.981234719165854
CONDUCTIO,QC-filtered,BAFF-R on CD20- CD38- B cell,GCST90001701,16,IVW,0.00782617817282584,0.0194502604794182,1.00785688275279,0.970158001731264,1.04702068559916,0.687412620390061,0.964849108640792
CONDUCTIO,QC-filtered,SSC-A on CD8+ T cell,GCST90002082,15,IVW,-0.0277424806350369,0.0412870490740431,0.972638807881293,0.897030785660833,1.05461960249203,0.501620955480873,0.964849108640792
CONDUCTIO,QC-filtered,CD33dim HLA DR+ CD11b+ %CD33dim HLA DR+,GCST90001526,22,IVW,-0.0191306119624803,0.0153254904818715,0.981051216849601,0.952020630904944,1.01096705138335,0.211925939174857,0.964849108640792
CONDUCTIO,QC-filtered,CD33dim HLA DR+ CD11b- %CD33dim HLA DR+,GCST90001528,21,IVW,0.0269482203987954,0.0124298113193337,1.0273146074456,1.00258913625184,1.05264984878711,0.0301563026751912,0.78410048393265
CONDUCTIO,QC-filtered,CD25 on naive-mature B cell,GCST90001791,22,IVW,-0.0164516907909386,0.0225015593974581,0.983682899185668,0.941242237221426,1.02803721282929,0.464696340645017,0.964849108640792
CONDUCTIO,QC-filtered,CD20- CD38- B cell Absolute Count,GCST90001423,14,IVW,0.0224588200611254,0.0390404865837276,1.02271291804183,0.947374756720728,1.10404220221161,0.565108718853736,0.964849108640792
CONDUCTIO,QC-filtered,CD25 on B cell,GCST90001775,21,IVW,0.0156042473988644,0.0260805788357242,1.01572662939836,0.965109524570539,1.0689984498164,0.549633712201522,0.964849108640792
CONDUCTIO,QC-filtered,CD25 on IgD+ CD38dim B cell,GCST90001784,18,IVW,-0.0142668588340221,0.0207265247795841,0.985834430530641,0.946588464904899,1.02670755080173,0.49123982902004,0.964849108640792
CONDUCTIO,QC-filtered,CD25 on IgD+ B cell,GCST90001794,22,IVW,-0.0145137034648366,0.0167330059794976,0.985591112626687,0.953791299412524,1.01845114532606,0.38573944250985,0.964849108640792
CONDUCTIO,QC-filtered,FSC-A on plasmacytoid Dendritic Cell,GCST90001964,22,IVW,-0.0215657951686959,0.0161040564639942,0.978665083916485,0.948256972104879,1.01004830404909,0.180520876707382,0.964849108640792
CONDUCTIO,QC-filtered,SSC-A on HLA DR+ Natural Killer,GCST90002077,24,IVW,-0.0263982477651457,0.0201210326002893,0.973947140091951,0.936284897018167,1.01312435425826,0.18952930741486,0.964849108640792
CONDUCTIO,QC-filtered,HLA DR on CD33+ HLA DR+ CD14-,GCST90002108,19,IVW,0.011808029569407,0.0127495845627009,1.01187801956057,0.986905334831346,1.03748261391737,0.354367958228236,0.964849108640792
CONDUCTIO,QC-filtered,CD28 on CD28+ CD45RA- CD8+ T cell,GCST90001893,16,IVW,0.0199147526610964,0.0274297297081125,1.02011437428422,0.966718901049788,1.07645907770215,0.467821586447601,0.964849108640792
CONDUCTIO,QC-filtered,CD19 on switched memory B cell,GCST90001740,27,IVW,-0.0318762833273552,0.0197330878247367,0.968626409903164,0.931878222428665,1.00682374518492,0.106230096642311,0.928412475807204
CONDUCTIO,QC-filtered,CD19 on IgD+ CD24- B cell,GCST90001725,21,IVW,0.053354567285129,0.0298571459922083,1.05480357766419,0.994847879078841,1.11837257821103,0.0739383146563104,0.928412475807204
CONDUCTIO,QC-filtered,FSC-A on granulocyte,GCST90001966,21,IVW,-0.00474159977517576,0.0196255011428239,0.995269623862698,0.957712565527297,1.03429949636133,0.809087014568004,0.977988946500495
CONDUCTIO,QC-filtered,CD3 on Naive CD4+ T cell,GCST90001842,26,IVW,0.00870835338782746,0.0142737919980168,1.00874638140417,0.980916167801388,1.03736618418348,0.54179960908827,0.964849108640792
CONDUCTIO,QC-filtered,CCR7 on naive CD8+ T cell,GCST90001908,21,IVW,0.0130621862335341,0.0212393771655473,1.01314786925087,0.971837185666045,1.05621458008327,0.53855567571631,0.964849108640792
CONDUCTIO,QC-filtered,CD25++ CD4+ T cell %CD4+ T cell,GCST90001505,24,IVW,-0.0304416933354589,0.0216555187706715,0.970016988873545,0.929706336293719,1.01207545003332,0.159805948342463,0.964849108640792
CONDUCTIO,QC-filtered,Memory B cell %lymphocyte,GCST90001436,24,IVW,-0.00760147974928748,0.0276364579102359,0.992427338431398,0.940100083804543,1.04766719951788,0.78327582311899,0.969966031629761
CONDUCTIO,QC-filtered,SSC-A on T cell,GCST90002080,20,IVW,-0.024068505399933,0.0289051778348705,0.976218831205711,0.922449493687705,1.03312236921589,0.405030263901113,0.964849108640792
CONDUCTIO,QC-filtered,CD16-CD56 on HLA DR+ Natural Killer,GCST90001885,21,IVW,0.0202867445946004,0.0197256833522555,1.02049391919215,0.981792207074293,1.06072123164587,0.303741403787439,0.964849108640792
CONDUCTIO,QC-filtered,CD20 on IgD+ CD38- unswitched memory B cell,GCST90001750,19,IVW,-0.0228183787806615,0.0195402315831125,0.97743999149629,0.940712951007704,1.01560091838094,0.242901977522479,0.964849108640792
CONDUCTIO,QC-filtered,CD11b on CD14+ monocyte,GCST90002091,19,IVW,-0.0315550792412688,0.0136601742199906,0.96893758663686,0.943339518130425,0.995230273675293,0.0208878428922511,0.717117501215467
CONDUCTIO,QC-filtered,CD11b on Monocytic Myeloid-Derived Suppressor Cells,GCST90002094,15,IVW,-0.023919629286102,0.0145851087681619,0.976364177690591,0.948848208108382,1.00467809216596,0.101004441240727,0.928412475807204
CONDUCTIO,QC-filtered,CD45 on HLA DR+ CD4+ T cell,GCST90001920,14,IVW,0.0349417987191383,0.0282105584385171,1.03555943616008,0.979854786027007,1.09443089028359,0.215491027691843,0.964849108640792
CONDUCTIO,QC-filtered,CD11c+ HLA DR++ monocyte Absolute Count,GCST90001456,15,IVW,-0.0153163907977542,0.0286149544606161,0.984800308551813,0.931087797592756,1.04161138211795,0.592471283400732,0.964849108640792
CONDUCTIO,QC-filtered,CD28 on CD45RA+ CD4+ T cell,GCST90001890,13,IVW,0.00790395508942484,0.021975450294065,1.00793527380197,0.965443278180737,1.05229746701294,0.719092401704658,0.964849108640792
CONDUCTIO,QC-filtered,CD25 on CD4+ T cell,GCST90001960,14,IVW,-0.0192844193322312,0.0280133915977774,0.980900335545972,0.928494643801177,1.03626388660163,0.491200911335524,0.964849108640792
CONDUCTIO,QC-filtered,CD4 on resting CD4 regulatory T cell,GCST90002064,13,IVW,-0.0368025368695962,0.0251592315173758,0.963866444644351,0.917489052831263,1.0125881287024,0.143526323306926,0.964849108640792
CONDUCTIO,QC-filtered,CD86 on myeloid Dendritic Cell,GCST90001903,21,IVW,0.0514207070039059,0.0199008465233721,1.05276570603546,1.01249243444555,1.09464090209352,0.00977056332823714,0.717117501215467
CONDUCTIO,QC-filtered,CD19 on IgD+ CD38dim B cell,GCST90001730,19,IVW,0.0197139635012826,0.024844216935143,1.01990956693833,0.971435211342014,1.07080277983264,0.427484755772858,0.964849108640792
CONDUCTIO,QC-filtered,CD19 on IgD- CD38dim B cell,GCST90001735,27,IVW,-0.0395696436748324,0.0182561611789208,0.961203009949638,0.927417238151375,0.996219596023339,0.0301991933289054,0.78410048393265
CONDUCTIO,QC-filtered,CD38 on CD3- CD19-,GCST90001810,18,IVW,-0.0133311556125925,0.0158450315123418,0.986757310686718,0.956583288687541,1.01788312811696,0.400154066546574,0.964849108640792
CONDUCTIO,QC-filtered,CD25 on memory B cell,GCST90001790,23,IVW,-0.0405564228550182,0.0193787873479759,0.960254982655213,0.924466147369325,0.997429310243621,0.0363647229320427,0.801125865805911
CONDUCTIO,QC-filtered,CD25 on unswitched memory B cell,GCST90001792,21,IVW,0.0152026276463268,0.0188158551960886,1.0153187754274,0.978556797318772,1.05346181086266,0.419108429942434,0.964849108640792
CONDUCTIO,QC-filtered,CD28 on CD4 regulatory T cell,GCST90001899,18,IVW,-0.0249610210435937,0.0231187007767991,0.975347929331809,0.932138682345755,1.02056013903195,0.280280421833417,0.964849108640792
CONDUCTIO,QC-filtered,CD62L- monocyte Absolute Count,GCST90001450,18,IVW,-0.00795996910799553,0.0264226702489645,0.992071627554371,0.942001508717647,1.04480311877439,0.763219833842031,0.96582235767324
CONDUCTIO,QC-filtered,CD62L- monocyte %monocyte,GCST90001451,23,IVW,0.00623756740953166,0.0172556041146852,1.00625706154404,0.972793531986158,1.04087171698183,0.717740149438221,0.964849108640792
CONDUCTIO,QC-filtered,HLA DR on Dendritic Cell,GCST90002106,16,IVW,-0.0168188608967526,0.0205646290494717,0.98332178653043,0.944475498294186,1.02376582305391,0.413440649006265,0.964849108640792
CONDUCTIO,QC-filtered,Naive CD4-CD8- T cell %T cell,GCST90001568,18,IVW,-0.020267078766346,0.0291294008858168,0.979936918010511,0.925555941192913,1.03751304544842,0.486578996895988,0.964849108640792
CONDUCTIO,QC-filtered,B cell %lymphocyte,GCST90001644,34,IVW,0.00275869044974079,0.0162549755741134,1.00276249913776,0.971318296451672,1.03522463578657,0.865235376668234,0.980174485331939
CONDUCTIO,QC-filtered,CD24+ CD27+ B cell %lymphocyte,GCST90001442,20,IVW,-0.0406953015260118,0.0242318812035993,0.960121632979334,0.91558709216239,1.00682235257135,0.0930718609863124,0.928412475807204
CONDUCTIO,QC-filtered,Naive-mature B cell %B cell,GCST90001408,25,IVW,0.0332052921743741,0.0208983809904101,1.03376274085975,0.99227446199483,1.07698569833337,0.112084542026092,0.928412475807204
CONDUCTIO,QC-filtered,Terminally Differentiated CD8+ T cell %CD8+ T cell,GCST90001558,22,IVW,-0.00343763352211011,0.0178708376370583,0.996568268375216,0.962265888348543,1.03209344273529,0.847460257934334,0.980174485331939
CONDUCTIO,QC-filtered,HLA DR on HLA DR+ Natural Killer,GCST90002117,24,IVW,-0.0301442467056864,0.0174886579452653,0.970305560072845,0.937609229668237,1.00414207765576,0.0847718578418032,0.928412475807204
CONDUCTIO,QC-filtered,CCR2 on CD14- CD16+ monocyte,GCST90001982,22,IVW,0.0155661345426861,0.0240204889199927,1.01568791789312,0.968977367671303,1.06465019821187,0.516961855224565,0.964849108640792
CONDUCTIO,QC-filtered,HLA DR on CD14+ CD16- monocyte,GCST90001988,22,IVW,0.00713901097257113,0.0139434788627089,1.0071645544603,0.980012249801357,1.03506914323452,0.608653529526445,0.964849108640792
CONDUCTIO,QC-filtered,HLA DR on CD14+ monocyte,GCST90001991,21,IVW,0.00406231211376037,0.0143351930904878,1.00407057448794,0.976251866088669,1.03268198870821,0.776885285528577,0.967115757841225
CONDUCTIO,QC-filtered,CD64 on CD14- CD16-,GCST90002001,16,IVW,0.00173394582470669,0.0233744635583909,1.00173544997802,0.956877401587456,1.04869642660376,0.940866202521898,0.998328038888463
CONDUCTIO,QC-filtered,FSC-A on monocyte,GCST90001965,18,IVW,-0.00897826186028187,0.0261092779088355,0.991061922381262,0.941620975761994,1.0430988256174,0.730942197166994,0.964849108640792
CONDUCTIO,QC-filtered,CD62L- Dendritic Cell Absolute Count,GCST90001462,14,IVW,0.0239695562492765,0.0227060673176443,1.02425913512618,0.979675058074688,1.07087219098054,0.291130236056963,0.964849108640792
CONDUCTIO,QC-filtered,FSC-A on HLA DR+ CD4+ T cell,GCST90001977,15,IVW,-0.0262808639622513,0.0262777069518214,0.974061472421324,0.925163158378601,1.02554424423732,0.317252370506056,0.964849108640792
CONDUCTIO,QC-filtered,CD45 on CD4+ T cell,GCST90001916,13,IVW,0.027586022753049,0.0292554723049431,1.02797004011682,0.970683610159416,1.08863731942917,0.345713906816933,0.964849108640792
CONDUCTIO,QC-filtered,CD64 on CD14+ CD16- monocyte,GCST90001987,31,IVW,-0.0202835726813236,0.0136475376330955,0.979920755147597,0.954056155134103,1.00648654819911,0.137214559019455,0.959182542376383
CONDUCTIO,QC-filtered,CD4+ T cell %leukocyte,GCST90001606,13,IVW,-0.0247409737645627,0.0455907116641747,0.975562575605065,0.892169833141713,1.06675018989352,0.587353071791238,0.964849108640792
CONDUCTIO,QC-filtered,Effector Memory CD4+ T cell Absolute Count,GCST90001542,20,IVW,-0.027799724099048,0.0200950301223005,0.972583132260246,0.935021286970953,1.01165391883376,0.16653829426423,0.964849108640792
CONDUCTIO,QC-filtered,CD86 on CD62L+ myeloid Dendritic Cell,GCST90001904,20,IVW,-0.00430530433927636,0.0221690866458666,0.995703950197488,0.953365699235922,1.03992241092108,0.846016891358587,0.980174485331939
CONDUCTIO,QC-filtered,Unswitched memory B cell Absolute Count,GCST90001398,19,IVW,-0.00902220448985553,0.0295134990116025,0.991018373471156,0.935318035553534,1.05003579448373,0.759834935013651,0.96582235767324
CONDUCTIO,QC-filtered,CD16 on CD14+ CD16+ monocyte,GCST90002005,21,IVW,-0.049580878507464,0.0182369544329722,0.951628188756353,0.918213532504625,0.986258835856501,0.00655382547468961,0.701742839302043
CONDUCTIO,QC-filtered,CD24 on unswitched memory B cell,GCST90001772,21,IVW,0.00745421627492278,0.0194909254475507,1.00748206810657,0.969719914030936,1.04671472955223,0.702130963799881,0.964849108640792
CONDUCTIO,QC-filtered,CD8dim Natural Killer T %T cell,GCST90001634,19,IVW,-0.00978184843792733,0.0184024549504424,0.990265838226931,0.955184598673275,1.02663551288552,0.595036817580543,0.964849108640792
CONDUCTIO,QC-filtered,IgD- CD24- B cell %B cell,GCST90001413,14,IVW,0.018251863291258,0.0340045258770661,1.01841944656442,0.952755460988459,1.08860899948507,0.591441653725128,0.964849108640792
CONDUCTIO,QC-filtered,IgD- CD24- B cell Absolute Count,GCST90001414,17,IVW,-0.0172106497351166,0.0244366566265055,0.982936607489298,0.936967674076972,1.03116084052138,0.481248196441069,0.964849108640792
CONDUCTIO,QC-filtered,CD28 on resting CD4 regulatory T cell,GCST90001900,6,IVW,-0.0162862508202285,0.0350021761133697,0.983845653118329,0.918612852303356,1.05371078439928,0.641721988790519,0.964849108640792
CONDUCTIO,QC-filtered,IgD- CD38- B cell Absolute Count,GCST90001446,12,IVW,-0.0579909917273325,0.0504059196459755,0.943658448131116,0.854886477056395,1.04164855876002,0.249946314458346,0.964849108640792
CONDUCTIO,QC-filtered,CD86+ myeloid Dendritic Cell Absolute Count,GCST90001464,19,IVW,0.0320401353840596,0.0187991597177395,1.03255894662337,0.995205313719892,1.07131459564538,0.0883178294100827,0.928412475807204
CONDUCTIO,QC-filtered,CD62L- Dendritic Cell %Dendritic Cell,GCST90001463,18,IVW,-0.00750557049872027,0.0183341162921264,0.992522525958278,0.957489581974143,1.02883726682804,0.682262816797854,0.964849108640792
CONDUCTIO,QC-filtered,Naive CD4+ T cell Absolute Count,GCST90001540,23,IVW,0.0261975443339144,0.02608548815241,1.02654371633964,0.975378173973344,1.08039325635474,0.315236091806435,0.964849108640792
CONDUCTIO,QC-filtered,CD40 on CD14+ CD16+ monocyte,GCST90001981,17,IVW,0.000448567293344867,0.0171513299936923,1.0004486679147,0.96737598855833,1.03465203702639,0.979134905533918,0.998360555852956
CONDUCTIO,QC-filtered,IgD- CD38+ B cell %lymphocyte,GCST90001425,24,IVW,0.0258319389941222,0.021661203102428,1.0261684750747,0.983513397393541,1.07067350788286,0.23304798708507,0.964849108640792
CONDUCTIO,QC-filtered,CD28- CD8+ T cell Absolute Count,GCST90001687,14,IVW,0.0473369436654451,0.03561533887086,1.0484752266551,0.97778143010787,1.12428019909131,0.183809452972723,0.964849108640792
CONDUCTIO,QC-filtered,CD25 on secreting CD4 regulatory T cell,GCST90001941,10,IVW,-0.0280872976530827,0.0406260380116709,0.97230348328406,0.897884056400099,1.05289102403335,0.489338097276651,0.964849108640792
CONDUCTIO,QC-filtered,Effector Memory CD4+ T cell %T cell,GCST90001544,19,IVW,0.0216630889072643,0.0169894337734196,1.02189943721043,0.988431237471132,1.0565008674177,0.202276726086958,0.964849108640792
CONDUCTIO,QC-filtered,CD127 on CD28- CD8+ T cell,GCST90001930,20,IVW,-0.0245977467800374,0.0203535619348652,0.975702312497793,0.937544806975594,1.01541280537254,0.226846172269505,0.964849108640792
CONDUCTIO,QC-filtered,HLA DR on monocyte,GCST90002010,16,IVW,-0.00955260507975961,0.0132409177728181,0.990492876115634,0.965118097874056,1.01653480521909,0.470635250114362,0.964849108640792
CONDUCTIO,QC-filtered,CD25++ CD4+ T cell %T cell,GCST90001506,18,IVW,0.0176052132171476,0.0227432310775099,1.0177610984372,0.973388963544357,1.06415594617011,0.438880028363058,0.964849108640792
CONDUCTIO,QC-filtered,CD86+ myeloid Dendritic Cell %Dendritic Cell,GCST90001465,17,IVW,0.0339457993601975,0.0199600571527119,1.03452853310013,0.994837459296171,1.07580316341876,0.0890018750290147,0.928412475807204
CONDUCTIO,QC-filtered,CD3 on CD28+ CD4+ T cell,GCST90001861,24,IVW,-0.00825709667892082,0.0163584407877677,0.991776899509574,0.960482380894234,1.02409105879178,0.613726979490272,0.964849108640792
CONDUCTIO,QC-filtered,CD3 on CD4+ T cell,GCST90001867,28,IVW,0.00256032470356044,0.0177041375102273,1.00256360513391,0.968371209026126,1.03796330680871,0.885013031250438,0.980174485331939
CONDUCTIO,QC-filtered,CD11c on CD62L+ myeloid Dendritic Cell,GCST90002088,21,IVW,-0.0272320987136526,0.0218210075758138,0.973135351847625,0.932392632445135,1.01565840404828,0.212039763111809,0.964849108640792
CONDUCTIO,QC-filtered,CD127 on granulocyte,GCST90001926,30,IVW,0.0295290473320107,0.0192140356394297,1.02996935289913,0.991902500294327,1.06949712053017,0.124330598517548,0.935939655085881
CONDUCTIO,QC-filtered,CD45 on lymphocyte,GCST90002041,17,IVW,0.0371679735246474,0.0203882211922722,1.0378673404325,0.997210956616222,1.08018128881327,0.0683015613053331,0.928412475807204
CONDUCTIO,QC-filtered,CD11c+ monocyte Absolute Count,GCST90001448,15,IVW,-0.000163845695690146,0.0193226625577981,0.999836167726283,0.962678029404682,1.0384285625712,0.993234452862574,0.998563689481924
CONDUCTIO,QC-filtered,Effector Memory CD4+ T cell %CD4+ T cell,GCST90001543,24,IVW,-7.1885268203003e-05,0.0192556513355099,0.999928117315481,0.962893021744644,1.03838766843119,0.997021341349492,0.999771745049767
CONDUCTIO,QC-filtered,BAFF-R on unswitched memory B cell,GCST90001717,19,IVW,-0.00965928593295381,0.0223714929379732,0.99038721512663,0.947898915064386,1.03477999636666,0.66591032620716,0.964849108640792
CONDUCTIO,QC-filtered,CD19 on unswitched memory B cell,GCST90001738,18,IVW,-0.0225773577979646,0.0325371315742331,0.977675603436138,0.917273004976529,1.04205572427009,0.487747965300668,0.964849108640792
CONDUCTIO,QC-filtered,Immature Myeloid-Derived Suppressor Cells Absolute Count,GCST90001515,19,IVW,0.00515783387525384,0.0156998370211772,1.00517115839911,0.97471140498534,1.0365827797948,0.742512582143239,0.96582235767324
CONDUCTIO,QC-filtered,CD25 on CD39+ CD4 regulatory T cell,GCST90001935,17,IVW,0.0109557550429206,0.0206049159510367,1.01101598909607,0.970998961486635,1.05268220744845,0.594929716291166,0.964849108640792
CONDUCTIO,QC-filtered,CD3 on CD28+ CD4-CD8- T cell,GCST90001862,12,IVW,-0.0509893128380456,0.0232168176468882,0.950288826368749,0.908015095584528,0.994530661343205,0.0280759737806498,0.78410048393265
CONDUCTIO,QC-filtered,CD25++ CD8+ T cell Absolute Count,GCST90001681,26,IVW,0.00351474526745886,0.0179665978117078,1.0035209292275,0.968797384533944,1.03948903194251,0.844902402849623,0.980174485331939
CONDUCTIO,QC-filtered,CD19 on transitional B cell,GCST90001742,23,IVW,-0.0390778712772397,0.0243026227243638,0.961675819306181,0.916942042762875,1.00859197016597,0.107841902407386,0.928412475807204
CONDUCTIO,QC-filtered,CD11c on granulocyte,GCST90002090,20,IVW,-0.0107662956898862,0.022600165875803,0.989291453437686,0.946425880145935,1.03409849664502,0.633802776944046,0.964849108640792
CONDUCTIO,QC-filtered,CD38 on IgD+ CD38+ B cell,GCST90001812,16,IVW,0.00565689050945356,0.0246090135465783,1.00567292092776,0.95831688691904,1.05536909313882,0.818192265568246,0.977988946500495
CONDUCTIO,QC-filtered,CD25 on CD39+ resting CD4 regulatory T cell,GCST90001938,15,IVW,0.0208297882345469,0.0270622441812817,1.02104824242181,0.968301076753962,1.07666875353229,0.441478332956982,0.964849108640792
CONDUCTIO,QC-filtered,CD24 on IgD+ CD38- unswitched memory B cell,GCST90001767,20,IVW,0.0146760843775545,0.014173922284851,1.0147843068833,0.98698069076556,1.04337116129177,0.300468799248396,0.964849108640792
CONDUCTIO,QC-filtered,HLA DR on CD33- HLA DR+,GCST90002112,10,IVW,0.0027653287161435,0.0223663988021987,1.00276915576447,0.959759244514943,1.04770648003581,0.901602190375228,0.981234719165854
CONDUCTIO,QC-filtered,CD45 on CD33+ HLA DR+,GCST90002053,14,IVW,-0.0230078478730816,0.0231803038486477,0.977254814371431,0.933848328228914,1.02267889050398,0.320924310705516,0.964849108640792
CONDUCTIO,QC-filtered,CD127 on CD28+ CD45RA- CD8+ T cell,GCST90001928,16,IVW,0.0158559388440655,0.0276408636662205,1.01598231127676,0.962404773881496,1.07254253598951,0.566210610009508,0.964849108640792
CONDUCTIO,QC-filtered,CD86 on granulocyte,GCST90001906,20,IVW,0.0164240404144092,0.0224794024875683,1.01655965640305,0.972742780914654,1.06235024849488,0.465007504422841,0.964849108640792
CONDUCTIO,QC-filtered,CD62L on CD62L+ myeloid Dendritic Cell,GCST90001831,15,IVW,-0.0234209593095142,0.030481918413196,0.976851182609495,0.920198823857603,1.03699136341564,0.44227582232008,0.964849108640792
CONDUCTIO,QC-filtered,Naive CD4-CD8- T cell %CD4-CD8- T cell,GCST90001567,21,IVW,-0.00588805691265795,0.0281982794597164,0.994129243722084,0.940675838760531,1.05062011003244,0.834597279416287,0.980174485331939
CONDUCTIO,QC-filtered,BAFF-R on IgD+ CD24+ B cell,GCST90001703,15,IVW,-0.00170873681088018,0.0246668403510794,0.998292722248696,0.951176400741642,1.04774294076016,0.944772614518931,0.998328038888463
CONDUCTIO,QC-filtered,Central Memory CD4-CD8- T cell %CD4-CD8- T cell,GCST90001564,15,IVW,0.0126495273689954,0.0269360057399813,1.01272987105279,0.960650092628816,1.0676330534836,0.638630768280302,0.964849108640792
CONDUCTIO,QC-filtered,FSC-A on myeloid Dendritic Cell,GCST90001963,17,IVW,-0.00748561933104248,0.0218463540596491,0.992542328139156,0.950939844637141,1.03596487065257,0.73186294916688,0.964849108640792
CONDUCTIO,QC-filtered,CD127 on CD28+ CD4-CD8- T cell,GCST90001925,24,IVW,-0.0295546951593789,0.0182717801977783,0.970877773874368,0.936723262690096,1.00627761618332,0.105769325169267,0.928412475807204
CONDUCTIO,QC-filtered,CD8 on Effector Memory CD8+ T cell,GCST90002056,22,IVW,0.0347557690300558,0.0197337525338207,1.03536680927785,0.996085296571614,1.07619742349759,0.0781986931270857,0.928412475807204
CONDUCTIO,QC-filtered,CD28 on CD39+ resting CD4 regulatory T cell,GCST90001901,16,IVW,0.0184141741806702,0.0264764939958589,1.01858476054635,0.967074490373808,1.07283867452262,0.486747391661258,0.964849108640792
CONDUCTIO,QC-filtered,CD45RA on CD39+ resting CD4 regulatory T cell,GCST90002103,7,IVW,-0.0146289045129262,0.0322134681865261,0.985477578037302,0.925179688813606,1.04970533676505,0.649739680975752,0.964849108640792
CONDUCTIO,QC-filtered,CD39 on granulocyte,GCST90002033,24,IVW,-0.011764861633572,0.0219102535947765,0.988304073747815,0.94676065433086,1.03167039918538,0.59129739254171,0.964849108640792
CONDUCTIO,QC-filtered,CD45 on Natural Killer T,GCST90001919,20,IVW,0.00681966555328834,0.0183970597943748,1.00684297242398,0.971184739686553,1.04381044068581,0.710866031892816,0.964849108640792
CONDUCTIO,QC-filtered,CD3 on activated CD4 regulatory T cell,GCST90001853,20,IVW,-0.00442227381072825,0.0146778349644728,0.995587490043985,0.967353941491611,1.0246450733469,0.76319394158439,0.96582235767324
CONDUCTIO,QC-filtered,CD3 on secreting CD4 regulatory T cell,GCST90001855,18,IVW,0.00716746992045253,0.0148572167431846,1.00719321771173,0.978286531467368,1.03695404687103,0.629505158260922,0.964849108640792
CONDUCTIO,QC-filtered,CD3 on activated & secreting CD4 regulatory T cell,GCST90001857,20,IVW,0.00528002247667782,0.015847077592056,1.00529398636108,0.974549223657929,1.03700867486246,0.738993976702441,0.96582235767324
CONDUCTIO,QC-filtered,CD3 on CD4 regulatory T cell,GCST90001868,11,IVW,0.000647909370513857,0.0181663837210541,1.00064811930913,0.965645776778336,1.03691921277541,0.971549246322443,0.998360555852956
CONDUCTIO,QC-filtered,Naive CD4+ T cell %T cell,GCST90001575,31,IVW,-0.0170967760805956,0.0223157811839368,0.98304854444617,0.940977822957436,1.02700023014405,0.443599310270179,0.964849108640792
CONDUCTIO,QC-filtered,CD20 on IgD+ CD24+ B cell,GCST90001746,22,IVW,0.0112515474226635,0.0191477652718892,1.01131508415428,0.974064191470976,1.04999055338794,0.556789571754545,0.964849108640792
CONDUCTIO,QC-filtered,CD28+ CD45RA- CD8+ T cell %CD8+ T cell,GCST90001692,19,IVW,-0.018043487970065,0.0262086402731355,0.982118321097446,0.932941834142201,1.03388695986833,0.491165853738332,0.964849108640792
CONDUCTIO,QC-filtered,CD38 on IgD- CD38dim B cell,GCST90001815,17,IVW,0.000132157952714324,0.0189755708981088,1.00013216668596,0.963618354089327,1.03802957529307,0.994443069030141,0.998563689481924
CONDUCTIO,QC-filtered,Immature Myeloid-Derived Suppressor Cells %CD33dim HLA DR- CD66b-,GCST90001516,16,IVW,0.00116352990473651,0.016620671030113,1.00116420706826,0.969075276565767,1.03431569636851,0.944189688154738,0.998328038888463
CONDUCTIO,QC-filtered,Dendritic Cell Absolute Count,GCST90001461,21,IVW,0.045768518000544,0.0217307981519484,1.04683206012972,1.00318120294303,1.09238227241551,0.0351905356792441,0.799484982462827
CONDUCTIO,QC-filtered,CD28- CD8dim T cell %CD8dim T cell,GCST90001662,11,IVW,-0.0346738979423248,0.0409331146643555,0.965920353518764,0.891452786513827,1.04660857361888,0.396946785253281,0.964849108640792
CONDUCTIO,QC-filtered,CD33- HLA DR+ Absolute Count,GCST90001523,25,IVW,0.00619973123543849,0.0236227413374269,1.00621898934694,0.960692556314389,1.0539028827356,0.792976396287978,0.977108203561628
CONDUCTIO,QC-filtered,CD25 on CD4 regulatory T cell,GCST90001936,19,IVW,-0.0214079022460603,0.0241896865089784,0.978819620406654,0.93349498543509,1.02634493408283,0.376155969479463,0.964849108640792
CONDUCTIO,QC-filtered,CD25 on activated & secreting CD4 regulatory T cell,GCST90001943,17,IVW,-0.0207044126520797,0.0224435712710809,0.979508452088546,0.937354425798026,1.02355819880626,0.356262762558573,0.964849108640792
CONDUCTIO,QC-filtered,CD25 on IgD+ CD38- B cell,GCST90001780,25,IVW,-0.0102733383262387,0.0182861660454069,0.989779252166561,0.954932879922297,1.02589720033424,0.574245948344064,0.964849108640792
CONDUCTIO,QC-filtered,HVEM on Effector Memory CD4+ T cell,GCST90001878,20,IVW,-0.0412936674739905,0.0252860184519594,0.959547300735806,0.913150780473524,1.00830119410501,0.102455694748069,0.928412475807204
CONDUCTIO,QC-filtered,Unswitched memory B cell %B cell,GCST90001397,30,IVW,-0.0379438623531085,0.0161372232379022,0.962766986847326,0.932792205076788,0.99370499229973,0.0187066682864223,0.717117501215467
CONDUCTIO,QC-filtered,CD11b on CD66b++ myeloid cell,GCST90002093,16,IVW,-0.00322546663882866,0.0223136188100099,0.996779729590434,0.954125409660388,1.04134091730775,0.885065007548554,0.980174485331939
CONDUCTIO,QC-filtered,Switched memory B cell Absolute Count,GCST90001403,22,IVW,0.0138991867564734,0.0247762997819091,1.01399622953672,0.965931497528121,1.06445266164927,0.574806270924781,0.964849108640792
CONDUCTIO,QC-filtered,IgD- CD38dim B cell Absolute Count,GCST90001438,17,IVW,0.0145672957597584,0.0262965969047929,1.01467391590594,0.963701158321125,1.06834276033611,0.579605363787999,0.964849108640792
CONDUCTIO,QC-filtered,IgD on IgD+ CD38-  B cell,GCST90001822,26,IVW,0.00380980725436515,0.0171929075711197,1.00381707379513,0.970553946536085,1.03822020531566,0.824631670157914,0.977988946500495
CONDUCTIO,QC-filtered,CD28- CD8+ T cell %CD8+ T cell,GCST90001686,23,IVW,-0.0109910935373638,0.0228394267132656,0.989069087843015,0.945769525752824,1.03435100612692,0.63035066979223,0.964849108640792
CONDUCTIO,QC-filtered,CD80 on plasmacytoid Dendritic Cell,GCST90002037,18,IVW,-0.00732250463299662,0.0185194059963569,0.992704239586017,0.957317151756926,1.02939940591629,0.692550438297438,0.964849108640792
CONDUCTIO,QC-filtered,CD80 on CD62L+ plasmacytoid Dendritic Cell,GCST90002038,18,IVW,-0.00740074838232151,0.018528199699595,0.992626569722971,0.957225752045787,1.02933660613935,0.689575216583858,0.964849108640792
CONDUCTIO,QC-filtered,CD25++ CD45RA- CD4 not regulatory T cell Absolute Count,GCST90001510,13,IVW,0.0589336512642598,0.0295431049470089,1.06070486197883,1.00102969534073,1.12393749102774,0.0460607623291792,0.858619851623417
CONDUCTIO,QC-filtered,CD28- CD25++ CD8+ T cell %T cell,GCST90001676,8,IVW,0.0316925236381799,0.0387647560553109,1.03220007938206,0.956679926796039,1.11368178011691,0.413608333078171,0.964849108640792
CONDUCTIO,QC-filtered,HLA DR++ monocyte %leukocyte,GCST90001476,7,IVW,0.00428540259716817,0.0315436023851828,1.00429459806561,0.944084071435776,1.06834515084008,0.891934745081805,0.980174485331939
CONDUCTIO,QC-filtered,CD3 on resting CD4 regulatory T cell,GCST90001869,34,IVW,0.0103965422843367,0.0175300754310224,1.01045077410828,0.976322413361913,1.04577212703766,0.553135052962432,0.964849108640792
CONDUCTIO,QC-filtered,CD14- CD16- Absolute Count,GCST90001581,20,IVW,0.0394283558103287,0.0254949219136323,1.04021597078493,0.989513677754267,1.09351622943886,0.121979514809335,0.935939655085881
CONDUCTIO,QC-filtered,CD4 on Central Memory CD4+ T cell,GCST90002023,14,IVW,-0.0631413141687217,0.0227856371956891,0.938810797047438,0.897806095689487,0.981688269754934,0.00558670033347047,0.701742839302043
CONDUCTIO,QC-filtered,CD11b on basophil,GCST90002096,19,IVW,-0.0196849875750085,0.0171915873720995,0.980507496706857,0.948019223646753,1.01410913103654,0.252194217563958,0.964849108640792
CONDUCTIO,QC-filtered,CD39 on monocyte,GCST90002034,15,IVW,0.0149917867533739,0.0296377434859733,1.015104727276,0.95781733690631,1.07581849652705,0.612972988684468,0.964849108640792
CONDUCTIO,QC-filtered,CD25 on CD28+ CD4+ T cell,GCST90001962,5,IVW,0.0293255908054997,0.0437038904260395,1.0297598202283,0.945223346009816,1.12185685196312,0.502216443327777,0.964849108640792
CONDUCTIO,QC-filtered,IgD+ CD38dim B cell Absolute Count,GCST90001394,21,IVW,-0.0250379888060168,0.0248443106501678,0.975272861873028,0.928919833070461,1.02393890327655,0.313552562937205,0.964849108640792
CONDUCTIO,QC-filtered,CD28- CD4-CD8- T cell %T cell,GCST90001694,21,IVW,0.0134899618050446,0.0253044441854045,1.01358136187183,0.964537324786946,1.06511915167293,0.59395991094716,0.964849108640792
CONDUCTIO,QC-filtered,CD28+ CD45RA- CD8+ T cell Absolute Count,GCST90001693,23,IVW,-0.0257618072733634,0.0188252246397902,0.974567196782424,0.93926347547951,1.01119786496486,0.171164140322101,0.964849108640792
CONDUCTIO,QC-filtered,HLA DR on myeloid Dendritic Cell,GCST90002104,13,IVW,-0.0215773374611582,0.0153329906774403,0.978653787943055,0.949680184283444,1.00851134150803,0.159353534244514,0.964849108640792
CONDUCTIO,QC-filtered,CD62L- plasmacytoid Dendritic Cell Absolute Count,GCST90001470,23,IVW,-0.0279229159672298,0.0213847630965612,0.972463325306994,0.932545764332261,1.01408955489094,0.191641381599882,0.964849108640792
CONDUCTIO,QC-filtered,CD11c on monocyte,GCST90002089,19,IVW,-0.0333789530089951,0.0173703931570831,0.967171977403655,0.934797899245536,1.00066724008458,0.054656068601749,0.887505809855854
CONDUCTIO,QC-filtered,CD4 on activated CD4 regulatory T cell,GCST90002066,19,IVW,0.00575420230431941,0.024322663031836,1.00577078952655,0.958948202798212,1.0548795838118,0.812984338182822,0.977988946500495
CONDUCTIO,QC-filtered,FSC-A on HLA DR+ CD8+ T cell,GCST90001978,14,IVW,-0.0416453780638529,0.0246050394041043,0.95920987712987,0.914048856645867,1.0066021982236,0.0905402368489619,0.928412475807204
CONDUCTIO,QC-filtered,T/B cell,GCST90001588,28,IVW,-0.0198751827297508,0.0196207953139357,0.980321026665207,0.943336762797618,1.01875528784846,0.311076786373039,0.964849108640792
CONDUCTIO,QC-filtered,Central Memory CD8+ T cell Absolute Count,GCST90001548,23,IVW,-0.0128133886399908,0.0269583679328156,0.987268353321246,0.93645689137773,1.04083680780613,0.634571140425943,0.964849108640792
CONDUCTIO,QC-filtered,FSC-A on B cell,GCST90001968,19,IVW,0.0280363138147205,0.01928606347949,1.02843303006985,0.990283146078977,1.06805260851556,0.146027149174653,0.964849108640792
CONDUCTIO,QC-filtered,CD4 on monocyte,GCST90001958,13,IVW,0.0217835271003435,0.0337362591019614,1.02202252034397,0.956629087775028,1.09188612957573,0.518473188296527,0.964849108640792
CONDUCTIO,QC-filtered,Natural Killer Absolute Count,GCST90001645,21,IVW,0.0331440830379466,0.0241050724562874,1.0336994670716,0.985997106491727,1.08370965917543,0.169136481140178,0.964849108640792
CONDUCTIO,QC-filtered,IgD+ B cell Absolute Count,GCST90001400,13,IVW,-0.0150562078352518,0.0220648470742761,0.98505657014957,0.94336377416492,1.02859201611149,0.495010230940969,0.964849108640792
CONDUCTIO,QC-filtered,CD38 on IgD+ B cell,GCST90001818,15,IVW,-0.034753497768048,0.0321816366114994,0.96584346948698,0.906803495559487,1.02872740579268,0.28017912427682,0.964849108640792
CONDUCTIO,QC-filtered,CD28+ CD45RA+ CD8dim T cell %CD8dim T cell,GCST90001665,21,IVW,0.0030490469438343,0.0225577864994782,1.00305370001541,0.959671524936694,1.04839697643522,0.892480587280746,0.980174485331939
CONDUCTIO,QC-filtered,CD28 on secreting CD4 regulatory T cell,GCST90001887,13,IVW,-0.0125250089565047,0.0231301440586171,0.987553102512461,0.943781981499588,1.03335425913979,0.588161926695921,0.964849108640792
CONDUCTIO,QC-filtered,CD28 on activated & secreting CD4 regulatory T cell,GCST90001889,19,IVW,-0.0495764095237867,0.0241329910051256,0.951632441576698,0.907667577131813,0.997726840395572,0.0399466402939018,0.854153161578429
CONDUCTIO,QC-filtered,CD45RA on naive CD8+ T cell,GCST90002100,21,IVW,-0.0161861943255695,0.0199272155303336,0.983944098190618,0.946254672088221,1.02313469821778,0.416639168778502,0.964849108640792
CONDUCTIO,QC-filtered,CD28+ CD45RA- CD8dim T cell Absolute Count,GCST90001669,18,IVW,-0.0303408061774767,0.0232491602017914,0.970114856067435,0.926900402207359,1.01534407766089,0.191883296954358,0.964849108640792
CONDUCTIO,QC-filtered,IgD- CD38- B cell %lymphocyte,GCST90001427,27,IVW,-0.0131293259193016,0.0241460232783342,0.986956487711329,0.94133562782886,1.03478831549397,0.586615636189633,0.964849108640792
CONDUCTIO,QC-filtered,Switched memory B cell %lymphocyte,GCST90001434,17,IVW,-0.0297134007125893,0.0256740509716778,0.970723702406488,0.923084461929055,1.020821544807,0.247136745132464,0.964849108640792
CONDUCTIO,QC-filtered,IgD+ CD24+ B cell %lymphocyte,GCST90001439,15,IVW,-0.0119861349041797,0.0291263133640429,0.988085412665881,0.933257887946085,1.04613397361342,0.680689405729617,0.964849108640792
CONDUCTIO,QC-filtered,CD20- B cell %lymphocyte,GCST90001443,16,IVW,0.0335878338513534,0.0287116656266123,1.03415827384134,0.977568384719973,1.09402406222544,0.242068462281297,0.964849108640792
CONDUCTIO,QC-filtered,HLA DR on CD14- CD16+ monocyte,GCST90001984,19,IVW,-0.0258356687027352,0.0155703863855127,0.974495216514566,0.945204827764096,1.00469326765519,0.0970588921767644,0.928412475807204
CONDUCTIO,QC-filtered,CD20 on IgD- CD38+ B cell,GCST90001756,12,IVW,0.0210922575442847,0.0276496523456837,1.02131627142236,0.967440784063867,1.0781920128387,0.445558892748253,0.964849108640792
CONDUCTIO,QC-filtered,CD33 on CD33dim HLA DR-,GCST90001953,18,IVW,0.0182549051718323,0.0160288653454151,1.01842254447946,0.98692456513394,1.0509257908311,0.254754483515503,0.964849108640792
CONDUCTIO,QC-filtered,IgD- CD24- B cell %lymphocyte,GCST90001440,21,IVW,-0.0386432637696054,0.0250750170716385,0.962093861672757,0.915952934452632,1.0105591279333,0.123290946056084,0.935939655085881
CONDUCTIO,QC-filtered,CD45 on T cell,GCST90001915,12,IVW,0.000857017161737802,0.0279144656366638,1.00085738450588,0.94756917622124,1.05714234829233,0.975507560760079,0.998360555852956
CONDUCTIO,QC-filtered,Terminally Differentiated CD4+ T cell Absolute Count,GCST90001545,10,IVW,-0.00708083583965065,0.0412347217872919,0.992944174212935,0.915851641784559,1.07652603120554,0.863657482148365,0.980174485331939
CONDUCTIO,QC-filtered,CD25++ CD45RA- CD4 not regulatory T cell %T cell,GCST90001512,25,IVW,-0.0134473071490618,0.0192709735809111,0.986642703964961,0.950071137732236,1.02462203789381,0.485301572060521,0.964849108640792
CONDUCTIO,QC-filtered,CD33- HLA DR- Absolute Count,GCST90001522,20,IVW,0.00796309402070856,0.0165297269897501,1.00799488377949,0.97586095107525,1.04118694841318,0.629987934524053,0.964849108640792
CONDUCTIO,QC-filtered,CD14 on CD33dim HLA DR+ CD11b+,GCST90002021,17,IVW,0.00423089333576964,0.0247879420211816,1.00423985620083,0.956615759837591,1.05423486745972,0.86447261742082,0.980174485331939
CONDUCTIO,QC-filtered,CD25++ CD4+ T cell Absolute Count,GCST90001504,21,IVW,0.0115295211711508,0.0250252536273056,1.0115962422746,0.963175177200671,1.06245154734806,0.64500276362085,0.964849108640792
CONDUCTIO,QC-filtered,HLA DR on HLA DR+ T cell,GCST90002113,17,IVW,0.0144890866465206,0.0265283519273834,1.01459456226188,0.96318817322533,1.06874456558611,0.584946581097721,0.964849108640792
CONDUCTIO,QC-filtered,SSC-A on HLA DR+ CD4+ T cell,GCST90002085,19,IVW,-0.0123229661260269,0.0239569437705639,0.9877526506945,0.942444190330816,1.03523933720843,0.606986532339973,0.964849108640792
CONDUCTIO,QC-filtered,HVEM on Effector Memory CD8+ T cell,GCST90001873,16,IVW,-0.0256996531782401,0.0152448668510135,0.974627772007156,0.945936731482729,1.00418903543231,0.0918361396794697,0.928412475807204
CONDUCTIO,QC-filtered,BAFF-R on CD24+ CD27+ B cell,GCST90001702,15,IVW,-0.00365544425527575,0.0271750835695926,0.99635122874767,0.94467095484709,1.05085878414424,0.892995702989154,0.980174485331939
CONDUCTIO,QC-filtered,BAFF-R on IgD- CD38- B cell,GCST90001712,13,IVW,-0.0129705838493875,0.0253540484933265,0.987113171662942,0.939258524325804,1.03740598401264,0.608946097866477,0.964849108640792
CONDUCTIO,QC-filtered,BAFF-R on memory B cell,GCST90001715,14,IVW,0.00106418270803319,0.0230772545708107,1.00106474915137,0.956793933462334,1.04738397364947,0.963219449980348,0.998360555852956
CONDUCTIO,QC-filtered,CD3 on Central Memory CD4+ T cell,GCST90001841,24,IVW,0.00668212422224242,0.0154832517628253,1.0067044994245,0.976612772177153,1.03772342327886,0.666053156066227,0.964849108640792
CONDUCTIO,QC-filtered,CD4 on CD39+ resting CD4 regulatory T cell,GCST90002065,13,IVW,-0.0149347451603684,0.0312887347244022,0.985176225022145,0.926574649292974,1.04748408030533,0.633134127948389,0.964849108640792
CONDUCTIO,QC-filtered,IgD+ CD24- B cell Absolute Count,GCST90001416,19,IVW,0.0300718400750147,0.0236760563546623,1.03052856454369,0.983799433568237,1.07947726549164,0.204035760462624,0.964849108640792
CONDUCTIO,QC-filtered,IgD on IgD+ B cell,GCST90001827,21,IVW,-0.0071219246928626,0.0166325201327283,0.992903376113693,0.961056898514686,1.02580514829206,0.668510787324981,0.964849108640792
CONDUCTIO,QC-filtered,Transitional B cell %B cell,GCST90001576,15,IVW,-0.0525915247498005,0.0314491682091304,0.94876748137552,0.89205107021241,1.00908990950631,0.0944709407173876,0.928412475807204
CONDUCTIO,QC-filtered,Leukocyte Absolute Count,GCST90001600,10,IVW,-0.0374090469651981,0.0243161046877035,0.96328202716033,0.918449265457936,1.01030323475457,0.123939270951838,0.935939655085881
CONDUCTIO,QC-filtered,CD20- CD38- B cell %B cell,GCST90001422,20,IVW,0.0198260639975817,0.0233449207241245,1.02002390571556,0.974403314334476,1.06778040768659,0.395732900865085,0.964849108640792
CONDUCTIO,QC-filtered,CD19 on B cell,GCST90002028,22,IVW,0.0111789756103734,0.0256234826276779,1.01124169384889,0.961709306342672,1.06332522378026,0.662634649426767,0.964849108640792
CONDUCTIO,QC-filtered,CX3CR1 on CD14- CD16-,GCST90001994,14,IVW,0.0258340438223286,0.0216775909080497,1.02617063498532,0.983483877415598,1.07071015223282,0.233363359978562,0.964849108640792
CONDUCTIO,QC-filtered,CCR2 on CD14- CD16-,GCST90002003,16,IVW,-0.0270732689963491,0.0231421667688101,0.973289926935691,0.930129071539477,1.01845357903565,0.242054290843188,0.964849108640792
CONDUCTIO,QC-filtered,Basophil %CD33dim HLA DR- CD66b-,GCST90001533,20,IVW,-0.000195116951804763,0.0175309046533343,0.99980490208227,0.966034539655045,1.03475579929542,0.991119819975561,0.998563689481924
CONDUCTIO,QC-filtered,B cell %CD3- lymphocyte,GCST90001643,23,IVW,0.00716440647349675,0.0233027910936335,1.00719013223346,0.962222983043793,1.05425871169644,0.758502072219411,0.96582235767324
CONDUCTIO,QC-filtered,CD3 on CD28+ CD45RA- CD8+ T cell,GCST90001863,18,IVW,-0.0297769832234007,0.018756142155406,0.970661983318333,0.935626405272612,1.00700950780131,0.112380052092206,0.928412475807204
CONDUCTIO,QC-filtered,CD45 on lymphocyte,GCST90001914,22,IVW,0.0188413612161738,0.023893260543207,1.01901997970399,0.97239864553687,1.06787655844853,0.43036697397266,0.964849108640792
CONDUCTIO,QC-filtered,HVEM on naive CD4+ T cell,GCST90001877,15,IVW,-0.00490287512005285,0.0237929384979591,0.995109124353519,0.949768475038038,1.04261427431771,0.836740687928242,0.980174485331939
CONDUCTIO,QC-filtered,CD34 on Hematopoietic Stem Cell,GCST90001870,11,IVW,-0.00635145364089773,0.0173894308986553,0.993668674204541,0.960371838058945,1.02811993747239,0.714926343000097,0.964849108640792
CONDUCTIO,QC-filtered,Basophil Absolute Count,GCST90001532,17,IVW,-0.0055428175844674,0.0175546417891849,0.994472515486368,0.960837561024446,1.02928489078147,0.752194890822803,0.96582235767324
CONDUCTIO,QC-filtered,CD11c+ HLA DR++ monocyte %monocyte,GCST90001457,17,IVW,-0.012118098057771,0.0278422182577308,0.987955030401825,0.935486236487401,1.04336665150863,0.663386902119988,0.964849108640792
CONDUCTIO,QC-filtered,CD28+ CD45RA+ CD8dim T cell %T cell,GCST90001664,24,IVW,0.0143459426592565,0.0205356109304685,1.01444933954491,0.974428771788908,1.05611358397578,0.484809201496341,0.964849108640792
CONDUCTIO,QC-filtered,HVEM on Central Memory CD8+ T cell,GCST90001882,16,IVW,-0.00290154458481648,0.0158810114942912,0.997102660827292,0.966544124844463,1.02862734423931,0.855029275965928,0.980174485331939
CONDUCTIO,QC-filtered,CD3- lymphocyte Absolute Count,GCST90001639,17,IVW,-0.0340068965784447,0.026337049392068,0.966564838624289,0.917936086451836,1.01776975658078,0.196627774859761,0.964849108640792
CONDUCTIO,QC-filtered,Activated & resting CD4 regulatory T cell Absolute Count,GCST90001498,18,IVW,-0.0281952524755061,0.0252695081203139,0.972198524099707,0.925220225309127,1.0215621582914,0.264515627098127,0.964849108640792
CONDUCTIO,QC-filtered,CD16 on CD14- CD16+ monocyte,GCST90001979,17,IVW,-0.00341238237885609,0.0251587108836061,0.996593433181042,0.948642317826664,1.04696833821939,0.892110443859252,0.980174485331939
CONDUCTIO,QC-filtered,CD24 on IgD+ CD24+ B cell,GCST90001765,19,IVW,0.00973345725302777,0.0207010915247242,1.00978098141439,0.969630040158436,1.05159451357303,0.638218897396021,0.964849108640792
CONDUCTIO,QC-filtered,PDL-1 on CD14+ CD16+ monocyte,GCST90001998,24,IVW,-0.0161708351634022,0.0219994578574953,0.983959210863644,0.942433638174257,1.02731448605657,0.462305343504393,0.964849108640792
CONDUCTIO,QC-filtered,T cell %leukocyte,GCST90001605,17,IVW,0.0114501044421504,0.0298811302553316,1.01151590779997,0.953975860933876,1.07252654247539,0.701580029934959,0.964849108640792
CONDUCTIO,QC-filtered,PDL-1 on CD14- CD16-,GCST90002000,25,IVW,-0.00515210065825789,0.0221549665972524,0.994861148648652,0.952585097095863,1.03901342579046,0.816112147828658,0.977988946500495
CONDUCTIO,QC-filtered,CD39+ activated CD4 regulatory T cell %activated CD4 regulatory T cell,GCST90001490,5,IVW,0.0334251949091371,0.0418944732822438,1.03399009311034,0.952478282540091,1.12247757481581,0.424961844630013,0.964849108640792
CONDUCTIO,QC-filtered,CD127 on CD4+ T cell,GCST90001931,8,IVW,0.0134899978122273,0.0314177133520172,1.01358139836804,0.953049228458045,1.07795822129762,0.667649947264292,0.964849108640792
CONDUCTIO,QC-filtered,CD28 on CD39+ activated CD4 regulatory T cell,GCST90001886,16,IVW,-0.0203553599324277,0.0175632335145451,0.979850411855191,0.94669406253051,1.01416800591991,0.24646611168615,0.964849108640792
CONDUCTIO,QC-filtered,CD3 on CD39+ resting CD4 regulatory T cell,GCST90001852,17,IVW,-0.0174502301116969,0.0222700224099211,0.982701143374138,0.940729656946602,1.02654522482398,0.4332896009649,0.964849108640792
CONDUCTIO,QC-filtered,CD127 on CD45RA- CD4 not regulatory T cell,GCST90001923,14,IVW,-0.0151568175611869,0.0287873679439019,0.984957468863377,0.930921746197578,1.04212971652276,0.598534377205472,0.964849108640792
CONDUCTIO,QC-filtered,CD8 on Central Memory CD8+ T cell,GCST90002054,14,IVW,0.00472726013888593,0.0267648488757101,1.0047384512606,0.953389410219707,1.05885312404393,0.859805341586646,0.980174485331939
CONDUCTIO,QC-filtered,CD25 on switched memory B cell,GCST90001793,20,IVW,-0.00626457132046822,0.0257215915252792,0.993755010195175,0.944897436001777,1.04513885069549,0.807577016509985,0.977988946500495
CONDUCTIO,QC-filtered,CD45 on CD33dim HLA DR+ CD11b-,GCST90002044,10,IVW,-0.0173031987317842,0.0269864537193934,0.982845641901939,0.93221048453259,1.03623116434909,0.521405156392702,0.964849108640792
CONDUCTIO,QC-filtered,CD25 on CD20- CD38- B cell,GCST90001776,18,IVW,0.0199926348000291,0.0262775195534563,1.02019382606755,0.968980003502389,1.07411446983877,0.446760668294712,0.964849108640792
CONDUCTIO,QC-filtered,CD24 on IgD- CD38dim B cell,GCST90001770,6,IVW,0.0470561119668192,0.0567004056801683,1.04818082291712,0.937933073095159,1.17138745721544,0.406590884300368,0.964849108640792
CONDUCTIO,QC-filtered,CD62L on granulocyte,GCST90001835,16,IVW,0.0296484436531581,0.026747469272689,1.03009233479241,0.977480832391704,1.0855355757737,0.267664110815372,0.964849108640792
CONDUCTIO,QC-filtered,CD28+ CD45RA- CD8+ T cell %T cell,GCST90001691,20,IVW,-0.0111297960583307,0.0206179088616298,0.988931910980729,0.949764806230952,1.02971421781466,0.58932664241272,0.964849108640792
CONDUCTIO,QC-filtered,CD28- CD8+ T cell %T cell,GCST90001685,16,IVW,-0.0210778490224206,0.0296579311734301,0.979142736297519,0.923848303867124,1.03774666688362,0.477271051260877,0.964849108640792
CONDUCTIO,QC-filtered,Terminally Differentiated CD8+ T cell %T cell,GCST90001559,16,IVW,0.0211583049635161,0.0203372239955692,1.02138372895398,0.981471155314519,1.06291939006361,0.298166498588768,0.964849108640792
CONDUCTIO,QC-filtered,BAFF-R on IgD- CD27- B cell,GCST90001711,15,IVW,0.0405895909699091,0.0227045545973627,1.04142460776382,0.996096303270674,1.08881561962921,0.0738197385792746,0.928412475807204
CONDUCTIO,QC-filtered,CD28 on CD45RA- CD4 not regulatory T cell,GCST90001891,13,IVW,-0.00724376806567932,0.0209355341790677,0.992782404787393,0.95286941008674,1.03436724153598,0.729340085641523,0.964849108640792
CONDUCTIO,QC-filtered,CD4 regulatory T cell %CD4+ T cell,GCST90001478,14,IVW,-0.00561129162978537,0.0385918081157005,0.994404422261611,0.921962032719398,1.07253891149594,0.884394190516366,0.980174485331939
CONDUCTIO,QC-filtered,CD28 on activated CD4 regulatory T cell,GCST90001902,16,IVW,-0.0200577027874825,0.02248786737576,0.980142114742828,0.93787938764487,1.02430928512559,0.372428087975136,0.964849108640792
CONDUCTIO,QC-filtered,BAFF-R on CD20- B cell,GCST90001830,13,IVW,-0.0430356686682486,0.0428085655449157,0.957877223252793,0.880786115563482,1.04171575665619,0.314749966816059,0.964849108640792
CONDUCTIO,QC-filtered,CD11b on Granulocytic Myeloid-Derived Suppressor Cells,GCST90002092,1,Wald,0.100958862976679,0.056115203683315,1.10623113377145,0.991013684228323,1.23484401961429,0.0719972269175561,0.928412475807204
CONDUCTIO,QC-filtered,HVEM on Central Memory CD4+ T cell,GCST90001876,13,IVW,-0.018287398696437,0.0171867456731619,0.981878801116298,0.949354100134619,1.01551779251269,0.287310214970863,0.964849108640792
CONDUCTIO,QC-filtered,CD24 on CD24+ CD27+ B cell,GCST90001764,2,IVW,0.0501906873044512,0.0848015283983412,1.05147157954183,0.890457139392992,1.24160100882323,0.553943909072246,0.964849108640792
CONDUCTIO,QC-filtered,CD3 on Effector Memory CD4+ T cell,GCST90001843,17,IVW,0.0310278388745152,0.0186643477894103,1.03151421968174,0.994461113717229,1.06994790518091,0.0964301607951656,0.928412475807204
CONDUCTIO,QC-filtered,CD3- lymphocyte %lymphocyte,GCST90001640,6,IVW,-0.0761803855640836,0.0605379266311798,0.926649037373067,0.822970665958393,1.04338887639993,0.208250364067644,0.964849108640792
CONDUCTIO,QC-filtered,IgD+ CD38dim B cell %B cell,GCST90001393,14,IVW,0.0811684471851833,0.0326044503696697,1.08455357117706,1.01741360380139,1.15612416067373,0.0127926583132987,0.717117501215467
CONDUCTIO,QC-filtered,BAFF-R on IgD- CD38dim B cell,GCST90001714,3,IVW,0.123143881946465,0.056219771480216,1.13104714650556,1.01303738502805,1.26280398584,0.0284951182359201,0.78410048393265
CONDUCTIO,QC-filtered,CD28 on CD28+ CD4-CD8- T cell,GCST90001895,3,IVW,-0.124170513131073,0.0791521983186905,0.883229225861439,0.756306303245593,1.03145228602237,0.116704724632428,0.935939655085881
CONDUCTIO,QC-filtered,HLA DR on Hematopoietic Stem Cell,GCST90002107,3,IVW,-0.0260630333506381,0.0281126211340439,0.974273675938982,0.92204267543691,1.02946340870597,0.353877897811608,0.964849108640792
CONDUCTIO,QC-filtered,Central Memory CD4-CD8- T cell Absolute Count,GCST90001563,2,IVW,-0.0362747152514336,0.0983163665065884,0.964375328478986,0.795348581123447,1.16932348438377,0.712158232326242,0.964849108640792
AVBLOCK,all instruments,CD4+CD8+ T cell Absolute Count,GCST90001594,18,IVW,-0.0273622675722794,0.0304098360845729,0.973008688173598,0.916708679096677,1.03276638353007,0.368235497385976,0.991312533955064
AVBLOCK,all instruments,CD25 on CD45RA- CD4 not regulatory T cell,GCST90001933,26,IVW,0.00659023898317825,0.0160849508489722,1.00661200239052,0.975372075697877,1.03885250419094,0.682015328795282,0.991312533955064
AVBLOCK,all instruments,HVEM on T cell,GCST90001871,25,IVW,0.0068786699820444,0.0161150673603946,1.00690238237112,0.975595854290308,1.03921352593505,0.669490688391962,0.991312533955064
AVBLOCK,all instruments,CX3CR1 on CD14+ CD16+ monocyte,GCST90001996,34,IVW,0.00676137566058815,0.0174339499396169,1.0067842853656,0.972963056450911,1.04178117610806,0.698143250003161,0.991312533955064
AVBLOCK,all instruments,CD33dim HLA DR+ CD11b+ Absolute Count,GCST90001525,26,IVW,-0.0431889189253926,0.0239396779995963,0.957730439569623,0.913830029833214,1.00373982571533,0.0712199147235695,0.991312533955064
AVBLOCK,all instruments,CD45RA- CD4+ T cell %T cell,GCST90001536,26,IVW,0.00483922718713079,0.00836162222814401,1.00485095515749,0.988516887669786,1.02145492371013,0.562762850941046,0.991312533955064
AVBLOCK,all instruments,CD45RA- CD4+ T cell %CD4+ T cell,GCST90001535,30,IVW,0.013766060038434,0.0197720884712951,1.01386124853156,0.975322363533176,1.0539229589182,0.486280404688983,0.991312533955064
AVBLOCK,all instruments,Memory B cell Absolute Count,GCST90001407,17,IVW,0.00392560581943039,0.0135272138156739,1.00393332110237,0.977665459653349,1.03090694599869,0.771662762868857,0.991312533955064
AVBLOCK,all instruments,CD45RA on naive CD4+ T cell,GCST90002098,33,IVW,-0.0291618076080159,0.0154016347342132,0.971259294608085,0.94237781088566,1.00102592236974,0.0583016549902739,0.991312533955064
AVBLOCK,all instruments,CD33 on Monocytic Myeloid-Derived Suppressor Cells,GCST90001952,21,IVW,-0.0120064360883382,0.0131155106575489,0.988065353565567,0.962989436147165,1.01379423934558,0.359961767262091,0.991312533955064
AVBLOCK,all instruments,CD33 on Immature Myeloid-Derived Suppressor Cells,GCST90001955,23,IVW,0.00322206585297904,0.0136744949625155,1.00322726228674,0.976695890304256,1.03047934345442,0.81372293591434,0.991312533955064
AVBLOCK,all instruments,CD127 on CD8+ T cell,GCST90001927,25,IVW,-0.0121876955647389,0.0257321046932039,0.987886273587391,0.939297878328697,1.0389880697685,0.635758267741448,0.991312533955064
AVBLOCK,all instruments,CD28+ CD45RA+ CD8+ T cell %CD8+ T cell,GCST90001689,41,IVW,0.00262819902314929,0.00292979069489405,1.00263165576587,0.996890653323387,1.00840572011835,0.369686722558445,0.991312533955064
AVBLOCK,all instruments,CD39+ CD4+ T cell Absolute Count,GCST90001660,29,IVW,-0.0121152338607117,0.013742693466072,0.98795786010377,0.961701744726847,1.0149308126898,0.378005936657291,0.991312533955064
AVBLOCK,all instruments,CD33 on CD33dim HLA DR+ CD11b-,GCST90001949,22,IVW,-0.00678856792682955,0.0132220668985856,0.993234422347323,0.96782516852261,1.01931076998291,0.607652568412165,0.991312533955064
AVBLOCK,all instruments,Central Memory CD8+ T cell %CD8+ T cell,GCST90001549,31,IVW,-0.00484614107903458,0.0264060418075253,0.995165582516932,0.944970108673703,1.04802736884054,0.854386929029266,0.992936160763742
AVBLOCK,all instruments,CD64 on CD14- CD16+ monocyte,GCST90001990,20,IVW,0.0526541131891875,0.030727118531172,1.05406499487967,0.992457548992094,1.1194967629185,0.0866014786418908,0.991312533955064
AVBLOCK,all instruments,CD33 on basophil,GCST90001954,22,IVW,-0.005908298495045,0.00916833652370333,0.99410912117675,0.976404591416413,1.01213467602934,0.51930035606778,0.991312533955064
AVBLOCK,all instruments,CD4+ T cell Absolute Count,GCST90001590,24,IVW,0.0261487709746053,0.0215366845248906,1.02649364957509,0.984065193375479,1.07075142959145,0.224690352920458,0.991312533955064
AVBLOCK,all instruments,Lymphocyte Absolute Count,GCST90001601,19,IVW,0.0178796926965586,0.0334781461885831,1.01804049131571,0.953384042485062,1.08708180100946,0.593292708681986,0.991312533955064
AVBLOCK,all instruments,Naive-mature B cell Absolute Count,GCST90001409,23,IVW,0.0220546898611897,0.0164875294203526,1.0222996923699,0.989791595308985,1.05587546507034,0.181007666604319,0.991312533955064
AVBLOCK,all instruments,CD3 on CD28- CD8+ T cell,GCST90001865,20,IVW,-0.0369995665353014,0.0265368514676861,0.96367655306873,0.914834782657668,1.01512591840525,0.163235738070241,0.991312533955064
AVBLOCK,all instruments,CD27 on CD20- CD38- B cell,GCST90001797,20,IVW,0.00244592148013754,0.0246800174609045,1.00244891518637,0.955111766138685,1.05213218304382,0.921054633593216,0.993348687063394
AVBLOCK,all instruments,CD4 on HLA DR+ CD4+ T cell,GCST90001959,21,IVW,-0.0154879441312472,0.0380160651517532,0.984631377266832,0.91393170454086,1.06080021546625,0.683710379322063,0.991312533955064
AVBLOCK,all instruments,CD20 on unswitched memory B cell,GCST90001760,22,IVW,-0.0140145314816387,0.0186432782217602,0.986083214908617,0.950701299437483,1.02278192666808,0.452219254636753,0.991312533955064
AVBLOCK,all instruments,T cell Absolute Count,GCST90001603,19,IVW,-0.0538468941237395,0.0276681792812945,0.9475771750298,0.897558907644527,1.00038281052085,0.0516346970479919,0.991312533955064
AVBLOCK,all instruments,HLA DR+ CD4+ T cell %T cell,GCST90001625,25,IVW,-0.0224356651859199,0.0370708588434623,0.977814142660882,0.909286958668469,1.05150578535488,0.545039280355136,0.991312533955064
AVBLOCK,all instruments,B cell Absolute Count,GCST90001642,30,IVW,-0.00206866031376969,0.0252113086339279,0.997933477889318,0.949819962755563,1.04848420263047,0.934604668330261,0.993348687063394
AVBLOCK,all instruments,CD28+ CD45RA+ CD8dim T cell Absolute Count,GCST90001666,54,IVW,0.00222429561257304,0.00193940519166616,1.00222677119319,0.998424304151209,1.00604371980934,0.251424700727847,0.991312533955064
AVBLOCK,all instruments,CD24 on IgD+ CD38+ B cell,GCST90001768,25,IVW,-0.0138635891407946,0.0184020289594181,0.986232067851166,0.951294523256542,1.02245273979748,0.451225888487383,0.991312533955064
AVBLOCK,all instruments,Resting CD4 regulatory T cell %CD4 regulatory T cell,GCST90001481,30,IVW,-0.00930541160617911,0.0107408099082351,0.990737749754574,0.970098759231814,1.01181583776689,0.386292591936591,0.991312533955064
AVBLOCK,all instruments,Secreting CD4 regulatory T cell %CD4 regulatory T cell,GCST90001493,31,IVW,-0.00594762923956811,0.01311700347961,0.994070022893764,0.968838879386444,1.01995825254434,0.650239887271723,0.991312533955064
AVBLOCK,all instruments,Activated & resting CD4 regulatory T cell %CD4 regulatory T cell,GCST90001499,29,IVW,0.00432785228061547,0.0130822042421102,1.00433723095826,0.978912254613372,1.03042256211952,0.740780598802914,0.991312533955064
AVBLOCK,all instruments,Activated & secreting CD4 regulatory T cell %CD4 regulatory T cell,GCST90001502,38,IVW,-0.00541551937637456,0.00386736897031876,0.99459911811356,0.987088515158407,1.00216686807821,0.161420203134932,0.991312533955064
AVBLOCK,all instruments,CD39+ activated CD4 regulatory T cell Absolute Count,GCST90001489,30,IVW,0.00494204892482416,0.0109038642024088,1.0049542809908,0.983704703623483,1.02666288283632,0.650377152894032,0.991312533955064
AVBLOCK,all instruments,FSC-A on Natural Killer,GCST90001969,18,IVW,-0.0309588378615741,0.0239269765562502,0.969515479585078,0.92509789752118,1.01606572415063,0.195703965405939,0.991312533955064
AVBLOCK,all instruments,SSC-A on Natural Killer,GCST90002076,23,IVW,0.00559247844176956,0.0262124436657537,1.00560814554169,0.955248358415768,1.05862285286404,0.831052382421245,0.991312533955064
AVBLOCK,all instruments,SSC-A on Natural Killer T,GCST90002084,20,IVW,0.00370632717037507,0.0121014625799009,1.00371320409434,0.98018638219605,1.02780472609323,0.759398309763738,0.991312533955064
AVBLOCK,all instruments,CD45RA- CD28- CD8+ T cell Absolute Count,GCST90001695,350,IVW,4.79678861867641e-06,7.2227124691841e-06,1.00000479680012,0.999990640315981,1.00001895348467,0.506609894129928,0.991312533955064
AVBLOCK,all instruments,BAFF-R on IgD- CD38+ B cell,GCST90001713,15,IVW,0.0028472040150628,0.0424093732717956,1.00285126115,0.922862369623934,1.08977317213613,0.946473278290737,0.993348687063394
AVBLOCK,all instruments,CD14 on CD14+ CD16+ monocyte,GCST90001983,15,IVW,-0.0081716982213453,0.0362786059034478,0.991861599343617,0.92378329340685,1.06495694312064,0.821786032815305,0.991312533955064
AVBLOCK,all instruments,CD20 on IgD+ CD24- B cell,GCST90001747,25,IVW,0.00890530817439247,0.0115606019989868,1.00894507839894,0.986340675139152,1.03206751671458,0.44111290441887,0.991312533955064
AVBLOCK,all instruments,CD20 on IgD+ CD38dim B cell,GCST90001752,28,IVW,0.030679859620959,0.019773317416443,1.0311553365791,0.991956679494467,1.07190298743432,0.120763044932678,0.991312533955064
AVBLOCK,all instruments,CD38 on naive-mature B cell,GCST90001816,26,IVW,-0.0119411778978313,0.0215189603287009,0.988129835026592,0.947319993885541,1.03069773378778,0.57895330917504,0.991312533955064
AVBLOCK,all instruments,IgD on IgD+ CD24+ B cell,GCST90001820,28,IVW,-0.00139375628839107,0.0213088013143167,0.99860721453882,0.957759087689356,1.04119750127855,0.947849520359582,0.993348687063394
AVBLOCK,all instruments,CD24 on IgD+ CD38- B cell,GCST90001766,22,IVW,-0.000960012287863278,0.0164324338399822,0.999040448376507,0.967376430533234,1.0317408880245,0.953412654194984,0.993348687063394
AVBLOCK,all instruments,Hematopoietic Stem Cell Absolute Count,GCST90001514,19,IVW,0.0248605442206182,0.0192787225647675,1.02517214437484,0.987157426757749,1.06465078123757,0.197212936580594,0.991312533955064
AVBLOCK,all instruments,CCR2 on CD14+ CD16- monocyte,GCST90002004,27,IVW,0.00643986583682215,0.00889728498984739,1.00646064635679,0.98906145304453,1.0241659196674,0.469187772901625,0.991312533955064
AVBLOCK,all instruments,Monocytic Myeloid-Derived Suppressor Cells Absolute Count,GCST90001530,19,IVW,0.0097952055263549,0.0171554812989191,1.00984333557154,0.976452143733706,1.04437638745803,0.568022335099924,0.991312533955064
AVBLOCK,all instruments,CD3 on CD8+ T cell,GCST90001859,23,IVW,-0.0134067091576598,0.0168155016811733,0.986682760490075,0.95469334722047,1.01974405989392,0.425286845510346,0.991312533955064
AVBLOCK,all instruments,CD8+ Natural Killer T Absolute Count,GCST90001630,26,IVW,0.0327054483874749,0.0387612739689303,1.0332461500947,0.957655998395392,1.11480281904394,0.398800130754818,0.991312533955064
AVBLOCK,all instruments,CD39+ resting CD4 regulatory T cell Absolute Count,GCST90001483,28,IVW,-0.0396587300359935,0.0147136185485178,0.961117383685267,0.933795867060969,0.989238288373898,0.00703093030208057,0.672196431388177
AVBLOCK,all instruments,CD39+ resting CD4 regulatory T cell %CD4 regulatory T cell,GCST90001485,36,IVW,0.00257049077097867,0.00460101826466396,1.00257379731492,0.993573235533881,1.01165589320887,0.57638103810166,0.991312533955064
AVBLOCK,all instruments,CD127 on CD45RA+ CD4+ T cell,GCST90001932,22,IVW,0.00402404101951344,0.0290790571758611,1.00403214834366,0.948407600266887,1.06291910210748,0.889937898912452,0.993348687063394
AVBLOCK,all instruments,HVEM on naive CD8+ T cell,GCST90001872,21,IVW,0.00221754718480961,0.0110519352862957,1.00222000776105,0.980743574064811,1.02416673483111,0.840973930673678,0.991312533955064
AVBLOCK,all instruments,HVEM on CD8+ T cell,GCST90001881,16,IVW,-0.0339455145242802,0.0234972516717865,0.966624170180495,0.923116228411468,1.01218271071349,0.148553710486487,0.991312533955064
AVBLOCK,all instruments,CD8 on CD28+ CD45RA+ CD8+ T cell,GCST90002119,22,IVW,-0.00920993673536437,0.0214571343295402,0.990832344828897,0.95002600600392,1.0333914328184,0.667759550414718,0.991312533955064
AVBLOCK,all instruments,CD14+ CD16- monocyte Absolute Count,GCST90001582,28,IVW,-0.0279269110829696,0.0140927759074993,0.972459440211217,0.945965904947316,0.999694976224943,0.0475187312631825,0.991312533955064
AVBLOCK,all instruments,IgD+ CD38+ B cell %lymphocyte,GCST90001429,25,IVW,0.02721694092962,0.0226564275612887,1.02759070506712,0.982957242144762,1.07425085432642,0.229638709914809,0.991312533955064
AVBLOCK,all instruments,PDL-1 on monocyte,GCST90002002,15,IVW,0.0083767264684055,0.032315110324579,1.00841190941225,0.946522165931309,1.07434840476653,0.795465415369121,0.991312533955064
AVBLOCK,all instruments,CD45 on HLA DR+ CD8+ T cell,GCST90001921,18,IVW,0.0157061821655086,0.0182458505460834,1.01583017253253,0.980144092556609,1.05281554749347,0.389343555185084,0.991312533955064
AVBLOCK,all instruments,CD28- CD8dim T cell Absolute Count,GCST90001663,28,IVW,-0.019369943308898,0.0171423160392677,0.980816448635785,0.94840952392332,1.01433071015037,0.258497704144408,0.991312533955064
AVBLOCK,all instruments,IgD+ CD38- B cell %B cell,GCST90001395,22,IVW,0.024545905208771,0.0164182473118651,1.02484963596389,0.992395204379514,1.05836542911552,0.134904499928388,0.991312533955064
AVBLOCK,all instruments,CD33+ HLA DR+ CD14dim Absolute Count,GCST90001520,28,IVW,-0.00353316175308408,0.0118203771096451,0.996473072518511,0.973652221819805,1.01982880745508,0.765013052704828,0.991312533955064
AVBLOCK,all instruments,CD4RA on Terminally Differentiated CD4+ T cell,GCST90002099,33,IVW,-0.0083002022482443,0.0127408812539197,0.991734149323071,0.967275106165832,1.01681167711654,0.514748184630965,0.991312533955064
AVBLOCK,all instruments,CD4 on CD45RA+ CD4+ T cell,GCST90002027,27,IVW,-0.0137706427700624,0.0218035987697981,0.986323738802747,0.945061101072631,1.02938795874857,0.527663581328014,0.991312533955064
AVBLOCK,all instruments,Activated CD4 regulatory T cell %CD4+ T cell,GCST90001488,19,IVW,-0.0192868294089008,0.0230518181386892,0.980897971503807,0.937565747471135,1.02623291550005,0.402776507846998,0.991312533955064
AVBLOCK,all instruments,Natural Killer %lymphocyte,GCST90001647,27,IVW,0.0201474455300445,0.0208183545647345,1.02035177524432,0.97955535524511,1.06284728031905,0.333157653158628,0.991312533955064
AVBLOCK,all instruments,Unswitched memory B cell %lymphocyte,GCST90001432,22,IVW,-0.016460797864848,0.0283839550272681,0.983673940753594,0.930444035068494,1.03994908371515,0.561959665976111,0.991312533955064
AVBLOCK,all instruments,CD4 on Effector Memory CD4+ T cell,GCST90002025,20,IVW,-0.0190000832746802,0.0265114699472436,0.981179280535412,0.931496762641851,1.03351167622054,0.473575224309167,0.991312533955064
AVBLOCK,all instruments,CD45RA+ CD28- CD8+ T cell Absolute Count,GCST90001698,719,IVW,2.6778421117941e-07,4.69839484397241e-06,1.00000026778425,0.999991058970288,1.00000947668301,0.954549314227272,0.993348687063394
AVBLOCK,all instruments,CD62L on monocyte,GCST90001834,25,IVW,-0.00482709643340386,0.0177871919761374,0.995184535273269,0.961087337058726,1.03049142472112,0.786098424989777,0.991312533955064
AVBLOCK,all instruments,CX3CR1 on CD14- CD16+ monocyte,GCST90002012,18,IVW,0.0408050600481136,0.0314220213460183,1.04164902674088,0.979432357877122,1.10781789695205,0.194076614331095,0.991312533955064
AVBLOCK,all instruments,CD4 on CD39+ activated CD4 regulatory T cell,GCST90002067,23,IVW,-0.00444507492202214,0.0206260574313812,0.995564789801618,0.956119716326895,1.03663718441077,0.829371481972112,0.991312533955064
AVBLOCK,all instruments,CD28+ CD45RA- CD8dim T cell %T cell,GCST90001667,28,IVW,0.00426623226215839,0.00782882344295887,1.00427534558626,0.98898287627922,1.01980427967253,0.585795380433778,0.991312533955064
AVBLOCK,all instruments,CD4 on CD28+ CD4+ T cell,GCST90002062,21,IVW,0.00512922742270866,0.0310181378398376,1.00514240442934,0.945854693439554,1.06814636559877,0.868658906360351,0.993348687063394
AVBLOCK,all instruments,CD3 on CD45RA+ CD4+ T cell,GCST90001858,32,IVW,0.00906003499872579,0.0146131169789076,1.00910120134474,0.980608801400159,1.03842147154037,0.535262180906018,0.991312533955064
AVBLOCK,all instruments,FSC-A on HLA DR+ T cell,GCST90001975,19,IVW,0.00333803921805408,0.01294566893642,1.00334361667516,0.97820553562946,1.0291277001157,0.796522764878422,0.991312533955064
AVBLOCK,all instruments,SSC-A on HLA DR+ CD8+ T cell,GCST90002086,24,IVW,-0.00605787425919959,0.0229855818515907,0.993960437665299,0.950174511740913,1.03976410589425,0.792125880683912,0.991312533955064
AVBLOCK,all instruments,CD28- CD127- CD25++ CD8+ T cell %T cell,GCST90001673,18,IVW,0.00405812663099549,0.022762116447638,1.00406637197665,0.960255752058523,1.04987580357958,0.858499755214856,0.992979938389335
AVBLOCK,all instruments,CD80 on granulocyte,GCST90002040,33,IVW,-0.000493293266346267,0.0200370263487299,0.999506828382773,0.961014420011197,1.03954100914755,0.980358795825655,0.993956005199104
AVBLOCK,all instruments,HLA DR+ CD8+ T cell Absolute Count,GCST90001627,34,IVW,0.00628266229561856,0.0155937905114941,1.00630243961476,0.976011248915868,1.03753373857057,0.687025372218776,0.991312533955064
AVBLOCK,all instruments,HLA DR on CD14+ CD16+ monocyte,GCST90002007,19,IVW,-0.00120341333462897,0.013889953325734,0.998797310476821,0.97197254398169,1.02636239428027,0.930958369439858,0.993348687063394
AVBLOCK,all instruments,BAFF-R on IgD+ CD38- naive B cell,GCST90001706,28,IVW,-0.00934381688813633,0.014243324599845,0.990699700922592,0.963424905832544,1.01874665214302,0.511815272510479,0.991312533955064
AVBLOCK,all instruments,Transitional B cell %lymphocyte,GCST90001578,26,IVW,0.0186437378393807,0.0285740923149567,1.01881861743218,0.963327845668451,1.07750583551975,0.514098023777173,0.991312533955064
AVBLOCK,all instruments,CD45 on CD8+ T cell,GCST90001917,26,IVW,-0.0013385816104528,0.00630680649417669,0.9986623138903,0.986393494509232,1.011083733557,0.831916709649864,0.991312533955064
AVBLOCK,all instruments,CD19 on memory B cell,GCST90001736,24,IVW,-0.0433737061535389,0.0232818191228886,0.957553479566861,0.914840018983459,1.00226121201983,0.0624642173844346,0.991312533955064
AVBLOCK,all instruments,CD33 on CD14+ monocyte,GCST90001946,21,IVW,0.00481541661359548,0.0125344656833572,1.00482702936477,0.980441659259898,1.0298189080462,0.700849440509387,0.991312533955064
AVBLOCK,all instruments,BAFF-R on IgD- CD24- B cell,GCST90001710,22,IVW,-0.00790550612239763,0.0170163919597512,0.992125660208511,0.959581876832643,1.02577315121161,0.64223096329888,0.991312533955064
AVBLOCK,all instruments,FSC-A on lymphocyte,GCST90001971,17,IVW,0.00782005048472996,0.0208461194731382,1.00785070693909,0.967501461308826,1.04988270105919,0.707562156837058,0.991312533955064
AVBLOCK,all instruments,FSC-A on T cell,GCST90001972,22,IVW,0.00419296616495627,0.0181849731389639,1.00420176894654,0.969039813058807,1.04063958896823,0.817646444771658,0.991312533955064
AVBLOCK,all instruments,FSC-A on CD4+ T cell,GCST90001973,25,IVW,0.0206876060888733,0.0141440039133371,1.02090307791201,0.992990043592122,1.04960074999334,0.143565520853953,0.991312533955064
AVBLOCK,all instruments,SSC-A on lymphocyte,GCST90002079,21,IVW,-0.0118964365852407,0.0314587688530506,0.988174046241447,0.929084465389868,1.05102171227826,0.705312008496662,0.991312533955064
AVBLOCK,all instruments,SSC-A on CD4+ T cell,GCST90002081,30,IVW,0.0105578403936443,0.0232160214629674,1.01061377105289,0.965657983631051,1.05766245560495,0.64927811447328,0.991312533955064
AVBLOCK,all instruments,CD86 on monocyte,GCST90001905,16,IVW,0.0164213963917774,0.021931717240262,1.01655696859987,0.973784970325525,1.06120766072565,0.454007265968418,0.991312533955064
AVBLOCK,all instruments,CD86+ plasmacytoid Dendritic Cell %Dendritic Cell,GCST90001467,26,IVW,0.0247268777754271,0.0259177731911194,1.02503512241642,0.974264981239418,1.07845095781908,0.340057820746549,0.991312533955064
AVBLOCK,all instruments,CD127- CD8+ T cell %T cell,GCST90001682,14,IVW,0.0515745282251575,0.0468180256814383,1.05292765619742,0.960608057201688,1.15411966501195,0.270637548692548,0.991312533955064
AVBLOCK,all instruments,CD20 on IgD- CD24- B cell,GCST90001753,28,IVW,0.0154140681121752,0.0261435438192717,1.01553347759983,0.964806922692161,1.06892707739728,0.555463092282941,0.991312533955064
AVBLOCK,all instruments,CD20 on IgD- CD27- B cell,GCST90001754,19,IVW,-0.045351283814412,0.028260886875092,0.955661714369404,0.904165715223379,1.01009062490921,0.108551750217757,0.991312533955064
AVBLOCK,all instruments,SSC-A on granulocyte,GCST90002078,25,IVW,-0.0268202122132549,0.0207973121664376,0.97353625571989,0.93465019371962,1.01404016986212,0.197189601731141,0.991312533955064
AVBLOCK,all instruments,CD28- CD4-CD8- T cell %CD4-CD8- T cell,GCST90001653,27,IVW,0.0336887791685966,0.0224916328300831,1.03426267254557,0.989659018263358,1.08087660101172,0.134175844021182,0.991312533955064
AVBLOCK,all instruments,CD28+ CD4-CD8- T cell %CD4-CD8- T cell,GCST90001656,27,IVW,-0.0336887791685966,0.0224916328300831,0.966872368639935,0.925174991357923,1.01044903501692,0.134175844021182,0.991312533955064
AVBLOCK,all instruments,Naive CD8+ T cell Absolute Count,GCST90001551,28,IVW,0.00515086499966343,0.00542749589607776,1.00516415351076,0.994527999280078,1.01591405795955,0.342604551270604,0.991312533955064
AVBLOCK,all instruments,CD28+ CD45RA+ CD8+ T cell Absolute Count,GCST90001690,59,IVW,0.00268289574978193,0.00270938347344635,1.00268649793529,0.997375952987799,1.0080253189682,0.322064786920446,0.991312533955064
AVBLOCK,all instruments,CD127- CD8+ T cell %CD8+ T cell,GCST90001683,14,IVW,-0.0361951461516597,0.0229970390433167,0.964452066008645,0.921945338774935,1.00891858606752,0.115509500129201,0.991312533955064
AVBLOCK,all instruments,CD8 on CD28+ CD45RA- CD8+ T cell,GCST90002118,14,IVW,0.0293678196692827,0.0327393040934396,1.02980330673366,0.965797381902127,1.09805107202812,0.369708096481887,0.991312533955064
AVBLOCK,all instruments,Naive CD8+ T cell %T cell,GCST90001553,29,IVW,0.0042224767223979,0.00450901990354883,1.0042314039378,0.995395431392372,1.01314581205602,0.349040970122271,0.991312533955064
AVBLOCK,all instruments,CD28+ CD45RA+ CD8+ T cell %T cell,GCST90001688,110,IVW,-0.000352606727349994,0.00117086738060991,0.999647455431096,0.997355994761953,1.00194418081216,0.763300104927097,0.991312533955064
AVBLOCK,all instruments,FSC-A on CD8+ T cell,GCST90001974,18,IVW,0.032141940713552,0.0245320634507872,1.03266407197822,0.984185480106351,1.08353060181238,0.190127755889947,0.991312533955064
AVBLOCK,all instruments,CD39+ CD4+ T cell %CD4+ T cell,GCST90001659,25,IVW,-0.00327893872827521,0.0146741133373042,0.996726431120578,0.968467648055183,1.02580977329431,0.823184863780844,0.991312533955064
AVBLOCK,all instruments,CD25++ CD45RA+ CD4 not regulatory T cell Absolute Count,GCST90001507,26,IVW,-0.0333318908596145,0.0165179561625438,0.967217495666818,0.936405111285162,0.999043760707433,0.0435997402995729,0.991312533955064
AVBLOCK,all instruments,CD45RA on resting CD4 regulatory T cell,GCST90002102,29,IVW,-5.46113844221006e-05,0.0101546929467665,0.999945390106752,0.980240029192392,1.02004687976224,0.99570904106481,0.998590887675843
AVBLOCK,all instruments,CD8+ Natural Killer T %lymphocyte,GCST90001632,27,IVW,-0.00390506864992354,0.0321415001849042,0.996102546215242,0.935286472413679,1.06087312480408,0.903298060958194,0.993348687063394
AVBLOCK,all instruments,Granulocytic Myeloid-Derived Suppressor Cells Absolute Count,GCST90001524,21,IVW,0.0216642596678536,0.0217448261570647,1.02190063361072,0.979262443248409,1.06639533883267,0.319106875089639,0.991312533955064
AVBLOCK,all instruments,CD19 on IgD- CD24- B cell,GCST90001731,23,IVW,-0.0474586004728257,0.0343540575200777,0.95364995297254,0.891551074131085,1.02007418216717,0.167138962344102,0.991312533955064
AVBLOCK,all instruments,CD19 on IgD- CD27- B cell,GCST90001732,26,IVW,-0.0554162849735696,0.0270725154521975,0.946091222407016,0.89719826039926,0.997648614161691,0.0406622705791154,0.991312533955064
AVBLOCK,all instruments,Monocyte Absolute Count,GCST90001583,27,IVW,-0.0286351585017647,0.0127725799649663,0.971770942165067,0.947745364900255,0.996405573701505,0.0249662596373364,0.991312533955064
AVBLOCK,all instruments,CCR2 on CD14+ CD16+ monocyte,GCST90001992,37,IVW,0.000426448957075241,0.0129154747797097,1.00042653989936,0.975419268334605,1.02607493436522,0.973659874762188,0.993348687063394
AVBLOCK,all instruments,SSC-A on plasmacytoid Dendritic Cell,GCST90002072,26,IVW,1.0179784122879e-05,0.0202211725732455,1.00001017983594,0.961151418969696,1.04043997651012,0.999598327336783,0.999598327336783
AVBLOCK,all instruments,CD3 on HLA DR+ CD4+ T cell,GCST90001849,26,IVW,0.0125266987877337,0.0209411836291853,1.01260548651867,0.971884779530767,1.05503233811602,0.549716599099337,0.991312533955064
AVBLOCK,all instruments,CCR2 on granulocyte,GCST90002018,17,IVW,-0.018062780220875,0.0317986878921693,0.982099374007237,0.922758054334655,1.0452568535106,0.570010934585031,0.991312533955064
AVBLOCK,all instruments,CD4 on CD4+ T cell,GCST90002022,22,IVW,-0.0158637442883495,0.0226116625032812,0.984261422159515,0.94159258044843,1.02886382844064,0.482945152765238,0.991312533955064
AVBLOCK,all instruments,CD3 on CD39+ CD8+ T cell,GCST90001866,16,IVW,0.0191037881103748,0.0270583116770073,1.01928743304433,0.966638681007594,1.07480374164123,0.480173886624991,0.991312533955064
AVBLOCK,all instruments,SSC-A on CD14+ monocyte,GCST90002074,23,IVW,-0.0154944376474443,0.0290341450710791,0.984624983567795,0.930157491022379,1.04228194431921,0.59357498204555,0.991312533955064
AVBLOCK,all instruments,CD4+ T cell %T cell,GCST90001591,23,IVW,-0.0264388304080603,0.0258094212426822,0.973907615544958,0.925866432552512,1.02444155038818,0.305652614727988,0.991312533955064
AVBLOCK,all instruments,CD28 on CD39+ secreting CD4 regulatory T cell,GCST90001888,21,IVW,0.0182322984330139,0.0224100374837892,1.01839952152723,0.974635840148646,1.06412830590009,0.415887130023529,0.991312533955064
AVBLOCK,all instruments,Central Memory CD4+ T cell Absolute Count,GCST90001537,28,IVW,0.012005613753048,0.0241887839278819,1.01207797040592,0.965215001723741,1.06121622265683,0.619661760277498,0.991312533955064
AVBLOCK,all instruments,CD4 regulatory T cell %T cell,GCST90001479,16,IVW,-0.00449297855667015,0.0266566358518386,0.995517099771931,0.944839710091344,1.04891262015491,0.866150535701947,0.993348687063394
AVBLOCK,all instruments,HLA DR on B cell,GCST90002116,22,IVW,0.0166462149019654,0.0174427533993137,1.0167855351151,0.982611376104481,1.05214823434872,0.339914536772256,0.991312533955064
AVBLOCK,all instruments,CD16-CD56 on Natural Killer T,GCST90001883,28,IVW,-0.0099115437311857,0.0195656915827888,0.990137413736844,0.952885719370669,1.02884540942535,0.612451133719473,0.991312533955064
AVBLOCK,all instruments,CD45 on Granulocytic Myeloid-Derived Suppressor Cells,GCST90002047,18,IVW,-0.0205314547324809,0.021443015880409,0.979677880484218,0.939356919663421,1.0217295784162,0.338320427657222,0.991312533955064
AVBLOCK,all instruments,Effector Memory CD4-CD8- T cell %T cell,GCST90001571,23,IVW,0.02325620361116,0.0255501384449276,1.02352873771645,0.973534449298132,1.07609040202605,0.362707394378807,0.991312533955064
AVBLOCK,all instruments,IgD+ B cell %B cell,GCST90001391,17,IVW,-0.00819340296203213,0.0332917743580848,0.991840071478436,0.929186988858454,1.05871771687088,0.80559791057923,0.991312533955064
AVBLOCK,all instruments,CD11c+ monocyte %monocyte,GCST90001449,20,IVW,0.00176945154567609,0.0250719646316732,1.00177101794882,0.953732925406047,1.05222871693871,0.943736082756388,0.993348687063394
AVBLOCK,all instruments,IgD on IgD+ CD38dim B cell,GCST90001825,22,IVW,-0.0150414401852415,0.0156086636600204,0.985071117227651,0.955391169342999,1.01567309509824,0.335216563764527,0.991312533955064
AVBLOCK,all instruments,CD4 on Terminally Differentiated CD4+ T cell,GCST90002026,24,IVW,0.0253528555878877,0.0217547924712864,1.02567697253105,0.982862017304242,1.07035701192918,0.243860456742358,0.991312533955064
AVBLOCK,all instruments,CD80 on monocyte,GCST90002039,23,IVW,0.0168781872159007,0.022185303155599,1.01702142856777,0.973745788372976,1.06222034386848,0.446787074345909,0.991312533955064
AVBLOCK,all instruments,CD38 on transitional B cell,GCST90001819,24,IVW,-0.0304770776530869,0.0192625413491165,0.969982666091553,0.934044069079874,1.00730404877462,0.113605286057412,0.991312533955064
AVBLOCK,all instruments,CD8 on HLA DR+ CD8+ T cell,GCST90002060,25,IVW,0.0197493724623597,0.0149238117930026,1.01994568151588,0.990543696070587,1.05022039650511,0.185720211146687,0.991312533955064
AVBLOCK,all instruments,CD28 on CD39+ CD8+ T cell,GCST90001897,20,IVW,-0.00844712896947868,0.0143868599064844,0.991588447780162,0.964017940192862,1.01994746028727,0.557108375979697,0.991312533955064
AVBLOCK,all instruments,BAFF-R on switched memory B cell,GCST90001718,19,IVW,-0.0142627876540459,0.014888593228315,0.985838444048204,0.957485759730991,1.01503069668257,0.338079173496921,0.991312533955064
AVBLOCK,all instruments,HLA DR+ T cell%T cell,GCST90001619,31,IVW,-0.0177512686963349,0.013514281459294,0.982405356936614,0.956725023716457,1.0087749995173,0.189008042420063,0.991312533955064
AVBLOCK,all instruments,HLA DR+ T cell%lymphocyte,GCST90001620,25,IVW,-0.00767649236080889,0.0158688878899621,0.992352896657068,0.961962786414822,1.02370308437173,0.628566978379508,0.991312533955064
AVBLOCK,all instruments,CD24 on transitional B cell,GCST90001774,20,IVW,0.0362065319081024,0.0322531489970649,1.03686997111197,0.973351858244412,1.10453309138674,0.26161865489772,0.991312533955064
AVBLOCK,all instruments,Central Memory CD4+ T cell %CD4+ T cell,GCST90001538,32,IVW,-0.00421231574817155,0.00741430484334853,0.995796543609973,0.98143022963198,1.01037315371609,0.569944249971432,0.991312533955064
AVBLOCK,all instruments,CD39+ secreting CD4 regulatory T cell %secreting CD4 regulatory T cell,GCST90001496,28,IVW,-0.0115194570427301,0.0147205370431274,0.988546637866618,0.960432370815789,1.01748388010635,0.433895372359006,0.991312533955064
AVBLOCK,all instruments,CD86+ plasmacytoid Dendritic Cell Absolute Count,GCST90001466,20,IVW,-0.0336967690211809,0.0291680770331174,0.966864643503103,0.913139880836409,1.02375031304088,0.247983180047586,0.991312533955064
AVBLOCK,all instruments,CD45 on CD33+ HLA DR+ CD14dim,GCST90002043,16,IVW,-0.0086973980398161,0.0195227806425633,0.991340314912465,0.954123607707718,1.03000870330818,0.655958487045758,0.991312533955064
AVBLOCK,all instruments,Natural Killer T Absolute Count,GCST90001621,34,IVW,0.0227611514285336,0.0241861162498093,1.02302216298168,0.975657538896225,1.07268616725466,0.346662144641221,0.991312533955064
AVBLOCK,all instruments,HLA DR+ Natural Killer %Natural Killer,GCST90001649,23,IVW,-0.066618985252096,0.0220410476261807,0.935551592391467,0.895995902966753,0.976853553825556,0.00250699134257273,0.610870223806888
AVBLOCK,all instruments,HLA DR+ Natural Killer  %CD3- lymphocyte,GCST90001650,23,IVW,-0.0262097137833453,0.0219123095785519,0.974130779534929,0.93317937490054,1.01687928511972,0.231650409665402,0.991312533955064
AVBLOCK,all instruments,IgD+ CD38+ B cell Absolute Count,GCST90001392,29,IVW,-0.00921826269344264,0.0101984982277464,0.990824095234675,0.971215092037975,1.01082900764811,0.366056741359001,0.991312533955064
AVBLOCK,all instruments,IgD- CD38+ B cell %B cell,GCST90001410,18,IVW,0.0366722859798955,0.0348085208761052,1.03735301000287,0.968940168184585,1.11059619850233,0.292092033404435,0.991312533955064
AVBLOCK,all instruments,BAFF-R on IgD+ CD38+ B cell,GCST90001708,27,IVW,-0.00220100352639747,0.0161472279996874,0.997801416905745,0.966716916533581,1.02988543031721,0.89157744870408,0.993348687063394
AVBLOCK,all instruments,CD45RA+ CD28- CD8+ T cell %T cell,GCST90001700,206,IVW,9.74068699352828e-05,0.00020618817971647,1.00009741161414,0.999693325072063,1.00050166149224,0.63662893491741,0.991312533955064
AVBLOCK,all instruments,CD8+ Natural Killer T %T cell,GCST90001631,27,IVW,0.0256730205372024,0.0303520792682887,1.0260054109214,0.966748350403097,1.08889464647243,0.397641680359588,0.991312533955064
AVBLOCK,all instruments,PDL-1 on CD14+ CD16- monocyte,GCST90001993,15,IVW,-0.00266482650828791,0.0362338724776339,0.997338720990016,0.928965928252793,1.07074381754432,0.941372296578992,0.993348687063394
AVBLOCK,all instruments,CD64 on monocyte,GCST90002006,29,IVW,-0.0197735345892543,0.0209905145217299,0.980420679539336,0.940903266732914,1.02159780165927,0.346181178495439,0.991312533955064
AVBLOCK,all instruments,IgD on IgD+ CD38- unswitched memory B cell,GCST90001823,17,IVW,0.00902505874288415,0.0195320395065919,1.00906590738018,0.971166125122027,1.04844472958635,0.644035189056116,0.991312533955064
AVBLOCK,all instruments,CD20- CD38- B cell %lymphocyte,GCST90001444,23,IVW,-0.0281759550821941,0.023545738894483,0.972217285178024,0.928369364481264,1.01813619208242,0.231443886960914,0.991312533955064
AVBLOCK,all instruments,CD3- lymphocyte %leukocyte,GCST90001641,20,IVW,0.0323024237085507,0.0233237063572472,1.03282981030005,0.986677499912219,1.08114091700616,0.166064392563344,0.991312533955064
AVBLOCK,all instruments,CD4 regulatory T cell Absolute Count,GCST90001513,21,IVW,0.000114810631906903,0.0248682367156102,1.0001148172229,0.952536423011068,1.05006971226041,0.996316373121163,0.998590887675843
AVBLOCK,all instruments,IgD on IgD+ CD38+ B cell,GCST90001824,25,IVW,-0.0037608580478755,0.022424863095764,0.996246205121453,0.953406813493479,1.04101049748338,0.866811981042645,0.993348687063394
AVBLOCK,all instruments,IgD on transitional B cell,GCST90001828,32,IVW,-0.00594113963102669,0.0203967424371134,0.994076474040008,0.955119557910619,1.03462234445449,0.770838063616298,0.991312533955064
AVBLOCK,all instruments,CD25 on IgD- CD27- B cell,GCST90001786,21,IVW,0.0409810873595712,0.0338619762533645,1.04183240155756,0.974931188768397,1.11332447401376,0.22618716209449,0.991312533955064
AVBLOCK,all instruments,CD25 on IgD- CD38- B cell,GCST90001787,22,IVW,-0.0215206910259836,0.0167006344743951,0.978709226761603,0.94719155125673,1.01127564881401,0.197531904925503,0.991312533955064
AVBLOCK,all instruments,CD28- CD25++ CD8+ T cell %CD8+ T cell,GCST90001677,25,IVW,0.0301657797521741,0.0318794188338411,1.03062537661152,0.968198761009184,1.0970770772403,0.344023013741063,0.991312533955064
AVBLOCK,all instruments,CD33+ HLA DR+ CD14dim %CD33+ HLA DR+,GCST90001521,25,IVW,-0.00198730954254844,0.0171729197648726,0.998014663849597,0.964981612448986,1.03217849584826,0.907871719741232,0.993348687063394
AVBLOCK,all instruments,CD45 on Monocytic Myeloid-Derived Suppressor Cells,GCST90002049,17,IVW,-0.011998307222176,0.0216101700555652,0.98807338544923,0.947096547087107,1.03082311727963,0.578747083087514,0.991312533955064
AVBLOCK,all instruments,HLA DR++ monocyte %monocyte,GCST90001475,22,IVW,-0.0203331003444121,0.0329345380869507,0.97987222316443,0.918618107709496,1.04521080704937,0.536984606813705,0.991312533955064
AVBLOCK,all instruments,CD45 on HLA DR+ T cell,GCST90001918,18,IVW,0.00499491747705009,0.018972417389275,1.00500741287318,0.968321595033774,1.04308310907268,0.792340484174709,0.991312533955064
AVBLOCK,all instruments,CD28- CD127- CD25++ CD8+ T cell Absolute Count,GCST90001675,29,IVW,-0.0165443871443566,0.0145850496493677,0.983591719594067,0.955872173635346,1.01211511072095,0.256652476204545,0.991312533955064
AVBLOCK,all instruments,CD28- CD25++ CD8+ T cell Absolute Count,GCST90001678,25,IVW,-0.0209400929173879,0.0190451535719048,0.97927762847804,0.94339652283557,1.01652343465837,0.271551257109516,0.991312533955064
AVBLOCK,all instruments,CD14 on CD14+ CD16- monocyte,GCST90001986,16,IVW,-0.0529683997203571,0.0390310363995504,0.948409982029421,0.878561620407103,1.02381150407669,0.174754483304633,0.991312533955064
AVBLOCK,all instruments,CD80 on CD62L+ myeloid Dendritic Cell,GCST90002036,26,IVW,0.00573891657820679,0.0166293417992515,1.00575541570723,0.973502785013769,1.0390765920717,0.730013283872327,0.991312533955064
AVBLOCK,all instruments,Secreting CD4 regulatory T cell Absolute Count,GCST90001492,23,IVW,0.0177167458383576,0.00988765075709319,1.01787461833074,0.998338332455243,1.03779320593041,0.073164146467576,0.991312533955064
AVBLOCK,all instruments,CD66b on CD66b++ myeloid cell,GCST90001836,26,IVW,0.00574292207694479,0.0165899963707937,1.00575944426734,0.973581761234274,1.03900062635782,0.729216633553537,0.991312533955064
AVBLOCK,all instruments,CD19 on IgD- CD38- B cell,GCST90001733,22,IVW,-0.0328231461178014,0.0386645676719327,0.967709687671359,0.897084069136532,1.04389551863781,0.395925502183888,0.991312533955064
AVBLOCK,all instruments,CD38 on IgD- CD38+ B cell,GCST90001814,14,IVW,-0.00201300062650034,0.00844224774952472,0.997989024100441,0.981611366375269,1.01463993423665,0.811536991934876,0.991312533955064
AVBLOCK,all instruments,CD39 on CD39+ CD8+ T cell,GCST90002029,23,IVW,0.00713013354677585,0.0292582419005494,1.0071556134714,0.951023961563247,1.06660028636879,0.807465820739769,0.991312533955064
AVBLOCK,all instruments,Terminally Differentiated CD4-CD8- T cell Absolute Count,GCST90001572,22,IVW,-0.00505449027272606,0.00681273589051334,0.994958262168489,0.981760929791193,1.00833299983519,0.458137118312975,0.991312533955064
AVBLOCK,all instruments,FSC-A on Natural Killer T,GCST90001976,20,IVW,-0.0151976317011368,0.0393832263322426,0.984917269491755,0.91175063273741,1.06395542038793,0.699577413091896,0.991312533955064
AVBLOCK,all instruments,CD19 on CD20- CD38- B cell,GCST90001722,19,IVW,0.0434213221285274,0.0342246025982779,1.04437782165546,0.976618778626684,1.11683807257893,0.204542152597376,0.991312533955064
AVBLOCK,all instruments,CD20 on CD20- CD38- B cell,GCST90001744,16,IVW,-0.0253658533331842,0.0321981341692502,0.974953156910133,0.915326729243099,1.03846378326027,0.430810735196141,0.991312533955064
AVBLOCK,all instruments,CD27 on Plasma Blast-Plasma Cell,GCST90001807,19,IVW,0.0318729355720033,0.030032604973541,1.03238631739375,0.973370030844586,1.09498081363468,0.288563692218801,0.991312533955064
AVBLOCK,all instruments,CD62L on CD62L+ Dendritic Cell,GCST90001833,26,IVW,0.0199070701427619,0.0271915711472807,1.02010653726694,0.967162831581513,1.07594844776358,0.464104820088349,0.991312533955064
AVBLOCK,all instruments,HLA DR on HLA DR+ CD4+ T cell,GCST90002114,22,IVW,-0.0359335302459035,0.027203105179603,0.96470441501727,0.91461541238395,1.01753654678534,0.186523081163211,0.991312533955064
AVBLOCK,all instruments,IgD+ CD38- B cell Absolute Count,GCST90001396,17,IVW,0.0881801817461831,0.0328998383766248,1.09218489608185,1.02397949144191,1.16493333821519,0.00735645889344106,0.672196431388177
AVBLOCK,all instruments,IgD+ CD38- B cell %lymphocyte,GCST90001431,20,IVW,0.0102620736458496,0.0238267082760957,1.01031490930341,0.964217608800922,1.05861602883412,0.666689253741196,0.991312533955064
AVBLOCK,all instruments,CD28 on CD28+ CD45RA+ CD8+ T cell,GCST90001896,15,IVW,0.00528328662107981,0.0244426998470455,1.00529726779117,0.958271244295264,1.05463103755308,0.828870920520321,0.991312533955064
AVBLOCK,all instruments,SSC-A on B cell,GCST90002075,13,IVW,-0.00983811354735089,0.0290415182314316,0.990210122378628,0.935420152857638,1.0482092816428,0.734790307625499,0.991312533955064
AVBLOCK,all instruments,IgD- CD27- B cell Absolute Count,GCST90001401,25,IVW,0.0288455855630534,0.0273683693586309,1.02926564872807,0.975508487412822,1.08598519574264,0.291894221460007,0.991312533955064
AVBLOCK,all instruments,CD3 on CD39+ CD4+ T cell,GCST90001860,27,IVW,0.000885235509485589,0.0161552216441097,1.00088562744608,0.969689851908581,1.03308499852444,0.956301283817005,0.993348687063394
AVBLOCK,all instruments,CD123 on plasmacytoid Dendritic Cell,GCST90001944,18,IVW,0.00207969157479357,0.0104331824064438,1.00208185563325,0.981798342149971,1.0227844174094,0.842001215272082,0.991312533955064
AVBLOCK,all instruments,CD123 on CD62L+ plasmacytoid Dendritic Cell,GCST90001945,18,IVW,0.0020788813290823,0.0104314107605564,1.00208104370105,0.981800955877584,1.02278003716895,0.842035490315365,0.991312533955064
AVBLOCK,all instruments,HLA DR on CD14- CD16-,GCST90002009,25,IVW,0.000959794090793344,0.00259571281190325,1.00096025484054,0.995880704648332,1.00606571358789,0.711560368023292,0.991312533955064
AVBLOCK,all instruments,Central Memory CD4+ T cell %T cell,GCST90001539,24,IVW,0.0192676908628791,0.0315670170839317,1.01945451075208,0.958291121401974,1.08452168269313,0.541613995413662,0.991312533955064
AVBLOCK,all instruments,FSC-A on CD14+ monocyte,GCST90001967,23,IVW,0.015084236687035,0.0235998105075654,1.01519857797888,0.969309427046447,1.06326021802009,0.522713839779219,0.991312533955064
AVBLOCK,all instruments,CD25 on CD39+ secreting CD4 regulatory T cell,GCST90001942,16,IVW,-0.0175091960744121,0.0194732007630975,0.982643199163543,0.945844906895578,1.02087313662404,0.36857638945635,0.991312533955064
AVBLOCK,all instruments,CD4+CD8+ T cell %T cell,GCST90001595,8,IVW,0.0337936026444733,0.0587301340863143,1.03437109323629,0.921900978148298,1.16056234225052,0.565017540340952,0.991312533955064
AVBLOCK,all instruments,CD3 on CD39+ activated CD4 regulatory T cell,GCST90001854,26,IVW,-0.00134589538952053,0.0189460051895908,0.998655009921482,0.962250886480114,1.03643638353966,0.943367131116056,0.993348687063394
AVBLOCK,all instruments,FSC-A on myeloid Dendritic Cell,GCST90001963,20,IVW,-0.0211700991119958,0.0124072960825762,0.979052414458551,0.95553068720461,1.00315316199977,0.0879592905203855,0.991312533955064
AVBLOCK,all instruments,FSC-A on monocyte,GCST90001965,19,IVW,-0.0219032196607401,0.0165601969933274,0.978334914054495,0.947089950358568,1.01061066448403,0.185954307550436,0.991312533955064
AVBLOCK,all instruments,CD33+ HLA DR+ CD14- %CD33+ HLA DR+,GCST90001519,19,IVW,-0.0329819989738244,0.0230583196880611,0.967555976432729,0.924801364544886,1.01228718233066,0.152609979957398,0.991312533955064
AVBLOCK,all instruments,CD19 on IgD+ CD38- unswitched memory B cell,GCST90001728,22,IVW,0.00372173971845049,0.0101142400007945,1.00372867399157,0.984026776231134,1.02382503741568,0.712895395420334,0.991312533955064
AVBLOCK,all instruments,CD25 on IgD+ CD24- B cell,GCST90001779,24,IVW,0.00756229882854145,0.014202285233607,1.00759096522605,0.979929959049473,1.03603277339326,0.594400123905189,0.991312533955064
AVBLOCK,all instruments,CD45RA- CD28- CD8+ T cell %T cell,GCST90001697,180,IVW,8.11867468047772e-05,0.000259462070852363,1.00008119004254,0.999572732392747,1.00058990633202,0.754353519492184,0.991312533955064
AVBLOCK,all instruments,CD20 on IgD- CD38- B cell,GCST90001755,27,IVW,0.0150473500939364,0.0266286315770833,1.01516113145266,0.963536636175514,1.06955157086993,0.572018253999938,0.991312533955064
AVBLOCK,all instruments,CD20 on switched memory B cell,GCST90001761,31,IVW,0.0222864150869543,0.0224681882244586,1.02253661244603,0.97848361839642,1.06857294709353,0.321241549845852,0.991312533955064
AVBLOCK,all instruments,CD39 on CD39+ secreting CD4 regulatory T cell,GCST90002031,23,IVW,0.00755216609055092,0.0139365370902231,1.00758075562253,0.98043057005634,1.03548278695811,0.587889540130034,0.991312533955064
AVBLOCK,all instruments,CD24+ CD27+ B cell %B cell,GCST90001417,26,IVW,-0.0337109269537263,0.0191306424569913,0.966850954795602,0.931269112350633,1.00379230492206,0.0780451462403745,0.991312533955064
AVBLOCK,all instruments,CD4 on activated CD4 regulatory T cell,GCST90002066,24,IVW,-0.00292655335141868,0.0141717530288979,0.99707772483138,0.969763366519056,1.02516141945375,0.836395605653536,0.991312533955064
AVBLOCK,all instruments,CD4 on activated & secreting CD4 regulatory T cell,GCST90002070,32,IVW,-0.00356423913297983,0.0128593830881248,0.996442105227474,0.971641247110855,1.02187599798023,0.781649339859173,0.991312533955064
AVBLOCK,all instruments,CD33 on CD66b++ myeloid cell,GCST90001951,18,IVW,-0.00191560558699827,0.014129308288621,0.998086228014378,0.970825003564309,1.02611296051769,0.892155892713537,0.993348687063394
AVBLOCK,all instruments,Effector Memory CD8+ T cell %CD8+ T cell,GCST90001555,24,IVW,0.000963356986584467,0.012197005673675,1.00096382116397,0.977318410065598,1.02518131343901,0.93704608697705,0.993348687063394
AVBLOCK,all instruments,CD45RA+ CD8+ T cell %CD8+ T cell,GCST90001561,27,IVW,0.0028181241164085,0.00897585142076619,1.00282209876098,0.985334063380728,1.02062051758663,0.753545850935929,0.991312533955064
AVBLOCK,all instruments,HLA DR on CD33dim HLA DR+ CD11b+,GCST90002110,23,IVW,-0.00610464034791106,0.0150188707608017,0.993913955110208,0.965082559864399,1.02360667495807,0.684401210996415,0.991312533955064
AVBLOCK,all instruments,T cell %lymphocyte,GCST90001604,17,IVW,-0.0597624150324658,0.0418191799375719,0.941988309262201,0.867857274874362,1.02245150265649,0.152984942764229,0.991312533955064
AVBLOCK,all instruments,IgD+ CD24+ B cell Absolute Count,GCST90001412,23,IVW,0.0148495452886762,0.0312272821908191,1.01496034756141,0.954702096688494,1.07902193856614,0.634408438859969,0.991312533955064
AVBLOCK,all instruments,CD33dim HLA DR- Absolute Count,GCST90001531,24,IVW,0.0137415068227934,0.0101682424086823,1.0138363552833,0.99383085947541,1.03424455529253,0.176562798825153,0.991312533955064
AVBLOCK,all instruments,Activated CD4 regulatory T cell Absolute Count,GCST90001486,15,IVW,-0.00829174171699624,0.0176368371351899,0.991742539956326,0.958045562135342,1.02662472896052,0.638256654221577,0.991312533955064
AVBLOCK,all instruments,CD28+ CD45RA- CD8dim T cell %CD8dim T cell,GCST90001668,28,IVW,0.0216939279922063,0.0153136535190292,1.02193095213992,0.991713689407205,1.05306892714758,0.156588324522911,0.991312533955064
AVBLOCK,all instruments,CD19 on IgD+ B cell,GCST90001741,27,IVW,0.00238358355848828,0.0117519130037614,1.00238642655217,0.979561588653644,1.02574310770703,0.839271696919795,0.991312533955064
AVBLOCK,all instruments,Naive CD8+ T cell %CD8+ T cell,GCST90001552,37,IVW,0.00293086762239508,0.00399743039973844,1.002935166814,0.995107909484203,1.01082399129317,0.463443830890088,0.991312533955064
AVBLOCK,all instruments,CD127 on CD28+ CD45RA+ CD8+ T cell,GCST90001929,21,IVW,0.0415558764432131,0.0287202762900285,1.04243140758353,0.985372176428559,1.10279472620704,0.147919971939082,0.991312533955064
AVBLOCK,all instruments,CCR2 on monocyte,GCST90002017,25,IVW,0.00628673837978047,0.0324480106770921,1.00630654139655,0.944300003933759,1.07238467758021,0.84637317620439,0.991312533955064
AVBLOCK,all instruments,CD27 on IgD+ CD38- unswitched memory B cell,GCST90001801,23,IVW,-0.0160889453464749,0.0160222531763539,0.984039790402563,0.95361756652173,1.01543254139861,0.315300307850093,0.991312533955064
AVBLOCK,all instruments,CD45 on CD33- HLA DR+,GCST90002046,25,IVW,0.016847599470308,0.00834176737262142,1.01699032065081,1.0004978593108,1.0337546479209,0.0434178508791078,0.991312533955064
AVBLOCK,all instruments,Myeloid Dendritic Cell %Dendritic Cell,GCST90001459,26,IVW,-0.0112916838489525,0.0241956415022302,0.98877182793668,0.942975345733793,1.03679245925614,0.640727011117599,0.991312533955064
AVBLOCK,all instruments,Plasmacytoid Dendritic Cell %Dendritic Cell,GCST90001474,24,IVW,0.018934044360627,0.0199543270990597,1.01911443005688,0.980025745490882,1.05976218107407,0.342687192948864,0.991312533955064
AVBLOCK,all instruments,CD19 on IgD+ CD38+ B cell,GCST90001729,21,IVW,-0.0273146690335341,0.0218972056780912,0.973055003067593,0.932176418323854,1.01572622990976,0.212249282096427,0.991312533955064
AVBLOCK,all instruments,CD38 on IgD+ CD38dim B cell,GCST90001813,23,IVW,-0.00863267582348225,0.0207497848819461,0.991404478731177,0.951893372450526,1.03255560853201,0.677383014429213,0.991312533955064
AVBLOCK,all instruments,Terminally Differentiated CD4-CD8- T cell %CD4-CD8- T cell,GCST90001573,27,IVW,-0.00350681529233095,0.00763845580513047,0.996499326403055,0.981691486354869,1.01153052799602,0.646162334850009,0.991312533955064
AVBLOCK,all instruments,CD33+ HLA DR+ Absolute Count,GCST90001517,30,IVW,0.00602747295926786,0.0102626303912293,1.00604567472625,0.98601147885397,1.02648693381519,0.556987183594952,0.991312533955064
AVBLOCK,all instruments,CD33+ HLA DR+ CD14- Absolute Count,GCST90001518,29,IVW,0.00929542771288775,0.00954083951768317,1.00933876437459,0.990639467366224,1.028391029057,0.329918646315177,0.991312533955064
AVBLOCK,all instruments,CD25 on resting CD4 regulatory T cell,GCST90001937,20,IVW,0.0307318707210341,0.0278350122350226,1.03120896949724,0.976456815638669,1.08903120111465,0.269561702171745,0.991312533955064
AVBLOCK,all instruments,SSC-A on HLA DR+ T cell,GCST90002083,20,IVW,0.0229956246493884,0.0248522070171287,1.02326206240713,0.974613105990967,1.07433938854851,0.35481244211128,0.991312533955064
AVBLOCK,all instruments,IgD- CD38dim B cell %B cell,GCST90001428,26,IVW,0.020360713364954,0.0136330313804174,1.02056940666433,0.993660154029254,1.04820738719943,0.135310556143128,0.991312533955064
AVBLOCK,all instruments,CD38 on CD20- B cell,GCST90001809,19,IVW,0.00162006559471962,0.0457960003850994,1.00162137860995,0.915632592042952,1.09568553457676,0.971780160755611,0.993348687063394
AVBLOCK,all instruments,CD45 on CD33+ HLA DR+ CD14-,GCST90002042,18,IVW,0.00701157923011215,0.0284297286433543,1.00703621790344,0.952456646111249,1.06474341725661,0.805195803115031,0.991312533955064
AVBLOCK,all instruments,Myeloid Dendritic Cell Absolute Count,GCST90001458,23,IVW,0.00477156897969707,0.0160023907313703,1.00478297104299,0.973757366391489,1.03679710546301,0.765566924867257,0.991312533955064
AVBLOCK,all instruments,CD4 on naive CD4+ T cell,GCST90002024,20,IVW,-0.0309520209524361,0.0342540495312177,0.969522088706537,0.906567347069747,1.03684859544977,0.366206584341724,0.991312533955064
AVBLOCK,all instruments,Terminally Differentiated CD4+ T cell %CD4+ T cell,GCST90001546,21,IVW,0.00775813049905966,0.0374562740325998,1.00778830276981,0.936452792686701,1.08455788816196,0.835912243669154,0.991312533955064
AVBLOCK,all instruments,Terminally Differentiated CD4+ T cell %T cell,GCST90001547,26,IVW,0.00346063164370075,0.0161270018503729,1.00346662654277,0.972244180093189,1.03569174411372,0.830089973489341,0.991312533955064
AVBLOCK,all instruments,CD24 on switched memory B cell,GCST90001773,38,IVW,0.0321835719480006,0.0136010239235906,1.0327070639532,1.00554085914889,1.06060720480473,0.0179687736773731,0.991312533955064
AVBLOCK,all instruments,Natural Killer T %T cell,GCST90001622,32,IVW,-0.00451264987466672,0.025089195195705,0.995497516831102,0.947728251403328,1.04567454283384,0.857259123094968,0.992979938389335
AVBLOCK,all instruments,Natural Killer T %lymphocyte,GCST90001623,33,IVW,-0.00605525431466383,0.0248309590740056,0.993963041789928,0.946746476298223,1.04353441304289,0.807339978201665,0.991312533955064
AVBLOCK,all instruments,Memory B cell %B cell,GCST90001406,29,IVW,-0.0519621650195346,0.0185672166609693,0.949364785361506,0.915436837432738,0.984550171928952,0.00513250809762563,0.672196431388177
AVBLOCK,all instruments,CD19 on IgD- CD38+ B cell,GCST90001734,18,IVW,0.00357029233634172,0.0269982103694877,1.00357667342188,0.951851541657948,1.05811263139022,0.894793028081466,0.993348687063394
AVBLOCK,all instruments,HLA DR++ monocyte Absolute Count,GCST90001477,23,IVW,0.00106974937767812,0.0217726830500076,1.00107032176363,0.959248887706853,1.04471509110802,0.960813592599779,0.993348687063394
AVBLOCK,all instruments,CD19 on IgD+ CD38- naive B cell,GCST90001727,19,IVW,0.00158561532655501,0.0118835158095624,1.00158687307922,0.978527805926445,1.02518932854936,0.893853466555693,0.993348687063394
AVBLOCK,all instruments,CD28- CD4-CD8- T cell Absolute Count,GCST90001654,31,IVW,0.0342298888788187,0.0223501853905092,1.03482247356382,0.990469233920386,1.08116185250316,0.125639458372665,0.991312533955064
AVBLOCK,all instruments,CD24+ CD27+ B cell Absolute Count,GCST90001418,26,IVW,0.00669898575483674,0.0131123363928465,1.00672147414834,0.981178191132208,1.03292973251058,0.609426790610954,0.991312533955064
AVBLOCK,all instruments,CD62L- HLA DR++ monocyte Absolute Count,GCST90001454,19,IVW,0.0217680431710458,0.0345487063042379,1.02200669554204,0.955092178485258,1.0936092968422,0.528649926802609,0.991312533955064
AVBLOCK,all instruments,CCR2 on plasmacytoid Dendritic Cell,GCST90002015,19,IVW,0.0259393681719153,0.0203998960177425,1.02627872143199,0.986053734871813,1.06814464244283,0.203535135967272,0.991312533955064
AVBLOCK,all instruments,CCR2 on CD62L+ plasmacytoid Dendritic Cell,GCST90002016,19,IVW,0.0231881652859097,0.0225688233244277,1.02345910090431,0.979173208273718,1.06974794895638,0.304212209823238,0.991312533955064
AVBLOCK,all instruments,CD33 on Granulocytic Myeloid-Derived Suppressor Cells,GCST90001950,20,IVW,-0.00569760356381589,0.0199790815851269,0.994318596996643,0.956134578383398,1.0340275257119,0.775507427840702,0.991312533955064
AVBLOCK,all instruments,CD40 on CD14- CD16+ monocyte,GCST90001989,27,IVW,0.00166976858768717,0.0130290673497116,1.0016711634275,0.976415365772214,1.02758022334961,0.898024582442253,0.993348687063394
AVBLOCK,all instruments,CD39+ CD4+ T cell %T cell,GCST90001658,31,IVW,-0.0147709028850571,0.0121293578273005,0.985337651760336,0.962188940046252,1.00904328408712,0.223307163126627,0.991312533955064
AVBLOCK,all instruments,CD45 on basophil,GCST90002051,17,IVW,0.00429612905819914,0.0227592385547912,1.00430537065026,0.960489740247689,1.0501197829108,0.850277645403318,0.991312533955064
AVBLOCK,all instruments,CD25 on IgD+ CD38+ B cell,GCST90001783,13,IVW,0.0017996766375886,0.0332463103967853,1.0018012970275,0.938602612955009,1.06925532155331,0.956830300131313,0.993348687063394
AVBLOCK,all instruments,CD14- CD16+ monocyte %monocyte,GCST90001584,23,IVW,0.0199968007902527,0.0249754626919076,1.02019807619391,0.971460076132871,1.07138125409426,0.423329738039845,0.991312533955064
AVBLOCK,all instruments,CD16+ monocyte %monocyte,GCST90001587,22,IVW,-0.00749312861568381,0.0318123522127658,0.992534874884279,0.93253803606265,1.05639173928062,0.813788485639315,0.991312533955064
AVBLOCK,all instruments,Secreting CD4 regulatory T cell %CD4+ T cell,GCST90001494,26,IVW,-0.000715302398954212,0.00626374149427488,0.999284953368819,0.987091799040015,1.01162872490732,0.909081388094937,0.993348687063394
AVBLOCK,all instruments,CD3 on CD45RA- CD4+ T cell,GCST90001845,28,IVW,-0.0162965661239942,0.0172504128577778,0.983835504503902,0.951127291415266,1.01766851677884,0.344809064203133,0.991312533955064
AVBLOCK,all instruments,CD24 on IgD- CD38- B cell,GCST90001769,29,IVW,0.0311208739654399,0.0148544732020672,1.03161019116524,1.00200812006727,1.06208678872237,0.0361664888430593,0.991312533955064
AVBLOCK,all instruments,CD3 on Effector Memory CD8+ T cell,GCST90001839,20,IVW,-0.029300446196646,0.0229834436924414,0.971124649923976,0.928348576185893,1.01587174244895,0.202362293051966,0.991312533955064
AVBLOCK,all instruments,CD62L- myeloid Dendritic Cell Absolute Count,GCST90001468,16,IVW,0.0340200532600052,0.0289873987174281,1.03460535373026,0.97746260048677,1.09508868925957,0.240549169159986,0.991312533955064
AVBLOCK,all instruments,CD62L- myeloid Dendritic Cell %Dendritic Cell,GCST90001469,24,IVW,0.00941645466106547,0.0157673199574933,1.00946092895738,0.978741719048078,1.04114430524386,0.550364918055897,0.991312533955064
AVBLOCK,all instruments,CD62L- CD86+ myeloid Dendritic Cell Absolute Count,GCST90001472,19,IVW,0.0466611474166037,0.0204913293282956,1.04776691039562,1.00651930066342,1.09070486556629,0.0227792600291043,0.991312533955064
AVBLOCK,all instruments,CD62L- CD86+ myeloid Dendritic Cell %Dendritic Cell,GCST90001473,18,IVW,0.0331207969404971,0.0202821836423896,1.03367539652533,0.993389662048244,1.07559487097814,0.102469089450741,0.991312533955064
AVBLOCK,all instruments,CD45 on Natural Killer,GCST90001911,30,IVW,0.00364184887748455,0.0227432229626184,1.00364848846679,0.959891647450554,1.04939999329826,0.872779480514078,0.993348687063394
AVBLOCK,all instruments,SSC-A on monocyte,GCST90002073,23,IVW,-0.038512206673597,0.0193150563297568,0.96221995916316,0.926473610113652,0.999345517999565,0.0461634601325548,0.991312533955064
AVBLOCK,all instruments,CD25++ CD45RA- CD4 not regulatory T cell %CD4+ T cell,GCST90001511,24,IVW,-0.0150333832348816,0.0182194318021645,0.985079053928716,0.95052247720171,1.02089194707509,0.409298304321259,0.991312533955064
AVBLOCK,all instruments,CD27 on T cell,GCST90001799,21,IVW,0.00320198541374807,0.0147028387877153,1.00320711724493,0.974709716860804,1.03253769063904,0.827600465580632,0.991312533955064
AVBLOCK,all instruments,CD20 on naive-mature B cell,GCST90001759,23,IVW,0.00429258319451299,0.0113148609661957,1.00430180952663,0.982274434994924,1.02682314502431,0.704408899715695,0.991312533955064
AVBLOCK,all instruments,CD39+ activated CD4 regulatory T cell %CD4 regulatory T cell,GCST90001491,23,IVW,-0.00131146804016879,0.0114174425910534,0.998689391558222,0.976588741659877,1.02129018927222,0.908551884608397,0.993348687063394
AVBLOCK,all instruments,CD39+ secreting CD4 regulatory T cell Absolute Count,GCST90001495,26,IVW,0.00697385501080547,0.0146796444800971,1.00699822896486,0.978437616719017,1.03639252601382,0.634737259854273,0.991312533955064
AVBLOCK,all instruments,CD4 on CD39+ CD4+ T cell,GCST90002061,27,IVW,0.0019183361716024,0.0208806152231513,1.00192017735558,0.961743332868156,1.04377541022149,0.926800031496187,0.993348687063394
AVBLOCK,all instruments,HLA DR+ CD4+ T cell Absolute Count,GCST90001624,24,IVW,-0.0143900262439742,0.0131234364578684,0.985713015334542,0.960681873553758,1.01139635851112,0.272854085341429,0.991312533955064
AVBLOCK,all instruments,CD25++ CD8+ T cell %T cell,GCST90001679,17,IVW,0.00647029005195907,0.0333312725937082,1.00649126759783,0.942839696193145,1.07443998788016,0.846081371682073,0.991312533955064
AVBLOCK,all instruments,CD25++ CD8+ T cell %CD8+ T cell,GCST90001680,22,IVW,-0.0135331418806108,0.0265059276633466,0.986558019387823,0.936613320543484,1.03916600828787,0.609651912478638,0.991312533955064
AVBLOCK,all instruments,CD27 on IgD- CD38+ B cell,GCST90001803,15,IVW,0.0189506628158289,0.0494741812635297,1.01913136630511,0.924947099846066,1.12290610128922,0.701689020562033,0.991312533955064
AVBLOCK,all instruments,CD8 on Terminally Differentiated CD8+ T cell,GCST90002057,17,IVW,-0.0141481089545927,0.0250168829466679,0.985951505201568,0.938773352986307,1.03550060034929,0.571704867976238,0.991312533955064
AVBLOCK,all instruments,Plasma Blast-Plasma Cell Absolute Count,GCST90001405,24,IVW,0.0176002799792103,0.0141439957043708,1.01775607759192,0.989929102948327,1.04636527039185,0.213365602492366,0.991312533955064
AVBLOCK,all instruments,CD66b++ myeloid cell Absolute Count,GCST90001529,16,IVW,0.00888001299917665,0.0240411522411516,1.00891955727918,0.962481296329946,1.0575983937993,0.711854045478168,0.991312533955064
AVBLOCK,all instruments,CD11c+ CD62L- monocyte %monocyte,GCST90001453,18,IVW,-0.0228224760543494,0.0326631510132356,0.977435986665336,0.916821710980788,1.04205768317419,0.484725517304826,0.991312533955064
AVBLOCK,all instruments,BAFF-R on IgD+ CD24- B cell,GCST90001704,22,IVW,-0.00668043288438652,0.0192006546764822,0.993341831600987,0.956653792742906,1.03143687078192,0.72789474528134,0.991312533955064
AVBLOCK,all instruments,BAFF-R on IgD+ CD38- B cell,GCST90001705,22,IVW,0.010457236213549,0.0186219414003704,1.0105121041972,0.97429439352337,1.04807614568764,0.574419543445,0.991312533955064
AVBLOCK,all instruments,BAFF-R on IgD+ CD38dim B cell,GCST90001709,25,IVW,-0.0010800750371847,0.0147215082180244,0.998920508033919,0.97050936073946,1.02816337661129,0.941513961110965,0.993348687063394
AVBLOCK,all instruments,BAFF-R on naive-mature B cell,GCST90001716,23,IVW,0.00588078804357469,0.0190559661459433,1.00589811382401,0.969021087112183,1.04417853115055,0.757621154162033,0.991312533955064
AVBLOCK,all instruments,BAFF-R on IgD+ B cell,GCST90001719,24,IVW,0.00450958179900176,0.0195087527472535,1.00451976526497,0.966834860117627,1.04367353767657,0.817192952244054,0.991312533955064
AVBLOCK,all instruments,BAFF-R on transitional B cell,GCST90001720,24,IVW,0.00188086239919926,0.0206676555757756,1.00188263233037,0.96210879467865,1.04330073118238,0.927488525713898,0.993348687063394
AVBLOCK,all instruments,BAFF-R on B cell,GCST90001829,21,IVW,-0.000147421484358872,0.0190280631445362,0.999852589381654,0.963249874997341,1.03784617724031,0.993818385577463,0.998590887675843
AVBLOCK,all instruments,HLA DR on plasmacytoid Dendritic Cell,GCST90002105,23,IVW,0.000449223496625415,0.0132014939134739,1.00044932441261,0.974894806500356,1.02667369242702,0.972854637913339,0.993348687063394
AVBLOCK,all instruments,IgD- CD38+ B cell Absolute Count,GCST90001420,20,IVW,0.0176798380119957,0.018137896834745,1.01783705148433,0.982288289597257,1.05467231396912,0.329686388781161,0.991312533955064
AVBLOCK,all instruments,HLA DR on HLA DR+ CD8+ T cell,GCST90002115,20,IVW,0.0371985411461526,0.035725585544831,1.03789906605342,0.967709242134133,1.11317989372395,0.297768949172594,0.991312533955064
AVBLOCK,all instruments,CD27 on switched memory B cell,GCST90001808,30,IVW,0.0166135144861601,0.0205067373808666,1.01675228634894,0.976696137890066,1.05845121291158,0.417854497233773,0.991312533955064
AVBLOCK,all instruments,CD4 on CD39+ secreting CD4 regulatory T cell,GCST90002069,23,IVW,0.0192909232249654,0.0152993202329594,1.01947819536353,0.989361251656651,1.05051192280003,0.207344634603723,0.991312533955064
AVBLOCK,all instruments,Naive CD4-CD8- T cell Absolute Count,GCST90001566,18,IVW,-0.0153232170571917,0.0314390340149132,0.984793586072357,0.925941960703383,1.04738574157773,0.625978682424334,0.991312533955064
AVBLOCK,all instruments,Terminally Differentiated CD8+ T cell Absolute Count,GCST90001557,17,IVW,-0.0600920711415268,0.0286445855572887,0.941677828240183,0.890265577722276,0.996059102349994,0.0359183137350517,0.991312533955064
AVBLOCK,all instruments,CD27 on IgD+ CD24+ B cell,GCST90001800,31,IVW,-0.0256774677944243,0.016014428685326,0.974649394738209,0.944531966220568,1.00572715020396,0.108847296333925,0.991312533955064
AVBLOCK,all instruments,CD14- CD16+ monocyte Absolute Count,GCST90001579,18,IVW,-0.0150627965369961,0.018677810774939,0.985050079927009,0.949640957160485,1.02177949744877,0.419981080417636,0.991312533955064
AVBLOCK,all instruments,CD14+ CD16- monocyte %monocyte,GCST90001586,24,IVW,0.00443345139136191,0.0113467474355685,1.0044432936767,0.982351419563195,1.02703198684308,0.696000941122062,0.991312533955064
AVBLOCK,all instruments,HVEM on Terminally Differentiated CD8+ T cell,GCST90001874,25,IVW,0.00412973566011471,0.0163913092782933,1.00413827476913,0.972391059809917,1.03692199211851,0.801082291507734,0.991312533955064
AVBLOCK,all instruments,Resting CD4 regulatory T cell %CD4+ T cell,GCST90001482,33,IVW,-0.012330587014603,0.0110496663511694,0.987745123170292,0.966583168265433,1.00937038878663,0.264454700919029,0.991312533955064
AVBLOCK,all instruments,CD25 on IgD+ CD38- naive B cell,GCST90001781,25,IVW,-0.0129162584809389,0.0157292609825701,0.987166798406326,0.957197427950717,1.01807449479061,0.411554466344946,0.991312533955064
AVBLOCK,all instruments,CD28 on CD4+ T cell,GCST90001898,27,IVW,-0.000382053851476005,0.00568993626792053,0.999618019121803,0.988531936415253,1.0108284288483,0.946465838849086,0.993348687063394
AVBLOCK,all instruments,Plasma Blast-Plasma Cell %B cell,GCST90001404,27,IVW,-0.0215701798498585,0.0178804380815415,0.978660792791535,0.944957015761405,1.01356668226398,0.227680122577888,0.991312533955064
AVBLOCK,all instruments,Plasma Blast-Plasma Cell %lymphocyte,GCST90001435,18,IVW,-8.79522517639933e-05,0.0120632881817976,0.999912051615922,0.97654739223525,1.02383572872816,0.994182753409121,0.998590887675843
AVBLOCK,all instruments,TCRgd T cell Absolute Count,GCST90001615,19,IVW,0.00871578641174659,0.0254852729383549,1.00875387946802,0.959603262136159,1.06042197801261,0.732356116968068,0.991312533955064
AVBLOCK,all instruments,TCRgd T cell %T cell,GCST90001616,18,IVW,0.0137867771811069,0.0172061828244017,1.01388225305728,0.980260093348004,1.04865762672597,0.422976058568046,0.991312533955064
AVBLOCK,all instruments,TCRgd T cell %lymphocyte,GCST90001617,20,IVW,0.00597109465950668,0.0131201548392828,1.00598895718046,0.980449235456294,1.03219396310513,0.649031146434721,0.991312533955064
AVBLOCK,all instruments,CD25 on CD24+ CD27+ B cell,GCST90001777,24,IVW,-0.00100735798456689,0.00780715459630849,0.998993149230158,0.983822896861245,1.01439732231556,0.897333826857221,0.993348687063394
AVBLOCK,all instruments,Plasmacytoid Dendritic Cell Absolute Count,GCST90001460,30,IVW,0.009939773661929,0.014853042703722,1.00998933729313,0.981010427476618,1.03982428002289,0.50336286127416,0.991312533955064
AVBLOCK,all instruments,CD4+ CD8dim T cell %lymphocyte,GCST90001610,19,IVW,0.0244711533164134,0.0299892616447282,1.0247730293775,0.966274040186708,1.08681359331211,0.414501741264393,0.991312533955064
AVBLOCK,all instruments,CD4+ CD8dim T cell %leukocyte,GCST90001611,14,IVW,0.0136760186404546,0.0369997007129082,1.01376996315718,0.942854413540548,1.09001933218984,0.711661835127984,0.991312533955064
AVBLOCK,all instruments,CD19 on Plasma Blast-Plasma Cell,GCST90001739,23,IVW,0.00557824802176934,0.0405173879578174,1.00559383541724,0.928824164182161,1.08870871454937,0.890496953843478,0.993348687063394
AVBLOCK,all instruments,SSC-A on myeloid Dendritic Cell,GCST90002071,18,IVW,-0.0143682009627856,0.0096711678194421,0.985734529033044,0.967225427821707,1.00459782567576,0.137365415238667,0.991312533955064
AVBLOCK,all instruments,CD3 on Terminally Differentiated CD8+ T cell,GCST90001840,23,IVW,-0.0261181620016687,0.0279796134742849,0.974219967025956,0.922232235878356,1.02913833113642,0.350576758777467,0.991312533955064
AVBLOCK,all instruments,CD66b on Granulocytic Myeloid-Derived Suppressor Cells,GCST90001837,22,IVW,0.00101635577900755,0.0178122831444861,1.00101687244357,0.966672304758222,1.03658165645629,0.954497985580853,0.993348687063394
AVBLOCK,all instruments,Central Memory CD8+ T cell %T cell,GCST90001550,22,IVW,-0.00423332375947326,0.0306666690991393,0.99577562412467,0.937686136548154,1.05746374501289,0.890206311157995,0.993348687063394
AVBLOCK,all instruments,CD33 on CD33dim HLA DR+ CD11b+,GCST90001948,22,IVW,-0.0023081762475679,0.013421348201853,0.997694485542873,0.971791485404739,1.02428792743341,0.863454846629225,0.993348687063394
AVBLOCK,all instruments,IgD on unswitched memory B cell,GCST90001826,22,IVW,0.00988476518649563,0.0225703247242325,1.00993378084754,0.966230296244904,1.05561401423753,0.661419591146595,0.991312533955064
AVBLOCK,all instruments,CD19 on naive-mature B cell,GCST90001737,29,IVW,0.00977775100438421,0.013221714924284,1.00982570939268,0.983992690562897,1.03633692925817,0.459589996706484,0.991312533955064
AVBLOCK,all instruments,Terminally Differentiated CD4-CD8- T cell %T cell,GCST90001574,24,IVW,-0.00345593554386035,0.00667885372407296,0.996550029327999,0.983589652382814,1.00968118010163,0.604845963169521,0.991312533955064
AVBLOCK,all instruments,CCR2 on monocyte,GCST90002008,24,IVW,0.00176234167688661,0.0124673001997671,1.00176389551364,0.977581546850069,1.02654444080723,0.887587825659948,0.993348687063394
AVBLOCK,all instruments,CD4+ CD8dim T cell Absolute Count,GCST90001609,15,IVW,0.0194618413611605,0.0262620237010028,1.01965245756843,0.968495226316214,1.07351188315086,0.458654612392752,0.991312533955064
AVBLOCK,all instruments,CD39 on CD39+ CD4+ T cell,GCST90002032,20,IVW,0.00800221632330888,0.0145830161050424,1.00803431963176,0.979629837759261,1.03726239278266,0.583187088769894,0.991312533955064
AVBLOCK,all instruments,CD39+ resting CD4 regulatory T cell %resting CD4 regulatory T cell,GCST90001484,28,IVW,0.0014510503955316,0.0163038979394238,1.00145210367855,0.969955980380259,1.03397095976357,0.929081740541604,0.993348687063394
AVBLOCK,all instruments,CD39+ secreting CD4 regulatory T cell %CD4 regulatory T cell,GCST90001497,22,IVW,-0.0191326085412238,0.0136677234231431,0.981049258105551,0.955117082585086,1.00768551246565,0.161561618274606,0.991312533955064
AVBLOCK,all instruments,CD28 on CD39+ CD4+ T cell,GCST90001892,17,IVW,-0.00854240359775082,0.0231755513054945,0.991493979059708,0.947463861020125,1.03757024511014,0.712429260647635,0.991312533955064
AVBLOCK,all instruments,CD39 on CD39+ activated CD4 regulatory T cell,GCST90002030,22,IVW,-0.0382489727743425,0.0208162256679451,0.962473281414991,0.923994855419733,1.00255408566851,0.0661420817750266,0.991312533955064
AVBLOCK,all instruments,CD14 on Monocytic Myeloid-Derived Suppressor Cells,GCST90002019,25,IVW,-0.0151413609705709,0.0162894236611105,0.984972693065404,0.954021919534691,1.01692758438685,0.352619160023111,0.991312533955064
AVBLOCK,all instruments,CD40 on CD14+ CD16- monocyte,GCST90001980,23,IVW,0.0248622925549768,0.0235400669981045,1.02517393672009,0.978948503693246,1.07358211036144,0.290890942381365,0.991312533955064
AVBLOCK,all instruments,CD40 on monocytes,GCST90001985,29,IVW,0.01156553145282,0.00983485814620285,1.01163267079612,0.992318861369336,1.03132239087934,0.239605510581756,0.991312533955064
AVBLOCK,all instruments,HVEM on Terminally Differentiated CD4+ T cell,GCST90001879,26,IVW,0.00745021756393207,0.0159849153940958,1.00747803948501,0.976402659575484,1.03954243681174,0.641159662526532,0.991312533955064
AVBLOCK,all instruments,CD11c+ CD62L- monocyte Absolute Count,GCST90001452,22,IVW,-0.0049586797267849,0.0182927949770814,0.995053594229611,0.960009059215599,1.03137740824892,0.786335017004701,0.991312533955064
AVBLOCK,all instruments,CD8dim Natural Killer T Absolute Count,GCST90001633,27,IVW,0.00625672414590614,0.0221117101502074,1.00627633832993,0.963596897687972,1.05084612820183,0.777207685533558,0.991312533955064
AVBLOCK,all instruments,CD8dim Natural Killer T %lymphocyte,GCST90001635,26,IVW,0.00524615322188484,0.0268986954704432,1.00525993837951,0.953634037233738,1.0596806576264,0.845366532820418,0.991312533955064
AVBLOCK,all instruments,Activated CD4 regulatory T cell %CD4 regulatory T cell,GCST90001487,28,IVW,0.0178223691375735,0.0223659163136298,1.01798213528416,0.974320643408151,1.06360019647412,0.425535848298458,0.991312533955064
AVBLOCK,all instruments,CD25 on IgD+ CD24+ B cell,GCST90001778,26,IVW,0.00664377125457835,0.0121592109830403,1.00666589005978,0.98295859353332,1.03094496642752,0.58479223245011,0.991312533955064
AVBLOCK,all instruments,CD25 on IgD+ CD38- unswitched memory B cell,GCST90001782,24,IVW,0.00313803215217172,0.0114139116269858,1.00314296092927,0.980950543915913,1.02583744542804,0.783369652865715,0.991312533955064
AVBLOCK,all instruments,CD25++ CD45RA+ CD4 not regulatory T cell %CD4+ T cell,GCST90001508,32,IVW,-0.0176842820125612,0.014130409233667,0.982471167217778,0.955634382552218,1.01006160100306,0.210750182108702,0.991312533955064
AVBLOCK,all instruments,CD25++ CD45RA+ CD4 not regulatory T cell %T cell,GCST90001509,27,IVW,-0.0214623882429394,0.0107244740854042,0.978766289896768,0.958407374121492,0.999557678817323,0.0453651087992922,0.991312533955064
AVBLOCK,all instruments,CD25 on CD45RA+ CD4 not regulatory T cell,GCST90001934,22,IVW,0.013341790364506,0.0145085573065362,1.01343118918726,0.985018376187348,1.0426635685649,0.357791877247103,0.991312533955064
AVBLOCK,all instruments,Activated & secreting CD4 regulatory T cell Absolute Count,GCST90001501,22,IVW,0.0151565445082558,0.00777524343799059,1.01527198743017,0.99991707080861,1.0308626970703,0.0512555796670667,0.991312533955064
AVBLOCK,all instruments,CD4 on CD4 regulatory T cell,GCST90002063,29,IVW,-0.0135577828187831,0.0190729657717342,0.986533709972168,0.950334932751564,1.02411131841018,0.477184825523957,0.991312533955064
AVBLOCK,all instruments,CD4 on secreting CD4 regulatory T cell,GCST90002068,28,IVW,0.0186999532171492,0.0176869687993956,1.01887589231549,0.984160283332238,1.05481607165328,0.290387046699918,0.991312533955064
AVBLOCK,all instruments,CD27 on CD20- B cell,GCST90001796,16,IVW,-0.0104714392280973,0.0243008622753757,0.989583195424216,0.943554521614904,1.03785724961602,0.666535168561092,0.991312533955064
AVBLOCK,all instruments,CCR2 on myeloid Dendritic Cell,GCST90002013,14,IVW,-0.010338422509858,0.0160435988442654,0.989714835288254,0.959077037506151,1.02133136013422,0.519319017581929,0.991312533955064
AVBLOCK,all instruments,CD19 on CD24+ CD27+ B cell,GCST90001723,29,IVW,-0.00839771796228128,0.0191090613386567,0.991637444374568,0.955183817289367,1.02948228737404,0.660326368963241,0.991312533955064
AVBLOCK,all instruments,HLA DR+ CD8+ T cell %T cell,GCST90001628,30,IVW,0.0129276272405359,0.0157209483868814,1.0130115502655,0.982273563424658,1.04471141154765,0.410895630659466,0.991312533955064
AVBLOCK,all instruments,CD16-CD56 on Natural Killer,GCST90001884,28,IVW,-0.0114396675271519,0.019254981997662,0.988625516670789,0.952010293030332,1.02664899672618,0.552435410878175,0.991312533955064
AVBLOCK,all instruments,CD45 on CD33- HLA DR-,GCST90002045,14,IVW,-0.0165068012670451,0.0301752731085136,0.983628689446532,0.927140336967638,1.04355873660588,0.584357629581566,0.991312533955064
AVBLOCK,all instruments,CD33dim HLA DR+ CD11b- Absolute Count,GCST90001527,28,IVW,-0.0139216320937369,0.0132190093154747,0.986174825690929,0.960951931655254,1.01205976572764,0.292271125761633,0.991312533955064
AVBLOCK,all instruments,IgD- CD38dim B cell %lymphocyte,GCST90001426,23,IVW,0.0168809377204054,0.0203652976448807,1.01702422589364,0.977228235561189,1.05844084157123,0.407157035578699,0.991312533955064
AVBLOCK,all instruments,Central Memory CD4-CD8- T cell %T cell,GCST90001565,16,IVW,-0.0012298181401384,0.026910674344835,0.998770937776279,0.947456039075493,1.05286508819965,0.963549354256607,0.993348687063394
AVBLOCK,all instruments,Activated & secreting CD4 regulatory T cell %CD4+ T cell,GCST90001503,32,IVW,0.00255723140184342,0.0053290543798759,1.00256050390699,0.992143311213304,1.01308707384728,0.631322759840479,0.991312533955064
AVBLOCK,all instruments,IgD+ CD38dim B cell %lymphocyte,GCST90001430,33,IVW,-0.00238048603036426,0.0109890894225052,0.997622345079588,0.976364693198932,1.01934282377755,0.828502407261853,0.991312533955064
AVBLOCK,all instruments,Effector Memory CD4-CD8- T cell %CD4-CD8- T cell,GCST90001570,29,IVW,0.00286371286715039,0.00733899995617371,1.00286781720979,0.988545382409013,1.01739776108631,0.696385126919342,0.991312533955064
AVBLOCK,all instruments,Effector Memory CD4-CD8- T cell Absolute Count,GCST90001569,19,IVW,-0.0321292460317128,0.0337649760338929,0.968381414535654,0.906369155923335,1.03463644795233,0.341322498283449,0.991312533955064
AVBLOCK,all instruments,CX3CR1 on monocyte,GCST90001995,26,IVW,0.0487327629517062,0.0271804343951669,1.04993973045118,0.995469405783625,1.10739057491386,0.0729832544849374,0.991312533955064
AVBLOCK,all instruments,CX3CR1 on CD14+ CD16- monocyte,GCST90001997,27,IVW,0.0467098908554108,0.0239502384029186,1.04781798340262,0.999767450629488,1.09817790692291,0.0511416613679255,0.991312533955064
AVBLOCK,all instruments,CD20 on transitional B cell,GCST90001763,22,IVW,-0.00196970410972211,0.0103489372308688,0.99803223448439,0.977992164163454,1.01848294656012,0.84905123671798,0.991312533955064
AVBLOCK,all instruments,CD25 on CD39+ CD4+ T cell,GCST90001961,23,IVW,-0.0178605791240353,0.0162110600683554,0.982297975655926,0.95157739376899,1.0140103362018,0.27056920098719,0.991312533955064
AVBLOCK,all instruments,CD20 on IgD+ CD38+ B cell,GCST90001751,26,IVW,-0.00319114503512628,0.023024404594568,0.996813941256388,0.95282980681388,1.04282845307461,0.88976752840664,0.993348687063394
AVBLOCK,all instruments,CD14+ CD16+ monocyte Absolute Count,GCST90001580,20,IVW,-0.0365243664803282,0.0392056924237117,0.964134601043316,0.892822466455712,1.0411426278497,0.351538754621737,0.991312533955064
AVBLOCK,all instruments,CD14+ CD16+ monocyte %monocyte,GCST90001585,25,IVW,-0.0444530200365038,0.0264888770562647,0.956520536337942,0.908126839491515,1.00749311290978,0.0933125812934994,0.991312533955064
AVBLOCK,all instruments,CD45RA- CD28- CD8+ T cell %CD8+ T cell,GCST90001696,50,IVW,-0.000213574341123255,0.000370355366492064,0.999786448464253,0.999060970305136,1.00051245343662,0.564159643765809,0.991312533955064
AVBLOCK,all instruments,CD8 on CD39+ CD8+ T cell,GCST90002121,25,IVW,0.00603741028489583,0.0245845008765139,1.00605567217939,0.958727675639225,1.05572003525347,0.80600899276377,0.991312533955064
AVBLOCK,all instruments,CCR2 on CD62L+ myeloid Dendritic Cell,GCST90002014,14,IVW,0.0300382620013043,0.0306717668514802,1.03049396196053,0.970369452603902,1.0943438118209,0.327409212820791,0.991312533955064
AVBLOCK,all instruments,IgD on IgD+ CD24- B cell,GCST90001821,29,IVW,-0.0144333346032094,0.0187741844258547,0.985670326645567,0.950059432253154,1.02261601732164,0.442020220362899,0.991312533955064
AVBLOCK,all instruments,CD28+ CD4-CD8- T cell %T cell,GCST90001655,23,IVW,0.0634661210370462,0.0267513986893183,1.06552338636263,1.01109447181653,1.12288230084568,0.0176709744213616,0.991312533955064
AVBLOCK,all instruments,CD4+/CD8+ T cell,GCST90001589,15,IVW,-0.0123446002756595,0.0345716255567353,0.987731281737006,0.923019436842418,1.05698000061551,0.72103702199791,0.991312533955064
AVBLOCK,all instruments,CD8+ T cell %T cell,GCST90001593,23,IVW,0.0323852583587584,0.0219793193042396,1.03291536793963,0.989362772260635,1.07838518614161,0.140631816721993,0.991312533955064
AVBLOCK,all instruments,CD8+ T cell %leukocyte,GCST90001607,17,IVW,0.0139411344654781,0.0350172157495585,1.01403876524762,0.946776134255109,1.08607999316958,0.690540037329,0.991312533955064
AVBLOCK,all instruments,CD38 on Plasma Blast-Plasma Cell,GCST90001817,15,IVW,0.0358943193594298,0.0353063796273576,1.0365462978257,0.967242359423861,1.11081593673809,0.309318766360082,0.991312533955064
AVBLOCK,all instruments,CD3 on T cell,GCST90001851,31,IVW,0.00916491054914391,0.0146651113118214,1.00920703693834,0.980611710535329,1.03863622314877,0.532006146723696,0.991312533955064
AVBLOCK,all instruments,CD28- CD127- CD25++ CD8+ T cell %CD8+ T cell,GCST90001674,18,IVW,-0.00398749537515085,0.0187510656012974,0.996020444128116,0.960079117403909,1.03330726305529,0.831596587845848,0.991312533955064
AVBLOCK,all instruments,CD19 on IgD+ CD24+ B cell,GCST90001724,33,IVW,-0.0103802858918235,0.0129818293510862,0.989673403345314,0.964809437323478,1.01517813507944,0.423941911448151,0.991312533955064
AVBLOCK,all instruments,CD62L- plasmacytoid Dendritic Cell %Dendritic Cell,GCST90001471,18,IVW,0.0053826987912681,0.0196778981717364,1.00539721154198,0.967358631927283,1.04493154825373,0.784437893879822,0.991312533955064
AVBLOCK,all instruments,SSC-A on HLA DR+ Natural Killer,GCST90002077,28,IVW,0.0114192987576132,0.0163529005546692,1.01148474783996,0.979579005021052,1.04442968853838,0.484986987801218,0.991312533955064
AVBLOCK,all instruments,IgD+ CD38+ B cell %B cell,GCST90001447,25,IVW,0.0383966942167245,0.0191372663048589,1.03914337329277,1.00088804633906,1.0788608718107,0.0448153536698995,0.991312533955064
AVBLOCK,all instruments,CD14 on CD33+ HLA DR+ CD14dim,GCST90002020,18,IVW,-0.00650304330112006,0.0304193706073477,0.993518055724235,0.936013846175402,1.05455504860672,0.830718871989332,0.991312533955064
AVBLOCK,all instruments,CD11c on myeloid Dendritic Cell,GCST90002087,30,IVW,-0.00410797579918648,0.0153921816319216,0.995900450391253,0.966304137878545,1.02640324946447,0.789556035156914,0.991312533955064
AVBLOCK,all instruments,CD27 on unswitched memory B cell,GCST90001806,30,IVW,0.00832598178629035,0.0236295512166931,1.00836073916879,0.962724552628605,1.05616022518673,0.724572322552199,0.991312533955064
AVBLOCK,all instruments,CD8 on CD28- CD8+ T cell,GCST90002120,20,IVW,-0.019175183193609,0.0344052636100136,0.981007491163527,0.917035128060171,1.04944256579865,0.577300043899053,0.991312533955064
AVBLOCK,all instruments,CD11b on CD33+ HLA DR+ CD14dim,GCST90002097,21,IVW,-0.0181793900658712,0.0216338950514568,0.981984858228427,0.941216751402854,1.02451880542144,0.400729110399353,0.991312533955064
AVBLOCK,all instruments,CD20 on IgD- CD38dim B cell,GCST90001757,34,IVW,-0.00759059344847681,0.00736936858861789,0.992438142352744,0.978206431680972,1.00687690705942,0.303000845492995,0.991312533955064
AVBLOCK,all instruments,CD24 on memory B cell,GCST90001771,31,IVW,-0.00588605054230763,0.0170908324327447,0.994131238315523,0.961381388833438,1.02799672478992,0.730546903253831,0.991312533955064
AVBLOCK,all instruments,CD4+CD8+ T cell %leukocyte,GCST90001608,22,IVW,-0.000887450650453676,0.0306579440534994,0.999112943017413,0.940844859206042,1.0609896659767,0.976906987059183,0.993956005199104
AVBLOCK,all instruments,CD25 on IgD- CD38dim B cell,GCST90001789,20,IVW,-0.0141964228082809,0.0253087287396545,0.985903871235502,0.938191182790712,1.03604303807871,0.574845322524149,0.991312533955064
AVBLOCK,all instruments,CD8 on naive CD8+ T cell,GCST90002055,16,IVW,-0.0315180318953341,0.0409116001303903,0.968973483867766,0.894308246806785,1.04987247494508,0.44106649231954,0.991312533955064
AVBLOCK,all instruments,CD38 on IgD+ CD24- B cell,GCST90001811,17,IVW,-0.00645863089982859,0.0284460407336679,0.993562181226669,0.939682834520908,1.05053085115383,0.820386028704669,0.991312533955064
AVBLOCK,all instruments,CD8 on Natural Killer T,GCST90002059,18,IVW,0.00807303897448351,0.0260058782352189,1.00810571382288,0.958008639900612,1.06082251027274,0.756232983743712,0.991312533955064
AVBLOCK,all instruments,CD19 on IgD+ CD38- B cell,GCST90001726,31,IVW,-0.000552864809154572,0.012369400042351,0.999447287992433,0.975508028424189,1.02397402416976,0.964349486413373,0.993348687063394
AVBLOCK,all instruments,CD20 on B cell,GCST90001743,23,IVW,0.00208843410500081,0.0233470613316795,1.00209061640244,0.957268075462582,1.04901190086859,0.928722944978512,0.993348687063394
AVBLOCK,all instruments,CD20 on IgD+ B cell,GCST90001762,20,IVW,0.00324868833525314,0.0129211545797403,1.00325397104228,0.978165133891284,1.02898630869005,0.801486316227826,0.991312533955064
AVBLOCK,all instruments,HLA DR+ T cell Absolute Count,GCST90001618,30,IVW,0.00103870131487463,0.018434105886618,1.00103924095191,0.965516443464966,1.03786897541527,0.955065604551999,0.993348687063394
AVBLOCK,all instruments,HLA DR+ CD8+ T cell %lymphocyte,GCST90001629,30,IVW,-0.0150696838090612,0.0193092873712585,0.985043295642474,0.948459786871471,1.02303788491739,0.435133650680406,0.991312533955064
AVBLOCK,all instruments,Effector Memory CD8+ T cell Absolute Count,GCST90001554,24,IVW,0.023066819116452,0.0162895619769391,1.02333491559767,0.991178418152297,1.05653465642791,0.156761137530637,0.991312533955064
AVBLOCK,all instruments,CD8+ T cell Absolute Count,GCST90001592,21,IVW,-0.0101999734472977,0.0145454123912561,0.989851869865337,0.962030636899982,1.01847767284543,0.48314688221153,0.991312533955064
AVBLOCK,all instruments,CD127- CD8+ T cell Absolute Count,GCST90001684,13,IVW,0.0144560607127226,0.0334717546150642,1.01456105488235,0.95013749020029,1.08335282493378,0.665822565856811,0.991312533955064
AVBLOCK,all instruments,CD28 on CD28+ CD4+ T cell,GCST90001894,27,IVW,0.000627081849636904,0.00571485939171015,1.00062727850656,0.989481666101748,1.01189843611362,0.912624849691903,0.993348687063394
AVBLOCK,all instruments,CD45RA- CD4+ T cell Absolute Count,GCST90001534,16,IVW,0.00700069262150747,0.0150727972652096,1.00702525475396,0.977710182262945,1.03721929269991,0.642319104605592,0.991312533955064
AVBLOCK,all instruments,CD27 on IgD- CD38- B cell,GCST90001802,31,IVW,0.0101330121047918,0.0221048349227778,1.01018452491825,0.967352360833894,1.05491319988574,0.646660029654234,0.991312533955064
AVBLOCK,all instruments,CD64 on CD14+ CD16+ monocyte,GCST90002011,12,IVW,0.0296955575587559,0.0619769101280096,1.03014086760871,0.912306577103281,1.16319473491802,0.631839714166704,0.991312533955064
AVBLOCK,all instruments,Switched memory B cell %B cell,GCST90001402,13,IVW,0.0118856713837167,0.0371735493916527,1.01195658665588,0.940847244788374,1.08844038067684,0.749169499162861,0.991312533955064
AVBLOCK,all instruments,IgD- CD38- B cell %B cell,GCST90001445,12,IVW,0.00548770987960532,0.0499716823601518,1.00550279494099,0.911688606414969,1.10897061071086,0.912554990408717,0.993348687063394
AVBLOCK,all instruments,CD33 on CD33+ HLA DR+ CD14dim,GCST90001947,27,IVW,-0.0180741122659286,0.0111585706445641,0.982088244875942,0.960842369799789,1.00380390274055,0.105285654481334,0.991312533955064
AVBLOCK,all instruments,FSC-A on HLA DR+ Natural Killer,GCST90001970,20,IVW,-0.0157179293208493,0.0160804676173647,0.984404952670993,0.953862597341411,1.01592526381065,0.328344073361441,0.991312533955064
AVBLOCK,all instruments,HLA DR on CD33dim HLA DR+ CD11b-,GCST90002111,18,IVW,0.00366344095187912,0.0205052398503153,1.00367015955358,0.964132226696629,1.04482949670686,0.858205644167488,0.992979938389335
AVBLOCK,all instruments,CD33 on CD33+ HLA DR+,GCST90001956,23,IVW,-0.0229241797767955,0.0123227014123378,0.977336582841995,0.954014246177753,1.00122906967921,0.0628401292026778,0.991312533955064
AVBLOCK,all instruments,CD33 on CD33+ HLA DR+ CD14-,GCST90001957,21,IVW,-0.0176050166954949,0.0123074069449705,0.982549046192866,0.95913107528644,1.00653878604256,0.152590553273311,0.991312533955064
AVBLOCK,all instruments,CD127 on T cell,GCST90001922,18,IVW,0.0137013030686629,0.0386879145713411,1.01379559607509,0.93976352032438,1.09365972225277,0.723226896259913,0.991312533955064
AVBLOCK,all instruments,CD8+ and CD8dim T cell %leukocyte,GCST90001614,15,IVW,-0.0191523255072086,0.0419326927351584,0.981029914981394,0.903625383492709,1.06506491702174,0.647858151965207,0.991312533955064
AVBLOCK,all instruments,CD45 on granulocyte,GCST90001913,15,IVW,-0.0479514280632561,0.0235084689559842,0.95318008375587,0.910257249905793,0.998126927484375,0.0413751112731008,0.991312533955064
AVBLOCK,all instruments,IgD- CD27- B cell %B cell,GCST90001399,15,IVW,0.0383819427975472,0.030603556053851,1.03912804456634,0.97863060429419,1.1033653436406,0.209781635768445,0.991312533955064
AVBLOCK,all instruments,CD27 on CD24+ CD27+ B cell,GCST90001798,30,IVW,0.0268840736147206,0.0207152703683263,1.02724871063086,0.986375804718333,1.06981528586266,0.194359459005087,0.991312533955064
AVBLOCK,all instruments,CD27 on IgD- CD38dim B cell,GCST90001804,31,IVW,0.0111965245863306,0.016177289559399,1.01125944026078,0.979697956035848,1.04383769427721,0.488865895661776,0.991312533955064
AVBLOCK,all instruments,CD27 on memory B cell,GCST90001805,25,IVW,-0.00869301001962787,0.0124499400734133,0.991344664943324,0.967446751730821,1.01583290548381,0.485028930000209,0.991312533955064
AVBLOCK,all instruments,HLA DR+ CD4+ T cell %lymphocyte,GCST90001626,21,IVW,-0.0152972451065398,0.0409570019285328,0.984819163414922,0.908852041312625,1.06713605795341,0.708779890259311,0.991312533955064
AVBLOCK,all instruments,BAFF-R on IgD+ CD38- unswitched memory B cell,GCST90001707,19,IVW,-0.0153614619998815,0.0160218282914351,0.984755923418304,0.954312354550678,1.01617067418563,0.337667905059192,0.991312533955064
AVBLOCK,all instruments,CD25 on CD39+ activated CD4 regulatory T cell,GCST90001940,12,IVW,0.0156562310791492,0.0260921322126532,1.01577943197914,0.965137840393616,1.06907823032932,0.548481925983274,0.991312533955064
AVBLOCK,all instruments,CD45RA+ CD8+ T cell %T cell,GCST90001562,35,IVW,0.000806198091192846,0.00369639069550721,1.00080652315622,0.993581956517918,1.00808362130717,0.827347976554373,0.991312533955064
AVBLOCK,all instruments,CD25 on transitional B cell,GCST90001795,22,IVW,-0.00973738219359164,0.0256329542442025,0.990309872608665,0.941785278519474,1.04133465042893,0.704036361040269,0.991312533955064
AVBLOCK,all instruments,CD4-CD8- T cell Absolute Count,GCST90001598,20,IVW,0.0344297321035985,0.0362376108769622,1.03502929648941,0.964065553415479,1.11121659807886,0.342056143360394,0.991312533955064
AVBLOCK,all instruments,CD4-CD8- T cell %leukocyte,GCST90001613,20,IVW,-0.00600059343864057,0.0162193934293169,0.994017374165441,0.962914549698199,1.0261248419732,0.711409232837955,0.991312533955064
AVBLOCK,all instruments,PDL-1 on CD14- CD16+ monocyte,GCST90001999,19,IVW,0.00583673356038387,0.0231885423355708,1.00585380047857,0.961161519803501,1.05262419176334,0.801267041431484,0.991312533955064
AVBLOCK,all instruments,Activated & resting CD4 regulatory T cell %CD4+ T cell,GCST90001500,27,IVW,-0.00750754874236954,0.0215306178914148,0.992520562508837,0.951507642893921,1.03530126569113,0.727320741646934,0.991312533955064
AVBLOCK,all instruments,CD45RA+ CD8+ T cell Absolute Count,GCST90001560,28,IVW,-0.00783715511486179,0.00494392500581543,0.992193475314577,0.982625460597673,1.00185465564676,0.11291882417489,0.991312533955064
AVBLOCK,all instruments,CD11b on CD33dim HLA DR-,GCST90002095,23,IVW,0.00730424461545554,0.0182683702455402,1.00733098567826,0.97190058256375,1.0440529956581,0.689281646590514,0.991312533955064
AVBLOCK,all instruments,CD62L- HLA DR++ monocyte %monocyte,GCST90001455,12,IVW,0.0264427222575746,0.0426826238782748,1.02679543305299,0.944390795192376,1.11639044631275,0.535574111118666,0.991312533955064
AVBLOCK,all instruments,IgD- CD24- B cell %B cell,GCST90001413,18,IVW,-0.0104022330627472,0.0210300499760882,0.989651683052322,0.949688606249015,1.03129641371257,0.620856640307264,0.991312533955064
AVBLOCK,all instruments,IgD- CD24- B cell Absolute Count,GCST90001414,18,IVW,-0.0119229181655319,0.0288334484975622,0.988147878177587,0.933852779143386,1.04559974650666,0.679233025891437,0.991312533955064
AVBLOCK,all instruments,IgD- CD24- B cell %lymphocyte,GCST90001440,24,IVW,-0.0492363825330809,0.0278870375842458,0.951956077311389,0.901319952498647,1.00543693792405,0.0774688260379899,0.991312533955064
AVBLOCK,all instruments,CD4-CD8- T cell %T cell,GCST90001599,15,IVW,0.0100616555116086,0.0371323523422135,1.01011244416381,0.939208523118234,1.08636913394593,0.786416135800968,0.991312533955064
AVBLOCK,all instruments,CD4-CD8- Natural Killer T Absolute Count,GCST90001636,10,IVW,0.0209096413481926,0.0440438441094548,1.0211297795586,0.936677449837831,1.11319646574381,0.634967985459376,0.991312533955064
AVBLOCK,all instruments,CD4-CD8- Natural Killer T %T cell,GCST90001637,30,IVW,0.00205346673527991,0.0249717629054532,1.00205557654199,0.954191218862922,1.0523209170542,0.934462586227882,0.993348687063394
AVBLOCK,all instruments,CD4-CD8- Natural Killer T %lymphocyte,GCST90001638,29,IVW,-0.000962293799168951,0.0256080906613465,0.999038169057029,0.950132194944315,1.05046147109173,0.970024367922844,0.993348687063394
AVBLOCK,all instruments,Naive CD4+ T cell %CD4+ T cell,GCST90001541,35,IVW,0.00513595722400522,0.0202578880802958,1.00514916886076,0.966021195582661,1.04586199172585,0.799859640493361,0.991312533955064
AVBLOCK,all instruments,CD3 on Terminally Differentiated CD4+ T cell,GCST90001844,23,IVW,-0.0116638983974937,0.0186786197419124,0.988403861162676,0.9528726707781,1.02525995625788,0.532330891573423,0.991312533955064
AVBLOCK,all instruments,CD25 on IgD- CD38+ B cell,GCST90001788,20,IVW,0.00850851037216549,0.0333407517631505,1.0085448106272,0.944745818232976,1.07665216972913,0.798569777196106,0.991312533955064
AVBLOCK,all instruments,CD20 on CD24+ CD27+ B cell,GCST90001745,29,IVW,0.00509397343206147,0.0217713584238672,1.00510696977303,0.963119398316633,1.04892500602941,0.815003679486444,0.991312533955064
AVBLOCK,all instruments,CD8 on CD8+ T cell,GCST90002058,27,IVW,0.000487051186540392,0.0187392598204384,1.00048716981523,0.964406977086596,1.03791718719078,0.979264555952309,0.993956005199104
AVBLOCK,all instruments,CD8dim T cell Absolute Count,GCST90001596,27,IVW,-0.0176344393093562,0.0168054965192644,0.982520137456968,0.950684324160566,1.01542204491574,0.294028244010335,0.991312533955064
AVBLOCK,all instruments,CD3 on Central Memory CD8+ T cell,GCST90001846,19,IVW,-0.00975561368720964,0.0255303469610589,0.990291817945125,0.941957526813296,1.04110626729292,0.702373592118572,0.991312533955064
AVBLOCK,all instruments,CD3 on HLA DR+ T cell,GCST90001847,27,IVW,-0.0130547475291663,0.0174357041559591,0.987030096082079,0.953869196353602,1.02134382187413,0.454016059416858,0.991312533955064
AVBLOCK,all instruments,HLA DR+ Natural Killer Absolute Count,GCST90001648,18,IVW,-0.0110990260651856,0.027890435836644,0.988962340877013,0.936351554782948,1.04452916928157,0.690666325641973,0.991312533955064
AVBLOCK,all instruments,CD45 on HLA DR+ Natural Killer,GCST90001912,12,IVW,-0.0250690210187395,0.036816064150625,0.975242597467704,0.907348647148637,1.04821683142902,0.495918217157391,0.991312533955064
AVBLOCK,all instruments,CD28+ CD45RA- CD8+ T cell %CD8+ T cell,GCST90001692,28,IVW,-0.00287639494850854,0.00374057973206754,0.997127737911912,0.989843992877162,1.00446508022271,0.441910905559014,0.991312533955064
AVBLOCK,all instruments,IgD+ CD24+ B cell %B cell,GCST90001411,20,IVW,-0.035250721668741,0.0355695750156129,0.965363348403353,0.900354153924918,1.03506646843132,0.321668107274302,0.991312533955064
AVBLOCK,all instruments,CD20 on IgD+ CD38- B cell,GCST90001748,25,IVW,-0.0151911218664663,0.0224716366658529,0.984923681161213,0.942484759830766,1.02927357455238,0.4990322967012,0.991312533955064
AVBLOCK,all instruments,CD20 on memory B cell,GCST90001758,28,IVW,0.0181748058078713,0.0212132132758137,1.01834097274837,0.976868636260047,1.06157399089845,0.391573022934778,0.991312533955064
AVBLOCK,all instruments,Lymphocyte %leukocyte,GCST90001602,22,IVW,0.0196161853697486,0.0195250202621062,1.01980984696184,0.981520033524042,1.05959337398981,0.315056191292913,0.991312533955064
AVBLOCK,all instruments,CD45 on B cell,GCST90001910,15,IVW,0.0100763570255449,0.0215445835377693,1.01012729445515,0.968360322762772,1.05369574425784,0.640000624855952,0.991312533955064
AVBLOCK,all instruments,CD25 on secreting CD4 regulatory T cell,GCST90001941,14,IVW,-0.00146919909727176,0.0168971314110486,0.99853187964736,0.966003736598291,1.03215533946399,0.930711560509692,0.993348687063394
AVBLOCK,all instruments,HLA DR on CD33+ HLA DR+ CD14dim,GCST90002109,20,IVW,-0.021197596001928,0.0171798196337895,0.97902549393219,0.946608158805015,1.01255298599914,0.217252826261876,0.991312533955064
AVBLOCK,all instruments,IgD- CD27- B cell %lymphocyte,GCST90001433,18,IVW,0.0323628023693657,0.0307258101541326,1.03289217306352,0.972524719277145,1.09700681127042,0.292213859744678,0.991312533955064
AVBLOCK,all instruments,CD45 on CD33dim HLA DR-,GCST90002050,18,IVW,0.0244892554753432,0.0209957134210048,1.02479158014964,0.983475706200914,1.06784313646387,0.243455542929222,0.991312533955064
AVBLOCK,all instruments,CD45 on CD14+ monocyte,GCST90001909,17,IVW,-0.0417478458628983,0.0219220871033578,0.95911159404045,0.918773972217944,1.00122018868489,0.056861533503024,0.991312533955064
AVBLOCK,all instruments,CD28+ CD45RA- CD8dim T cell Absolute Count,GCST90001669,37,IVW,0.00827222627152468,0.0037541809206709,1.00830653567507,1.00091444952125,1.01575321484403,0.0275616159551322,0.991312533955064
AVBLOCK,all instruments,CD28+ CD4-CD8- T cell Absolute Count,GCST90001657,12,IVW,0.0297543245618656,0.052343703723321,1.03020140767914,0.929750196587397,1.14150547564236,0.569735333201821,0.991312533955064
AVBLOCK,all instruments,CD19 on CD20- B cell,GCST90001721,22,IVW,0.0350443693711492,0.0284686848905836,1.03566565961425,0.979459634248963,1.09509705249536,0.218330506906525,0.991312533955064
AVBLOCK,all instruments,CD25 on IgD- CD24- B cell,GCST90001785,26,IVW,0.0329968796982435,0.0270496030680079,1.03354731425677,0.980178733999336,1.08982169654796,0.222515836376396,0.991312533955064
AVBLOCK,all instruments,CD62L on CD62L+ plasmacytoid Dendritic Cell,GCST90001832,15,IVW,0.0582914128018655,0.0350039360904944,1.06002385522699,0.989736728591003,1.13530249124929,0.0958565757241257,0.991312533955064
AVBLOCK,all instruments,CD39+ CD8+ T cell %T cell,GCST90001670,20,IVW,0.0147359484291209,0.0263103627686989,1.01484505780175,0.963837697054721,1.06855178469553,0.575423822992086,0.991312533955064
AVBLOCK,all instruments,CD39+ CD8+ T cell %CD8+ T cell,GCST90001671,21,IVW,-0.0204967148723683,0.0188679612554901,0.979711914947914,0.944142737835184,1.01662110804528,0.277335772587262,0.991312533955064
AVBLOCK,all instruments,CD39+ CD8+ T cell Absolute Count,GCST90001672,24,IVW,0.00206095559591243,0.0198633579316141,1.00206308082465,0.963800239818387,1.04184495548683,0.917362464248304,0.993348687063394
AVBLOCK,all instruments,HVEM on CD4+ T cell,GCST90001875,20,IVW,-0.0154574018815574,0.0194937871995102,0.98466145058346,0.947749336379139,1.02301118560453,0.427812832980988,0.991312533955064
AVBLOCK,all instruments,HVEM on CD45RA- CD4+ T cell,GCST90001880,19,IVW,0.000521137565321912,0.0143253002396523,1.00052127338109,0.972819764447862,1.02901159605478,0.970980299604748,0.993348687063394
AVBLOCK,all instruments,Effector Memory CD8+ T cell %T cell,GCST90001556,15,IVW,0.0311077804770296,0.0189378439966736,1.03159668387759,0.994007632527001,1.07060718988828,0.100460495966721,0.991312533955064
AVBLOCK,all instruments,CD3 on Natural Killer T,GCST90001848,17,IVW,-0.0330089688670291,0.0250170701742386,0.96752988190326,0.921232873264989,1.01615356935539,0.187016102724993,0.991312533955064
AVBLOCK,all instruments,CD45 on CD66b++ myelod cell,GCST90002048,16,IVW,-0.0222914457059694,0.0202157606364439,0.977955172677418,0.939963403847207,1.01748250607636,0.270167642855631,0.991312533955064
AVBLOCK,all instruments,Granulocyte Absolute Count,GCST90001651,24,IVW,-0.0264006377676767,0.0274130210326753,0.973944812358603,0.922996202312835,1.02770574260579,0.335512769117396,0.991312533955064
AVBLOCK,all instruments,Transitional B cell Absolute Count,GCST90001577,31,IVW,0.0644950432864702,0.0240531984803617,1.06662029130032,1.01750217331145,1.1181094995709,0.00733257836411175,0.672196431388177
AVBLOCK,all instruments,Granulocyte %leukocyte,GCST90001652,25,IVW,-0.0289460856352675,0.0256983315983114,0.971468839180039,0.923749068076915,1.02165375653644,0.260004726899151,0.991312533955064
AVBLOCK,all instruments,HLA DR on HLA DR+ Natural Killer,GCST90002117,28,IVW,0.00340314226029751,0.00343316672871682,1.00340893952336,0.996679660033097,1.0101836530726,0.321561282994791,0.991312533955064
AVBLOCK,all instruments,Natural Killer %CD3- lymphocyte,GCST90001646,27,IVW,0.00145143659961909,0.0128308802148385,1.00145249044352,0.976581482602315,1.02695689861236,0.909934959988254,0.993348687063394
AVBLOCK,all instruments,CD80 on myeloid Dendritic Cell,GCST90002035,26,IVW,0.0162856221371586,0.0205604434533558,1.01641895570469,0.976273167465288,1.05821559779019,0.428311022590302,0.991312533955064
AVBLOCK,all instruments,CD45 on Immature Myeloid-Derived Suppressor Cells,GCST90002052,10,IVW,5.61593038979569e-05,0.0161462148097437,1.00005616088086,0.968903342582851,1.03221062510706,0.997224826269994,0.998590887675843
AVBLOCK,all instruments,CD3 on HLA DR+ CD8+ T cell,GCST90001850,26,IVW,-0.00932191395587222,0.0208762877394925,0.990721400388675,0.951001691365911,1.03210004997819,0.655213575711702,0.991312533955064
AVBLOCK,all instruments,Resting CD4 regulatory T cell Absolute Count,GCST90001480,25,IVW,-0.0293452419425836,0.0233000730280663,0.971081148645228,0.927731068493109,1.01645684754939,0.207868382043803,0.991312533955064
AVBLOCK,all instruments,CD127 on CD28+ CD4+ T cell,GCST90001924,20,IVW,0.0072298278952146,0.021131755226746,1.00725602619926,0.966389407784827,1.04985080976864,0.732252332217193,0.991312533955064
AVBLOCK,all instruments,CD20 on IgD+ CD38- naive B cell,GCST90001749,18,IVW,-0.0151135526193079,0.026485755899217,0.985000083912883,0.935171228680253,1.03748397678744,0.568250843480124,0.991312533955064
AVBLOCK,all instruments,CD25 on IgD+ CD38dim B cell,GCST90001784,23,IVW,-0.0162719235607967,0.0147593417965018,0.98385974903122,0.955806078291925,1.01273681738204,0.270251741089516,0.991312533955064
AVBLOCK,all instruments,CD25 on IgD+ B cell,GCST90001794,27,IVW,-0.00621666190749942,0.0128383204542695,0.993802621554855,0.969107465242286,1.01912706901126,0.628224748978351,0.991312533955064
AVBLOCK,all instruments,CD8dim T cell %T cell,GCST90001597,19,IVW,0.000898261022630203,0.0279089876341338,1.00089866457989,0.947618432853952,1.05717459900044,0.974324225204451,0.993348687063394
AVBLOCK,all instruments,CD8dim T cell %leukocyte,GCST90001612,18,IVW,0.00902332534477995,0.0235021010963561,1.00906415826877,0.963636825099062,1.05663300631748,0.701025168661799,0.991312533955064
AVBLOCK,all instruments,CD28- CD8dim T cell %T cell,GCST90001661,25,IVW,0.0143745376884552,0.0201975104381582,1.01447834816815,0.975102599981564,1.0554441336957,0.476651502686348,0.991312533955064
AVBLOCK,all instruments,CD20- B cell %B cell,GCST90001419,19,IVW,-0.0109557486979841,0.0255697053017228,0.989104046948869,0.940755153837008,1.03993776882367,0.668311900798871,0.991312533955064
AVBLOCK,all instruments,CD20- B cell Absolute Count,GCST90001421,22,IVW,0.00558362264681853,0.0142373833696796,1.00559924012158,0.977925635892748,1.03405595949016,0.694924928056404,0.991312533955064
AVBLOCK,all instruments,CD45RA on Terminally Differentiated CD8+ T cell,GCST90002101,14,IVW,0.0449894110927281,0.034417043655742,1.04601678367535,0.977782531138208,1.1190127424928,0.191150205486061,0.991312533955064
AVBLOCK,all instruments,CD3 on naive CD8+ T cell,GCST90001838,25,IVW,-0.0133225731299068,0.0173884932716553,0.986765779550593,0.953702005113364,1.02097583781042,0.443574087434696,0.991312533955064
AVBLOCK,all instruments,CD3 on CD28+ CD45RA+ CD8+ T cell,GCST90001864,25,IVW,0.0150146903642585,0.0190524696905223,1.01512797710594,0.977919277957851,1.05375242428507,0.430655437270929,0.991312533955064
AVBLOCK,all instruments,IgD+ B cell %Lymphocyte,GCST90001424,18,IVW,-0.0207541462636893,0.0185565200777976,0.979459738806975,0.944476072740929,1.01573920995135,0.263383904799418,0.991312533955064
AVBLOCK,all instruments,Naive-mature B cell %lymphocyte,GCST90001437,21,IVW,-0.0180863125721395,0.0324146498932398,0.982076263171719,0.921623005890839,1.04649491225869,0.576866758153244,0.991312533955064
AVBLOCK,all instruments,IgD+ CD24- B cell %lymphocyte,GCST90001441,21,IVW,-0.0440952046513216,0.0355155213440464,0.956862855341937,0.892520651656028,1.0258435166002,0.214393189690685,0.991312533955064
AVBLOCK,all instruments,IgD+ CD24- B cell %B cell,GCST90001415,18,IVW,0.0261269233763975,0.0214550775617501,1.02647122339925,0.984201104180137,1.07055678762366,0.223318942719602,0.991312533955064
AVBLOCK,all instruments,CD19 on B cell,GCST90002028,24,IVW,-0.0047580406025965,0.0230884254225365,0.995253260941085,0.951218623893386,1.04132638757595,0.836729169116543,0.991312533955064
AVBLOCK,all instruments,CCR7 on naive CD4+ T cell,GCST90001907,24,IVW,0.0271525999150559,0.0147892078365328,1.02752459096555,0.998167433759224,1.05774517313455,0.0663615136007733,0.991312533955064
AVBLOCK,all instruments,CD28 on CD39+ activated CD4 regulatory T cell,GCST90001886,19,IVW,-0.0171139799419849,0.0189239695939081,0.983031632360749,0.947237940388252,1.02017787613717,0.365807375781799,0.991312533955064
AVBLOCK,all instruments,CD28 on activated & secreting CD4 regulatory T cell,GCST90001889,25,IVW,5.86505206665601e-05,0.0110759458219835,1.00005865224064,0.978582480121219,1.02200614484482,0.995774976965492,0.998590887675843
AVBLOCK,all instruments,CD28 on CD4 regulatory T cell,GCST90001899,25,IVW,0.00777143066746805,0.00899733609145211,1.0078017066131,0.990185135212378,1.0257316977743,0.387726362702031,0.991312533955064
AVBLOCK,all instruments,CD28 on activated CD4 regulatory T cell,GCST90001902,18,IVW,-0.0405230937751044,0.0247631950711586,0.960286987603612,0.914791639423887,1.00804495670901,0.101750820154229,0.991312533955064
AVBLOCK,all instruments,CD25 on activated CD4 regulatory T cell,GCST90001939,17,IVW,-0.0212788065098553,0.0406352090714873,0.978945990002875,0.904001900481189,1.06010313787239,0.600518928924292,0.991312533955064
AVBLOCK,all instruments,CD3 on CD39+ secreting CD4 regulatory T cell,GCST90001856,27,IVW,-0.0115423852585554,0.0195176687954112,0.988523972515791,0.951422528359238,1.02707221566803,0.554264935720086,0.991312533955064
AVBLOCK,all instruments,BAFF-R on CD20- CD38- B cell,GCST90001701,17,IVW,-0.00636814434390335,0.019683547388601,0.993652089314221,0.956047293251905,1.03273601794338,0.746296728191053,0.991312533955064
AVBLOCK,all instruments,SSC-A on CD8+ T cell,GCST90002082,18,IVW,0.00800270405044558,0.0183577895386991,1.00803481127757,0.97240921168098,1.04496560557138,0.662887800453334,0.991312533955064
AVBLOCK,all instruments,CD33dim HLA DR+ CD11b+ %CD33dim HLA DR+,GCST90001526,24,IVW,-0.011681261018278,0.0148178916756856,0.988386700030234,0.960093763763611,1.01751339886547,0.430508736889792,0.991312533955064
AVBLOCK,all instruments,CD33dim HLA DR+ CD11b- %CD33dim HLA DR+,GCST90001528,24,IVW,0.014220979440864,0.0104884916665852,1.01432257861094,0.993683568828555,1.03539026482328,0.175142104511444,0.991312533955064
AVBLOCK,all instruments,CD25 on naive-mature B cell,GCST90001791,23,IVW,0.000916529901838554,0.0250487825383689,1.00091695004372,0.952963111470161,1.05128386275022,0.97081207782708,0.993348687063394
AVBLOCK,all instruments,CD20- CD38- B cell Absolute Count,GCST90001423,14,IVW,0.00181429124611611,0.0434611442763934,1.00181593806827,0.920011092878037,1.09089464413735,0.966701874405834,0.993348687063394
AVBLOCK,all instruments,CD25 on B cell,GCST90001775,25,IVW,0.00525671810114275,0.0157971774231671,1.00527055888548,0.974621830236271,1.03688309168792,0.739313096530435,0.991312533955064
AVBLOCK,all instruments,FSC-A on plasmacytoid Dendritic Cell,GCST90001964,26,IVW,-0.00806513776493456,0.0115078293684362,0.991967298199899,0.969843575047032,1.0145956997759,0.483403380271502,0.991312533955064
AVBLOCK,all instruments,HLA DR on CD33+ HLA DR+ CD14-,GCST90002108,25,IVW,0.0177790114265113,0.0100362467491848,1.01793799886571,0.998109756562724,1.03816014493553,0.076480898492551,0.991312533955064
AVBLOCK,all instruments,CD28 on CD28+ CD45RA- CD8+ T cell,GCST90001893,17,IVW,0.00940409283060706,0.0350283015987488,1.00944845024965,0.942469822912119,1.08118705653925,0.788336581887544,0.991312533955064
AVBLOCK,all instruments,CD19 on switched memory B cell,GCST90001740,27,IVW,-0.0558482913744553,0.0258669270120666,0.945682593214683,0.898932376340464,0.994864119534762,0.0308453806031264,0.991312533955064
AVBLOCK,all instruments,CD19 on IgD+ CD24- B cell,GCST90001725,25,IVW,-6.51543476923748e-05,0.011501477825582,0.999934847774806,0.977645596013448,1.02273227013102,0.99548011387408,0.998590887675843
AVBLOCK,all instruments,FSC-A on granulocyte,GCST90001966,21,IVW,-0.0134930712686571,0.0260736340002734,0.986597552163433,0.937444808401262,1.03832750601595,0.604808087718966,0.991312533955064
AVBLOCK,all instruments,CD3 on Naive CD4+ T cell,GCST90001842,30,IVW,-0.00192183362950658,0.014945455353054,0.99808001191028,0.969267229841227,1.02774929297672,0.897682210463138,0.993348687063394
AVBLOCK,all instruments,CCR7 on naive CD8+ T cell,GCST90001908,24,IVW,-0.0220326506834062,0.0216280029842136,0.97820829536043,0.937607804265084,1.02056687749308,0.308340932373031,0.991312533955064
AVBLOCK,all instruments,CD25++ CD4+ T cell Absolute Count,GCST90001504,23,IVW,0.014230888676861,0.0197433347608966,1.01433262982255,0.975830820296287,1.05435354420383,0.471035910925532,0.991312533955064
AVBLOCK,all instruments,CD25++ CD4+ T cell %CD4+ T cell,GCST90001505,26,IVW,-0.0131088171360687,0.021456834536382,0.986976729195559,0.946329735711959,1.02936960259491,0.541239961473784,0.991312533955064
AVBLOCK,all instruments,Memory B cell %lymphocyte,GCST90001436,28,IVW,0.0044988114988303,0.0135919430942269,1.00450894634383,0.978101924628664,1.03162891093163,0.740651246930254,0.991312533955064
AVBLOCK,all instruments,CD4 on monocyte,GCST90001958,15,IVW,-0.00942430875681314,0.0288521434114722,0.990619960861623,0.93615472671817,1.04825396790729,0.743939015757316,0.991312533955064
AVBLOCK,all instruments,SSC-A on T cell,GCST90002080,22,IVW,-0.0333580908762547,0.0277777330409478,0.967192154884302,0.915941805319759,1.02131015206055,0.229792630183617,0.991312533955064
AVBLOCK,all instruments,CD28+ CD45RA+ CD8dim T cell %T cell,GCST90001664,41,IVW,9.77250659422979e-05,0.00255161064874462,1.00009772984119,0.995108570390808,1.00511190335814,0.969448997582821,0.993348687063394
AVBLOCK,all instruments,CD16-CD56 on HLA DR+ Natural Killer,GCST90001885,24,IVW,0.00329097425082794,0.0130733826825039,1.00329639545197,0.977914676293517,1.02933689567083,0.801249079342394,0.991312533955064
AVBLOCK,all instruments,CD20 on IgD+ CD38- unswitched memory B cell,GCST90001750,19,IVW,-0.0172540219871107,0.0260089899630353,0.982893976239577,0.934044084382034,1.03429868534225,0.507082824125004,0.991312533955064
AVBLOCK,all instruments,FSC-A on HLA DR+ CD8+ T cell,GCST90001978,18,IVW,-0.0193911380909441,0.0157320837056599,0.980795660665228,0.951014449872634,1.01150947612686,0.217730453478701,0.991312533955064
AVBLOCK,all instruments,CD11b on CD14+ monocyte,GCST90002091,20,IVW,-0.0236040443378582,0.0151662991126532,0.976672352154128,0.948067107624894,1.00614067906223,0.119625284107372,0.991312533955064
AVBLOCK,all instruments,CD11b on Monocytic Myeloid-Derived Suppressor Cells,GCST90002094,16,IVW,-0.0107373880669676,0.015988956590511,0.989320051915334,0.958797155664131,1.02081463147834,0.501870048331165,0.991312533955064
AVBLOCK,all instruments,CD45 on HLA DR+ CD4+ T cell,GCST90001920,18,IVW,0.000745819365262168,0.00310717063790843,1.00074609755768,0.994670019933921,1.0068592917312,0.810305703047871,0.991312533955064
AVBLOCK,all instruments,CD11c+ HLA DR++ monocyte Absolute Count,GCST90001456,17,IVW,0.00755573589397255,0.0306242456252426,1.00758435249418,0.948884888385788,1.06991505483682,0.805121843555722,0.991312533955064
AVBLOCK,all instruments,CD28 on CD45RA+ CD4+ T cell,GCST90001890,13,IVW,0.0219616414447605,0.0293557525799446,1.02220457342781,0.965049741272049,1.08274438637683,0.454387454338734,0.991312533955064
AVBLOCK,all instruments,CD25 on CD4+ T cell,GCST90001960,16,IVW,0.0207311219065058,0.0143357908384692,1.02094750431079,0.992660041898862,1.05004106397245,0.148146519259838,0.991312533955064
AVBLOCK,all instruments,CD4 on resting CD4 regulatory T cell,GCST90002064,13,IVW,-0.0342258033403706,0.0380865933868314,0.96635327420256,0.896842043727873,1.04125208791545,0.368849103242108,0.991312533955064
AVBLOCK,all instruments,CD86 on myeloid Dendritic Cell,GCST90001903,22,IVW,0.0386003769756202,0.0263262682175251,1.03935505043869,0.987085014778437,1.094392990167,0.142585506598929,0.991312533955064
AVBLOCK,all instruments,CD19 on IgD+ CD38dim B cell,GCST90001730,24,IVW,0.000917554261870199,0.0113376098660304,1.00091797534356,0.978921169567118,1.02340905939226,0.935497516765531,0.993348687063394
AVBLOCK,all instruments,CD19 on IgD- CD38dim B cell,GCST90001735,28,IVW,-0.0465417066123945,0.0203178800430072,0.95452474974603,0.917259598383585,0.993303858017199,0.0219820844241273,0.991312533955064
AVBLOCK,all instruments,CD38 on CD3- CD19-,GCST90001810,18,IVW,-0.00261139138910024,0.0248590864352108,0.997392015327325,0.949960189740324,1.04719212760972,0.9163379099493,0.993348687063394
AVBLOCK,all instruments,CD25 on memory B cell,GCST90001790,24,IVW,-0.0692569065300796,0.0182830287677892,0.933086933156986,0.900242018003156,0.967130179903752,0.000151838327913819,0.110993817705002
AVBLOCK,all instruments,CD25 on unswitched memory B cell,GCST90001792,24,IVW,0.0203738922855129,0.0116387340314201,1.0205828567561,0.997564943156543,1.04413188800379,0.0800278027332108,0.991312533955064
AVBLOCK,all instruments,CD62L- monocyte Absolute Count,GCST90001450,20,IVW,0.011497637142392,0.0194640343582284,1.01156398902511,0.973700156568724,1.05090021500902,0.55471345858092,0.991312533955064
AVBLOCK,all instruments,CD62L- monocyte %monocyte,GCST90001451,23,IVW,0.0135443725086253,0.0225276637571836,1.01363651304725,0.969853889263784,1.05939563882405,0.547684877341854,0.991312533955064
AVBLOCK,all instruments,HLA DR on Dendritic Cell,GCST90002106,19,IVW,-0.00922778754301532,0.015926552175059,0.99081465782916,0.960363106778317,1.02223177800157,0.562321709432148,0.991312533955064
AVBLOCK,all instruments,Naive CD4-CD8- T cell %T cell,GCST90001568,20,IVW,-0.0277236558883081,0.0291138442082234,0.972657117732849,0.918708140791377,1.02977412158494,0.340970248162217,0.991312533955064
AVBLOCK,all instruments,B cell %lymphocyte,GCST90001644,35,IVW,0.00978460874568447,0.0201596278777812,1.0098326345399,0.970709276411897,1.05053281611897,0.627423401970598,0.991312533955064
AVBLOCK,all instruments,CD24+ CD27+ B cell %lymphocyte,GCST90001442,24,IVW,0.00470514723570318,0.011546785518353,1.00471623382215,0.982233172397545,1.02771392666546,0.683651469359477,0.991312533955064
AVBLOCK,all instruments,Naive-mature B cell %B cell,GCST90001408,29,IVW,0.0424741671548069,0.018986836629643,1.04338910231637,1.00527382527576,1.08294953221718,0.025284227884699,0.991312533955064
AVBLOCK,all instruments,Terminally Differentiated CD8+ T cell %CD8+ T cell,GCST90001558,23,IVW,0.00304911826188302,0.0194645967430832,1.00305377155125,0.965507420628839,1.04206021323781,0.875521132694242,0.993348687063394
AVBLOCK,all instruments,HVEM on Effector Memory CD8+ T cell,GCST90001873,18,IVW,-0.0267938799248548,0.0179285111124148,0.973561891494866,0.939945145092752,1.00838092682263,0.135049059939956,0.991312533955064
AVBLOCK,all instruments,CCR2 on CD14- CD16+ monocyte,GCST90001982,28,IVW,-0.00750188181552788,0.0134221570877605,0.99252618706619,0.966755838015145,1.01898348401462,0.576217856129342,0.991312533955064
AVBLOCK,all instruments,HLA DR on CD14+ CD16- monocyte,GCST90001988,22,IVW,-0.00186063456249315,0.0186411873601624,0.99814109534492,0.962330471549664,1.0352843182987,0.92049271346933,0.993348687063394
AVBLOCK,all instruments,HLA DR on CD14+ monocyte,GCST90001991,21,IVW,-0.006637764096201,0.0191199348534691,0.993384217197459,0.956845984316673,1.0313177033206,0.728467681221194,0.991312533955064
AVBLOCK,all instruments,CD64 on CD14- CD16-,GCST90002001,16,IVW,0.037633755800474,0.0343087204495018,1.0383508732461,0.9708227838261,1.1105760535633,0.272678478209874,0.991312533955064
AVBLOCK,all instruments,CD62L- Dendritic Cell Absolute Count,GCST90001462,18,IVW,0.0218431162036697,0.0123212797332855,1.0220834235641,0.997696066065787,1.04706689768147,0.0762625060162014,0.991312533955064
AVBLOCK,all instruments,FSC-A on HLA DR+ CD4+ T cell,GCST90001977,17,IVW,0.00536878251990239,0.0213131407397437,1.00538322025891,0.96424971898269,1.04827141733013,0.801118273722,0.991312533955064
AVBLOCK,all instruments,CD45 on CD4+ T cell,GCST90001916,13,IVW,0.0345819356462987,0.0388606662725418,1.03518684360444,0.959267822653768,1.11711429891098,0.373521950666782,0.991312533955064
AVBLOCK,all instruments,CD64 on CD14+ CD16- monocyte,GCST90001987,35,IVW,0.010444103020002,0.00881582294727023,1.0104988330333,0.993188394914616,1.02811097752451,0.236136191304062,0.991312533955064
AVBLOCK,all instruments,CD4+ T cell %leukocyte,GCST90001606,13,IVW,0.00351176363459508,0.0650151570905623,1.00351793710098,0.883452330240771,1.13990106269678,0.956923581975604,0.993348687063394
AVBLOCK,all instruments,Effector Memory CD4+ T cell Absolute Count,GCST90001542,23,IVW,-0.00699131688495243,0.0133582188741425,0.993033065516154,0.967370777913836,1.01937611898407,0.600715449269884,0.991312533955064
AVBLOCK,all instruments,CD86 on CD62L+ myeloid Dendritic Cell,GCST90001904,22,IVW,0.00983066168659469,0.0208106424428731,1.00987914137343,0.969516100424343,1.05192258254892,0.636651105231385,0.991312533955064
AVBLOCK,all instruments,Unswitched memory B cell Absolute Count,GCST90001398,20,IVW,0.00138752311580549,0.0305598304976385,1.00138848617137,0.943169049493585,1.06320166122395,0.963785695135046,0.993348687063394
AVBLOCK,all instruments,CD16 on CD14+ CD16+ monocyte,GCST90002005,22,IVW,-0.0293410451295957,0.0209756464027415,0.971085224099757,0.931971250310216,1.01184077529321,0.161868519805849,0.991312533955064
AVBLOCK,all instruments,CD24 on unswitched memory B cell,GCST90001772,25,IVW,0.00105570046854412,0.0135007576303026,1.00105625791643,0.974914226683078,1.02789927984035,0.937672425158485,0.993348687063394
AVBLOCK,all instruments,CD8dim Natural Killer T %T cell,GCST90001634,19,IVW,0.0280447547894402,0.0271465226589679,1.02844171108369,0.975151505673146,1.08464412652127,0.301562580837789,0.991312533955064
AVBLOCK,all instruments,CD28 on resting CD4 regulatory T cell,GCST90001900,6,IVW,0.00667496026767155,0.0399923456155748,1.00669728746503,0.930800754334723,1.08878234559854,0.86744405474619,0.993348687063394
AVBLOCK,all instruments,IgD- CD38- B cell Absolute Count,GCST90001446,14,IVW,0.0110538507347378,0.0335680235457363,1.0111151702735,0.946731762727164,1.07987703360898,0.741931182510092,0.991312533955064
AVBLOCK,all instruments,CD86+ myeloid Dendritic Cell Absolute Count,GCST90001464,21,IVW,0.0131165111256921,0.0157734418950295,1.01320290989463,0.982358039252671,1.04501627268192,0.405659217241296,0.991312533955064
AVBLOCK,all instruments,CD62L- Dendritic Cell %Dendritic Cell,GCST90001463,23,IVW,-0.00868241025188218,0.0132355507545756,0.99135517302222,0.965968465482175,1.01740907099627,0.511829522365542,0.991312533955064
AVBLOCK,all instruments,FSC-A on B cell,GCST90001968,20,IVW,0.0303068544826816,0.0265866467174185,1.03077078206505,0.978432993697056,1.08590819402394,0.254316432459039,0.991312533955064
AVBLOCK,all instruments,Naive CD4+ T cell Absolute Count,GCST90001540,25,IVW,0.0371685901591459,0.0322316959461248,1.0378679804175,0.974329697755336,1.10554974076793,0.248841055695919,0.991312533955064
AVBLOCK,all instruments,CD40 on CD14+ CD16+ monocyte,GCST90001981,21,IVW,-0.000888386079155514,0.0125727494723603,0.999112008418926,0.974792184266347,1.02403858122661,0.943668635044705,0.993348687063394
AVBLOCK,all instruments,IgD- CD38+ B cell %lymphocyte,GCST90001425,30,IVW,0.0386062563241158,0.0180324718562627,1.0393611611872,1.00326793959564,1.07675286007825,0.0322796997575958,0.991312533955064
AVBLOCK,all instruments,CD28- CD8+ T cell Absolute Count,GCST90001687,14,IVW,0.0383773951570006,0.0459343683513915,1.03912331899626,0.949657422979788,1.13701767179761,0.403445676446051,0.991312533955064
AVBLOCK,all instruments,CD25 on activated & secreting CD4 regulatory T cell,GCST90001943,21,IVW,-0.0447000262582621,0.0124000438021656,0.956284298991475,0.933322842143646,0.979810649868216,0.000312359616769977,0.114167439929427
AVBLOCK,all instruments,Effector Memory CD4+ T cell %T cell,GCST90001544,20,IVW,0.0187494330723705,0.0216377817226567,1.01892630739439,0.976617098707162,1.06306844440337,0.386208547837512,0.991312533955064
AVBLOCK,all instruments,HVEM on Central Memory CD8+ T cell,GCST90001882,18,IVW,0.00563308026480175,0.0121403927865251,1.00564897589454,0.982001847174065,1.0298655400986,0.642651403815439,0.991312533955064
AVBLOCK,all instruments,CD127 on CD28- CD8+ T cell,GCST90001930,21,IVW,-0.00696857064808889,0.0231263461132039,0.99305565353837,0.949047708702967,1.03910427471794,0.763165874406249,0.991312533955064
AVBLOCK,all instruments,HLA DR on monocyte,GCST90002010,17,IVW,-0.0144112690105807,0.0217720430372342,0.985692076285419,0.944514279698384,1.0286650928794,0.508024898965416,0.991312533955064
AVBLOCK,all instruments,CD25++ CD4+ T cell %T cell,GCST90001506,20,IVW,0.0012829220566633,0.0227180826542711,1.0012837453532,0.957677190260367,1.0468758668419,0.954966274306634,0.993348687063394
AVBLOCK,all instruments,CD86+ myeloid Dendritic Cell %Dendritic Cell,GCST90001465,23,IVW,0.0144622179713065,0.00991199972852825,1.01456730181634,0.995047005235563,1.03447053706896,0.144548159888267,0.991312533955064
AVBLOCK,all instruments,CD3 on CD28+ CD4+ T cell,GCST90001861,24,IVW,-0.0175667506940997,0.0246826127059691,0.982586645135415,0.936182660349474,1.03129074708354,0.476647174264841,0.991312533955064
AVBLOCK,all instruments,CD3 on CD4+ T cell,GCST90001867,29,IVW,0.0049227192588289,0.0207391561734392,1.00493485574795,0.964904615238399,1.04662579942955,0.812374782395302,0.991312533955064
AVBLOCK,all instruments,CD11c on CD62L+ myeloid Dendritic Cell,GCST90002088,26,IVW,-0.0108777328599358,0.0154750570271435,0.989181215740163,0.959628695715816,1.01964382884915,0.482105373920768,0.991312533955064
AVBLOCK,all instruments,CD127 on granulocyte,GCST90001926,31,IVW,0.0152651239080325,0.0233945887833774,1.01538223103816,0.969874817334377,1.06302489422464,0.514074407675194,0.991312533955064
AVBLOCK,all instruments,CD45 on lymphocyte,GCST90002041,17,IVW,0.0494986675715426,0.0272254158452518,1.05074419217243,0.996144304869491,1.10833676605593,0.0690480696894748,0.991312533955064
AVBLOCK,all instruments,CD25++ CD45RA- CD4 not regulatory T cell Absolute Count,GCST90001510,20,IVW,-0.00628648623242682,0.0110957919337148,0.993733232380249,0.972355074327447,1.01558140972312,0.571009828696772,0.991312533955064
AVBLOCK,all instruments,Central Memory CD8+ T cell Absolute Count,GCST90001548,25,IVW,0.0136646535896052,0.029899067078429,1.01375844167547,0.956057216444698,1.07494212730282,0.64765229611364,0.991312533955064
AVBLOCK,all instruments,CD11c+ monocyte Absolute Count,GCST90001448,15,IVW,-0.00410346264408937,0.0266726712106428,0.995904945054589,0.945178105123235,1.04935424784821,0.877731787483475,0.993348687063394
AVBLOCK,all instruments,Effector Memory CD4+ T cell %CD4+ T cell,GCST90001543,28,IVW,0.0231719226117123,0.0175838518190239,1.02344247732658,0.988771093176038,1.05932961797245,0.187572080236549,0.991312533955064
AVBLOCK,all instruments,BAFF-R on unswitched memory B cell,GCST90001717,24,IVW,-0.0119558984749548,0.0134773518311481,0.988115289292208,0.962355351698084,1.01456475844417,0.375019485290571,0.991312533955064
AVBLOCK,all instruments,CD19 on unswitched memory B cell,GCST90001738,21,IVW,-0.00312854310536413,0.018323268575711,0.996876345686023,0.961710172675922,1.03332841517441,0.864426997735307,0.993348687063394
AVBLOCK,all instruments,Immature Myeloid-Derived Suppressor Cells Absolute Count,GCST90001515,22,IVW,0.00320465764865408,0.0199869810010227,1.00320979805359,0.964669401833805,1.0432899571579,0.872615414060538,0.993348687063394
AVBLOCK,all instruments,CD25 on CD39+ CD4 regulatory T cell,GCST90001935,17,IVW,0.0128482537282303,0.0274643096891646,1.01293114717173,0.959846605463867,1.06895154191308,0.639915911350336,0.991312533955064
AVBLOCK,all instruments,CD3 on CD28+ CD4-CD8- T cell,GCST90001862,16,IVW,-0.0230827198786546,0.020989722023797,0.977181648082611,0.937796246257967,1.01822115108657,0.271456156729134,0.991312533955064
AVBLOCK,all instruments,CD25++ CD8+ T cell Absolute Count,GCST90001681,27,IVW,-0.0233016880041151,0.0227946980063629,0.97696769987367,0.934279816616059,1.02160602168792,0.306666577676764,0.991312533955064
AVBLOCK,all instruments,CD19 on transitional B cell,GCST90001742,26,IVW,-0.0266253554746613,0.020902195405419,0.973725974302954,0.934640179548064,1.01444630113238,0.202731948380282,0.991312533955064
AVBLOCK,all instruments,CD11c on granulocyte,GCST90002090,22,IVW,0.0199578621185353,0.0234006371896851,1.02015835180934,0.974425330104003,1.06803777633251,0.393727591684657,0.991312533955064
AVBLOCK,all instruments,CD28+ CD45RA+ CD8dim T cell %CD8dim T cell,GCST90001665,27,IVW,0.0147531850911622,0.0107354475883062,1.0148625504938,0.993731437749844,1.03644300388336,0.169364191623306,0.991312533955064
AVBLOCK,all instruments,CD28+ CD45RA- CD8+ T cell %T cell,GCST90001691,26,IVW,-0.00323614668465157,0.00852500875592863,0.996769083994095,0.980252425105647,1.01356403856828,0.704237713759862,0.991312533955064
AVBLOCK,all instruments,CD38 on IgD+ CD38+ B cell,GCST90001812,17,IVW,0.00464214656586375,0.0242212057408945,1.00465293802028,0.958072891556255,1.05349763548081,0.848011442356329,0.991312533955064
AVBLOCK,all instruments,CD24 on CD24+ CD27+ B cell,GCST90001764,3,IVW,0.0154569951563408,0.0505158816724744,1.01557707238596,0.919841291626849,1.12127689781342,0.759617677850099,0.991312533955064
AVBLOCK,all instruments,CD25 on CD39+ resting CD4 regulatory T cell,GCST90001938,15,IVW,0.0356790586177979,0.0368538209089268,1.0363231941145,0.964105615848823,1.11395032349658,0.332982579145012,0.991312533955064
AVBLOCK,all instruments,CD24 on IgD+ CD38- unswitched memory B cell,GCST90001767,21,IVW,0.0104326378582038,0.0151043466349518,1.0104872475671,0.981010730109615,1.04084944859027,0.489751357893172,0.991312533955064
AVBLOCK,all instruments,HLA DR on CD33- HLA DR+,GCST90002112,12,IVW,0.013584216765561,0.0169761138181969,1.01367690144554,0.980503595527185,1.0479725573793,0.423597301829018,0.991312533955064
AVBLOCK,all instruments,CD45 on CD33+ HLA DR+,GCST90002053,16,IVW,0.00366721287865138,0.0172944046187814,1.00367394533106,0.970222531213174,1.03827870012131,0.832070986943199,0.991312533955064
AVBLOCK,all instruments,CD127 on CD28+ CD45RA- CD8+ T cell,GCST90001928,19,IVW,0.0224193744074186,0.0241073797898323,1.02267257725786,0.975474665558312,1.07215413910995,0.352381582625212,0.991312533955064
AVBLOCK,all instruments,CD86 on granulocyte,GCST90001906,21,IVW,-0.0338989752181108,0.0280885163229432,0.966669157245527,0.914889059769497,1.02137985976705,0.227485126400571,0.991312533955064
AVBLOCK,all instruments,CD62L on CD62L+ myeloid Dendritic Cell,GCST90001831,15,IVW,-0.0419456333609879,0.0410471166048819,0.958921912516811,0.884796165557194,1.03925770714188,0.306833019295716,0.991312533955064
AVBLOCK,all instruments,Naive CD4-CD8- T cell %CD4-CD8- T cell,GCST90001567,22,IVW,0.00671610351005505,0.028001331200774,1.0067387071076,0.952975098134651,1.06353547576694,0.810446980533048,0.991312533955064
AVBLOCK,all instruments,BAFF-R on IgD+ CD24+ B cell,GCST90001703,18,IVW,-0.000975274988582777,0.0166186227049382,0.999025200437499,0.967008710812541,1.03210171733671,0.953202474275383,0.993348687063394
AVBLOCK,all instruments,Central Memory CD4-CD8- T cell %CD4-CD8- T cell,GCST90001564,16,IVW,0.011775883299187,0.0282220285551697,1.01184549197915,0.957394934749668,1.06939285187071,0.676489288107659,0.991312533955064
AVBLOCK,all instruments,HLA DR on Hematopoietic Stem Cell,GCST90002107,6,IVW,-0.0127133142393606,0.0264456530597241,0.987367158553821,0.937492244001912,1.0398954359655,0.630705841143901,0.991312533955064
AVBLOCK,all instruments,CD127 on CD28+ CD4-CD8- T cell,GCST90001925,24,IVW,-0.0303583651021837,0.0241318270164295,0.97009782204327,0.925281978729906,1.01708431155753,0.208383862730423,0.991312533955064
AVBLOCK,all instruments,CD8 on Effector Memory CD8+ T cell,GCST90002056,24,IVW,0.0399966617910036,0.0261391719813056,1.0408072997543,0.988826774086587,1.09552033137704,0.125981424140274,0.991312533955064
AVBLOCK,all instruments,CD28+ CD45RA- CD8+ T cell Absolute Count,GCST90001693,29,IVW,-0.00258927846137686,0.00837394993045588,0.997414070828727,0.981177183708088,1.01391965203209,0.757164566715312,0.991312533955064
AVBLOCK,all instruments,CD33- HLA DR+ Absolute Count,GCST90001523,36,IVW,0.00404025327469268,0.0135509010890463,1.00404842610101,0.977732158656628,1.03107301220513,0.765585746239236,0.991312533955064
AVBLOCK,all instruments,CD28 on CD39+ resting CD4 regulatory T cell,GCST90001901,22,IVW,0.0203966802743878,0.0122253278057095,1.02060611405188,0.996441384708597,1.04535686295757,0.0952372673250397,0.991312533955064
AVBLOCK,all instruments,Basophil Absolute Count,GCST90001532,23,IVW,0.0129988958441133,0.0105703669263661,1.01308374875681,0.992310691822554,1.03429166938642,0.218791193515406,0.991312533955064
AVBLOCK,all instruments,CD45RA on CD39+ resting CD4 regulatory T cell,GCST90002103,8,IVW,-0.0841046457924635,0.0307863364263868,0.919335046516766,0.865501764910091,0.976516700508153,0.0062973644474579,0.672196431388177
AVBLOCK,all instruments,CD39 on granulocyte,GCST90002033,26,IVW,0.00225553264866134,0.0240720144289279,1.00225807827598,0.956068595746409,1.05067906208678,0.925347968696826,0.993348687063394
AVBLOCK,all instruments,CD45 on Natural Killer T,GCST90001919,22,IVW,0.0209674163845174,0.0182784986363857,1.02118877707298,0.985251400991249,1.05843698102904,0.251336889110673,0.991312533955064
AVBLOCK,all instruments,CD3 on activated CD4 regulatory T cell,GCST90001853,21,IVW,-0.0148169762232053,0.0179952746802095,0.985292255011314,0.951145991454846,1.02066437382591,0.410291081204229,0.991312533955064
AVBLOCK,all instruments,CD3 on secreting CD4 regulatory T cell,GCST90001855,20,IVW,0.00862363882369115,0.0197898949493385,1.00866092951371,0.970285854753264,1.04855374912806,0.663011080873042,0.991312533955064
AVBLOCK,all instruments,CD3 on activated & secreting CD4 regulatory T cell,GCST90001857,22,IVW,0.00443717824313523,0.0175305673164578,1.00444703709495,0.970520519183924,1.03955952541548,0.800182490874954,0.991312533955064
AVBLOCK,all instruments,CD3 on CD4 regulatory T cell,GCST90001868,11,IVW,-0.00989490089119909,0.024285168517255,0.990153892572513,0.944127714517647,1.0384238444662,0.683680262459109,0.991312533955064
AVBLOCK,all instruments,Terminally Differentiated CD4+ T cell Absolute Count,GCST90001545,11,IVW,-0.0596221755295155,0.0511723233797405,0.942120422498008,0.852212023401794,1.04151416093006,0.243968222642361,0.991312533955064
AVBLOCK,all instruments,Naive CD4+ T cell %T cell,GCST90001575,34,IVW,-0.0225264686633297,0.0184862622873026,0.977725357767517,0.942933477093413,1.01380097158956,0.223014342957102,0.991312533955064
AVBLOCK,all instruments,CD20 on IgD+ CD24+ B cell,GCST90001746,23,IVW,0.0149256773168432,0.0243185520125116,1.01503762149265,0.967791425325379,1.06459030952776,0.539376030379161,0.991312533955064
AVBLOCK,all instruments,CD39 on monocyte,GCST90002034,22,IVW,0.00024463329219485,0.0113197186531784,1.00024466321736,0.978296959693603,1.02268475474784,0.982758057843913,0.995008504548339
AVBLOCK,all instruments,CD38 on IgD- CD38dim B cell,GCST90001815,20,IVW,0.0177649820666438,0.0147029137101016,1.01792371794738,0.989008128183574,1.0476847116139,0.226946234955425,0.991312533955064
AVBLOCK,all instruments,Immature Myeloid-Derived Suppressor Cells %CD33dim HLA DR- CD66b-,GCST90001516,19,IVW,0.0082019774701894,0.0173774301628985,1.00823570583744,0.974473663894478,1.04316748229288,0.636933753557663,0.991312533955064
AVBLOCK,all instruments,Dendritic Cell Absolute Count,GCST90001461,21,IVW,0.0386417717915994,0.029306777523623,1.03939807524023,0.981376096499748,1.10085049214705,0.187327357322573,0.991312533955064
AVBLOCK,all instruments,CD28- CD8dim T cell %CD8dim T cell,GCST90001662,15,IVW,-0.0211631946907278,0.00957610364154432,0.979059174272201,0.960854431234752,0.997608831854753,0.027105121396391,0.991312533955064
AVBLOCK,all instruments,IgD+ CD38dim B cell Absolute Count,GCST90001394,26,IVW,0.0145189798961002,0.0102879613021562,1.01462489224368,0.994370481206286,1.03529186698266,0.158168204106934,0.991312533955064
AVBLOCK,all instruments,IgD+ CD24- B cell Absolute Count,GCST90001416,23,IVW,0.0158563667938856,0.0105895424184374,1.0159827460663,0.995112844848397,1.03729033912901,0.134299375729767,0.991312533955064
AVBLOCK,all instruments,CD25 on CD4 regulatory T cell,GCST90001936,22,IVW,-0.0280647018729427,0.0139435774019913,0.972325453488014,0.946112198799597,0.99926498009453,0.0441426993514664,0.991312533955064
AVBLOCK,all instruments,CD25 on IgD+ CD38- B cell,GCST90001780,29,IVW,0.00620133007192456,0.0097028533860805,1.00622059812786,0.987265515990316,1.02553960985984,0.522742026431702,0.991312533955064
AVBLOCK,all instruments,HVEM on Effector Memory CD4+ T cell,GCST90001878,22,IVW,-0.0135757077374298,0.0184474935649583,0.986516026594162,0.951483631601599,1.02283826899781,0.461785050542663,0.991312533955064
AVBLOCK,all instruments,Unswitched memory B cell %B cell,GCST90001397,32,IVW,0.00333746336148444,0.0179648317465917,1.00334303889331,0.968629002401821,1.03930116814534,0.85261916979817,0.992459575035768
AVBLOCK,all instruments,Switched memory B cell Absolute Count,GCST90001403,23,IVW,0.0410772296567715,0.0240776371416609,1.0419325705331,0.993903719048861,1.09228234156989,0.0880020428672838,0.991312533955064
AVBLOCK,all instruments,CX3CR1 on CD14- CD16-,GCST90001994,19,IVW,0.0151321027963351,0.0123298337834727,1.01524717274799,0.991006315893908,1.04008098156573,0.219719064596505,0.991312533955064
AVBLOCK,all instruments,CD11b on CD66b++ myeloid cell,GCST90002093,17,IVW,-0.014554199365055,0.0303408919639134,0.985551201035467,0.928650940476333,1.04593785191693,0.631448381072654,0.991312533955064
AVBLOCK,all instruments,CD3 on Effector Memory CD4+ T cell,GCST90001843,19,IVW,0.0206663753432637,0.0191566592064478,1.02088140360855,0.983261003581686,1.05994119205113,0.280672905636518,0.991312533955064
AVBLOCK,all instruments,IgD- CD38dim B cell Absolute Count,GCST90001438,17,IVW,0.0169071324665068,0.035103300305435,1.01705086693394,0.949428232473864,1.08948989565628,0.630062132658924,0.991312533955064
AVBLOCK,all instruments,IgD on IgD+ CD38-  B cell,GCST90001822,27,IVW,-0.00602237293636611,0.0209997920275765,0.993995725202054,0.953913802575519,1.0357618257041,0.77427886045646,0.991312533955064
AVBLOCK,all instruments,CD28- CD8+ T cell %CD8+ T cell,GCST90001686,23,IVW,-0.0175018764072775,0.030517826237035,0.982650391810997,0.925596563504236,1.04322102155459,0.56630834924821,0.991312533955064
AVBLOCK,all instruments,CD14- CD16- Absolute Count,GCST90001581,25,IVW,0.00148315335502598,0.00293515280197616,1.00148425377092,0.995739356269593,1.00726229633888,0.613343203549679,0.991312533955064
AVBLOCK,all instruments,CD39+ activated CD4 regulatory T cell %activated CD4 regulatory T cell,GCST90001490,8,IVW,0.0186999817289444,0.0367357321076843,1.01887592136547,0.948093594521613,1.09494268196395,0.610723716309778,0.991312533955064
AVBLOCK,all instruments,CD80 on plasmacytoid Dendritic Cell,GCST90002037,21,IVW,-0.0011614655399032,0.0165676530635817,0.998839208700136,0.966925271178471,1.03180648450812,0.944110556822361,0.993348687063394
AVBLOCK,all instruments,CD80 on CD62L+ plasmacytoid Dendritic Cell,GCST90002038,21,IVW,-0.00685890515351764,0.0155797422017058,0.993164563449473,0.963295365911711,1.0239599244394,0.659759598842408,0.991312533955064
AVBLOCK,all instruments,CD28- CD25++ CD8+ T cell %T cell,GCST90001676,8,IVW,0.0845383762296768,0.0517488631684649,1.08821460500431,0.983252430685206,1.20438148901339,0.10233704821908,0.991312533955064
AVBLOCK,all instruments,HLA DR++ monocyte %leukocyte,GCST90001476,8,IVW,-0.0417810817141393,0.0565961740858063,0.959079717679909,0.858378973529199,1.07159417137527,0.460373749526571,0.991312533955064
AVBLOCK,all instruments,CD3 on resting CD4 regulatory T cell,GCST90001869,37,IVW,0.0281266527717749,0.0188164041915405,1.0285259418339,0.991284700889154,1.0671662864124,0.134968147716442,0.991312533955064
AVBLOCK,all instruments,SSC-A on HLA DR+ CD4+ T cell,GCST90002085,22,IVW,-0.0293906974742187,0.0235696529137465,0.971037008638567,0.927198859332774,1.01694783449612,0.212407760730599,0.991312533955064
AVBLOCK,all instruments,CD25++ CD45RA- CD4 not regulatory T cell %T cell,GCST90001512,30,IVW,-0.019533456275515,0.0125668704857057,0.980656085539642,0.956796530035487,1.00511062479529,0.120098275493152,0.991312533955064
AVBLOCK,all instruments,CD4 on Central Memory CD4+ T cell,GCST90002023,15,IVW,-0.0379496424757455,0.0320865229259829,0.962761421952153,0.904078372223118,1.0252535444688,0.23691679810314,0.991312533955064
AVBLOCK,all instruments,CD45 on T cell,GCST90001915,15,IVW,-0.025099189772575,0.0223317973893154,0.975213176057657,0.93344847534431,1.01884652862673,0.261046280970505,0.991312533955064
AVBLOCK,all instruments,CD11b on basophil,GCST90002096,19,IVW,0.0108535007650941,0.0230079960747348,1.01091261367161,0.966337456867367,1.0575439306609,0.63712142048963,0.991312533955064
AVBLOCK,all instruments,CD25 on CD28+ CD4+ T cell,GCST90001962,5,IVW,0.0693320990285961,0.0629979070698331,1.07179209116337,0.947295876670091,1.21264993860035,0.271094268377704,0.991312533955064
AVBLOCK,all instruments,CD28- CD4-CD8- T cell %T cell,GCST90001694,22,IVW,0.0298890741522149,0.0228372734451682,1.03034023625014,0.985238059932735,1.0775070976333,0.19060728989747,0.991312533955064
AVBLOCK,all instruments,HLA DR on myeloid Dendritic Cell,GCST90002104,16,IVW,-0.00441177097572156,0.0142393268494311,0.995597946590039,0.968195885038626,1.02377554642753,0.756690218672598,0.991312533955064
AVBLOCK,all instruments,CD62L- plasmacytoid Dendritic Cell Absolute Count,GCST90001470,24,IVW,-0.00807992644951751,0.023604259217807,0.991952628416883,0.947105985912217,1.0389228150379,0.732119125747828,0.991312533955064
AVBLOCK,all instruments,CD11c on monocyte,GCST90002089,19,IVW,-0.0410997366961633,0.0194854660024778,0.959733404535244,0.923770836948485,0.997096001453634,0.0349229305233701,0.991312533955064
AVBLOCK,all instruments,T/B cell,GCST90001588,29,IVW,-0.0219951101170829,0.0224840836829089,0.978245018543119,0.936071034208648,1.02231912037898,0.327949477451864,0.991312533955064
AVBLOCK,all instruments,Natural Killer Absolute Count,GCST90001645,22,IVW,0.0161580187133124,0.0306962769275253,1.01628926544051,0.956947561152317,1.0793108347608,0.598621663782439,0.991312533955064
AVBLOCK,all instruments,IgD+ B cell Absolute Count,GCST90001400,15,IVW,0.00422325935624223,0.0125524578637331,1.00423218988359,0.979826701600055,1.02924556919253,0.73653245673187,0.991312533955064
AVBLOCK,all instruments,CD38 on IgD+ B cell,GCST90001818,15,IVW,0.00372249235682653,0.0430173279426939,1.00372942943657,0.922570511820383,1.09202793131677,0.931041358335152,0.993348687063394
AVBLOCK,all instruments,BAFF-R on CD24+ CD27+ B cell,GCST90001702,19,IVW,-0.0137538563792286,0.014982551790236,0.986340295757481,0.957796775270536,1.01573444821858,0.358623274421351,0.991312533955064
AVBLOCK,all instruments,BAFF-R on IgD- CD38- B cell,GCST90001712,17,IVW,-0.0116566224305282,0.0159588807501819,0.988411052782681,0.957972670863176,1.0198165761688,0.465135918676326,0.991312533955064
AVBLOCK,all instruments,BAFF-R on IgD- CD38dim B cell,GCST90001714,4,IVW,0.0620554368642718,0.0384867779648441,1.06402132909907,0.986710448391523,1.1473896831875,0.106878563388158,0.991312533955064
AVBLOCK,all instruments,BAFF-R on memory B cell,GCST90001715,17,IVW,-0.00733520701722787,0.0156319739054307,0.992691629955424,0.962738091255932,1.02357710901208,0.638895372870794,0.991312533955064
AVBLOCK,all instruments,CD28 on secreting CD4 regulatory T cell,GCST90001887,17,IVW,-0.017689796902908,0.0143413538506062,0.982465749011963,0.955234087773888,1.01047372611154,0.217396116381386,0.991312533955064
AVBLOCK,all instruments,CD45RA on naive CD8+ T cell,GCST90002100,22,IVW,-0.064586064091309,0.0247090066330959,0.937455429540385,0.893136622495078,0.983973403665451,0.0089523803594925,0.727132226976558
AVBLOCK,all instruments,IgD- CD38- B cell %lymphocyte,GCST90001427,28,IVW,0.000483395957351369,0.0333988062343109,1.00048351281201,0.937087831451728,1.06816802631826,0.988452260750742,0.998590887675843
AVBLOCK,all instruments,Switched memory B cell %lymphocyte,GCST90001434,18,IVW,0.0101854442929186,0.0294612309305318,1.01023749249189,0.953554623394393,1.0702898042729,0.729550408845184,0.991312533955064
AVBLOCK,all instruments,IgD+ CD24+ B cell %lymphocyte,GCST90001439,15,IVW,-0.0277040211713796,0.0389259811650816,0.972676215767515,0.901226248885863,1.04979079547386,0.476644197104048,0.991312533955064
AVBLOCK,all instruments,CD20- B cell %lymphocyte,GCST90001443,17,IVW,-0.00170528289104332,0.0174074049715733,0.998296170277687,0.964810281324309,1.03294426156317,0.921961615437873,0.993348687063394
AVBLOCK,all instruments,HLA DR on CD14- CD16+ monocyte,GCST90001984,19,IVW,-0.0204606022918673,0.021859585628392,0.979747295512148,0.938656773405675,1.02263659120106,0.349272477722761,0.991312533955064
AVBLOCK,all instruments,CD20 on IgD- CD38+ B cell,GCST90001756,16,IVW,-0.0173954173742469,0.0150552895424729,0.982755009390161,0.954179199642514,1.01218660901778,0.247912094120919,0.991312533955064
AVBLOCK,all instruments,CD33 on CD33dim HLA DR-,GCST90001953,19,IVW,0.00281746592925957,0.0130115718873335,1.00282143871658,0.977570159796996,1.02872497474598,0.828570434051383,0.991312533955064
AVBLOCK,all instruments,CD33- HLA DR- Absolute Count,GCST90001522,21,IVW,-0.0184017946073915,0.0206810898335807,0.981766484620794,0.942766415459074,1.02237989656783,0.373579496306734,0.991312533955064
AVBLOCK,all instruments,CD14 on CD33dim HLA DR+ CD11b+,GCST90002021,19,IVW,0.0212439996509529,0.0331835800420509,1.0214712598638,0.957149370930794,1.09011567725637,0.522045095948196,0.991312533955064
AVBLOCK,all instruments,HLA DR on HLA DR+ T cell,GCST90002113,19,IVW,0.019384630094919,0.018991514219157,1.01957373195035,0.982319430603535,1.05824089649176,0.307396805859869,0.991312533955064
AVBLOCK,all instruments,CD3 on Central Memory CD4+ T cell,GCST90001841,26,IVW,-0.00955971510087468,0.0154018591687694,0.990485833715407,0.961032204553114,1.02084215507336,0.534806381867893,0.991312533955064
AVBLOCK,all instruments,CD4 on CD39+ resting CD4 regulatory T cell,GCST90002065,15,IVW,-0.00807441230961346,0.026095872846288,0.991958098197535,0.942497206972903,1.04401462550749,0.757007091092636,0.991312533955064
AVBLOCK,all instruments,IgD on IgD+ B cell,GCST90001827,21,IVW,-0.0274629093735561,0.02133043981216,0.972910767754088,0.933074182727507,1.01444813234992,0.197920590276498,0.991312533955064
AVBLOCK,all instruments,Transitional B cell %B cell,GCST90001576,15,IVW,-0.0522113949711406,0.0380207038963446,0.949128204704711,0.880969763222752,1.02255989543901,0.169679027136547,0.991312533955064
AVBLOCK,all instruments,Leukocyte Absolute Count,GCST90001600,11,IVW,-0.0275293179988199,0.0183388598930401,0.97284616023277,0.93849900478359,1.00845035173786,0.133317636521623,0.991312533955064
AVBLOCK,all instruments,CD45RA+ CD28- CD8+ T cell %CD8+ T cell,GCST90001699,31,IVW,-0.000348397481193788,0.000325776956151374,0.999651663202161,0.999013566530431,1.00029016744329,0.284873423919117,0.991312533955064
AVBLOCK,all instruments,CD20- CD38- B cell %B cell,GCST90001422,23,IVW,-0.0146902250059255,0.0185940503651808,0.985417149919137,0.950150806101037,1.02199245963856,0.429498709389406,0.991312533955064
AVBLOCK,all instruments,CCR2 on CD14- CD16-,GCST90002003,17,IVW,-0.0239678742386326,0.0245135772194049,0.976317074183448,0.930517416621035,1.02437097072663,0.328203553514611,0.991312533955064
AVBLOCK,all instruments,Basophil %CD33dim HLA DR- CD66b-,GCST90001533,20,IVW,0.00388120616089505,0.0230492545899748,1.00388874779525,0.959545702744039,1.05028099763034,0.866278447953668,0.993348687063394
AVBLOCK,all instruments,CD24 on IgD+ CD24+ B cell,GCST90001765,25,IVW,-0.0106768406576195,0.0121744351201776,0.989379954494948,0.966050920435081,1.01327235826821,0.380492836980706,0.991312533955064
AVBLOCK,all instruments,B cell %CD3- lymphocyte,GCST90001643,29,IVW,0.00063552598887227,0.012763807160331,1.0006357279783,0.97591329261885,1.02598444726556,0.960288734804284,0.993348687063394
AVBLOCK,all instruments,CD3 on CD28+ CD45RA- CD8+ T cell,GCST90001863,18,IVW,-0.0321494199337276,0.0268998623405513,0.968361878700942,0.918628804963556,1.0207874203971,0.232027711488964,0.991312533955064
AVBLOCK,all instruments,CD45 on lymphocyte,GCST90001914,24,IVW,0.0276111023429378,0.0226711590779793,1.02799582150714,0.983316369865025,1.07470539637328,0.223263691149401,0.991312533955064
AVBLOCK,all instruments,HVEM on naive CD4+ T cell,GCST90001877,18,IVW,0.0129614723381394,0.0158620558861756,1.0130458363205,0.982035169416951,1.04503575681062,0.413850155676967,0.991312533955064
AVBLOCK,all instruments,CD34 on Hematopoietic Stem Cell,GCST90001870,12,IVW,0.00556204626559425,0.0138474741449771,1.00557754316309,0.978652157901205,1.03324371907837,0.687930556125114,0.991312533955064
AVBLOCK,all instruments,CD11c+ HLA DR++ monocyte %monocyte,GCST90001457,18,IVW,0.0119914915214898,0.020355627980175,1.01206367770739,0.972480223606296,1.05325832121938,0.555794487407226,0.991312533955064
AVBLOCK,all instruments,CD127 on CD45RA- CD4 not regulatory T cell,GCST90001923,16,IVW,0.0251517119370526,0.0215761865032309,1.02547068486764,0.983008399992744,1.06976718157308,0.243729174434781,0.991312533955064
AVBLOCK,all instruments,CD3- lymphocyte Absolute Count,GCST90001639,18,IVW,0.00638509824181941,0.0324555408344441,1.00640552643713,0.944378951425729,1.07250599149218,0.84403594609958,0.991312533955064
AVBLOCK,all instruments,Activated & resting CD4 regulatory T cell Absolute Count,GCST90001498,19,IVW,-0.0605599703426823,0.0323142796865241,0.941237321001133,0.883471753802788,1.00277987454837,0.0609175867318245,0.991312533955064
AVBLOCK,all instruments,CD16 on CD14- CD16+ monocyte,GCST90001979,20,IVW,-0.000987878741545726,0.0161152143079825,0.999012609050019,0.967951110381563,1.03107086952719,0.951119494948143,0.993348687063394
AVBLOCK,all instruments,PDL-1 on CD14+ CD16+ monocyte,GCST90001998,28,IVW,0.012008504116884,0.017419551369405,1.01208089568371,0.978109339059329,1.0472323476566,0.490590891118122,0.991312533955064
AVBLOCK,all instruments,T cell %leukocyte,GCST90001605,18,IVW,0.020850318220221,0.0200411614279337,1.02106920474277,0.981738442264466,1.06197565052992,0.298165830072037,0.991312533955064
AVBLOCK,all instruments,PDL-1 on CD14- CD16-,GCST90002000,28,IVW,0.000975307924529734,0.0195052302445433,1.00097578369196,0.963430483837132,1.03998424001199,0.960120492144829,0.993348687063394
AVBLOCK,all instruments,CD127 on CD4+ T cell,GCST90001931,8,IVW,0.0133043715900125,0.0419752050181419,1.0133932685436,0.933357452136941,1.10029219178379,0.751275569845137,0.991312533955064
AVBLOCK,all instruments,CD3 on CD39+ resting CD4 regulatory T cell,GCST90001852,20,IVW,-0.00894846405152291,0.0200907977165522,0.991091454294884,0.952822708700861,1.0308972086902,0.656029894098945,0.991312533955064
AVBLOCK,all instruments,CD8 on Central Memory CD8+ T cell,GCST90002054,14,IVW,-0.00387699653035364,0.0333623173605125,0.996130509317513,0.93307738583525,1.06344447594229,0.907487023072353,0.993348687063394
AVBLOCK,all instruments,CD25 on switched memory B cell,GCST90001793,20,IVW,0.00762958611775525,0.0292092743754986,1.00765876557177,0.95159039735304,1.06703072105183,0.793935013733053,0.991312533955064
AVBLOCK,all instruments,CD45 on CD33dim HLA DR+ CD11b-,GCST90002044,10,IVW,-0.0352786477524101,0.0352648813101317,0.965336389962138,0.900866847674214,1.0344196239333,0.317121627270774,0.991312533955064
AVBLOCK,all instruments,CD25 on CD20- CD38- B cell,GCST90001776,20,IVW,0.000651654490657362,0.0243583613107175,1.00065186686357,0.954000833658513,1.0495841547828,0.978656895871187,0.993956005199104
AVBLOCK,all instruments,CD24 on IgD- CD38dim B cell,GCST90001770,7,IVW,0.116316475156729,0.0479750071456868,1.12335132867151,1.02253563701224,1.23410682420347,0.0153285414430537,0.991312533955064
AVBLOCK,all instruments,CD62L on granulocyte,GCST90001835,16,IVW,0.0219604668175783,0.0386045758510698,1.02220337271924,0.94771211230459,1.10254973175098,0.569453476794918,0.991312533955064
AVBLOCK,all instruments,CD28- CD8+ T cell %T cell,GCST90001685,16,IVW,-0.0901466266802819,0.0394299631461822,0.913797188399524,0.845836369756455,0.987218487385813,0.0222398248395174,0.991312533955064
AVBLOCK,all instruments,Terminally Differentiated CD8+ T cell %T cell,GCST90001559,17,IVW,0.0312167875833779,0.02289692848121,1.03170914137624,0.986431698366984,1.07906482948736,0.172768652150031,0.991312533955064
AVBLOCK,all instruments,BAFF-R on IgD- CD27- B cell,GCST90001711,18,IVW,0.00205322909671387,0.0160450883044747,1.00205533841497,0.971032690926438,1.03406910048305,0.898175715767408,0.993348687063394
AVBLOCK,all instruments,CD28 on CD45RA- CD4 not regulatory T cell,GCST90001891,13,IVW,0.0125413337647181,0.0279570563140849,1.01262030608511,0.958625782512702,1.06965606705066,0.653725439158797,0.991312533955064
AVBLOCK,all instruments,CD4 regulatory T cell %CD4+ T cell,GCST90001478,16,IVW,0.0171176450661667,0.0236971305486266,1.01726499149309,0.971097182428024,1.06562770610669,0.470078727589998,0.991312533955064
AVBLOCK,all instruments,BAFF-R on CD20- B cell,GCST90001830,14,IVW,-0.031226431949136,0.0299741196254691,0.969256077683697,0.913953388205804,1.02790509477846,0.297513787666216,0.991312533955064
AVBLOCK,all instruments,CD11b on Granulocytic Myeloid-Derived Suppressor Cells,GCST90002092,3,IVW,-0.0280134443891346,0.0237699802243314,0.972375293721534,0.928112239633306,1.0187493187393,0.23858857108613,0.991312533955064
AVBLOCK,all instruments,HVEM on Central Memory CD4+ T cell,GCST90001876,18,IVW,0.000452325945522917,0.0119843644978877,1.00045242826033,0.977226297908343,1.02423058339131,0.969892586287892,0.993348687063394
AVBLOCK,all instruments,Central Memory CD4-CD8- T cell Absolute Count,GCST90001563,4,IVW,0.00813358730278152,0.0239866315947312,1.00816675478655,0.961865923565343,1.05669634463123,0.734543175290914,0.991312533955064
AVBLOCK,all instruments,CD3- lymphocyte %lymphocyte,GCST90001640,6,IVW,-0.0820205172005258,0.0794251372570007,0.921253056968739,0.788444086573293,1.07643295121011,0.301755052589885,0.991312533955064
AVBLOCK,all instruments,IgD+ CD38dim B cell %B cell,GCST90001393,15,IVW,0.0209978171821728,0.0418672145227988,1.02121982249826,0.940764982716491,1.10855521306926,0.615995597345068,0.991312533955064
AVBLOCK,all instruments,CD28 on CD28+ CD4-CD8- T cell,GCST90001895,3,IVW,-0.0604527163047969,0.105800056977271,0.941338277918341,0.765044843453431,1.15825596506776,0.567737729105975,0.991312533955064
AVBLOCK,QC-filtered,CD4+CD8+ T cell Absolute Count,GCST90001594,18,IVW,-0.0273622675722794,0.0304098360845729,0.973008688173598,0.916708679096677,1.03276638353007,0.368235497385976,0.97772142636262
AVBLOCK,QC-filtered,CD25 on CD45RA- CD4 not regulatory T cell,GCST90001933,21,IVW,-0.00842094175956815,0.0307941231884526,0.991614415054993,0.933534440056086,1.05330784377465,0.784500114675664,0.97772142636262
AVBLOCK,QC-filtered,HVEM on T cell,GCST90001871,23,IVW,0.0127533682817683,0.0171443313009294,1.01283503930728,0.979366327480619,1.04744750566165,0.456947554477855,0.97772142636262
AVBLOCK,QC-filtered,CX3CR1 on CD14+ CD16+ monocyte,GCST90001996,29,IVW,0.0108893147867506,0.0255148159618899,1.01094881916618,0.961635570917552,1.06279088033144,0.669536673576319,0.97772142636262
AVBLOCK,QC-filtered,CD33dim HLA DR+ CD11b+ Absolute Count,GCST90001525,24,IVW,-0.0489487870543415,0.0301049285837417,0.952229894947653,0.897668486921227,1.01010761327036,0.103962564875864,0.97772142636262
AVBLOCK,QC-filtered,CD45RA- CD4+ T cell %T cell,GCST90001536,22,IVW,-0.010847008243719,0.0238096644392529,0.989211608420285,0.944108719463702,1.03646919688371,0.648698029486303,0.97772142636262
AVBLOCK,QC-filtered,CD45RA- CD4+ T cell %CD4+ T cell,GCST90001535,28,IVW,0.0245786391795055,0.0279309797102417,1.02488318391095,0.970284374315954,1.08255431960756,0.37887139223504,0.97772142636262
AVBLOCK,QC-filtered,Memory B cell Absolute Count,GCST90001407,14,IVW,-0.0257842946762808,0.038744671083291,0.974545281543609,0.903278957715149,1.05143433007815,0.505735429173476,0.97772142636262
AVBLOCK,QC-filtered,CD45RA on naive CD4+ T cell,GCST90002098,28,IVW,0.0225917859940509,0.0245984300342427,1.02284891306025,0.974704299183012,1.07337158543925,0.358396984092829,0.97772142636262
AVBLOCK,QC-filtered,CD33 on Monocytic Myeloid-Derived Suppressor Cells,GCST90001952,20,IVW,-0.00259844661065501,0.0216092466913105,0.997404926429552,0.956042825748887,1.04055651114445,0.904287504693398,0.97772142636262
AVBLOCK,QC-filtered,CD33 on Immature Myeloid-Derived Suppressor Cells,GCST90001955,22,IVW,0.0358990836691457,0.0220559677668438,1.03655123626507,0.992696190255605,1.08234369784978,0.10360212447407,0.97772142636262
AVBLOCK,QC-filtered,CD127 on CD8+ T cell,GCST90001927,24,IVW,-0.00869739505906874,0.0296899582551335,0.9913403178674,0.935298346673991,1.05074025772013,0.76956753259894,0.97772142636262
AVBLOCK,QC-filtered,CD28+ CD45RA+ CD8+ T cell %CD8+ T cell,GCST90001689,22,IVW,-0.00128308864556326,0.029215877648945,0.998717734160724,0.943134658236575,1.05757656535715,0.964970156529365,0.986685378054639
AVBLOCK,QC-filtered,CD39+ CD4+ T cell Absolute Count,GCST90001660,25,IVW,-0.0415277753990616,0.0217432807982926,0.959322689400896,0.919298310648724,1.00108964820129,0.0561444115826144,0.927658800467289
AVBLOCK,QC-filtered,CD33 on CD33dim HLA DR+ CD11b-,GCST90001949,21,IVW,0.0128602850087684,0.0217410537544966,1.01294333410384,0.970686058823146,1.05704021272272,0.55417153815103,0.97772142636262
AVBLOCK,QC-filtered,Central Memory CD8+ T cell %CD8+ T cell,GCST90001549,30,IVW,-0.0120962650961637,0.0271385343076235,0.987976600621543,0.936797821342535,1.04195135934117,0.655797450444997,0.97772142636262
AVBLOCK,QC-filtered,CD64 on CD14- CD16+ monocyte,GCST90001990,19,IVW,0.0441748910130767,0.0393058818094671,1.04516512889344,0.967669537052949,1.12886693734481,0.261066132971445,0.97772142636262
AVBLOCK,QC-filtered,CD33 on basophil,GCST90001954,19,IVW,0.0306386058075096,0.0218671576806177,1.03111279836664,0.987853350176682,1.07626663691056,0.161176908796373,0.97772142636262
AVBLOCK,QC-filtered,CD4+ T cell Absolute Count,GCST90001590,21,IVW,0.0254507905197451,0.0376579298056636,1.02577742705438,0.95279190984927,1.10435376179965,0.499141303971951,0.97772142636262
AVBLOCK,QC-filtered,Lymphocyte Absolute Count,GCST90001601,17,IVW,0.0106654507516544,0.0412269926449782,1.01072252941426,0.93226380214798,1.09578429314947,0.795866200095828,0.97772142636262
AVBLOCK,QC-filtered,Naive-mature B cell Absolute Count,GCST90001409,21,IVW,0.016259943751247,0.0303135034716766,1.01639285604159,0.95776338210992,1.07861133251577,0.591687135006873,0.97772142636262
AVBLOCK,QC-filtered,CD3 on CD28- CD8+ T cell,GCST90001865,20,IVW,-0.0369995665353014,0.0265368514676861,0.96367655306873,0.914834782657668,1.01512591840525,0.163235738070241,0.97772142636262
AVBLOCK,QC-filtered,CD27 on CD20- CD38- B cell,GCST90001797,18,IVW,-0.0128435217884382,0.0384282890469218,0.987238604265617,0.91561164887139,1.06446883124925,0.738213179559272,0.97772142636262
AVBLOCK,QC-filtered,CD4 on HLA DR+ CD4+ T cell,GCST90001959,21,IVW,-0.0154879441312472,0.0380160651517532,0.984631377266832,0.91393170454086,1.06080021546625,0.683710379322063,0.97772142636262
AVBLOCK,QC-filtered,CD20 on unswitched memory B cell,GCST90001760,19,IVW,0.0173013206202623,0.0296163358562604,1.0174518553647,0.960072287709242,1.07826076352554,0.559098090608089,0.97772142636262
AVBLOCK,QC-filtered,T cell Absolute Count,GCST90001603,19,IVW,-0.0538468941237395,0.0276681792812945,0.9475771750298,0.897558907644527,1.00038281052085,0.0516346970479919,0.927658800467289
AVBLOCK,QC-filtered,HLA DR+ CD4+ T cell %T cell,GCST90001625,24,IVW,-0.0188115828661142,0.0385981710378946,0.981364250663594,0.909860490742434,1.05848732006668,0.625996291753467,0.97772142636262
AVBLOCK,QC-filtered,B cell Absolute Count,GCST90001642,28,IVW,-0.00450819813279684,0.0296738071003985,0.995501948538943,0.93925444686944,1.05511784676447,0.879245957411682,0.97772142636262
AVBLOCK,QC-filtered,CD28+ CD45RA+ CD8dim T cell Absolute Count,GCST90001666,23,IVW,0.000220583418950421,0.0345822262318995,1.00022060774926,0.934671096530012,1.07036717823036,0.994910711943927,0.999713379234862
AVBLOCK,QC-filtered,CD24 on IgD+ CD38+ B cell,GCST90001768,23,IVW,-0.00817419866538923,0.0314421005987965,0.991859119252289,0.932579649741898,1.05490669104371,0.79488211177758,0.97772142636262
AVBLOCK,QC-filtered,Resting CD4 regulatory T cell %CD4 regulatory T cell,GCST90001481,24,IVW,-0.00855587478224192,0.0228594105990618,0.991480622551359,0.948038354173681,1.03691356005491,0.708194233944593,0.97772142636262
AVBLOCK,QC-filtered,Secreting CD4 regulatory T cell %CD4 regulatory T cell,GCST90001493,26,IVW,-0.0123222823730586,0.024257872064337,0.987753326073538,0.941889126330435,1.03585082988532,0.61147406137037,0.97772142636262
AVBLOCK,QC-filtered,Activated & resting CD4 regulatory T cell %CD4 regulatory T cell,GCST90001499,24,IVW,0.00711223505346931,0.0249059776549258,1.00713758706471,0.959154145694668,1.05752148789797,0.775212557786425,0.97772142636262
AVBLOCK,QC-filtered,Activated & secreting CD4 regulatory T cell %CD4 regulatory T cell,GCST90001502,27,IVW,0.00578698360403821,0.020600704031673,1.00580376054066,0.966001012824075,1.04724652592261,0.778777947331729,0.97772142636262
AVBLOCK,QC-filtered,CD39+ activated CD4 regulatory T cell Absolute Count,GCST90001489,29,IVW,0.00417713878703536,0.0175923122890873,1.00418587519141,0.970150763474667,1.03941501661281,0.812314572500043,0.97772142636262
AVBLOCK,QC-filtered,FSC-A on Natural Killer,GCST90001969,17,IVW,-0.0346173161637017,0.0269670651788242,0.965975008556599,0.916243826206511,1.01840546202557,0.199250908617849,0.97772142636262
AVBLOCK,QC-filtered,SSC-A on Natural Killer,GCST90002076,22,IVW,0.0274505738348247,0.0302910317972921,1.02783081211627,0.968584212457316,1.09070142249727,0.364815313679409,0.97772142636262
AVBLOCK,QC-filtered,SSC-A on Natural Killer T,GCST90002084,17,IVW,0.00576292814459047,0.0340873732511762,1.0057795657601,0.940777777070656,1.07527256654639,0.865746751683316,0.97772142636262
AVBLOCK,QC-filtered,BAFF-R on IgD- CD38+ B cell,GCST90001713,15,IVW,0.0028472040150628,0.0424093732717956,1.00285126115,0.922862369623934,1.08977317213613,0.946473278290737,0.980179591620179
AVBLOCK,QC-filtered,CD14 on CD14+ CD16+ monocyte,GCST90001983,15,IVW,-0.0081716982213453,0.0362786059034478,0.991861599343617,0.92378329340685,1.06495694312064,0.821786032815305,0.97772142636262
AVBLOCK,QC-filtered,CD20 on IgD+ CD24- B cell,GCST90001747,23,IVW,0.0437536608602482,0.0244351571242773,1.0447249665378,0.995869307772304,1.09597740103961,0.0733570567817032,0.977667143061697
AVBLOCK,QC-filtered,CD20 on IgD+ CD38dim B cell,GCST90001752,27,IVW,0.0340642739392486,0.0266103509013348,1.03465110569333,0.98207066412025,1.09004672435807,0.200505161834725,0.97772142636262
AVBLOCK,QC-filtered,CD38 on naive-mature B cell,GCST90001816,25,IVW,-0.00563976828831536,0.0250169068732041,0.994376105349625,0.946794788431866,1.04434862862729,0.821638340077127,0.97772142636262
AVBLOCK,QC-filtered,IgD on IgD+ CD24+ B cell,GCST90001820,27,IVW,0.0033190935410117,0.0235350883592176,1.00332460783111,0.958093717454467,1.05069081483387,0.887848255608059,0.97772142636262
AVBLOCK,QC-filtered,CD24 on IgD+ CD38- B cell,GCST90001766,19,IVW,0.00638786990966349,0.02819744678867,1.00640831586283,0.952296230790734,1.06359519810012,0.820780891989502,0.97772142636262
AVBLOCK,QC-filtered,Hematopoietic Stem Cell Absolute Count,GCST90001514,16,IVW,0.0190948957969567,0.0276119167711654,1.01927836926132,0.965581796800395,1.0759610397448,0.489222820098769,0.97772142636262
AVBLOCK,QC-filtered,CCR2 on CD14+ CD16- monocyte,GCST90002004,22,IVW,-0.0105286853448238,0.0239236591939995,0.98952654725056,0.944198313192822,1.037030858912,0.659868225879935,0.97772142636262
AVBLOCK,QC-filtered,Monocytic Myeloid-Derived Suppressor Cells Absolute Count,GCST90001530,18,IVW,0.00247530976230262,0.0194711253428302,1.00247837587085,0.964941215663372,1.04147576844644,0.898839718888726,0.97772142636262
AVBLOCK,QC-filtered,CD3 on CD8+ T cell,GCST90001859,21,IVW,-0.00999272354854127,0.0265656794692876,0.990057037824935,0.93982512777329,1.04297375030723,0.70680417519715,0.97772142636262
AVBLOCK,QC-filtered,CD8+ Natural Killer T Absolute Count,GCST90001630,25,IVW,0.0363286267388396,0.0410803635766346,1.03699657530429,0.9567732194609,1.12394648524835,0.376517719625854,0.97772142636262
AVBLOCK,QC-filtered,CD39+ resting CD4 regulatory T cell Absolute Count,GCST90001483,23,IVW,-0.00867972737788506,0.0238026344909206,0.991357832706803,0.946170124022163,1.03870364062151,0.715369653082549,0.97772142636262
AVBLOCK,QC-filtered,CD39+ resting CD4 regulatory T cell %CD4 regulatory T cell,GCST90001485,28,IVW,0.0185876534215329,0.0163224514253022,1.01876147918543,0.986685086879223,1.05188065095295,0.254795636501205,0.97772142636262
AVBLOCK,QC-filtered,CD127 on CD45RA+ CD4+ T cell,GCST90001932,22,IVW,0.00402404101951344,0.0290790571758611,1.00403214834366,0.948407600266887,1.06291910210748,0.889937898912452,0.97772142636262
AVBLOCK,QC-filtered,HVEM on naive CD8+ T cell,GCST90001872,17,IVW,-0.015041806999197,0.0199948566697579,0.985070755889885,0.947212587216498,1.02444203888908,0.451880400618478,0.97772142636262
AVBLOCK,QC-filtered,HVEM on CD8+ T cell,GCST90001881,14,IVW,-0.036993655005461,0.0248177222794265,0.963682249888268,0.917927937706617,1.0117171954369,0.13606275298584,0.97772142636262
AVBLOCK,QC-filtered,CD8 on CD28+ CD45RA+ CD8+ T cell,GCST90002119,21,IVW,-0.00238441180130864,0.020504676572196,0.99761842865046,0.958319951773744,1.03852844484864,0.907425688184405,0.97772142636262
AVBLOCK,QC-filtered,CD14+ CD16- monocyte Absolute Count,GCST90001582,26,IVW,0.00135780577326594,0.0291454691671784,1.00135872800888,0.945759175403256,1.0602268825275,0.962842234637868,0.986685378054639
AVBLOCK,QC-filtered,IgD+ CD38+ B cell %lymphocyte,GCST90001429,24,IVW,0.0361302948296516,0.0293204302589399,1.03679092618775,0.978888290700116,1.0981185849679,0.217853231965542,0.97772142636262
AVBLOCK,QC-filtered,PDL-1 on monocyte,GCST90002002,14,IVW,0.0204254589003083,0.03574069046882,1.02063548611609,0.951584970676519,1.09469656165212,0.567667315116232,0.97772142636262
AVBLOCK,QC-filtered,CD45 on HLA DR+ CD8+ T cell,GCST90001921,15,IVW,-0.0118491616113982,0.0326038499790527,0.988220763247899,0.927045429532334,1.05343303122363,0.716284968216106,0.97772142636262
AVBLOCK,QC-filtered,CD28- CD8dim T cell Absolute Count,GCST90001663,26,IVW,-0.0108807607277024,0.0223749017859783,0.989178220634779,0.946735461792128,1.03352371561743,0.626759358770888,0.97772142636262
AVBLOCK,QC-filtered,IgD+ CD38- B cell %B cell,GCST90001395,20,IVW,0.0311082579287322,0.0449570373674577,1.0315971764153,0.944586951582801,1.12662231105861,0.488965433620611,0.97772142636262
AVBLOCK,QC-filtered,CD33+ HLA DR+ CD14dim Absolute Count,GCST90001520,24,IVW,0.019607868731606,0.020482152130126,1.01980136560764,0.97967230151774,1.0615741852495,0.338408353884142,0.97772142636262
AVBLOCK,QC-filtered,CD4RA on Terminally Differentiated CD4+ T cell,GCST90002099,27,IVW,0.00305721247130089,0.0251957695030888,1.00306189051139,0.954730195942396,1.05384030008933,0.903423065217598,0.97772142636262
AVBLOCK,QC-filtered,CD4 on CD45RA+ CD4+ T cell,GCST90002027,26,IVW,-0.0240681604879495,0.0240257134652502,0.976219167915342,0.931314212281648,1.02328929510325,0.316456267771034,0.97772142636262
AVBLOCK,QC-filtered,Activated CD4 regulatory T cell %CD4+ T cell,GCST90001488,18,IVW,-0.0192485824074076,0.0254861632501019,0.980935488627442,0.933138668805384,1.03118053620115,0.450095283190561,0.97772142636262
AVBLOCK,QC-filtered,Natural Killer %lymphocyte,GCST90001647,23,IVW,-0.00961747490692119,0.0282389083956542,0.990428625097955,0.937099572204535,1.04679256133447,0.733423321105851,0.97772142636262
AVBLOCK,QC-filtered,Unswitched memory B cell %lymphocyte,GCST90001432,21,IVW,-0.0327932781318326,0.0310089712370891,0.967738591642382,0.910673483217079,1.02837954438467,0.290264463586979,0.97772142636262
AVBLOCK,QC-filtered,CD4 on Effector Memory CD4+ T cell,GCST90002025,19,IVW,0.0240135720053221,0.033028061131055,1.0243042196586,0.960096548895082,1.09280585959598,0.467185679365471,0.97772142636262
AVBLOCK,QC-filtered,CD62L on monocyte,GCST90001834,22,IVW,0.0149570737950057,0.0265263344718802,1.01506949059946,0.963642848844638,1.06924061334674,0.572851086184583,0.97772142636262
AVBLOCK,QC-filtered,CX3CR1 on CD14- CD16+ monocyte,GCST90002012,17,IVW,0.0529651711514243,0.0393532753309738,1.05439292118844,0.976122441093632,1.13893952792102,0.178338064662089,0.97772142636262
AVBLOCK,QC-filtered,CD4 on CD39+ activated CD4 regulatory T cell,GCST90002067,21,IVW,9.2032636464877e-06,0.0256197132509034,1.000009203306,0.951034029032725,1.05150644053588,0.999713379234862,0.999713379234862
AVBLOCK,QC-filtered,CD28+ CD45RA- CD8dim T cell %T cell,GCST90001667,20,IVW,0.0578193278654469,0.0276017266316444,1.05952355203478,1.00372687124527,1.11842194273794,0.0361912531568291,0.78125665804768
AVBLOCK,QC-filtered,CD4 on CD28+ CD4+ T cell,GCST90002062,20,IVW,0.0127478280422318,0.0370367526361017,1.0128294279741,0.941911265218529,1.08908714445872,0.730700394155632,0.97772142636262
AVBLOCK,QC-filtered,CD3 on CD45RA+ CD4+ T cell,GCST90001858,27,IVW,-0.00422937024435672,0.0190923698170988,0.995779560946435,0.959205045580768,1.03374866361165,0.824686404185166,0.97772142636262
AVBLOCK,QC-filtered,FSC-A on HLA DR+ T cell,GCST90001975,16,IVW,0.0273739839638086,0.0369945046292483,1.0277520937015,0.955868196591766,1.10504185605721,0.459331969746872,0.97772142636262
AVBLOCK,QC-filtered,SSC-A on HLA DR+ CD8+ T cell,GCST90002086,24,IVW,-0.00605787425919959,0.0229855818515907,0.993960437665299,0.950174511740913,1.03976410589425,0.792125880683912,0.97772142636262
AVBLOCK,QC-filtered,CD28- CD127- CD25++ CD8+ T cell %T cell,GCST90001673,17,IVW,0.0153219497490542,0.0432609811133917,1.01543993262685,0.932888517734117,1.10529633195367,0.723207880645369,0.97772142636262
AVBLOCK,QC-filtered,CD80 on granulocyte,GCST90002040,30,IVW,0.00517492838636218,0.0282875354330655,1.00518834145551,0.950973919538585,1.06249349328983,0.854844912436458,0.97772142636262
AVBLOCK,QC-filtered,HLA DR+ CD8+ T cell Absolute Count,GCST90001627,31,IVW,0.00282941594807117,0.0238287753617181,1.00283342252324,0.957073599736262,1.05078112446818,0.905481772151723,0.97772142636262
AVBLOCK,QC-filtered,HLA DR on CD14+ CD16+ monocyte,GCST90002007,16,IVW,-0.0178053065341699,0.0280744418061543,0.982352271309577,0.929757748292395,1.03792196055311,0.525938789840986,0.97772142636262
AVBLOCK,QC-filtered,BAFF-R on IgD+ CD38- naive B cell,GCST90001706,26,IVW,-0.00877499267983358,0.0203707279791723,0.991263395201912,0.952465284352966,1.03164192418281,0.666639392249435,0.97772142636262
AVBLOCK,QC-filtered,Transitional B cell %lymphocyte,GCST90001578,26,IVW,0.0186437378393807,0.0285740923149567,1.01881861743218,0.963327845668451,1.07750583551975,0.514098023777173,0.97772142636262
AVBLOCK,QC-filtered,CD45 on CD8+ T cell,GCST90001917,13,IVW,-0.0265037283837397,0.0418902698730581,0.973844412963092,0.897081415045344,1.05717599846999,0.526933395599817,0.97772142636262
AVBLOCK,QC-filtered,CD19 on memory B cell,GCST90001736,23,IVW,-0.0440744777867218,0.0275771626364538,0.956882688314317,0.906534930142233,1.01002669478161,0.109993177797849,0.97772142636262
AVBLOCK,QC-filtered,CD33 on CD14+ monocyte,GCST90001946,19,IVW,0.0020027047932011,0.021593025455052,1.00200471154587,0.960482395804998,1.045322065605,0.92610395164826,0.978116316717662
AVBLOCK,QC-filtered,BAFF-R on IgD- CD24- B cell,GCST90001710,19,IVW,0.00525017906742407,0.029822282669717,1.00526398540889,0.948188937935593,1.06577459399638,0.860255551824157,0.97772142636262
AVBLOCK,QC-filtered,FSC-A on lymphocyte,GCST90001971,15,IVW,0.000825467125236372,0.0440267389296262,1.00082580791699,0.918083493312344,1.09102527720964,0.985041161247246,0.99738847385341
AVBLOCK,QC-filtered,FSC-A on T cell,GCST90001972,19,IVW,-0.0300567691458454,0.0292717522915382,0.970390443748194,0.916283555653891,1.02769236390565,0.304506059272919,0.97772142636262
AVBLOCK,QC-filtered,FSC-A on CD4+ T cell,GCST90001973,20,IVW,0.0754939581905674,0.0343050649295163,1.0784167121101,1.0082902059373,1.15342051138667,0.0277597432018772,0.78125665804768
AVBLOCK,QC-filtered,SSC-A on lymphocyte,GCST90002079,20,IVW,-0.0244897994648843,0.0363431593666392,0.975807642627765,0.908716248116845,1.04785245931722,0.500407356070707,0.97772142636262
AVBLOCK,QC-filtered,SSC-A on CD4+ T cell,GCST90002081,30,IVW,0.0105578403936443,0.0232160214629674,1.01061377105289,0.965657983631051,1.05766245560495,0.64927811447328,0.97772142636262
AVBLOCK,QC-filtered,CD86 on monocyte,GCST90001905,14,IVW,0.0136082404382508,0.0326673382765687,1.01370125398015,0.950830236788167,1.08072944313598,0.676992792230049,0.97772142636262
AVBLOCK,QC-filtered,CD86+ plasmacytoid Dendritic Cell %Dendritic Cell,GCST90001467,24,IVW,0.0239714899061657,0.0264634326913008,1.02426111569383,0.972488685340253,1.07878975759528,0.365023465612057,0.97772142636262
AVBLOCK,QC-filtered,CD127- CD8+ T cell %T cell,GCST90001682,14,IVW,0.0515745282251575,0.0468180256814383,1.05292765619742,0.960608057201688,1.15411966501195,0.270637548692548,0.97772142636262
AVBLOCK,QC-filtered,CD20 on IgD- CD24- B cell,GCST90001753,26,IVW,-0.0193552249803296,0.0363539405553057,0.980830884720778,0.913374817692219,1.05326882872998,0.594441613269621,0.97772142636262
AVBLOCK,QC-filtered,CD20 on IgD- CD27- B cell,GCST90001754,19,IVW,-0.045351283814412,0.028260886875092,0.955661714369404,0.904165715223379,1.01009062490921,0.108551750217757,0.97772142636262
AVBLOCK,QC-filtered,SSC-A on granulocyte,GCST90002078,23,IVW,-0.0349759076036982,0.0311853520164114,0.965628680286168,0.908373903128287,1.02649222416017,0.262054147695158,0.97772142636262
AVBLOCK,QC-filtered,CD28- CD4-CD8- T cell %CD4-CD8- T cell,GCST90001653,26,IVW,0.0230469008019037,0.0281388417218925,1.02331453269393,0.968404672488231,1.08133785655121,0.412762297217925,0.97772142636262
AVBLOCK,QC-filtered,CD28+ CD4-CD8- T cell %CD4-CD8- T cell,GCST90001656,26,IVW,-0.0230469008019037,0.0281388417218925,0.977216650453936,0.924780348659364,1.03262616177862,0.412762297217925,0.97772142636262
AVBLOCK,QC-filtered,Naive CD8+ T cell Absolute Count,GCST90001551,24,IVW,0.0626561301884045,0.0495069973352902,1.06466067161336,0.966206611026854,1.17314695712499,0.205655788071856,0.97772142636262
AVBLOCK,QC-filtered,CD28+ CD45RA+ CD8+ T cell Absolute Count,GCST90001690,29,IVW,0.00865756649508613,0.0296583078299117,1.00869515161081,0.951731124003795,1.06906865103121,0.770355183332842,0.97772142636262
AVBLOCK,QC-filtered,CD127- CD8+ T cell %CD8+ T cell,GCST90001683,12,IVW,0.00735834480024867,0.0408627654598984,1.0073854839449,0.929849368320515,1.09138700077398,0.857094028731076,0.97772142636262
AVBLOCK,QC-filtered,CD8 on CD28+ CD45RA- CD8+ T cell,GCST90002118,14,IVW,0.0293678196692827,0.0327393040934396,1.02980330673366,0.965797381902127,1.09805107202812,0.369708096481887,0.97772142636262
AVBLOCK,QC-filtered,Naive CD8+ T cell %T cell,GCST90001553,23,IVW,-0.0239520963020541,0.0373841336407777,0.976332478573849,0.907351830601455,1.0505573213935,0.521716190919427,0.97772142636262
AVBLOCK,QC-filtered,CD28+ CD45RA+ CD8+ T cell %T cell,GCST90001688,23,IVW,0.00996864367567823,0.0286952194238572,1.01001849612009,0.954780329529873,1.06845242926926,0.728292811088396,0.97772142636262
AVBLOCK,QC-filtered,FSC-A on CD8+ T cell,GCST90001974,17,IVW,0.00204558862121256,0.0363514138670343,1.00204768226495,0.93313706363976,1.07604723535041,0.955124645190714,0.983628224503394
AVBLOCK,QC-filtered,CD39+ CD4+ T cell %CD4+ T cell,GCST90001659,24,IVW,-0.0288699782755666,0.0215450446179107,0.971542777922027,0.931370365844917,1.01344793000384,0.180251101938149,0.97772142636262
AVBLOCK,QC-filtered,CD25++ CD45RA+ CD4 not regulatory T cell Absolute Count,GCST90001507,22,IVW,-0.0538428315918454,0.0243059338034704,0.947581024600115,0.903497024872646,0.993815998795094,0.0267454168025504,0.78125665804768
AVBLOCK,QC-filtered,CD45RA on resting CD4 regulatory T cell,GCST90002102,22,IVW,-0.0156287625408103,0.0216430080242678,0.984492732804355,0.943603654739954,1.02715365299395,0.470223157434518,0.97772142636262
AVBLOCK,QC-filtered,CD8+ Natural Killer T %lymphocyte,GCST90001632,26,IVW,-0.00335518222445774,0.0339332782479821,0.996650440109679,0.932520254002148,1.06519091194831,0.921236832267393,0.97772142636262
AVBLOCK,QC-filtered,Granulocytic Myeloid-Derived Suppressor Cells Absolute Count,GCST90001524,20,IVW,0.0148448714158938,0.0228092761692948,1.01495560377695,0.970580134093633,1.06135994489545,0.515158773676395,0.97772142636262
AVBLOCK,QC-filtered,CD19 on IgD- CD24- B cell,GCST90001731,23,IVW,-0.0474586004728257,0.0343540575200777,0.95364995297254,0.891551074131085,1.02007418216717,0.167138962344102,0.97772142636262
AVBLOCK,QC-filtered,CD19 on IgD- CD27- B cell,GCST90001732,25,IVW,-0.0583111682463304,0.0326337341171902,0.943356359217539,0.884906501908764,1.0056669473629,0.0739638141243374,0.977667143061697
AVBLOCK,QC-filtered,Monocyte Absolute Count,GCST90001583,23,IVW,-0.0389728783916031,0.033112521696255,0.961776793726202,0.901339380913733,1.02626670989624,0.239202252221124,0.97772142636262
AVBLOCK,QC-filtered,CCR2 on CD14+ CD16+ monocyte,GCST90001992,28,IVW,0.0345958910532075,0.0321080391049226,1.03520129015888,0.972061829845682,1.10244192112422,0.281264197254508,0.97772142636262
AVBLOCK,QC-filtered,SSC-A on plasmacytoid Dendritic Cell,GCST90002072,25,IVW,-0.00437455046068556,0.022352734084117,0.995635003948023,0.952956607145379,1.0402247632828,0.844840768214358,0.97772142636262
AVBLOCK,QC-filtered,CD3 on HLA DR+ CD4+ T cell,GCST90001849,25,IVW,0.0177238348739666,0.0227894978118493,1.01788183410573,0.973416159299822,1.06437870206274,0.436734444772167,0.97772142636262
AVBLOCK,QC-filtered,CCR2 on granulocyte,GCST90002018,15,IVW,-0.0307640898516587,0.0551391751374641,0.969704309181807,0.870369997619654,1.08037552973728,0.576888595015918,0.97772142636262
AVBLOCK,QC-filtered,CD4 on CD4+ T cell,GCST90002022,21,IVW,-0.0283831361218864,0.0253373122893732,0.972015881054352,0.924923480931235,1.02150598671212,0.262623854420783,0.97772142636262
AVBLOCK,QC-filtered,CD3 on CD39+ CD8+ T cell,GCST90001866,15,IVW,0.0248351821429247,0.02765207406222,1.02514614420898,0.971064017879556,1.08224030304548,0.369115767497771,0.97772142636262
AVBLOCK,QC-filtered,SSC-A on CD14+ monocyte,GCST90002074,22,IVW,-0.0138517958221568,0.0366453232844467,0.986243698868777,0.917891002143403,1.05968642386409,0.705433358647584,0.97772142636262
AVBLOCK,QC-filtered,CD4+ T cell %T cell,GCST90001591,22,IVW,-0.0255697850983016,0.0277201325224514,0.974754353263816,0.923207513388524,1.02917928572674,0.356306147159381,0.97772142636262
AVBLOCK,QC-filtered,CD28 on CD39+ secreting CD4 regulatory T cell,GCST90001888,19,IVW,-0.00482924697039497,0.0276595466408641,0.995182395094414,0.942667215531943,1.05062315012937,0.86139707010934,0.97772142636262
AVBLOCK,QC-filtered,Central Memory CD4+ T cell Absolute Count,GCST90001537,26,IVW,0.041645557080661,0.0326441976481261,1.04252489768872,0.977910554878074,1.11140856071073,0.202046919651766,0.97772142636262
AVBLOCK,QC-filtered,CD4 regulatory T cell %T cell,GCST90001479,14,IVW,-0.0109760638454491,0.0366247106677221,0.9890839533584,0.920571600705783,1.0626952493875,0.764413537382771,0.97772142636262
AVBLOCK,QC-filtered,HLA DR on B cell,GCST90002116,20,IVW,0.0131703266247819,0.0186088488286688,1.0132574373821,0.9769664014109,1.05089656402455,0.47910339625253,0.97772142636262
AVBLOCK,QC-filtered,CD16-CD56 on Natural Killer T,GCST90001883,25,IVW,-0.00190507955383536,0.0215426886555282,0.998096733958407,0.956830758234102,1.04114241914316,0.929532719469965,0.978116316717662
AVBLOCK,QC-filtered,CD45 on Granulocytic Myeloid-Derived Suppressor Cells,GCST90002047,17,IVW,-0.0107241816474443,0.0258146103695328,0.989333117377256,0.940521455184019,1.04067803211134,0.677826636795971,0.97772142636262
AVBLOCK,QC-filtered,Effector Memory CD4-CD8- T cell %T cell,GCST90001571,21,IVW,0.0275889421405557,0.0287076716118197,1.02797304116409,0.97172921937876,1.08747226314316,0.336536935168209,0.97772142636262
AVBLOCK,QC-filtered,IgD+ B cell %B cell,GCST90001391,16,IVW,0.0165803249539161,0.0333430369344939,1.01671854137614,0.95239822561544,1.08538273652289,0.619002196249037,0.97772142636262
AVBLOCK,QC-filtered,CD11c+ monocyte %monocyte,GCST90001449,20,IVW,0.00176945154567609,0.0250719646316732,1.00177101794882,0.953732925406047,1.05222871693871,0.943736082756388,0.980137331662706
AVBLOCK,QC-filtered,IgD on IgD+ CD38dim B cell,GCST90001825,21,IVW,-0.014900166267216,0.0196739529944194,0.985210291914561,0.947942801861725,1.02394291869517,0.448837220484004,0.97772142636262
AVBLOCK,QC-filtered,CD4 on Terminally Differentiated CD4+ T cell,GCST90002026,23,IVW,0.0293954788985686,0.0222557174356826,1.02983179069336,0.985874980271274,1.07574848570645,0.186566151888978,0.97772142636262
AVBLOCK,QC-filtered,CD80 on monocyte,GCST90002039,22,IVW,0.0157273685837146,0.0254707608186716,1.01585169456338,0.96638272979455,1.06785296708136,0.536926370719206,0.97772142636262
AVBLOCK,QC-filtered,CD38 on transitional B cell,GCST90001819,22,IVW,-0.0375455505456301,0.0251217491624248,0.963150544688775,0.916874955238996,1.01176170908985,0.135033583384665,0.97772142636262
AVBLOCK,QC-filtered,CD8 on HLA DR+ CD8+ T cell,GCST90002060,19,IVW,0.00415848006768419,0.0310766674600981,1.00416713854379,0.944828557904312,1.06723239226365,0.893549990006668,0.97772142636262
AVBLOCK,QC-filtered,CD28 on CD39+ CD8+ T cell,GCST90001897,17,IVW,0.015879716988776,0.0324739026880925,1.0160064697384,0.953353860304816,1.08277648995961,0.624842163961017,0.97772142636262
AVBLOCK,QC-filtered,BAFF-R on switched memory B cell,GCST90001718,14,IVW,-0.0173441442622801,0.0330260009099485,0.982805399589613,0.921202768200789,1.04852751946135,0.599467556944291,0.97772142636262
AVBLOCK,QC-filtered,CD24 on transitional B cell,GCST90001774,18,IVW,0.0637733210164903,0.0348052027389085,1.06585076540786,0.995564987491188,1.14109864086656,0.0669078150641486,0.977667143061697
AVBLOCK,QC-filtered,Central Memory CD4+ T cell %CD4+ T cell,GCST90001538,29,IVW,-0.00984891803670346,0.0209810385352205,0.990199423721701,0.950305512895526,1.03176808450924,0.638769491935383,0.97772142636262
AVBLOCK,QC-filtered,CD39+ secreting CD4 regulatory T cell %secreting CD4 regulatory T cell,GCST90001496,24,IVW,-0.00867816579342739,0.0243953184591421,0.991359380796996,0.945073109459614,1.03991258671634,0.722042187796539,0.97772142636262
AVBLOCK,QC-filtered,CD86+ plasmacytoid Dendritic Cell Absolute Count,GCST90001466,19,IVW,-0.0365092948369923,0.0294139648759531,0.964149132245655,0.910136522504268,1.02136715341592,0.2145233163212,0.97772142636262
AVBLOCK,QC-filtered,CD45 on CD33+ HLA DR+ CD14dim,GCST90002043,14,IVW,0.00286534949480275,0.0248191777911418,1.00286945853234,0.955251866253967,1.05286070238313,0.908089234590576,0.97772142636262
AVBLOCK,QC-filtered,Natural Killer T Absolute Count,GCST90001621,34,IVW,0.0227611514285336,0.0241861162498093,1.02302216298168,0.975657538896225,1.07268616725466,0.346662144641221,0.97772142636262
AVBLOCK,QC-filtered,HLA DR+ Natural Killer %Natural Killer,GCST90001649,22,IVW,-0.0627585494725985,0.0223844037273375,0.93917020945769,0.898856408564056,0.981292088401396,0.00505241107909914,0.681866831528645
AVBLOCK,QC-filtered,HLA DR+ Natural Killer  %CD3- lymphocyte,GCST90001650,23,IVW,-0.0262097137833453,0.0219123095785519,0.974130779534929,0.93317937490054,1.01687928511972,0.231650409665402,0.97772142636262
AVBLOCK,QC-filtered,IgD+ CD38+ B cell Absolute Count,GCST90001392,24,IVW,0.0211496668923671,0.0363525501598533,1.02137490620676,0.951133039954958,1.09680418533066,0.560705977389639,0.97772142636262
AVBLOCK,QC-filtered,IgD- CD38+ B cell %B cell,GCST90001410,18,IVW,0.0366722859798955,0.0348085208761052,1.03735301000287,0.968940168184585,1.11059619850233,0.292092033404435,0.97772142636262
AVBLOCK,QC-filtered,BAFF-R on IgD+ CD38+ B cell,GCST90001708,24,IVW,0.0215059601391199,0.0247496412931343,1.0217388800251,0.97335799362242,1.07252454471537,0.384879798444125,0.97772142636262
AVBLOCK,QC-filtered,CD8+ Natural Killer T %T cell,GCST90001631,26,IVW,0.0281057969476118,0.0318848024754628,1.02850449130139,0.966196145794858,1.09483099599502,0.378058392321919,0.97772142636262
AVBLOCK,QC-filtered,PDL-1 on CD14+ CD16- monocyte,GCST90001993,14,IVW,-0.00599623404237126,0.0436233308181831,0.994021707490519,0.912563175546856,1.08275150854105,0.890671357250466,0.97772142636262
AVBLOCK,QC-filtered,CD64 on monocyte,GCST90002006,27,IVW,-0.00926984948845233,0.0238834352077184,0.99077298311355,0.945462188686969,1.03825527431296,0.697920706330394,0.97772142636262
AVBLOCK,QC-filtered,IgD on IgD+ CD38- unswitched memory B cell,GCST90001823,17,IVW,0.00902505874288415,0.0195320395065919,1.00906590738018,0.971166125122027,1.04844472958635,0.644035189056116,0.97772142636262
AVBLOCK,QC-filtered,CD20- CD38- B cell %lymphocyte,GCST90001444,22,IVW,0.0133135863752398,0.0319334692545376,1.01340260678795,0.951918351248939,1.07885812065413,0.676739572675841,0.97772142636262
AVBLOCK,QC-filtered,CD3- lymphocyte %leukocyte,GCST90001641,17,IVW,0.0486680579346154,0.0322926721204983,1.04987179628084,0.985480854845735,1.11847001715573,0.131786838026555,0.97772142636262
AVBLOCK,QC-filtered,CD4 regulatory T cell Absolute Count,GCST90001513,20,IVW,-0.00418338302186011,0.0274719657653911,0.995825355135627,0.943623114261988,1.05091547985934,0.878967474498598,0.97772142636262
AVBLOCK,QC-filtered,IgD on IgD+ CD38+ B cell,GCST90001824,25,IVW,-0.0037608580478755,0.022424863095764,0.996246205121453,0.953406813493479,1.04101049748338,0.866811981042645,0.97772142636262
AVBLOCK,QC-filtered,IgD on transitional B cell,GCST90001828,31,IVW,-0.00563103817000443,0.0209195931867024,0.994384786408563,0.954437191194465,1.03600437259086,0.787794772124986,0.97772142636262
AVBLOCK,QC-filtered,CD25 on IgD- CD27- B cell,GCST90001786,21,IVW,0.0409810873595712,0.0338619762533645,1.04183240155756,0.974931188768397,1.11332447401376,0.22618716209449,0.97772142636262
AVBLOCK,QC-filtered,CD25 on IgD- CD38- B cell,GCST90001787,20,IVW,-0.0418148609893541,0.0270329572833436,0.95904732120934,0.909555320891435,1.01123234969079,0.121908958093935,0.97772142636262
AVBLOCK,QC-filtered,CD28- CD25++ CD8+ T cell %CD8+ T cell,GCST90001677,25,IVW,0.0301657797521741,0.0318794188338411,1.03062537661152,0.968198761009184,1.0970770772403,0.344023013741063,0.97772142636262
AVBLOCK,QC-filtered,CD33+ HLA DR+ CD14dim %CD33+ HLA DR+,GCST90001521,21,IVW,0.00781873425103852,0.0256795056666537,1.00784938037291,0.958377913701604,1.05987456409009,0.760767022210009,0.97772142636262
AVBLOCK,QC-filtered,CD45 on Monocytic Myeloid-Derived Suppressor Cells,GCST90002049,15,IVW,-0.0429564108446863,0.0262978240675651,0.957953145525425,0.90982760177562,1.00862430116554,0.102372549415893,0.97772142636262
AVBLOCK,QC-filtered,HLA DR++ monocyte %monocyte,GCST90001475,21,IVW,-0.0191698971752842,0.0380208716339235,0.981012676800808,0.910564260110043,1.05691153738845,0.614125022637657,0.97772142636262
AVBLOCK,QC-filtered,CD45 on HLA DR+ T cell,GCST90001918,16,IVW,0.039249282035803,0.0303577487015077,1.04002971206224,0.979951787046403,1.10379083570266,0.196048510483204,0.97772142636262
AVBLOCK,QC-filtered,CD28- CD127- CD25++ CD8+ T cell Absolute Count,GCST90001675,27,IVW,-0.0153533312432819,0.0259330590943832,0.984763930261578,0.935960385046699,1.03611222636933,0.553825793181854,0.97772142636262
AVBLOCK,QC-filtered,CD28- CD25++ CD8+ T cell Absolute Count,GCST90001678,23,IVW,-0.0201657322721541,0.0308938687315971,0.980036236214372,0.922454049649511,1.04121286546269,0.513922482929499,0.97772142636262
AVBLOCK,QC-filtered,CD14 on CD14+ CD16- monocyte,GCST90001986,15,IVW,-0.0955275964228997,0.0424078087291257,0.908893279104278,0.836401179237572,0.987668374109602,0.0242847286392294,0.78125665804768
AVBLOCK,QC-filtered,CD80 on CD62L+ myeloid Dendritic Cell,GCST90002036,22,IVW,-0.0156220579026928,0.0203935222466227,0.984499333493986,0.945923706685909,1.02464810935533,0.44365821690753,0.97772142636262
AVBLOCK,QC-filtered,Secreting CD4 regulatory T cell Absolute Count,GCST90001492,13,IVW,0.0298454167752652,0.0280735218839259,1.03029525527994,0.975135653256332,1.08857501980119,0.287729244684169,0.97772142636262
AVBLOCK,QC-filtered,CD66b on CD66b++ myeloid cell,GCST90001836,24,IVW,0.0115067458527389,0.0218798023845137,1.01157320311045,0.969109503448922,1.05589754471442,0.598952678356169,0.97772142636262
AVBLOCK,QC-filtered,CD19 on IgD- CD38- B cell,GCST90001733,20,IVW,-0.0917713882615221,0.0381777313256482,0.912313691325644,0.846538377581591,0.983199691144542,0.016225929254667,0.737265660508931
AVBLOCK,QC-filtered,CD38 on IgD- CD38+ B cell,GCST90001814,9,IVW,0.0982767135645864,0.0597769436198303,1.10326803210343,0.981291128930509,1.24040696463645,0.100164391053126,0.97772142636262
AVBLOCK,QC-filtered,CD39 on CD39+ CD8+ T cell,GCST90002029,23,IVW,0.00713013354677585,0.0292582419005494,1.0071556134714,0.951023961563247,1.06660028636879,0.807465820739769,0.97772142636262
AVBLOCK,QC-filtered,Terminally Differentiated CD4-CD8- T cell Absolute Count,GCST90001572,20,IVW,-0.0290580616390091,0.0326460901851107,0.971360064071883,0.91115304565904,1.03554543176801,0.373415864377835,0.97772142636262
AVBLOCK,QC-filtered,FSC-A on Natural Killer T,GCST90001976,20,IVW,-0.0151976317011368,0.0393832263322426,0.984917269491755,0.91175063273741,1.06395542038793,0.699577413091896,0.97772142636262
AVBLOCK,QC-filtered,CD19 on CD20- CD38- B cell,GCST90001722,19,IVW,0.0434213221285274,0.0342246025982779,1.04437782165546,0.976618778626684,1.11683807257893,0.204542152597376,0.97772142636262
AVBLOCK,QC-filtered,CD20 on CD20- CD38- B cell,GCST90001744,16,IVW,-0.0253658533331842,0.0321981341692502,0.974953156910133,0.915326729243099,1.03846378326027,0.430810735196141,0.97772142636262
AVBLOCK,QC-filtered,CD27 on Plasma Blast-Plasma Cell,GCST90001807,17,IVW,-0.000100596097649018,0.041371857319618,0.999899408961969,0.922019010896882,1.08435814904722,0.998059937375278,0.999713379234862
AVBLOCK,QC-filtered,CD62L on CD62L+ Dendritic Cell,GCST90001833,25,IVW,0.0281718103869707,0.0324083822898623,1.0285723886613,0.965268846629073,1.09602745640351,0.384696499512348,0.97772142636262
AVBLOCK,QC-filtered,HLA DR on HLA DR+ CD4+ T cell,GCST90002114,22,IVW,-0.0359335302459035,0.027203105179603,0.96470441501727,0.91461541238395,1.01753654678534,0.186523081163211,0.97772142636262
AVBLOCK,QC-filtered,IgD+ CD38- B cell Absolute Count,GCST90001396,17,IVW,0.0881801817461831,0.0328998383766248,1.09218489608185,1.02397949144191,1.16493333821519,0.00735645889344106,0.681866831528645
AVBLOCK,QC-filtered,IgD+ CD38- B cell %lymphocyte,GCST90001431,19,IVW,0.0173387439703209,0.0434257456763056,1.01748993253414,0.934470035299901,1.10788545774619,0.689691784246883,0.97772142636262
AVBLOCK,QC-filtered,CD28 on CD28+ CD45RA+ CD8+ T cell,GCST90001896,14,IVW,0.032057721647888,0.0282280564089541,1.0325771056371,0.976999372791303,1.09131644172881,0.256095222277759,0.97772142636262
AVBLOCK,QC-filtered,SSC-A on B cell,GCST90002075,12,IVW,-0.00349829087786304,0.037408863554135,0.996507821012536,0.926056840450424,1.07231845170125,0.925494412345604,0.978116316717662
AVBLOCK,QC-filtered,IgD- CD27- B cell Absolute Count,GCST90001401,25,IVW,0.0288455855630534,0.0273683693586309,1.02926564872807,0.975508487412822,1.08598519574264,0.291894221460007,0.97772142636262
AVBLOCK,QC-filtered,CD3 on CD39+ CD4+ T cell,GCST90001860,24,IVW,-0.0102376912832265,0.0189068990112289,0.989814535499005,0.953805779828788,1.02718271938023,0.588177376743187,0.97772142636262
AVBLOCK,QC-filtered,CD123 on plasmacytoid Dendritic Cell,GCST90001944,11,IVW,0.0479211204180131,0.0316295238789663,1.04908790044562,0.986025811840664,1.11618317659138,0.129753255606989,0.97772142636262
AVBLOCK,QC-filtered,CD123 on CD62L+ plasmacytoid Dendritic Cell,GCST90001945,11,IVW,0.0481732630849737,0.0316834051928628,1.04935245361789,0.986170310007431,1.11658256260583,0.128396095616556,0.97772142636262
AVBLOCK,QC-filtered,HLA DR on CD14- CD16-,GCST90002009,22,IVW,-0.00411484598724482,0.0234486893959322,0.995893608391374,0.951158772463343,1.0427324101382,0.860700140081695,0.97772142636262
AVBLOCK,QC-filtered,Central Memory CD4+ T cell %T cell,GCST90001539,23,IVW,0.0187475218565007,0.0422104872375913,1.01892436000812,0.938019038635448,1.10680786706446,0.65693869563165,0.97772142636262
AVBLOCK,QC-filtered,FSC-A on CD14+ monocyte,GCST90001967,21,IVW,0.0155387196379757,0.0391451076361541,1.01566007328732,0.940648553277754,1.0966533471778,0.691403029133991,0.97772142636262
AVBLOCK,QC-filtered,CD25 on CD39+ secreting CD4 regulatory T cell,GCST90001942,13,IVW,0.0484988031620051,0.0410301590392371,1.04969411550577,0.968583766843755,1.13759674056688,0.237194529736514,0.97772142636262
AVBLOCK,QC-filtered,CD4+CD8+ T cell %T cell,GCST90001595,8,IVW,0.0337936026444733,0.0587301340863143,1.03437109323629,0.921900978148298,1.16056234225052,0.565017540340952,0.97772142636262
AVBLOCK,QC-filtered,CD3 on CD39+ activated CD4 regulatory T cell,GCST90001854,25,IVW,-0.00408461844161379,0.0210643548349522,0.995923712265846,0.955643107717852,1.03790215473016,0.846245260731045,0.97772142636262
AVBLOCK,QC-filtered,CD33+ HLA DR+ CD14- %CD33+ HLA DR+,GCST90001519,15,IVW,-0.0651206815311042,0.031506045600378,0.936954383464641,0.88084594607438,0.996636835993879,0.0387410773558713,0.78125665804768
AVBLOCK,QC-filtered,CD19 on IgD+ CD38- unswitched memory B cell,GCST90001728,16,IVW,-0.0278012055192432,0.0260712828957376,0.97258169145702,0.924131482861253,1.02357203936901,0.286263843037893,0.97772142636262
AVBLOCK,QC-filtered,CD25 on IgD+ CD24- B cell,GCST90001779,19,IVW,0.00240853444294056,0.0333061802951499,1.00241143729209,0.939064061552325,1.07003209978344,0.942351275107233,0.980137331662706
AVBLOCK,QC-filtered,CD20 on IgD- CD38- B cell,GCST90001755,27,IVW,0.0150473500939364,0.0266286315770833,1.01516113145266,0.963536636175514,1.06955157086993,0.572018253999938,0.97772142636262
AVBLOCK,QC-filtered,CD20 on switched memory B cell,GCST90001761,29,IVW,0.0248725459607973,0.0280830262398078,1.02518444829839,0.970280391872778,1.08319529265586,0.375790539826105,0.97772142636262
AVBLOCK,QC-filtered,CD39 on CD39+ secreting CD4 regulatory T cell,GCST90002031,20,IVW,-0.0188538944656103,0.0279187344927986,0.981322728450902,0.929066821747015,1.0365177991864,0.499476696068069,0.97772142636262
AVBLOCK,QC-filtered,CD24+ CD27+ B cell %B cell,GCST90001417,25,IVW,-0.0350984753161371,0.0203738043144156,0.965510332640708,0.927714604479073,1.00484588464512,0.0849381492454207,0.97772142636262
AVBLOCK,QC-filtered,CD33 on CD66b++ myeloid cell,GCST90001951,16,IVW,-0.0103782368662949,0.0144290550784522,0.98967543121346,0.962078544249777,1.01806392523941,0.471980962606839,0.97772142636262
AVBLOCK,QC-filtered,Effector Memory CD8+ T cell %CD8+ T cell,GCST90001555,19,IVW,-0.0429237479314279,0.0338912080753521,0.957984435576932,0.896416154435518,1.02378139245556,0.205328503573186,0.97772142636262
AVBLOCK,QC-filtered,CD45RA+ CD8+ T cell %CD8+ T cell,GCST90001561,20,IVW,0.0383773119740711,0.0313862706134515,1.03912323255894,0.977125893105702,1.10505422081465,0.22142715010659,0.97772142636262
AVBLOCK,QC-filtered,HLA DR on CD33dim HLA DR+ CD11b+,GCST90002110,19,IVW,0.00427993361491486,0.0223250166611613,1.0042891056113,0.961291968246513,1.04920943996788,0.847969208524927,0.97772142636262
AVBLOCK,QC-filtered,T cell %lymphocyte,GCST90001604,17,IVW,-0.0597624150324658,0.0418191799375719,0.941988309262201,0.867857274874362,1.02245150265649,0.152984942764229,0.97772142636262
AVBLOCK,QC-filtered,IgD+ CD24+ B cell Absolute Count,GCST90001412,22,IVW,0.00222066454648819,0.0360803906731014,1.00222313204816,0.933796353772589,1.07566409137751,0.950923038633688,0.983386983053615
AVBLOCK,QC-filtered,CD33dim HLA DR- Absolute Count,GCST90001531,18,IVW,0.0306042769477382,0.0219850205213941,1.03107740204754,0.987591267913384,1.07647834033537,0.163906856366379,0.97772142636262
AVBLOCK,QC-filtered,Activated CD4 regulatory T cell Absolute Count,GCST90001486,12,IVW,-0.0232481848001796,0.0262552471139687,0.97701997217411,0.928013991610083,1.02861382980977,0.375904196267671,0.97772142636262
AVBLOCK,QC-filtered,CD28+ CD45RA- CD8dim T cell %CD8dim T cell,GCST90001668,20,IVW,0.0246312025344906,0.0326815090094116,1.02493705662542,0.961342479618931,1.09273853212061,0.451045017669497,0.97772142636262
AVBLOCK,QC-filtered,CD19 on IgD+ B cell,GCST90001741,22,IVW,0.0339781063042564,0.0351539721575253,1.03456195609547,0.965679114920667,1.10835827808911,0.333768549122633,0.97772142636262
AVBLOCK,QC-filtered,Naive CD8+ T cell %CD8+ T cell,GCST90001552,25,IVW,0.00412618137993976,0.0302645401315412,1.00413470578671,0.946303140008472,1.06550054072138,0.891554750538303,0.97772142636262
AVBLOCK,QC-filtered,CD127 on CD28+ CD45RA+ CD8+ T cell,GCST90001929,20,IVW,0.0648048932908699,0.0298753453604577,1.06695083480908,1.00626878347551,1.13129225768882,0.0300692961868834,0.78125665804768
AVBLOCK,QC-filtered,CCR2 on monocyte,GCST90002017,24,IVW,0.00665108007910787,0.0332525512830276,1.00667324763102,0.943155679435118,1.07446845689667,0.841467179170006,0.97772142636262
AVBLOCK,QC-filtered,CD27 on IgD+ CD38- unswitched memory B cell,GCST90001801,21,IVW,-0.0407734637954819,0.019271015545448,0.960046590626312,0.924460777893699,0.997002228989305,0.0343624873557078,0.78125665804768
AVBLOCK,QC-filtered,CD45 on CD33- HLA DR+,GCST90002046,19,IVW,0.0131630549833858,0.0212133385587532,1.01325006936416,0.971984823242375,1.05626721582099,0.534923118757572,0.97772142636262
AVBLOCK,QC-filtered,Myeloid Dendritic Cell %Dendritic Cell,GCST90001459,25,IVW,-0.01097882729655,0.024624369662273,0.989081220077037,0.942478103929755,1.03798874035379,0.65570407370512,0.97772142636262
AVBLOCK,QC-filtered,Plasmacytoid Dendritic Cell %Dendritic Cell,GCST90001474,23,IVW,0.0244509236114001,0.0240803921800899,1.02475229873109,0.977510109416943,1.07427766080192,0.309921260095635,0.97772142636262
AVBLOCK,QC-filtered,CD19 on IgD+ CD38+ B cell,GCST90001729,18,IVW,-0.0296502863014022,0.0333577006237891,0.970784970994836,0.909344399226097,1.03637682346919,0.374078961125698,0.97772142636262
AVBLOCK,QC-filtered,CD38 on IgD+ CD38dim B cell,GCST90001813,21,IVW,-0.0342654457966859,0.0248594917479989,0.966314966344416,0.920360305106792,1.01456419730408,0.168090717532004,0.97772142636262
AVBLOCK,QC-filtered,Terminally Differentiated CD4-CD8- T cell %CD4-CD8- T cell,GCST90001573,24,IVW,-0.0076037303032765,0.0271910491603129,0.992425104922606,0.940919033011195,1.04675062819027,0.779753000952361,0.97772142636262
AVBLOCK,QC-filtered,CD33+ HLA DR+ Absolute Count,GCST90001517,23,IVW,-0.00227370637062478,0.0218646382698058,0.997728876541739,0.955874742141573,1.04141564495676,0.91717718867927,0.97772142636262
AVBLOCK,QC-filtered,CD33+ HLA DR+ CD14- Absolute Count,GCST90001518,18,IVW,-0.0342809367512854,0.029343750182687,0.966299997319086,0.912292435715393,1.02350479765478,0.242704554867337,0.97772142636262
AVBLOCK,QC-filtered,CD25 on resting CD4 regulatory T cell,GCST90001937,19,IVW,0.0463754717755347,0.0425874791977425,1.04746763166215,0.963583638971546,1.13865407734712,0.276177630502907,0.97772142636262
AVBLOCK,QC-filtered,SSC-A on HLA DR+ T cell,GCST90002083,19,IVW,0.0201152928940218,0.0286951316449052,1.02031896877248,0.964517632674061,1.07934864306285,0.483302893181691,0.97772142636262
AVBLOCK,QC-filtered,IgD- CD38dim B cell %B cell,GCST90001428,23,IVW,0.0150262484869765,0.0243189333964574,1.01513971014748,0.967888038627314,1.06469817787995,0.536652656624613,0.97772142636262
AVBLOCK,QC-filtered,CD38 on CD20- B cell,GCST90001809,19,IVW,0.00162006559471962,0.0457960003850994,1.00162137860995,0.915632592042952,1.09568553457676,0.971780160755611,0.988089757859202
AVBLOCK,QC-filtered,CD45 on CD33+ HLA DR+ CD14-,GCST90002042,18,IVW,0.00701157923011215,0.0284297286433543,1.00703621790344,0.952456646111249,1.06474341725661,0.805195803115031,0.97772142636262
AVBLOCK,QC-filtered,Myeloid Dendritic Cell Absolute Count,GCST90001458,21,IVW,0.00943919063952176,0.0232917283525608,1.00948388030022,0.964435235714828,1.05663674122263,0.685286884954851,0.97772142636262
AVBLOCK,QC-filtered,CD4 on naive CD4+ T cell,GCST90002024,20,IVW,-0.0309520209524361,0.0342540495312177,0.969522088706537,0.906567347069747,1.03684859544977,0.366206584341724,0.97772142636262
AVBLOCK,QC-filtered,Terminally Differentiated CD4+ T cell %CD4+ T cell,GCST90001546,20,IVW,0.0192229643915756,0.0391764075305779,1.01940891516883,0.944062606710023,1.10076866612395,0.623654875317516,0.97772142636262
AVBLOCK,QC-filtered,Terminally Differentiated CD4+ T cell %T cell,GCST90001547,22,IVW,0.021297664462139,0.0327479764675985,1.02152607839699,0.958018328245176,1.08924380471568,0.515465812377044,0.97772142636262
AVBLOCK,QC-filtered,CD24 on switched memory B cell,GCST90001773,34,IVW,0.0143787528445062,0.01613220865165,1.01448262436171,0.982907388778822,1.04707219304809,0.372764416309065,0.97772142636262
AVBLOCK,QC-filtered,Natural Killer T %T cell,GCST90001622,31,IVW,0.0288128647292979,0.0308578350096882,1.02923197084888,0.968827703090214,1.09340231130738,0.350443546266277,0.97772142636262
AVBLOCK,QC-filtered,Natural Killer T %lymphocyte,GCST90001623,32,IVW,0.0293690294674758,0.0309647602545215,1.02980455258859,0.969163548500087,1.09423989188766,0.342892155927085,0.97772142636262
AVBLOCK,QC-filtered,Memory B cell %B cell,GCST90001406,27,IVW,-0.0643882874326372,0.0241917393166909,0.937640854678671,0.894219421062519,0.983170742722084,0.00777744946378502,0.681866831528645
AVBLOCK,QC-filtered,CD19 on IgD- CD38+ B cell,GCST90001734,17,IVW,0.0255681335746896,0.0300919641072321,1.02589780197381,0.967139903546897,1.08822549481711,0.395510532998085,0.97772142636262
AVBLOCK,QC-filtered,HLA DR++ monocyte Absolute Count,GCST90001477,18,IVW,-0.0278064735359665,0.0381090660509365,0.9725765678939,0.902577930430251,1.04800388811343,0.465601046794431,0.97772142636262
AVBLOCK,QC-filtered,CD19 on IgD+ CD38- naive B cell,GCST90001727,17,IVW,-0.0189563411535385,0.032643081849567,0.981222200337058,0.920409332205865,1.04605306872198,0.561432263916373,0.97772142636262
AVBLOCK,QC-filtered,CD28- CD4-CD8- T cell Absolute Count,GCST90001654,30,IVW,0.0206505990536777,0.0291063973834302,1.02086529801494,0.964256501068654,1.0807974387895,0.478022561203075,0.97772142636262
AVBLOCK,QC-filtered,CD24+ CD27+ B cell Absolute Count,GCST90001418,23,IVW,-0.00920245496581499,0.0326925294318604,0.990839758035895,0.929340752340209,1.05640845258579,0.778338470888967,0.97772142636262
AVBLOCK,QC-filtered,CD62L- HLA DR++ monocyte Absolute Count,GCST90001454,19,IVW,0.0217680431710458,0.0345487063042379,1.02200669554204,0.955092178485258,1.0936092968422,0.528649926802609,0.97772142636262
AVBLOCK,QC-filtered,CCR2 on plasmacytoid Dendritic Cell,GCST90002015,18,IVW,0.0117761719641305,0.0255002199177834,1.01184578406351,0.962516318118344,1.06370341100151,0.644219958284339,0.97772142636262
AVBLOCK,QC-filtered,CCR2 on CD62L+ plasmacytoid Dendritic Cell,GCST90002016,18,IVW,0.00701128970706802,0.0285250036995535,1.00703592634329,0.95227852610384,1.06494195673535,0.805841296248244,0.97772142636262
AVBLOCK,QC-filtered,CD33 on Granulocytic Myeloid-Derived Suppressor Cells,GCST90001950,20,IVW,-0.00569760356381589,0.0199790815851269,0.994318596996643,0.956134578383398,1.0340275257119,0.775507427840702,0.97772142636262
AVBLOCK,QC-filtered,CD40 on CD14- CD16+ monocyte,GCST90001989,24,IVW,-0.00683254849882719,0.0183506917081883,0.993190740289888,0.958103083245908,1.02956337772728,0.709645726574815,0.97772142636262
AVBLOCK,QC-filtered,CD39+ CD4+ T cell %T cell,GCST90001658,27,IVW,-0.0422763006975343,0.0219794631683811,0.958604880780952,0.918185307686659,1.00080376996258,0.0544241180704177,0.927658800467289
AVBLOCK,QC-filtered,CD45 on basophil,GCST90002051,17,IVW,0.00429612905819914,0.0227592385547912,1.00430537065026,0.960489740247689,1.0501197829108,0.850277645403318,0.97772142636262
AVBLOCK,QC-filtered,CD25 on IgD+ CD38+ B cell,GCST90001783,13,IVW,0.0017996766375886,0.0332463103967853,1.0018012970275,0.938602612955009,1.06925532155331,0.956830300131313,0.983628224503394
AVBLOCK,QC-filtered,CD14- CD16+ monocyte %monocyte,GCST90001584,21,IVW,-0.00931219405879225,0.0278159034902451,0.990731030145522,0.938163193436081,1.04624438579628,0.737791431224016,0.97772142636262
AVBLOCK,QC-filtered,CD16+ monocyte %monocyte,GCST90001587,21,IVW,-0.0172883587328345,0.033775158752059,0.982860227438457,0.919902429102329,1.05012683532431,0.608744726249449,0.97772142636262
AVBLOCK,QC-filtered,CD45RA+ CD28- CD8+ T cell %T cell,GCST90001700,6,IVW,-0.00268170907452556,0.0146083591869762,0.997321883495128,0.969171115322865,1.02629032538482,0.854347975892227,0.97772142636262
AVBLOCK,QC-filtered,Secreting CD4 regulatory T cell %CD4+ T cell,GCST90001494,18,IVW,0.000257244916172559,0.0299464752521108,1.00025727800648,0.943236863976706,1.06072468158926,0.993146130855882,0.999713379234862
AVBLOCK,QC-filtered,CD3 on CD45RA- CD4+ T cell,GCST90001845,27,IVW,-0.01933187345703,0.0220412808049475,0.980853788883458,0.93938226575571,1.02415618246005,0.380445481356229,0.97772142636262
AVBLOCK,QC-filtered,CD24 on IgD- CD38- B cell,GCST90001769,25,IVW,0.012817621801498,0.0214826117620279,1.01290011961426,0.971136448135186,1.05645983557171,0.550740413298919,0.97772142636262
AVBLOCK,QC-filtered,CD3 on Effector Memory CD8+ T cell,GCST90001839,18,IVW,-0.0314478474142632,0.0306170052755473,0.969041493155473,0.912600394913589,1.02897327317714,0.304356135664497,0.97772142636262
AVBLOCK,QC-filtered,CD62L- myeloid Dendritic Cell Absolute Count,GCST90001468,16,IVW,0.0340200532600052,0.0289873987174281,1.03460535373026,0.97746260048677,1.09508868925957,0.240549169159986,0.97772142636262
AVBLOCK,QC-filtered,CD62L- myeloid Dendritic Cell %Dendritic Cell,GCST90001469,20,IVW,0.0190131845745914,0.0239562567289167,1.01919508618246,0.972445662959434,1.06819194456298,0.427391888942729,0.97772142636262
AVBLOCK,QC-filtered,CD62L- CD86+ myeloid Dendritic Cell Absolute Count,GCST90001472,17,IVW,0.0317856512490172,0.0264311745656443,1.0322962101855,0.98017960774615,1.08718387644658,0.229138168263778,0.97772142636262
AVBLOCK,QC-filtered,CD62L- CD86+ myeloid Dendritic Cell %Dendritic Cell,GCST90001473,17,IVW,0.0123167877208264,0.023934161969265,1.01239295172813,0.965997367683229,1.06101685470109,0.60682473972889,0.97772142636262
AVBLOCK,QC-filtered,CD45 on Natural Killer,GCST90001911,28,IVW,0.0397454332039102,0.0300219652971132,1.04054585204989,0.981083585386927,1.10361205339218,0.185543412778309,0.97772142636262
AVBLOCK,QC-filtered,SSC-A on monocyte,GCST90002073,22,IVW,-0.0479262496310695,0.0232444910882709,0.953204083638109,0.910751266789817,0.997635752148838,0.0392236756405954,0.78125665804768
AVBLOCK,QC-filtered,CD25++ CD45RA- CD4 not regulatory T cell %CD4+ T cell,GCST90001511,21,IVW,-0.0494514347028421,0.0305740405693125,0.951751379102632,0.896392813443599,1.01052872584275,0.10578504095597,0.97772142636262
AVBLOCK,QC-filtered,CD27 on T cell,GCST90001799,18,IVW,0.0134388616552531,0.0307787128479371,1.01352956903573,0.954194819064389,1.07655393509366,0.662380827249845,0.97772142636262
AVBLOCK,QC-filtered,CD20 on naive-mature B cell,GCST90001759,19,IVW,0.058590471767553,0.0281940348840727,1.06034091227175,1.00333571454926,1.12058489888639,0.037698686879651,0.78125665804768
AVBLOCK,QC-filtered,CD39+ activated CD4 regulatory T cell %CD4 regulatory T cell,GCST90001491,19,IVW,0.0113020360123973,0.0155962339769273,1.01136614531565,0.980917831775924,1.04275959387829,0.468657921434556,0.97772142636262
AVBLOCK,QC-filtered,CD39+ secreting CD4 regulatory T cell Absolute Count,GCST90001495,25,IVW,0.00441965299865448,0.01505860086895,1.00442943406931,0.975217062356307,1.03451685472683,0.769142352156022,0.97772142636262
AVBLOCK,QC-filtered,CD4 on CD39+ CD4+ T cell,GCST90002061,26,IVW,-0.000228981205494327,0.0217730759186671,0.999771045008701,0.958003152788164,1.04335997175868,0.991609031195352,0.999713379234862
AVBLOCK,QC-filtered,HLA DR+ T cell%lymphocyte,GCST90001620,22,IVW,0.00686268824561186,0.0220971327699297,1.00688629045123,0.964208528412909,1.05145305400625,0.75612816556399,0.97772142636262
AVBLOCK,QC-filtered,HLA DR+ CD4+ T cell Absolute Count,GCST90001624,21,IVW,0.00952144569156372,0.0235749405438379,1.00956691886445,0.963979319141571,1.05731040430732,0.686301004544964,0.97772142636262
AVBLOCK,QC-filtered,HLA DR+ T cell%T cell,GCST90001619,27,IVW,-0.0288781259843491,0.024972066571444,0.97153486210665,0.925127811459265,1.02026982282561,0.247510571137259,0.97772142636262
AVBLOCK,QC-filtered,CD25++ CD8+ T cell %T cell,GCST90001679,16,IVW,0.00902397329797943,0.035861861444262,1.00906481209533,0.940573695866522,1.08254334507083,0.801325923275136,0.97772142636262
AVBLOCK,QC-filtered,CD25++ CD8+ T cell %CD8+ T cell,GCST90001680,21,IVW,0.006232156883555,0.0301694581689531,1.0062516171788,0.948474873125608,1.06754785578896,0.836344347577146,0.97772142636262
AVBLOCK,QC-filtered,CD27 on IgD- CD38+ B cell,GCST90001803,15,IVW,0.0189506628158289,0.0494741812635297,1.01913136630511,0.924947099846066,1.12290610128922,0.701689020562033,0.97772142636262
AVBLOCK,QC-filtered,CD8 on Terminally Differentiated CD8+ T cell,GCST90002057,16,IVW,-0.0185904569138009,0.0305016554537151,0.981581279762587,0.924618830433478,1.04205298125786,0.542199635399876,0.97772142636262
AVBLOCK,QC-filtered,Plasma Blast-Plasma Cell Absolute Count,GCST90001405,20,IVW,0.0739279972990685,0.0347907512129085,1.07672927528907,1.00575461949479,1.1527125103804,0.0335922471994158,0.78125665804768
AVBLOCK,QC-filtered,CD66b++ myeloid cell Absolute Count,GCST90001529,14,IVW,3.14516766040556e-05,0.0292043446808672,1.00003145217121,0.944396609490037,1.05894376926203,0.999140716814671,0.999713379234862
AVBLOCK,QC-filtered,CD11c+ CD62L- monocyte %monocyte,GCST90001453,18,IVW,-0.0228224760543494,0.0326631510132356,0.977435986665336,0.916821710980788,1.04205768317419,0.484725517304826,0.97772142636262
AVBLOCK,QC-filtered,BAFF-R on IgD+ CD24- B cell,GCST90001704,17,IVW,0.0280711497064788,0.0391775048705467,1.02846885707559,0.952450863832193,1.11055407700353,0.47367530246984,0.97772142636262
AVBLOCK,QC-filtered,BAFF-R on IgD+ CD38- B cell,GCST90001705,19,IVW,0.0400995747542338,0.0342599510418172,1.04091441782949,0.973312643504088,1.1132114973299,0.241819747549232,0.97772142636262
AVBLOCK,QC-filtered,BAFF-R on IgD+ CD38dim B cell,GCST90001709,19,IVW,0.013655949922246,0.0305666268505663,1.01374961829761,0.954798802502619,1.07634015240162,0.655048267473141,0.97772142636262
AVBLOCK,QC-filtered,BAFF-R on naive-mature B cell,GCST90001716,19,IVW,0.0284893223080956,0.0349335541736245,1.02889902450909,0.960808228657101,1.10181529576966,0.414769640395584,0.97772142636262
AVBLOCK,QC-filtered,BAFF-R on IgD+ B cell,GCST90001719,20,IVW,0.0246838038828277,0.0358923435060092,1.02499097111453,0.955361773908845,1.09969492139902,0.491630502067799,0.97772142636262
AVBLOCK,QC-filtered,BAFF-R on transitional B cell,GCST90001720,21,IVW,0.0239778930134346,0.0339006134443793,1.02426767416862,0.958421796452263,1.09463732172022,0.47938026487195,0.97772142636262
AVBLOCK,QC-filtered,BAFF-R on B cell,GCST90001829,17,IVW,0.0118757943685086,0.0371846465697466,1.01194659159464,0.940817488627496,1.0884533043002,0.74944322901174,0.97772142636262
AVBLOCK,QC-filtered,HLA DR on plasmacytoid Dendritic Cell,GCST90002105,20,IVW,-0.00500514516353103,0.022068035241428,0.995007359703932,0.952887439327821,1.03898908202985,0.820575219454965,0.97772142636262
AVBLOCK,QC-filtered,IgD- CD38+ B cell Absolute Count,GCST90001420,17,IVW,0.0202246994744317,0.0307524933646965,1.02043060448851,0.960741220722763,1.08382839844577,0.510756323758981,0.97772142636262
AVBLOCK,QC-filtered,HLA DR on HLA DR+ CD8+ T cell,GCST90002115,20,IVW,0.0371985411461526,0.035725585544831,1.03789906605342,0.967709242134133,1.11317989372395,0.297768949172594,0.97772142636262
AVBLOCK,QC-filtered,CD27 on switched memory B cell,GCST90001808,30,IVW,0.0166135144861601,0.0205067373808666,1.01675228634894,0.976696137890066,1.05845121291158,0.417854497233773,0.97772142636262
AVBLOCK,QC-filtered,CD4 on CD39+ secreting CD4 regulatory T cell,GCST90002069,20,IVW,0.0120932970632248,0.0320689840091426,1.01216671664325,0.950504947801618,1.07782864744666,0.706097363392046,0.97772142636262
AVBLOCK,QC-filtered,Naive CD4-CD8- T cell Absolute Count,GCST90001566,18,IVW,-0.0153232170571917,0.0314390340149132,0.984793586072357,0.925941960703383,1.04738574157773,0.625978682424334,0.97772142636262
AVBLOCK,QC-filtered,Terminally Differentiated CD8+ T cell Absolute Count,GCST90001557,16,IVW,-0.0254855369324079,0.0322595172874463,0.974836477989656,0.915107082210507,1.03846443470172,0.429518385831429,0.97772142636262
AVBLOCK,QC-filtered,CD27 on IgD+ CD24+ B cell,GCST90001800,29,IVW,-0.00977824864469326,0.0213610637524302,0.990269402985611,0.949665051810093,1.03260985399048,0.647124603791888,0.97772142636262
AVBLOCK,QC-filtered,CD14- CD16+ monocyte Absolute Count,GCST90001579,15,IVW,-0.0300182798254784,0.0340999144880052,0.970427794135656,0.907688417120784,1.03750371368425,0.37869482572455,0.97772142636262
AVBLOCK,QC-filtered,CD14+ CD16- monocyte %monocyte,GCST90001586,19,IVW,0.0575329215227924,0.0330973307543752,1.05922014122075,0.992689009512514,1.1302102640571,0.0821588631254515,0.97772142636262
AVBLOCK,QC-filtered,HVEM on Terminally Differentiated CD8+ T cell,GCST90001874,24,IVW,0.00309849351871274,0.0170009878537788,1.00310329881153,0.97022871882658,1.03709177904311,0.85538360539935,0.97772142636262
AVBLOCK,QC-filtered,Resting CD4 regulatory T cell %CD4+ T cell,GCST90001482,27,IVW,-0.0381585956431783,0.0253295357201366,0.962560270919859,0.915939938615653,1.01155352670138,0.131942410857136,0.97772142636262
AVBLOCK,QC-filtered,CD25 on IgD+ CD38- naive B cell,GCST90001781,22,IVW,-0.00583461310062061,0.0272104660029572,0.994182375198287,0.942549231070662,1.04864399924465,0.830215391990732,0.97772142636262
AVBLOCK,QC-filtered,CD28 on CD4+ T cell,GCST90001898,24,IVW,-0.0288803084584976,0.0215074249553057,0.971532741759243,0.931429420655098,1.01336273836656,0.179334661765448,0.97772142636262
AVBLOCK,QC-filtered,Plasma Blast-Plasma Cell %B cell,GCST90001404,25,IVW,0.00506240938096447,0.0319771167384722,1.00507524502596,0.944015456625763,1.07008443672597,0.874209768115416,0.97772142636262
AVBLOCK,QC-filtered,Plasma Blast-Plasma Cell %lymphocyte,GCST90001435,14,IVW,0.0775758128352492,0.0424524871303157,1.08066415756677,0.994384762771873,1.17442972295164,0.0676462400085472,0.977667143061697
AVBLOCK,QC-filtered,TCRgd T cell Absolute Count,GCST90001615,18,IVW,0.00611905793216285,0.0282935354670008,1.00613781761149,0.951860992072177,1.06350960535133,0.828776878545863,0.97772142636262
AVBLOCK,QC-filtered,TCRgd T cell %T cell,GCST90001616,17,IVW,0.0366507798755293,0.0365983453518589,1.03733070082066,0.965526262053186,1.11447510560392,0.316617660644039,0.97772142636262
AVBLOCK,QC-filtered,TCRgd T cell %lymphocyte,GCST90001617,16,IVW,0.00866442670297511,0.0389791196828296,1.00870207149298,0.934508414473201,1.08878620382226,0.824092965203368,0.97772142636262
AVBLOCK,QC-filtered,CD25 on CD24+ CD27+ B cell,GCST90001777,21,IVW,-0.0440596750306942,0.0262262590000519,0.956896852920137,0.90895186257432,1.00737082438576,0.0929605806611347,0.97772142636262
AVBLOCK,QC-filtered,Plasmacytoid Dendritic Cell Absolute Count,GCST90001460,23,IVW,0.0703418284955913,0.0251417849571929,1.072874857779,1.02128734042928,1.12706817649426,0.00514510580280168,0.681866831528645
AVBLOCK,QC-filtered,CD4+ CD8dim T cell %lymphocyte,GCST90001610,19,IVW,0.0244711533164134,0.0299892616447282,1.0247730293775,0.966274040186708,1.08681359331211,0.414501741264393,0.97772142636262
AVBLOCK,QC-filtered,CD4+ CD8dim T cell %leukocyte,GCST90001611,14,IVW,0.0136760186404546,0.0369997007129082,1.01376996315718,0.942854413540548,1.09001933218984,0.711661835127984,0.97772142636262
AVBLOCK,QC-filtered,CD19 on Plasma Blast-Plasma Cell,GCST90001739,23,IVW,0.00557824802176934,0.0405173879578174,1.00559383541724,0.928824164182161,1.08870871454937,0.890496953843478,0.97772142636262
AVBLOCK,QC-filtered,SSC-A on myeloid Dendritic Cell,GCST90002071,15,IVW,-0.0193542099022806,0.0350369691797949,0.980831880341185,0.915736454169167,1.05055463623151,0.580678472786246,0.97772142636262
AVBLOCK,QC-filtered,CD3 on Terminally Differentiated CD8+ T cell,GCST90001840,22,IVW,-0.0295758700857145,0.0295389314990736,0.970857215826684,0.916244365040774,1.02872527186652,0.316705714962334,0.97772142636262
AVBLOCK,QC-filtered,CD66b on Granulocytic Myeloid-Derived Suppressor Cells,GCST90001837,21,IVW,0.0143623516561427,0.0202056894638303,1.01446598577754,0.975075085975126,1.05544819173633,0.477203653777526,0.97772142636262
AVBLOCK,QC-filtered,Central Memory CD8+ T cell %T cell,GCST90001550,21,IVW,-0.015253453045064,0.0318945568655526,0.984862291620598,0.925180167739444,1.04839442875881,0.632474929268113,0.97772142636262
AVBLOCK,QC-filtered,CD33 on CD33dim HLA DR+ CD11b+,GCST90001948,21,IVW,0.0277561034888588,0.0226505926565131,1.02814489288676,0.983498606416024,1.07481791420248,0.22042342887584,0.97772142636262
AVBLOCK,QC-filtered,IgD on unswitched memory B cell,GCST90001826,21,IVW,-0.0070276629679241,0.028216814089679,0.99299697330987,0.93957031626271,1.04946162297326,0.803314829161618,0.97772142636262
AVBLOCK,QC-filtered,CD19 on naive-mature B cell,GCST90001737,24,IVW,0.0646041632434879,0.034152642146769,1.0667366872111,0.997667708663568,1.14058734181788,0.0585402928302764,0.945750953058021
AVBLOCK,QC-filtered,Terminally Differentiated CD4-CD8- T cell %T cell,GCST90001574,20,IVW,0.0189210106197329,0.0264290104777186,1.01910114727002,0.967654816411657,1.07328267348307,0.474041836098266,0.97772142636262
AVBLOCK,QC-filtered,CCR2 on monocyte,GCST90002008,19,IVW,-0.0212777796075293,0.0341115879552825,0.978946995285306,0.915635891219802,1.04663570832882,0.532778752300146,0.97772142636262
AVBLOCK,QC-filtered,CD4+ CD8dim T cell Absolute Count,GCST90001609,15,IVW,0.0194618413611605,0.0262620237010028,1.01965245756843,0.968495226316214,1.07351188315086,0.458654612392752,0.97772142636262
AVBLOCK,QC-filtered,CD39 on CD39+ CD4+ T cell,GCST90002032,20,IVW,0.00800221632330888,0.0145830161050424,1.00803431963176,0.979629837759261,1.03726239278266,0.583187088769894,0.97772142636262
AVBLOCK,QC-filtered,CD39+ resting CD4 regulatory T cell %resting CD4 regulatory T cell,GCST90001484,25,IVW,0.0042527515250688,0.0169613742417324,1.00426180730561,0.971424680752759,1.03820892921026,0.802021672159058,0.97772142636262
AVBLOCK,QC-filtered,CD39+ secreting CD4 regulatory T cell %CD4 regulatory T cell,GCST90001497,18,IVW,-0.0299224279239123,0.0252449216224365,0.970520815943144,0.923668096950257,1.01975012159554,0.235904766537529,0.97772142636262
AVBLOCK,QC-filtered,CD28 on CD39+ CD4+ T cell,GCST90001892,15,IVW,-0.0125574446210123,0.027696771075211,0.987521071090827,0.935341930077079,1.04261108637353,0.650267790814031,0.97772142636262
AVBLOCK,QC-filtered,CD39 on CD39+ activated CD4 regulatory T cell,GCST90002030,22,IVW,-0.0382489727743425,0.0208162256679451,0.962473281414991,0.923994855419733,1.00255408566851,0.0661420817750266,0.977667143061697
AVBLOCK,QC-filtered,CD14 on Monocytic Myeloid-Derived Suppressor Cells,GCST90002019,23,IVW,-0.0391567037973338,0.0242053553747854,0.961600010965952,0.917044573146338,1.00832021492391,0.1057299347093,0.97772142636262
AVBLOCK,QC-filtered,CD40 on CD14+ CD16- monocyte,GCST90001980,20,IVW,0.0137065525712632,0.0267176752205522,1.01380091801168,0.962077672567606,1.06830490995424,0.607941236047574,0.97772142636262
AVBLOCK,QC-filtered,CD40 on monocytes,GCST90001985,21,IVW,0.013160143127932,0.0210273389499067,1.01324711893072,0.972336402575085,1.05587913946493,0.531407622348312,0.97772142636262
AVBLOCK,QC-filtered,HVEM on Terminally Differentiated CD4+ T cell,GCST90001879,24,IVW,0.00612159306130471,0.0196688248100384,1.00614036830402,0.968090887985321,1.0456853310929,0.755623276927094,0.97772142636262
AVBLOCK,QC-filtered,CD11c+ CD62L- monocyte Absolute Count,GCST90001452,20,IVW,-0.00937285461303009,0.0247970476947499,0.990670933674894,0.943673474721176,1.04000899158288,0.705443458461747,0.97772142636262
AVBLOCK,QC-filtered,CD8dim Natural Killer T Absolute Count,GCST90001633,26,IVW,0.0291826078180868,0.0263412019313482,1.02961259261866,0.977803892502665,1.08416636404014,0.267918284284544,0.97772142636262
AVBLOCK,QC-filtered,CD8dim Natural Killer T %lymphocyte,GCST90001635,26,IVW,0.00524615322188484,0.0268986954704432,1.00525993837951,0.953634037233738,1.0596806576264,0.845366532820418,0.97772142636262
AVBLOCK,QC-filtered,Activated CD4 regulatory T cell %CD4 regulatory T cell,GCST90001487,26,IVW,-0.00413201056514414,0.0248515800212472,0.995876514444659,0.948530715014272,1.0455855739026,0.867946425933396,0.97772142636262
AVBLOCK,QC-filtered,CD25 on IgD+ CD24+ B cell,GCST90001778,24,IVW,-0.00451573793553775,0.0208542846547585,0.99549444267892,0.955624585679263,1.03702772014828,0.82856867538862,0.97772142636262
AVBLOCK,QC-filtered,CD25 on IgD+ CD38- unswitched memory B cell,GCST90001782,18,IVW,-0.0214779074502064,0.0232067611513532,0.978751100337714,0.935229655210865,1.02429784072266,0.354704763390167,0.97772142636262
AVBLOCK,QC-filtered,CD25++ CD45RA+ CD4 not regulatory T cell %CD4+ T cell,GCST90001508,25,IVW,-0.0246416192095348,0.0303579791251447,0.975659507005874,0.919299549375439,1.03547475276983,0.416962895310822,0.97772142636262
AVBLOCK,QC-filtered,CD25++ CD45RA+ CD4 not regulatory T cell %T cell,GCST90001509,20,IVW,-0.0449253933977633,0.0234130681721664,0.956068808217643,0.913186628394566,1.00096468522944,0.0550074967263397,0.927658800467289
AVBLOCK,QC-filtered,CD25 on CD45RA+ CD4 not regulatory T cell,GCST90001934,19,IVW,0.0139448944264269,0.0326072224287504,1.01404257800094,0.951262469325768,1.08096596171572,0.668896673224691,0.97772142636262
AVBLOCK,QC-filtered,Activated & secreting CD4 regulatory T cell Absolute Count,GCST90001501,12,IVW,0.0119303029977538,0.0261361865511088,1.01200175291959,0.961465474415302,1.06519430511547,0.648054296710459,0.97772142636262
AVBLOCK,QC-filtered,CD4 on CD4 regulatory T cell,GCST90002063,25,IVW,-0.0024819525453325,0.0304622082182905,0.997521124952292,0.939706317567894,1.05889294998189,0.935063053808494,0.978116316717662
AVBLOCK,QC-filtered,CD4 on secreting CD4 regulatory T cell,GCST90002068,26,IVW,0.0146799157404656,0.022312051717266,1.0147881948977,0.971366238069314,1.06015119750359,0.510578862709318,0.97772142636262
AVBLOCK,QC-filtered,CD4 on activated & secreting CD4 regulatory T cell,GCST90002070,27,IVW,0.0123447080558467,0.0226866302851179,1.01242121847312,0.968389315329151,1.05845521774081,0.586344983324332,0.97772142636262
AVBLOCK,QC-filtered,CD27 on CD20- B cell,GCST90001796,15,IVW,-0.0370977616070682,0.0340730048438375,0.963581929426305,0.901332683820511,1.03013032965952,0.276254079820881,0.97772142636262
AVBLOCK,QC-filtered,CCR2 on myeloid Dendritic Cell,GCST90002013,12,IVW,0.0139769547339377,0.0305988937058884,1.01407508903898,0.955044944858652,1.07675381325808,0.647829368902234,0.97772142636262
AVBLOCK,QC-filtered,CD19 on CD24+ CD27+ B cell,GCST90001723,26,IVW,-0.0179881016361566,0.028347059236353,0.98217271853714,0.929091234536092,1.03828689065214,0.525711010709254,0.97772142636262
AVBLOCK,QC-filtered,HLA DR+ CD8+ T cell %T cell,GCST90001628,25,IVW,0.0303189640011624,0.0247297134628856,1.03078326427847,0.982012467788376,1.08197622002651,0.220193572842669,0.97772142636262
AVBLOCK,QC-filtered,CD16-CD56 on Natural Killer,GCST90001884,27,IVW,-0.0169085021238249,0.0199053330436974,0.983233644309525,0.945611987864038,1.02235209759332,0.395633261270465,0.97772142636262
AVBLOCK,QC-filtered,CD45 on CD33- HLA DR-,GCST90002045,14,IVW,-0.0165068012670451,0.0301752731085136,0.983628689446532,0.927140336967638,1.04355873660588,0.584357629581566,0.97772142636262
AVBLOCK,QC-filtered,CD33dim HLA DR+ CD11b- Absolute Count,GCST90001527,24,IVW,-0.00307911800678954,0.0234279238739979,0.9969256176153,0.95218317803292,1.04377047398677,0.895435631569467,0.97772142636262
AVBLOCK,QC-filtered,IgD- CD38dim B cell %lymphocyte,GCST90001426,20,IVW,0.0287952398513964,0.0327747920775915,1.02921383092091,0.965177407452147,1.09749886557661,0.379629655673292,0.97772142636262
AVBLOCK,QC-filtered,Central Memory CD4-CD8- T cell %T cell,GCST90001565,13,IVW,0.0689428556933965,0.0503063002817552,1.07137498441844,0.970777975002388,1.18239637362477,0.170542836323484,0.97772142636262
AVBLOCK,QC-filtered,Activated & secreting CD4 regulatory T cell %CD4+ T cell,GCST90001503,17,IVW,0.0143352765119986,0.0350193781440662,1.01443851933658,0.947145357799522,1.0865127522819,0.682280856199,0.97772142636262
AVBLOCK,QC-filtered,IgD+ CD38dim B cell %lymphocyte,GCST90001430,30,IVW,0.00995338049403199,0.0285794748544235,1.01000308014197,0.954982378770706,1.06819376417122,0.727637243433605,0.97772142636262
AVBLOCK,QC-filtered,Effector Memory CD4-CD8- T cell %CD4-CD8- T cell,GCST90001570,26,IVW,0.0195351176386346,0.0247178880205944,1.01972717664237,0.971502008367425,1.07034623276842,0.429339105408376,0.97772142636262
AVBLOCK,QC-filtered,Effector Memory CD4-CD8- T cell Absolute Count,GCST90001569,17,IVW,-0.041461067663294,0.0362217505792533,0.95938668577988,0.893636935421432,1.02997400439546,0.25235599195863,0.97772142636262
AVBLOCK,QC-filtered,CX3CR1 on monocyte,GCST90001995,25,IVW,0.0530582459738826,0.0273754268554914,1.05449106318959,0.999402587858857,1.11261609270892,0.052602419119537,0.927658800467289
AVBLOCK,QC-filtered,CX3CR1 on CD14+ CD16- monocyte,GCST90001997,25,IVW,0.0590130806572219,0.0251706802315559,1.06078911646822,1.00972553601478,1.11443507119638,0.0190517562862238,0.78125665804768
AVBLOCK,QC-filtered,CD20 on transitional B cell,GCST90001763,19,IVW,0.0165962362778504,0.0329489907425207,1.01673471884291,0.953149241716731,1.0845620426017,0.614475842253345,0.97772142636262
AVBLOCK,QC-filtered,CD25 on CD39+ CD4+ T cell,GCST90001961,21,IVW,-0.0215436760081365,0.0180357041396601,0.978686731406022,0.944694526504524,1.01390205125277,0.232281846508359,0.97772142636262
AVBLOCK,QC-filtered,CD20 on IgD+ CD38+ B cell,GCST90001751,25,IVW,-0.00926825822095884,0.0289119730474886,0.990774559699646,0.936191035667776,1.04854051229815,0.74853766401458,0.97772142636262
AVBLOCK,QC-filtered,CD14+ CD16+ monocyte Absolute Count,GCST90001580,18,IVW,-0.0595490753508958,0.0459943691545435,0.942189294186409,0.860967916001579,1.03107287691061,0.195422497397462,0.97772142636262
AVBLOCK,QC-filtered,CD14+ CD16+ monocyte %monocyte,GCST90001585,25,IVW,-0.0444530200365038,0.0264888770562647,0.956520536337942,0.908126839491515,1.00749311290978,0.0933125812934994,0.97772142636262
AVBLOCK,QC-filtered,CD8 on CD39+ CD8+ T cell,GCST90002121,24,IVW,0.00570764315047385,0.0251006662329817,1.00572396277974,0.957442451442054,1.0564401941714,0.82012041322448,0.97772142636262
AVBLOCK,QC-filtered,CCR2 on CD62L+ myeloid Dendritic Cell,GCST90002014,14,IVW,0.0300382620013043,0.0306717668514802,1.03049396196053,0.970369452603902,1.0943438118209,0.327409212820791,0.97772142636262
AVBLOCK,QC-filtered,CD45RA- CD28- CD8+ T cell %T cell,GCST90001697,6,IVW,0.00243603252972231,0.0169998010173025,1.00243900206777,0.96958844845114,1.03640256283155,0.886055065555866,0.97772142636262
AVBLOCK,QC-filtered,IgD on IgD+ CD24- B cell,GCST90001821,29,IVW,-0.0144333346032094,0.0187741844258547,0.985670326645567,0.950059432253154,1.02261601732164,0.442020220362899,0.97772142636262
AVBLOCK,QC-filtered,CD28+ CD4-CD8- T cell %T cell,GCST90001655,21,IVW,0.0574924059101557,0.0346575609941446,1.05917722713717,0.989617856766236,1.13362586458561,0.0971418880632886,0.97772142636262
AVBLOCK,QC-filtered,CD4+/CD8+ T cell,GCST90001589,15,IVW,-0.0123446002756595,0.0345716255567353,0.987731281737006,0.923019436842418,1.05698000061551,0.72103702199791,0.97772142636262
AVBLOCK,QC-filtered,CD8+ T cell %T cell,GCST90001593,23,IVW,0.0323852583587584,0.0219793193042396,1.03291536793963,0.989362772260635,1.07838518614161,0.140631816721993,0.97772142636262
AVBLOCK,QC-filtered,CD8+ T cell %leukocyte,GCST90001607,17,IVW,0.0139411344654781,0.0350172157495585,1.01403876524762,0.946776134255109,1.08607999316958,0.690540037329,0.97772142636262
AVBLOCK,QC-filtered,CD38 on Plasma Blast-Plasma Cell,GCST90001817,15,IVW,0.0358943193594298,0.0353063796273576,1.0365462978257,0.967242359423861,1.11081593673809,0.309318766360082,0.97772142636262
AVBLOCK,QC-filtered,CD3 on T cell,GCST90001851,29,IVW,-0.00507319647877117,0.021457944022459,0.994939650448308,0.953962642827035,1.03767680577161,0.813102824186135,0.97772142636262
AVBLOCK,QC-filtered,CD28- CD127- CD25++ CD8+ T cell %CD8+ T cell,GCST90001674,16,IVW,-0.0171163095695365,0.0327594352290788,0.983029342265842,0.921894209157782,1.04821863306685,0.601332771503348,0.97772142636262
AVBLOCK,QC-filtered,CD19 on IgD+ CD24+ B cell,GCST90001724,26,IVW,-0.0250059283804535,0.0336028437112019,0.975304130037253,0.913138691884937,1.04170172014525,0.456779032276395,0.97772142636262
AVBLOCK,QC-filtered,CD62L- plasmacytoid Dendritic Cell %Dendritic Cell,GCST90001471,15,IVW,-0.0184202354674688,0.0312183621242246,0.981748380169354,0.923478070932697,1.04369547291112,0.55516054540419,0.97772142636262
AVBLOCK,QC-filtered,CD14 on CD33+ HLA DR+ CD14dim,GCST90002020,18,IVW,-0.00650304330112006,0.0304193706073477,0.993518055724235,0.936013846175402,1.05455504860672,0.830718871989332,0.97772142636262
AVBLOCK,QC-filtered,CD11c on myeloid Dendritic Cell,GCST90002087,28,IVW,-0.00137275999006679,0.0260178175960566,0.998628181813922,0.948979879414584,1.05087396176216,0.957921297040444,0.983628224503394
AVBLOCK,QC-filtered,CD27 on unswitched memory B cell,GCST90001806,29,IVW,0.0119663153830495,0.0248927229497935,1.01203819817287,0.963846314765115,1.06263965413468,0.630718781234052,0.97772142636262
AVBLOCK,QC-filtered,CD8 on CD28- CD8+ T cell,GCST90002120,20,IVW,-0.019175183193609,0.0344052636100136,0.981007491163527,0.917035128060171,1.04944256579865,0.577300043899053,0.97772142636262
AVBLOCK,QC-filtered,CD11b on CD33+ HLA DR+ CD14dim,GCST90002097,19,IVW,-0.0216569393912471,0.0240657699926051,0.978575888313168,0.933489234402015,1.02584018529292,0.368170087083237,0.97772142636262
AVBLOCK,QC-filtered,CD20 on IgD- CD38dim B cell,GCST90001757,30,IVW,0.0133627510440137,0.0283882511963733,1.01345243161625,0.95860303968298,1.07144019852947,0.637844890569751,0.97772142636262
AVBLOCK,QC-filtered,CD24 on memory B cell,GCST90001771,27,IVW,0.0135845684234576,0.0305317847215586,1.01367725791309,0.954795851294801,1.07618982824103,0.656368887283908,0.97772142636262
AVBLOCK,QC-filtered,CD4+CD8+ T cell %leukocyte,GCST90001608,22,IVW,-0.000887450650453676,0.0306579440534994,0.999112943017413,0.940844859206042,1.0609896659767,0.976906987059183,0.99053191017019
AVBLOCK,QC-filtered,CD25 on IgD- CD38dim B cell,GCST90001789,19,IVW,-0.025452860597256,0.0309055845454824,0.974868332593572,0.91756871666854,1.0357461502658,0.410184878080228,0.97772142636262
AVBLOCK,QC-filtered,CD8 on naive CD8+ T cell,GCST90002055,16,IVW,-0.0315180318953341,0.0409116001303903,0.968973483867766,0.894308246806785,1.04987247494508,0.44106649231954,0.97772142636262
AVBLOCK,QC-filtered,CD38 on IgD+ CD24- B cell,GCST90001811,17,IVW,-0.00645863089982859,0.0284460407336679,0.993562181226669,0.939682834520908,1.05053085115383,0.820386028704669,0.97772142636262
AVBLOCK,QC-filtered,CD8 on Natural Killer T,GCST90002059,17,IVW,0.00487039452750239,0.0337428366166377,1.00488227417729,0.940573422998294,1.07358804774304,0.885233081946284,0.97772142636262
AVBLOCK,QC-filtered,CD19 on IgD+ CD38- B cell,GCST90001726,28,IVW,-0.00529417528406367,0.0259602996890458,0.994719814163489,0.94537239278352,1.04664311782587,0.83840545066019,0.97772142636262
AVBLOCK,QC-filtered,CD20 on B cell,GCST90001743,22,IVW,0.00359690002207592,0.0243279093533716,1.00360337662987,0.956871852134887,1.05261716637986,0.882460544447755,0.97772142636262
AVBLOCK,QC-filtered,CD20 on IgD+ B cell,GCST90001762,19,IVW,0.0370821338805675,0.0260265612698241,1.03777825409302,0.986166646277878,1.09209098556846,0.15422069521276,0.97772142636262
AVBLOCK,QC-filtered,HLA DR+ T cell Absolute Count,GCST90001618,28,IVW,0.0123846377285361,0.0244417601443541,1.0124616449281,0.965102262114679,1.06214504171238,0.612365391915494,0.97772142636262
AVBLOCK,QC-filtered,HLA DR+ CD8+ T cell %lymphocyte,GCST90001629,27,IVW,-0.0055776343602407,0.0237229870846108,0.99443789176253,0.949257965023238,1.04176815682436,0.814119337569415,0.97772142636262
AVBLOCK,QC-filtered,Effector Memory CD8+ T cell Absolute Count,GCST90001554,22,IVW,0.0637038240319375,0.0285227420236238,1.06577669456756,1.0078297430369,1.12705540844688,0.025519963454889,0.78125665804768
AVBLOCK,QC-filtered,CD8+ T cell Absolute Count,GCST90001592,19,IVW,0.0176607059737658,0.0277967602719347,1.01781757837323,0.963848702638832,1.0748083387043,0.525199364901928,0.97772142636262
AVBLOCK,QC-filtered,CD127- CD8+ T cell Absolute Count,GCST90001684,13,IVW,0.0144560607127226,0.0334717546150642,1.01456105488235,0.95013749020029,1.08335282493378,0.665822565856811,0.97772142636262
AVBLOCK,QC-filtered,CD28 on CD28+ CD4+ T cell,GCST90001894,24,IVW,-0.00671114258809215,0.0249011010938591,0.993311326836058,0.945995657111468,1.04299357465713,0.78753580084924,0.97772142636262
AVBLOCK,QC-filtered,CD45RA- CD4+ T cell Absolute Count,GCST90001534,13,IVW,0.0505407546027233,0.0405763304745082,1.05183972979181,0.971427292782611,1.13890851676544,0.212921444920725,0.97772142636262
AVBLOCK,QC-filtered,CD27 on IgD- CD38- B cell,GCST90001802,31,IVW,0.0101330121047918,0.0221048349227778,1.01018452491825,0.967352360833894,1.05491319988574,0.646660029654234,0.97772142636262
AVBLOCK,QC-filtered,CD64 on CD14+ CD16+ monocyte,GCST90002011,12,IVW,0.0296955575587559,0.0619769101280096,1.03014086760871,0.912306577103281,1.16319473491802,0.631839714166704,0.97772142636262
AVBLOCK,QC-filtered,Switched memory B cell %B cell,GCST90001402,11,IVW,-0.0266885462972643,0.0426778421208306,0.97366444570169,0.895532185410106,1.0586134906915,0.531742020501087,0.97772142636262
AVBLOCK,QC-filtered,IgD- CD38- B cell %B cell,GCST90001445,12,IVW,0.00548770987960532,0.0499716823601518,1.00550279494099,0.911688606414969,1.10897061071086,0.912554990408717,0.97772142636262
AVBLOCK,QC-filtered,IgD+ CD38+ B cell %B cell,GCST90001447,23,IVW,0.0744547661858024,0.0249146459833329,1.07729661218532,1.0259531265267,1.13120956564068,0.00280448218634585,0.681866831528645
AVBLOCK,QC-filtered,CD33 on CD33+ HLA DR+ CD14dim,GCST90001947,24,IVW,-0.00675873848327843,0.0175967267299831,0.993264050419349,0.95959081201078,1.02811892476141,0.700911249598892,0.97772142636262
AVBLOCK,QC-filtered,FSC-A on HLA DR+ Natural Killer,GCST90001970,17,IVW,-0.0466772192916829,0.0259187796025224,0.954395408303646,0.907122273250944,1.00413210241956,0.0717181010464534,0.977667143061697
AVBLOCK,QC-filtered,HLA DR on CD33dim HLA DR+ CD11b-,GCST90002111,17,IVW,0.00728216928664671,0.0224478430311229,1.00730874876098,0.963950240874078,1.05261752350447,0.745632218234741,0.97772142636262
AVBLOCK,QC-filtered,CD33 on CD33+ HLA DR+,GCST90001956,21,IVW,-0.0256787463105368,0.0207252823374107,0.974648148634051,0.935849786687401,1.01505500898627,0.215343327129028,0.97772142636262
AVBLOCK,QC-filtered,CD33 on CD33+ HLA DR+ CD14-,GCST90001957,20,IVW,-0.0189010332520803,0.0201207375934242,0.981276471178612,0.943331350522115,1.02074791891078,0.347535300957926,0.97772142636262
AVBLOCK,QC-filtered,CD127 on T cell,GCST90001922,18,IVW,0.0137013030686629,0.0386879145713411,1.01379559607509,0.93976352032438,1.09365972225277,0.723226896259913,0.97772142636262
AVBLOCK,QC-filtered,CD8+ and CD8dim T cell %leukocyte,GCST90001614,15,IVW,-0.0191523255072086,0.0419326927351584,0.981029914981394,0.903625383492709,1.06506491702174,0.647858151965207,0.97772142636262
AVBLOCK,QC-filtered,CD45 on granulocyte,GCST90001913,13,IVW,-0.0347963347927972,0.0399102578912187,0.965802096512527,0.893132404071253,1.04438455639504,0.383282333014513,0.97772142636262
AVBLOCK,QC-filtered,IgD- CD27- B cell %B cell,GCST90001399,15,IVW,0.0383819427975472,0.030603556053851,1.03912804456634,0.97863060429419,1.1033653436406,0.209781635768445,0.97772142636262
AVBLOCK,QC-filtered,CD27 on CD24+ CD27+ B cell,GCST90001798,28,IVW,0.0148270282218274,0.0229390904706049,1.01493749388871,0.970315901261464,1.06161108476314,0.518042916598594,0.97772142636262
AVBLOCK,QC-filtered,CD27 on IgD- CD38dim B cell,GCST90001804,30,IVW,0.0138546710955239,0.0242616163131372,1.01395109182903,0.966863359645928,1.06333206896762,0.567963652031802,0.97772142636262
AVBLOCK,QC-filtered,CD27 on memory B cell,GCST90001805,23,IVW,-0.0363720783996049,0.0220645068086954,0.964281438431776,0.923468571611727,1.00689803755986,0.0992618299006701,0.97772142636262
AVBLOCK,QC-filtered,HLA DR+ CD4+ T cell %lymphocyte,GCST90001626,20,IVW,-0.00942904335562094,0.043308081798156,0.990615270684641,0.909997994172234,1.07837448082097,0.827647139625442,0.97772142636262
AVBLOCK,QC-filtered,BAFF-R on IgD+ CD38- unswitched memory B cell,GCST90001707,17,IVW,-0.0205912258810598,0.0259358556543028,0.979619325762023,0.931065636642031,1.0307050176049,0.427236812201126,0.97772142636262
AVBLOCK,QC-filtered,CD25 on CD39+ activated CD4 regulatory T cell,GCST90001940,11,IVW,0.0374623082703334,0.0518747922227762,1.03817286581336,0.937805896755213,1.14928142704189,0.470191273970471,0.97772142636262
AVBLOCK,QC-filtered,CD45RA+ CD8+ T cell %T cell,GCST90001562,23,IVW,0.0166101123181969,0.0290186523970808,1.01674882719277,0.960533474386198,1.0762541912019,0.56705485108478,0.97772142636262
AVBLOCK,QC-filtered,CD25 on transitional B cell,GCST90001795,20,IVW,0.0216467199550752,0.0345817048408446,1.02188270992431,0.954914547528178,1.09354734991241,0.531342012821768,0.97772142636262
AVBLOCK,QC-filtered,CD4-CD8- T cell Absolute Count,GCST90001598,20,IVW,0.0344297321035985,0.0362376108769622,1.03502929648941,0.964065553415479,1.11121659807886,0.342056143360394,0.97772142636262
AVBLOCK,QC-filtered,CD4-CD8- T cell %leukocyte,GCST90001613,18,IVW,0.00339333754502879,0.0316296165002557,1.00339910143264,0.943083256951813,1.06757250681131,0.914564034372206,0.97772142636262
AVBLOCK,QC-filtered,PDL-1 on CD14- CD16+ monocyte,GCST90001999,19,IVW,0.00583673356038387,0.0231885423355708,1.00585380047857,0.961161519803501,1.05262419176334,0.801267041431484,0.97772142636262
AVBLOCK,QC-filtered,Activated & resting CD4 regulatory T cell %CD4+ T cell,GCST90001500,25,IVW,0.0404415667911693,0.0266076208161932,1.04127046315038,0.988358917868545,1.09701461465805,0.128530027416717,0.97772142636262
AVBLOCK,QC-filtered,CD45RA+ CD8+ T cell Absolute Count,GCST90001560,21,IVW,-0.0103496631869386,0.0307823986900481,0.989703710285914,0.931757058967848,1.05125410612801,0.736704847195638,0.97772142636262
AVBLOCK,QC-filtered,CD11b on CD33dim HLA DR-,GCST90002095,21,IVW,0.00310006160750539,0.0208091708498891,1.0031048717678,0.963015363753038,1.04486327179962,0.881572776705027,0.97772142636262
AVBLOCK,QC-filtered,CD62L- HLA DR++ monocyte %monocyte,GCST90001455,12,IVW,0.0264427222575746,0.0426826238782748,1.02679543305299,0.944390795192376,1.11639044631275,0.535574111118666,0.97772142636262
AVBLOCK,QC-filtered,CD4-CD8- T cell %T cell,GCST90001599,15,IVW,0.0100616555116086,0.0371323523422135,1.01011244416381,0.939208523118234,1.08636913394593,0.786416135800968,0.97772142636262
AVBLOCK,QC-filtered,CD4-CD8- Natural Killer T Absolute Count,GCST90001636,10,IVW,0.0209096413481926,0.0440438441094548,1.0211297795586,0.936677449837831,1.11319646574381,0.634967985459376,0.97772142636262
AVBLOCK,QC-filtered,CD4-CD8- Natural Killer T %T cell,GCST90001637,30,IVW,0.00205346673527991,0.0249717629054532,1.00205557654199,0.954191218862922,1.0523209170542,0.934462586227882,0.978116316717662
AVBLOCK,QC-filtered,CD4-CD8- Natural Killer T %lymphocyte,GCST90001638,29,IVW,-0.000962293799168951,0.0256080906613465,0.999038169057029,0.950132194944315,1.05046147109173,0.970024367922844,0.987685876022279
AVBLOCK,QC-filtered,Naive CD4+ T cell %CD4+ T cell,GCST90001541,34,IVW,0.0100308716227054,0.0208885913106941,1.01008134945316,0.969562085813976,1.05229396594709,0.631079397909897,0.97772142636262
AVBLOCK,QC-filtered,CD3 on Terminally Differentiated CD4+ T cell,GCST90001844,20,IVW,0.00577355056723896,0.0245268191995752,1.00579024963248,0.958583106925753,1.05532219266839,0.813900269162005,0.97772142636262
AVBLOCK,QC-filtered,CD25 on IgD- CD38+ B cell,GCST90001788,19,IVW,0.00888733055666729,0.0341201797791343,1.00892694013306,0.943661061990216,1.07870676403601,0.794500183527682,0.97772142636262
AVBLOCK,QC-filtered,CD20 on CD24+ CD27+ B cell,GCST90001745,28,IVW,0.00418346417905959,0.0226600483828775,1.00419222708083,0.96056826143583,1.04979736413758,0.853528273206869,0.97772142636262
AVBLOCK,QC-filtered,CD8 on CD8+ T cell,GCST90002058,23,IVW,-0.00452326257086113,0.0268424092788542,0.995486951974454,0.94446713885061,1.0492628391046,0.86618066525393,0.97772142636262
AVBLOCK,QC-filtered,CD8dim T cell Absolute Count,GCST90001596,25,IVW,-0.00365395265420792,0.0247116315903907,0.996352714907335,0.949244617102197,1.04579864306604,0.882450356428207,0.97772142636262
AVBLOCK,QC-filtered,CD3 on Central Memory CD8+ T cell,GCST90001846,19,IVW,-0.00975561368720964,0.0255303469610589,0.990291817945125,0.941957526813296,1.04110626729292,0.702373592118572,0.97772142636262
AVBLOCK,QC-filtered,CD3 on HLA DR+ T cell,GCST90001847,24,IVW,-0.000917901663626366,0.0237168832517467,0.99908251947924,0.953702984666253,1.04662132422527,0.969127614159896,0.987685876022279
AVBLOCK,QC-filtered,HLA DR+ Natural Killer Absolute Count,GCST90001648,18,IVW,-0.0110990260651856,0.027890435836644,0.988962340877013,0.936351554782948,1.04452916928157,0.690666325641973,0.97772142636262
AVBLOCK,QC-filtered,CD45 on HLA DR+ Natural Killer,GCST90001912,11,IVW,-0.00502958358408663,0.0506041933023006,0.994983043592744,0.901032633835378,1.09872963515543,0.920828107495192,0.97772142636262
AVBLOCK,QC-filtered,IgD+ CD24+ B cell %B cell,GCST90001411,20,IVW,-0.035250721668741,0.0355695750156129,0.965363348403353,0.900354153924918,1.03506646843132,0.321668107274302,0.97772142636262
AVBLOCK,QC-filtered,CD20 on IgD+ CD38- B cell,GCST90001748,24,IVW,-0.00290018730727639,0.0319700125071636,0.997104014173257,0.936541530272437,1.06158283743296,0.927718364943325,0.978116316717662
AVBLOCK,QC-filtered,CD20 on memory B cell,GCST90001758,27,IVW,0.0658015354988338,0.028193798589388,1.06801473311979,1.01059744964089,1.12869419031906,0.0196009049379459,0.78125665804768
AVBLOCK,QC-filtered,Lymphocyte %leukocyte,GCST90001602,20,IVW,0.0190166153597733,0.040478074988151,1.01919858282786,0.941462829624515,1.10335290842295,0.638497636738819,0.97772142636262
AVBLOCK,QC-filtered,CD45 on B cell,GCST90001910,11,IVW,0.10782749270662,0.0705940782702392,1.11385558060061,0.969924640505709,1.27914500016026,0.126654192626917,0.97772142636262
AVBLOCK,QC-filtered,HLA DR on CD33+ HLA DR+ CD14dim,GCST90002109,18,IVW,0.0047440246471398,0.0211208964768367,1.00475529534785,0.964010654113737,1.04722203973736,0.822280471324917,0.97772142636262
AVBLOCK,QC-filtered,IgD- CD27- B cell %lymphocyte,GCST90001433,18,IVW,0.0323628023693657,0.0307258101541326,1.03289217306352,0.972524719277145,1.09700681127042,0.292213859744678,0.97772142636262
AVBLOCK,QC-filtered,CD45 on CD33dim HLA DR-,GCST90002050,17,IVW,0.0287963763737411,0.0235515809689175,1.0292150006461,0.982785175566214,1.0778383149142,0.221445299925355,0.97772142636262
AVBLOCK,QC-filtered,CD45 on CD14+ monocyte,GCST90001909,15,IVW,-0.037364217715304,0.0330341473103849,0.963325211338993,0.902929188723286,1.02776106298377,0.258022002613574,0.97772142636262
AVBLOCK,QC-filtered,CD28+ CD4-CD8- T cell Absolute Count,GCST90001657,12,IVW,0.0297543245618656,0.052343703723321,1.03020140767914,0.929750196587397,1.14150547564236,0.569735333201821,0.97772142636262
AVBLOCK,QC-filtered,CD19 on CD20- B cell,GCST90001721,20,IVW,-0.0305705052209033,0.0395941644725968,0.969892047203454,0.897470464687669,1.04815770573116,0.440057433422688,0.97772142636262
AVBLOCK,QC-filtered,CD25 on IgD- CD24- B cell,GCST90001785,25,IVW,0.0394765477603193,0.0298338543219031,1.04026610202892,0.98118151425545,1.10290863342612,0.185764510755617,0.97772142636262
AVBLOCK,QC-filtered,CD62L on CD62L+ plasmacytoid Dendritic Cell,GCST90001832,13,IVW,0.0972086287564489,0.0378595527856128,1.10209027736197,1.02327053571441,1.18698128897828,0.0102401806761506,0.681866831528645
AVBLOCK,QC-filtered,CD39+ CD8+ T cell %T cell,GCST90001670,19,IVW,0.0144925502738496,0.0269264361540617,1.01459807644542,0.96244027702636,1.06958247830951,0.590419949141801,0.97772142636262
AVBLOCK,QC-filtered,CD39+ CD8+ T cell %CD8+ T cell,GCST90001671,19,IVW,-0.0262778904214823,0.0241410667572434,0.97406436883713,0.929048456884251,1.02126147200122,0.276368236099258,0.97772142636262
AVBLOCK,QC-filtered,CD39+ CD8+ T cell Absolute Count,GCST90001672,21,IVW,0.0108952029135519,0.0286295385914267,1.01095477177854,0.955788434997433,1.06930520726017,0.703531174461612,0.97772142636262
AVBLOCK,QC-filtered,HVEM on CD4+ T cell,GCST90001875,16,IVW,-0.0376040220470623,0.0247251627199027,0.963094229476755,0.917534276674376,1.01091645122333,0.128289785554528,0.97772142636262
AVBLOCK,QC-filtered,HVEM on CD45RA- CD4+ T cell,GCST90001880,17,IVW,-0.0271177409642486,0.0235540667025758,0.973246643779754,0.929337128802109,1.01923080470215,0.249609815463518,0.97772142636262
AVBLOCK,QC-filtered,Effector Memory CD8+ T cell %T cell,GCST90001556,12,IVW,0.0231962664504369,0.0329825123947762,1.02346739214845,0.95939782415124,1.09181559142877,0.481875129987014,0.97772142636262
AVBLOCK,QC-filtered,CD3 on Natural Killer T,GCST90001848,15,IVW,-0.0358906445407196,0.0347417900395338,0.964745787933549,0.901239218739487,1.03272740020934,0.301571902390819,0.97772142636262
AVBLOCK,QC-filtered,CD45 on CD66b++ myelod cell,GCST90002048,15,IVW,-0.0136504226806754,0.0239688248488896,0.986442321858681,0.941172049358089,1.03389008950873,0.569011862718506,0.97772142636262
AVBLOCK,QC-filtered,Granulocyte Absolute Count,GCST90001651,23,IVW,-0.0471672314145011,0.0300678121035597,0.95392785754574,0.899334581379597,1.01183516818166,0.116718986175671,0.97772142636262
AVBLOCK,QC-filtered,Transitional B cell Absolute Count,GCST90001577,30,IVW,0.0646783035886454,0.0313637660423148,1.06681577836917,1.00321046468377,1.13445378117758,0.0391888648288032,0.78125665804768
AVBLOCK,QC-filtered,Granulocyte %leukocyte,GCST90001652,24,IVW,-0.0446813837964642,0.0282318169836055,0.956302126651162,0.904823171406664,1.01070992248773,0.11349884806089,0.97772142636262
AVBLOCK,QC-filtered,Natural Killer %CD3- lymphocyte,GCST90001646,20,IVW,0.00631383056347803,0.0288407559435594,1.00633380480754,0.951025834599558,1.06485827183111,0.82671203511455,0.97772142636262
AVBLOCK,QC-filtered,CD80 on myeloid Dendritic Cell,GCST90002035,24,IVW,0.00142859172292288,0.0250029013340533,1.00142961264618,0.953536957470238,1.05172773978819,0.954436032567122,0.983628224503394
AVBLOCK,QC-filtered,CD45 on Immature Myeloid-Derived Suppressor Cells,GCST90002052,8,IVW,-0.0101800352637653,0.0205117229074204,0.989871605910338,0.950865161824954,1.03047817453627,0.619680455704276,0.97772142636262
AVBLOCK,QC-filtered,CD3 on HLA DR+ CD8+ T cell,GCST90001850,23,IVW,-0.00420873344239441,0.0268734403785351,0.995800110864073,0.944706788282178,1.04965675392259,0.875549758964821,0.97772142636262
AVBLOCK,QC-filtered,Resting CD4 regulatory T cell Absolute Count,GCST90001480,23,IVW,0.0120606403978091,0.0261680356821537,1.01213366319315,0.961530772736577,1.06539965356827,0.644876034170019,0.97772142636262
AVBLOCK,QC-filtered,CD127 on CD28+ CD4+ T cell,GCST90001924,17,IVW,0.0152577881683312,0.0342966575543758,1.01537478248573,0.949363365474831,1.08597612505544,0.65640877033023,0.97772142636262
AVBLOCK,QC-filtered,CD20 on IgD+ CD38- naive B cell,GCST90001749,17,IVW,-0.00488816211572888,0.0292087553439017,0.995123765506075,0.939753828500501,1.05375607807323,0.867092592814701,0.97772142636262
AVBLOCK,QC-filtered,CD8dim T cell %T cell,GCST90001597,19,IVW,0.000898261022630203,0.0279089876341338,1.00089866457989,0.947618432853952,1.05717459900044,0.974324225204451,0.989292893468765
AVBLOCK,QC-filtered,CD8dim T cell %leukocyte,GCST90001612,17,IVW,0.0157285233131028,0.0299527988508027,1.01585286759787,0.957931542402648,1.07727640538748,0.599506513441518,0.97772142636262
AVBLOCK,QC-filtered,CD28- CD8dim T cell %T cell,GCST90001661,24,IVW,0.0196391401615423,0.0219321943368863,1.01983325675323,0.976922493952451,1.06462885031135,0.37054763653871,0.97772142636262
AVBLOCK,QC-filtered,CD20- B cell %B cell,GCST90001419,18,IVW,-0.0250871875292799,0.0371348333501089,0.975224880873703,0.906765451082396,1.04885289480301,0.499313554425552,0.97772142636262
AVBLOCK,QC-filtered,CD20- B cell Absolute Count,GCST90001421,20,IVW,0.0118943644710179,0.0383953027138092,1.01196538372107,0.938605112355785,1.091059407592,0.756722961319586,0.97772142636262
AVBLOCK,QC-filtered,CD45RA on Terminally Differentiated CD8+ T cell,GCST90002101,14,IVW,0.0449894110927281,0.034417043655742,1.04601678367535,0.977782531138208,1.1190127424928,0.191150205486061,0.97772142636262
AVBLOCK,QC-filtered,CD3 on naive CD8+ T cell,GCST90001838,25,IVW,-0.0133225731299068,0.0173884932716553,0.986765779550593,0.953702005113364,1.02097583781042,0.443574087434696,0.97772142636262
AVBLOCK,QC-filtered,CD3 on CD28+ CD45RA+ CD8+ T cell,GCST90001864,25,IVW,0.0150146903642585,0.0190524696905223,1.01512797710594,0.977919277957851,1.05375242428507,0.430655437270929,0.97772142636262
AVBLOCK,QC-filtered,IgD+ B cell %Lymphocyte,GCST90001424,16,IVW,-0.0846816730544873,0.0426772368423404,0.918804718153669,0.84507571062534,0.998966245848848,0.0472296327930192,0.903577448434868
AVBLOCK,QC-filtered,Naive-mature B cell %lymphocyte,GCST90001437,21,IVW,-0.0180863125721395,0.0324146498932398,0.982076263171719,0.921623005890839,1.04649491225869,0.576866758153244,0.97772142636262
AVBLOCK,QC-filtered,IgD+ CD24- B cell %lymphocyte,GCST90001441,21,IVW,-0.0440952046513216,0.0355155213440464,0.956862855341937,0.892520651656028,1.0258435166002,0.214393189690685,0.97772142636262
AVBLOCK,QC-filtered,IgD+ CD24- B cell %B cell,GCST90001415,16,IVW,0.0868089188510761,0.03410402003506,1.0906882498415,1.02016567398528,1.16608594925091,0.0109147615437494,0.681866831528645
AVBLOCK,QC-filtered,CCR7 on naive CD4+ T cell,GCST90001907,23,IVW,0.0257985579198153,0.0239942736566792,1.0261342210403,0.978993556247466,1.07554481116915,0.282286783293606,0.97772142636262
AVBLOCK,QC-filtered,CD25 on activated CD4 regulatory T cell,GCST90001939,17,IVW,-0.0212788065098553,0.0406352090714873,0.978945990002875,0.904001900481189,1.06010313787239,0.600518928924292,0.97772142636262
AVBLOCK,QC-filtered,CD3 on CD39+ secreting CD4 regulatory T cell,GCST90001856,26,IVW,-0.00328076644657419,0.0212631423599793,0.996724609387106,0.956039044275711,1.03914160504869,0.877378255790918,0.97772142636262
AVBLOCK,QC-filtered,BAFF-R on CD20- CD38- B cell,GCST90001701,16,IVW,0.0427034558080377,0.0259652962217864,1.04362836702773,0.991844909860043,1.09811539852401,0.100044938825984,0.97772142636262
AVBLOCK,QC-filtered,SSC-A on CD8+ T cell,GCST90002082,15,IVW,-0.079392456667204,0.0516431206541573,0.923677349968015,0.834758370087744,1.02206803479461,0.124212812447366,0.97772142636262
AVBLOCK,QC-filtered,CD33dim HLA DR+ CD11b+ %CD33dim HLA DR+,GCST90001526,22,IVW,-0.0128964101885621,0.0210671750827212,0.987186392176016,0.947253936526009,1.0288022412148,0.54043415534379,0.97772142636262
AVBLOCK,QC-filtered,CD33dim HLA DR+ CD11b- %CD33dim HLA DR+,GCST90001528,21,IVW,0.0257127942607431,0.0165206083337284,1.02604621978852,0.993354581037493,1.05981375154354,0.119611286959736,0.97772142636262
AVBLOCK,QC-filtered,CD25 on naive-mature B cell,GCST90001791,22,IVW,-0.0101706175574624,0.0300473536617375,0.989880928274297,0.933267480358947,1.04992863544792,0.734996749691102,0.97772142636262
AVBLOCK,QC-filtered,CD20- CD38- B cell Absolute Count,GCST90001423,14,IVW,0.00181429124611611,0.0434611442763934,1.00181593806827,0.920011092878037,1.09089464413735,0.966701874405834,0.987067784681238
AVBLOCK,QC-filtered,CD25 on B cell,GCST90001775,21,IVW,0.00756970027390843,0.0298185200953895,1.00759842288313,0.950397843792617,1.06824167208245,0.799604475547559,0.97772142636262
AVBLOCK,QC-filtered,CD25 on IgD+ CD38dim B cell,GCST90001784,18,IVW,-0.00611717243384682,0.0254208858432153,0.993901499373158,0.945593875977365,1.04467701785313,0.809837485345689,0.97772142636262
AVBLOCK,QC-filtered,CD25 on IgD+ B cell,GCST90001794,22,IVW,-0.0221329330790105,0.0223364867002597,0.978110203207711,0.936212828934469,1.02188256777882,0.321740787524744,0.97772142636262
AVBLOCK,QC-filtered,FSC-A on plasmacytoid Dendritic Cell,GCST90001964,22,IVW,-0.0165097034922346,0.0214682720545209,0.983625834738715,0.943095700146423,1.02589777751634,0.441876656248313,0.97772142636262
AVBLOCK,QC-filtered,SSC-A on HLA DR+ Natural Killer,GCST90002077,24,IVW,-0.0184065008367155,0.023553510472869,0.981761864213447,0.937469194044303,1.02814723315411,0.434522644706781,0.97772142636262
AVBLOCK,QC-filtered,HLA DR on CD33+ HLA DR+ CD14-,GCST90002108,19,IVW,0.0180232808329232,0.0160257798805396,1.01818668034786,0.986701962929199,1.05067604503406,0.260740353288408,0.97772142636262
AVBLOCK,QC-filtered,CD28 on CD28+ CD45RA- CD8+ T cell,GCST90001893,16,IVW,0.0150146514868754,0.0366763326926308,1.01512793764042,0.944715967091917,1.09078788299746,0.682258925831656,0.97772142636262
AVBLOCK,QC-filtered,CD19 on switched memory B cell,GCST90001740,27,IVW,-0.0558482913744553,0.0258669270120666,0.945682593214683,0.898932376340464,0.994864119534762,0.0308453806031264,0.78125665804768
AVBLOCK,QC-filtered,CD19 on IgD+ CD24- B cell,GCST90001725,21,IVW,0.00808670776378201,0.0355625367240255,1.00811949350165,0.940243998794906,1.08089486822633,0.820117379110601,0.97772142636262
AVBLOCK,QC-filtered,FSC-A on granulocyte,GCST90001966,21,IVW,-0.0134930712686571,0.0260736340002734,0.986597552163433,0.937444808401262,1.03832750601595,0.604808087718966,0.97772142636262
AVBLOCK,QC-filtered,CD3 on Naive CD4+ T cell,GCST90001842,26,IVW,-0.00216785910235574,0.0193186768712871,0.997834489007091,0.960758246889641,1.03634152574327,0.910652370563597,0.97772142636262
AVBLOCK,QC-filtered,CCR7 on naive CD8+ T cell,GCST90001908,21,IVW,0.00379469982476132,0.0260174643395857,1.00380190881391,0.953897047254956,1.05631763410746,0.88403820602865,0.97772142636262
AVBLOCK,QC-filtered,CD25++ CD4+ T cell %CD4+ T cell,GCST90001505,24,IVW,-0.0285699798881931,0.0291267650550934,0.971834282911995,0.917907698790871,1.02892902487601,0.326649913375269,0.97772142636262
AVBLOCK,QC-filtered,Memory B cell %lymphocyte,GCST90001436,24,IVW,0.0089505555340126,0.0364130994789712,1.00899073153257,0.939489046136331,1.08363402479831,0.805832471668211,0.97772142636262
AVBLOCK,QC-filtered,SSC-A on T cell,GCST90002080,20,IVW,0.00691080032665703,0.0398388713388382,1.00693473501141,0.931300402281696,1.08871161022629,0.862282967387313,0.97772142636262
AVBLOCK,QC-filtered,CD16-CD56 on HLA DR+ Natural Killer,GCST90001885,21,IVW,0.0220986431288806,0.0223306408375551,1.02234462676944,0.978563682101932,1.06808433114879,0.322364393825235,0.97772142636262
AVBLOCK,QC-filtered,CD20 on IgD+ CD38- unswitched memory B cell,GCST90001750,19,IVW,-0.0172540219871107,0.0260089899630353,0.982893976239577,0.934044084382034,1.03429868534225,0.507082824125004,0.97772142636262
AVBLOCK,QC-filtered,CD11b on CD14+ monocyte,GCST90002091,19,IVW,-0.0347418515566511,0.0192972988682983,0.965854717969703,0.930005706029082,1.00308560493409,0.0718057213847027,0.977667143061697
AVBLOCK,QC-filtered,CD11b on Monocytic Myeloid-Derived Suppressor Cells,GCST90002094,15,IVW,-0.0271164091708729,0.0194875844160282,0.973247939944051,0.936775074024985,1.01114085853663,0.164082638390845,0.97772142636262
AVBLOCK,QC-filtered,CD45 on HLA DR+ CD4+ T cell,GCST90001920,14,IVW,-0.00312814653168143,0.0376795313545592,0.996876741021025,0.925908345675704,1.07328467383397,0.933835809035843,0.978116316717662
AVBLOCK,QC-filtered,CD11c+ HLA DR++ monocyte Absolute Count,GCST90001456,15,IVW,0.0108706119333524,0.0414131670284227,1.01092991171544,0.932114893653364,1.09640913728499,0.792942396229491,0.97772142636262
AVBLOCK,QC-filtered,CD28 on CD45RA+ CD4+ T cell,GCST90001890,13,IVW,0.0219616414447605,0.0293557525799446,1.02220457342781,0.965049741272049,1.08274438637683,0.454387454338734,0.97772142636262
AVBLOCK,QC-filtered,CD25 on CD4+ T cell,GCST90001960,14,IVW,-0.016153453123368,0.0391518200034409,0.983976314230685,0.911292807274129,1.06245696140533,0.67991070295257,0.97772142636262
AVBLOCK,QC-filtered,CD4 on resting CD4 regulatory T cell,GCST90002064,13,IVW,-0.0342258033403706,0.0380865933868314,0.96635327420256,0.896842043727873,1.04125208791545,0.368849103242108,0.97772142636262
AVBLOCK,QC-filtered,CD86 on myeloid Dendritic Cell,GCST90001903,21,IVW,0.0427651353257099,0.0265954128598843,1.04369273950725,0.990681812027997,1.09954025730046,0.107837555033952,0.97772142636262
AVBLOCK,QC-filtered,CD19 on IgD+ CD38dim B cell,GCST90001730,19,IVW,0.0124650652049813,0.0293880454664795,1.01254307793788,0.955867949213299,1.07257857690878,0.671453303105936,0.97772142636262
AVBLOCK,QC-filtered,CD19 on IgD- CD38dim B cell,GCST90001735,27,IVW,-0.0516148166412291,0.0244158391817069,0.949694602957609,0.905317234417513,0.99624728724745,0.0345162026962861,0.78125665804768
AVBLOCK,QC-filtered,CD38 on CD3- CD19-,GCST90001810,18,IVW,-0.00261139138910024,0.0248590864352108,0.997392015327325,0.949960189740324,1.04719212760972,0.9163379099493,0.97772142636262
AVBLOCK,QC-filtered,CD25 on memory B cell,GCST90001790,23,IVW,-0.0746502573386213,0.0240878430494281,0.928068014551912,0.885270146991865,0.972934919991427,0.00194119747218555,0.681866831528645
AVBLOCK,QC-filtered,CD25 on unswitched memory B cell,GCST90001792,21,IVW,-0.010284562491124,0.0246361904029664,0.989768142783382,0.943110809639656,1.03873369540019,0.676343803360517,0.97772142636262
AVBLOCK,QC-filtered,CD28 on CD4 regulatory T cell,GCST90001899,18,IVW,-0.00958193295662594,0.0308369320187141,0.990463827488496,0.932373009375443,1.05217395151786,0.756006552680119,0.97772142636262
AVBLOCK,QC-filtered,CD62L- monocyte Absolute Count,GCST90001450,18,IVW,0.0104428687278366,0.0345242056477605,1.01049758578328,0.944381961593025,1.08124192583199,0.762286464456618,0.97772142636262
AVBLOCK,QC-filtered,CD62L- monocyte %monocyte,GCST90001451,23,IVW,0.0135443725086253,0.0225276637571836,1.01363651304725,0.969853889263784,1.05939563882405,0.547684877341854,0.97772142636262
AVBLOCK,QC-filtered,HLA DR on Dendritic Cell,GCST90002106,16,IVW,-0.0258611616586171,0.0247069677060976,0.974470374067659,0.928405371941527,1.02282099892392,0.295230894871605,0.97772142636262
AVBLOCK,QC-filtered,Naive CD4-CD8- T cell %T cell,GCST90001568,18,IVW,-0.0508068568881248,0.0389614669941137,0.950462228037865,0.88058278748853,1.02588701455679,0.192223921935958,0.97772142636262
AVBLOCK,QC-filtered,B cell %lymphocyte,GCST90001644,34,IVW,0.0134190366872816,0.0215066476213432,1.01350947604366,0.971674902757247,1.05714519857977,0.532661524449973,0.97772142636262
AVBLOCK,QC-filtered,CD24+ CD27+ B cell %lymphocyte,GCST90001442,20,IVW,-0.0199490725535506,0.0323663524797272,0.980248593593345,0.919994926697205,1.04444848265776,0.537662093989205,0.97772142636262
AVBLOCK,QC-filtered,Naive-mature B cell %B cell,GCST90001408,25,IVW,0.0603100872513362,0.0356276229591081,1.06216585957669,0.990525118502103,1.13898809043468,0.0904954287353015,0.97772142636262
AVBLOCK,QC-filtered,Terminally Differentiated CD8+ T cell %CD8+ T cell,GCST90001558,22,IVW,0.00906391092407748,0.0201396349885861,1.00910511255325,0.970047952001438,1.04973483638631,0.65267194668656,0.97772142636262
AVBLOCK,QC-filtered,HLA DR on HLA DR+ Natural Killer,GCST90002117,24,IVW,-0.0398270698286131,0.0247731537657696,0.96095560300166,0.915410709833534,1.00876651433127,0.107907351002013,0.97772142636262
AVBLOCK,QC-filtered,CCR2 on CD14- CD16+ monocyte,GCST90001982,22,IVW,-0.000131040672652375,0.0302152852041856,0.999868967912801,0.942374052703842,1.06087168903535,0.996539665236235,0.999713379234862
AVBLOCK,QC-filtered,HLA DR on CD14+ CD16- monocyte,GCST90001988,22,IVW,-0.00186063456249315,0.0186411873601624,0.99814109534492,0.962330471549664,1.0352843182987,0.92049271346933,0.97772142636262
AVBLOCK,QC-filtered,HLA DR on CD14+ monocyte,GCST90001991,21,IVW,-0.006637764096201,0.0191199348534691,0.993384217197459,0.956845984316673,1.0313177033206,0.728467681221194,0.97772142636262
AVBLOCK,QC-filtered,CD64 on CD14- CD16-,GCST90002001,16,IVW,0.037633755800474,0.0343087204495018,1.0383508732461,0.9708227838261,1.1105760535633,0.272678478209874,0.97772142636262
AVBLOCK,QC-filtered,FSC-A on monocyte,GCST90001965,18,IVW,-0.00362189951547127,0.0348685522749494,0.99638465165097,0.930564151742455,1.06686075558216,0.917270170811349,0.97772142636262
AVBLOCK,QC-filtered,CD62L- Dendritic Cell Absolute Count,GCST90001462,14,IVW,0.0186087882985828,0.0303900204613158,1.01878301081157,0.95987169758054,1.08130995604358,0.54031798501948,0.97772142636262
AVBLOCK,QC-filtered,FSC-A on HLA DR+ CD4+ T cell,GCST90001977,15,IVW,-0.00819530955180899,0.0350922129345662,0.991838180448098,0.92591203180107,1.06245835717356,0.815344897215853,0.97772142636262
AVBLOCK,QC-filtered,CD45 on CD4+ T cell,GCST90001916,13,IVW,0.0345819356462987,0.0388606662725418,1.03518684360444,0.959267822653768,1.11711429891098,0.373521950666782,0.97772142636262
AVBLOCK,QC-filtered,CD64 on CD14+ CD16- monocyte,GCST90001987,31,IVW,-0.0219515308761421,0.0185738500615006,0.978287650647412,0.943313806550794,1.01455816798511,0.237264664927148,0.97772142636262
AVBLOCK,QC-filtered,CD4+ T cell %leukocyte,GCST90001606,13,IVW,0.00351176363459508,0.0650151570905623,1.00351793710098,0.883452330240771,1.13990106269678,0.956923581975604,0.983628224503394
AVBLOCK,QC-filtered,Effector Memory CD4+ T cell Absolute Count,GCST90001542,20,IVW,-0.0257300627418365,0.0257223891203579,0.974598134452575,0.926680951851092,1.02499303755093,0.317166157757887,0.97772142636262
AVBLOCK,QC-filtered,CD86 on CD62L+ myeloid Dendritic Cell,GCST90001904,20,IVW,0.0101143320105263,0.0313509243331036,1.01016565475235,0.949961824736981,1.07418490245518,0.746985538426704,0.97772142636262
AVBLOCK,QC-filtered,Unswitched memory B cell Absolute Count,GCST90001398,19,IVW,-0.0144957796543594,0.0350603341106993,0.985608778333316,0.920154181391572,1.05571944742845,0.679275182335314,0.97772142636262
AVBLOCK,QC-filtered,CD16 on CD14+ CD16+ monocyte,GCST90002005,21,IVW,-0.0362951312296612,0.0243981016663823,0.964355640014257,0.919325150201017,1.01159181843764,0.136850841484207,0.97772142636262
AVBLOCK,QC-filtered,CD24 on unswitched memory B cell,GCST90001772,21,IVW,-0.0115257500155545,0.0259962641622686,0.988540416989064,0.939433328263334,1.04021448528702,0.657504074429981,0.97772142636262
AVBLOCK,QC-filtered,CD8dim Natural Killer T %T cell,GCST90001634,19,IVW,0.0280447547894402,0.0271465226589679,1.02844171108369,0.975151505673146,1.08464412652127,0.301562580837789,0.97772142636262
AVBLOCK,QC-filtered,IgD- CD24- B cell %B cell,GCST90001413,14,IVW,0.0370355087773447,0.0399557968245944,1.03772986870279,0.959562475592721,1.12226489445904,0.353972210216868,0.97772142636262
AVBLOCK,QC-filtered,IgD- CD24- B cell Absolute Count,GCST90001414,17,IVW,-0.0138023356555375,0.0317255067573796,0.986292479852798,0.926830730902641,1.04956905654908,0.663522613072255,0.97772142636262
AVBLOCK,QC-filtered,CD28 on resting CD4 regulatory T cell,GCST90001900,6,IVW,0.00667496026767155,0.0399923456155748,1.00669728746503,0.930800754334723,1.08878234559854,0.86744405474619,0.97772142636262
AVBLOCK,QC-filtered,IgD- CD38- B cell Absolute Count,GCST90001446,12,IVW,-0.0637195079928362,0.0625035334976894,0.938268139338359,0.830085614386097,1.06054976262724,0.307987247455708,0.97772142636262
AVBLOCK,QC-filtered,CD86+ myeloid Dendritic Cell Absolute Count,GCST90001464,19,IVW,0.0410805613809657,0.0251291289035299,1.04193604197084,0.991860773075037,1.09453942027781,0.102095475015893,0.97772142636262
AVBLOCK,QC-filtered,CD62L- Dendritic Cell %Dendritic Cell,GCST90001463,18,IVW,-0.0237025259495348,0.0245247266417684,0.976576172622843,0.930744020938827,1.02466521350596,0.333806739030134,0.97772142636262
AVBLOCK,QC-filtered,Naive CD4+ T cell Absolute Count,GCST90001540,23,IVW,0.0284482038570095,0.0354435191047298,1.02885671864466,0.959808883920862,1.1028717958684,0.422185815618296,0.97772142636262
AVBLOCK,QC-filtered,CD40 on CD14+ CD16+ monocyte,GCST90001981,17,IVW,-0.00602374789601935,0.0215522836732014,0.993994358498976,0.952880073861541,1.03688261705781,0.779865246241922,0.97772142636262
AVBLOCK,QC-filtered,IgD- CD38+ B cell %lymphocyte,GCST90001425,24,IVW,0.0600981831589765,0.0320109789938879,1.06194080613,0.997360154866456,1.13070315695039,0.060459992122775,0.955530745070813
AVBLOCK,QC-filtered,CD28- CD8+ T cell Absolute Count,GCST90001687,14,IVW,0.0383773951570006,0.0459343683513915,1.03912331899626,0.949657422979788,1.13701767179761,0.403445676446051,0.97772142636262
AVBLOCK,QC-filtered,CD25 on secreting CD4 regulatory T cell,GCST90001941,10,IVW,-0.0824905690334385,0.0514024914582457,0.920820122039635,0.832568771366303,1.0184260163417,0.108538465222904,0.97772142636262
AVBLOCK,QC-filtered,Effector Memory CD4+ T cell %T cell,GCST90001544,19,IVW,0.0144185757590016,0.0226685877903023,1.01452302482094,0.970434027713642,1.06061508407406,0.524737493629537,0.97772142636262
AVBLOCK,QC-filtered,CD127 on CD28- CD8+ T cell,GCST90001930,20,IVW,0.00255080601019785,0.0286226618387079,1.0025540620838,0.947858915425091,1.06040533147273,0.92898780939982,0.978116316717662
AVBLOCK,QC-filtered,HLA DR on monocyte,GCST90002010,16,IVW,-0.0104192826724217,0.0235255504816114,0.989634810021252,0.945038736222945,1.0363353581887,0.657843713704587,0.97772142636262
AVBLOCK,QC-filtered,CD25++ CD4+ T cell %T cell,GCST90001506,18,IVW,0.00206486571311668,0.0304114009658101,1.0020669990164,0.944082728852808,1.06361258375937,0.945867029516229,0.980179591620179
AVBLOCK,QC-filtered,CD86+ myeloid Dendritic Cell %Dendritic Cell,GCST90001465,17,IVW,0.0293183970198201,0.0266878414748208,1.02975241238349,0.977272479000405,1.08505053973712,0.271956731878621,0.97772142636262
AVBLOCK,QC-filtered,CD3 on CD28+ CD4+ T cell,GCST90001861,24,IVW,-0.0175667506940997,0.0246826127059691,0.982586645135415,0.936182660349474,1.03129074708354,0.476647174264841,0.97772142636262
AVBLOCK,QC-filtered,CD3 on CD4+ T cell,GCST90001867,28,IVW,0.00322828035759655,0.0262028270507984,1.00323349686657,0.953010592335531,1.05610310874779,0.901945943357741,0.97772142636262
AVBLOCK,QC-filtered,CD11c on CD62L+ myeloid Dendritic Cell,GCST90002088,21,IVW,-0.0140406081472174,0.0291217857358637,0.986057501481651,0.931350767724802,1.04397766118075,0.629710633766739,0.97772142636262
AVBLOCK,QC-filtered,CD127 on granulocyte,GCST90001926,30,IVW,0.0239971837302811,0.0259244676800768,1.02428743321688,0.973541551080882,1.07767844595968,0.354623885055101,0.97772142636262
AVBLOCK,QC-filtered,CD45 on lymphocyte,GCST90002041,17,IVW,0.0494986675715426,0.0272254158452518,1.05074419217243,0.996144304869491,1.10833676605593,0.0690480696894748,0.977667143061697
AVBLOCK,QC-filtered,CD11c+ monocyte Absolute Count,GCST90001448,15,IVW,-0.00410346264408937,0.0266726712106428,0.995904945054589,0.945178105123235,1.04935424784821,0.877731787483475,0.97772142636262
AVBLOCK,QC-filtered,Effector Memory CD4+ T cell %CD4+ T cell,GCST90001543,24,IVW,0.0188767704208957,0.0257343859532644,1.01905606302991,0.968930274280233,1.0717750153585,0.463239352642724,0.97772142636262
AVBLOCK,QC-filtered,BAFF-R on unswitched memory B cell,GCST90001717,19,IVW,-0.0301152519456356,0.0301719950390861,0.970333694257605,0.914614730241788,1.02944709622455,0.318221490266149,0.97772142636262
AVBLOCK,QC-filtered,CD19 on unswitched memory B cell,GCST90001738,18,IVW,-0.00766035186642297,0.0452004603024209,0.992368913852687,0.908233972999929,1.08429775857024,0.865422967913858,0.97772142636262
AVBLOCK,QC-filtered,Immature Myeloid-Derived Suppressor Cells Absolute Count,GCST90001515,19,IVW,0.00705808166646541,0.021324444890597,1.00708304862993,0.965858601908768,1.05006702309574,0.740655451916706,0.97772142636262
AVBLOCK,QC-filtered,CD25 on CD39+ CD4 regulatory T cell,GCST90001935,17,IVW,0.0128482537282303,0.0274643096891646,1.01293114717173,0.959846605463867,1.06895154191308,0.639915911350336,0.97772142636262
AVBLOCK,QC-filtered,CD3 on CD28+ CD4-CD8- T cell,GCST90001862,12,IVW,-0.0758306699458251,0.0308935265365556,0.926973157685745,0.872509286021616,0.984836779202593,0.0141048798942982,0.683616512210317
AVBLOCK,QC-filtered,CD25++ CD8+ T cell Absolute Count,GCST90001681,26,IVW,-0.0333707873759343,0.024008674042164,0.967179875007374,0.922721532285291,1.01378029870236,0.164544935115459,0.97772142636262
AVBLOCK,QC-filtered,CD19 on transitional B cell,GCST90001742,23,IVW,-0.0157574548775693,0.0295843772658175,0.984366044286144,0.928910547041364,1.04313220711058,0.594291415642398,0.97772142636262
AVBLOCK,QC-filtered,CD11c on granulocyte,GCST90002090,20,IVW,0.00354781794886164,0.0282236879380098,1.0035541189043,0.949546657981329,1.06063336762289,0.899966586591767,0.97772142636262
AVBLOCK,QC-filtered,CD38 on IgD+ CD38+ B cell,GCST90001812,16,IVW,-0.00465961745864059,0.0289855582308271,0.995351221716784,0.940379923356253,1.05353594857402,0.872285172101833,0.97772142636262
AVBLOCK,QC-filtered,CD25 on CD39+ resting CD4 regulatory T cell,GCST90001938,15,IVW,0.0356790586177979,0.0368538209089268,1.0363231941145,0.964105615848823,1.11395032349658,0.332982579145012,0.97772142636262
AVBLOCK,QC-filtered,CD24 on IgD+ CD38- unswitched memory B cell,GCST90001767,20,IVW,0.0214315052130112,0.0189110554686708,1.02166280936424,0.984487415608145,1.06024198937399,0.257097037033587,0.97772142636262
AVBLOCK,QC-filtered,HLA DR on CD33- HLA DR+,GCST90002112,10,IVW,0.00439624570373294,0.0298998075263583,1.00440592336848,0.947235651199303,1.06502669913278,0.883106308307788,0.97772142636262
AVBLOCK,QC-filtered,CD45 on CD33+ HLA DR+,GCST90002053,14,IVW,-0.0134270865081929,0.0367650251606593,0.986662654714452,0.918065503967309,1.0603853319848,0.714951981012112,0.97772142636262
AVBLOCK,QC-filtered,CD127 on CD28+ CD45RA- CD8+ T cell,GCST90001928,16,IVW,0.0265543404934881,0.036262007617386,1.02691004854434,0.956457241259561,1.10255242190713,0.463990993728244,0.97772142636262
AVBLOCK,QC-filtered,CD86 on granulocyte,GCST90001906,20,IVW,-0.0360566044706452,0.0318392505089634,0.964585692075304,0.90623054967767,1.02669851252237,0.257442057551233,0.97772142636262
AVBLOCK,QC-filtered,CD62L on CD62L+ myeloid Dendritic Cell,GCST90001831,15,IVW,-0.0419456333609879,0.0410471166048819,0.958921912516811,0.884796165557194,1.03925770714188,0.306833019295716,0.97772142636262
AVBLOCK,QC-filtered,Naive CD4-CD8- T cell %CD4-CD8- T cell,GCST90001567,21,IVW,-0.0016908532516749,0.0384015059948995,0.998310575435338,0.925928922351562,1.07635044220774,0.964879765190769,0.986685378054639
AVBLOCK,QC-filtered,BAFF-R on IgD+ CD24+ B cell,GCST90001703,15,IVW,0.00406872129480524,0.0313282674696493,1.00407700977866,0.944277982738243,1.06766297636479,0.896666269453758,0.97772142636262
AVBLOCK,QC-filtered,Central Memory CD4-CD8- T cell %CD4-CD8- T cell,GCST90001564,15,IVW,0.0122290888778414,0.0338455873170774,1.0123041699307,0.947329540909404,1.08173522328392,0.717860216343063,0.97772142636262
AVBLOCK,QC-filtered,FSC-A on myeloid Dendritic Cell,GCST90001963,17,IVW,-0.010594262110626,0.0263713623125055,0.989461659427506,0.939617752927117,1.04194963582491,0.687880099608456,0.97772142636262
AVBLOCK,QC-filtered,CD127 on CD28+ CD4-CD8- T cell,GCST90001925,24,IVW,-0.0303583651021837,0.0241318270164295,0.97009782204327,0.925281978729906,1.01708431155753,0.208383862730423,0.97772142636262
AVBLOCK,QC-filtered,CD8 on Effector Memory CD8+ T cell,GCST90002056,22,IVW,0.043913865193022,0.031901977065239,1.04489234941137,0.981558160908833,1.11231312146343,0.168659189539977,0.97772142636262
AVBLOCK,QC-filtered,CD28 on CD39+ resting CD4 regulatory T cell,GCST90001901,16,IVW,0.0215629911146737,0.0353948658996667,1.02179715245184,0.953313997820335,1.09519992693474,0.542383663868035,0.97772142636262
AVBLOCK,QC-filtered,CD45RA on CD39+ resting CD4 regulatory T cell,GCST90002103,7,IVW,-0.0421631403431326,0.0434282500129432,0.958713362986819,0.880484891346056,1.04389220235722,0.331613532153698,0.97772142636262
AVBLOCK,QC-filtered,CD39 on granulocyte,GCST90002033,24,IVW,0.0101851472320962,0.0328734470423521,1.01023719238996,0.947198300612464,1.07747151175,0.75669099702077,0.97772142636262
AVBLOCK,QC-filtered,CD45 on Natural Killer T,GCST90001919,20,IVW,0.0220112311354695,0.022525818827625,1.02225526549334,0.978103903525677,1.06839960873484,0.32849210062277,0.97772142636262
AVBLOCK,QC-filtered,CD3 on activated CD4 regulatory T cell,GCST90001853,20,IVW,-0.0200858178715572,0.0196147959975959,0.980114558352244,0.943149173955222,1.0185287481783,0.305828851065914,0.97772142636262
AVBLOCK,QC-filtered,CD3 on secreting CD4 regulatory T cell,GCST90001855,18,IVW,0.00574373479435913,0.0224238132522696,1.00576026166589,0.962513738476653,1.05094988622937,0.797839318241578,0.97772142636262
AVBLOCK,QC-filtered,CD3 on activated & secreting CD4 regulatory T cell,GCST90001857,20,IVW,-0.00643025215854148,0.0204490595925764,0.99359037767085,0.954554624597362,1.03422246685623,0.753177601158588,0.97772142636262
AVBLOCK,QC-filtered,CD3 on CD4 regulatory T cell,GCST90001868,11,IVW,-0.00989490089119909,0.024285168517255,0.990153892572513,0.944127714517647,1.0384238444662,0.683680262459109,0.97772142636262
AVBLOCK,QC-filtered,Naive CD4+ T cell %T cell,GCST90001575,31,IVW,-0.00537941161811337,0.0274753554033547,0.994635031506455,0.94248892705788,1.04966627988733,0.844774201735664,0.97772142636262
AVBLOCK,QC-filtered,CD20 on IgD+ CD24+ B cell,GCST90001746,22,IVW,0.014804779942246,0.0255682507114986,1.01491491352678,0.965307098528844,1.06707210924783,0.562569043437656,0.97772142636262
AVBLOCK,QC-filtered,CD28+ CD45RA- CD8+ T cell %CD8+ T cell,GCST90001692,19,IVW,0.00444577371665432,0.0350104309615145,1.00445567082996,0.937841171597961,1.07580177242953,0.898952855291254,0.97772142636262
AVBLOCK,QC-filtered,CD38 on IgD- CD38dim B cell,GCST90001815,17,IVW,0.0207356054692808,0.0290021957506558,1.02095208180327,0.964535444516191,1.08066858430617,0.474629592818241,0.97772142636262
AVBLOCK,QC-filtered,Immature Myeloid-Derived Suppressor Cells %CD33dim HLA DR- CD66b-,GCST90001516,16,IVW,0.00823134770639329,0.0222196799541182,1.00826531839313,0.965297220059593,1.0531460478169,0.711044969521636,0.97772142636262
AVBLOCK,QC-filtered,Dendritic Cell Absolute Count,GCST90001461,21,IVW,0.0386417717915994,0.029306777523623,1.03939807524023,0.981376096499748,1.10085049214705,0.187327357322573,0.97772142636262
AVBLOCK,QC-filtered,CD28- CD8dim T cell %CD8dim T cell,GCST90001662,11,IVW,-0.00804448516499202,0.0599802044726428,0.991987785115218,0.881962548467942,1.11573872102299,0.893308473953654,0.97772142636262
AVBLOCK,QC-filtered,CD33- HLA DR+ Absolute Count,GCST90001523,25,IVW,-0.000452660121698219,0.0281266751651163,0.999547442313438,0.945935453296895,1.05619795299263,0.987159700530969,0.998143396781661
AVBLOCK,QC-filtered,CD25 on CD4 regulatory T cell,GCST90001936,19,IVW,-0.0805298060248124,0.0326435336870452,0.922627403318646,0.865445278168144,0.983587693905152,0.0136271242430352,0.683616512210317
AVBLOCK,QC-filtered,CD25 on activated & secreting CD4 regulatory T cell,GCST90001943,17,IVW,-0.0805705063710636,0.0299949998915385,0.922589852828034,0.869914188454519,0.978455171599669,0.00722846891502808,0.681866831528645
AVBLOCK,QC-filtered,CD25 on IgD+ CD38- B cell,GCST90001780,25,IVW,-0.00945050778817501,0.0277134561364244,0.990594007918173,0.938221814597197,1.04588965344477,0.733097626080836,0.97772142636262
AVBLOCK,QC-filtered,HVEM on Effector Memory CD4+ T cell,GCST90001878,20,IVW,-0.0659731678739132,0.0294309050477886,0.936155983009996,0.883682236651417,0.991745661705677,0.0249853653127083,0.78125665804768
AVBLOCK,QC-filtered,Unswitched memory B cell %B cell,GCST90001397,30,IVW,-0.0375324054482289,0.0218944832718815,0.96316320547971,0.922705104147395,1.00539528417062,0.0864846033933601,0.97772142636262
AVBLOCK,QC-filtered,CD11b on CD66b++ myeloid cell,GCST90002093,16,IVW,-0.0104260648888936,0.0341290071631327,0.989628098126503,0.925594616887142,1.05809147410037,0.759993107974597,0.97772142636262
AVBLOCK,QC-filtered,Switched memory B cell Absolute Count,GCST90001403,22,IVW,0.0447286855574579,0.0302049422683096,1.04574409593939,0.985631229146428,1.10952319879227,0.138649224827635,0.97772142636262
AVBLOCK,QC-filtered,IgD- CD38dim B cell Absolute Count,GCST90001438,17,IVW,0.0169071324665068,0.035103300305435,1.01705086693394,0.949428232473864,1.08948989565628,0.630062132658924,0.97772142636262
AVBLOCK,QC-filtered,IgD on IgD+ CD38-  B cell,GCST90001822,26,IVW,0.00204421775460616,0.0262569411641367,1.00204630859219,0.951781881106148,1.05496524413375,0.93794389234276,0.979629087072182
AVBLOCK,QC-filtered,CD28- CD8+ T cell %CD8+ T cell,GCST90001686,23,IVW,-0.0175018764072775,0.030517826237035,0.982650391810997,0.925596563504236,1.04322102155459,0.56630834924821,0.97772142636262
AVBLOCK,QC-filtered,CD80 on plasmacytoid Dendritic Cell,GCST90002037,18,IVW,-0.0057588737317022,0.0241831579424084,0.994257676795586,0.948230309901573,1.04251922507051,0.811775830841112,0.97772142636262
AVBLOCK,QC-filtered,CD80 on CD62L+ plasmacytoid Dendritic Cell,GCST90002038,18,IVW,-0.00574435227294801,0.0241965543839633,0.994272114972263,0.948219181946827,1.04256173829107,0.812343596027236,0.97772142636262
AVBLOCK,QC-filtered,CD25++ CD45RA- CD4 not regulatory T cell Absolute Count,GCST90001510,13,IVW,0.0473785576461343,0.0304168712618904,1.04851885879078,0.987836075952849,1.11292938575813,0.119318437139958,0.97772142636262
AVBLOCK,QC-filtered,CD28- CD25++ CD8+ T cell %T cell,GCST90001676,8,IVW,0.0845383762296768,0.0517488631684649,1.08821460500431,0.983252430685206,1.20438148901339,0.10233704821908,0.97772142636262
AVBLOCK,QC-filtered,HLA DR++ monocyte %leukocyte,GCST90001476,7,IVW,-0.0475303904862033,0.0735524488860605,0.953581492887063,0.825560119489978,1.10145541446271,0.518142814032472,0.97772142636262
AVBLOCK,QC-filtered,CD3 on resting CD4 regulatory T cell,GCST90001869,34,IVW,0.0249383509213922,0.023435266005833,1.02525191274034,0.979224085457346,1.07344324980199,0.287266308002614,0.97772142636262
AVBLOCK,QC-filtered,CD14- CD16- Absolute Count,GCST90001581,20,IVW,0.0699953796173572,0.0355055244299528,1.07250322586748,1.00040463357674,1.14979792265018,0.0486788210570472,0.907423151499315
AVBLOCK,QC-filtered,CD4 on Central Memory CD4+ T cell,GCST90002023,14,IVW,-0.0626178991311392,0.036086908225014,0.93930231335835,0.875160273877714,1.00814543600231,0.0827058968940405,0.97772142636262
AVBLOCK,QC-filtered,CD11b on basophil,GCST90002096,19,IVW,0.0108535007650941,0.0230079960747348,1.01091261367161,0.966337456867367,1.0575439306609,0.63712142048963,0.97772142636262
AVBLOCK,QC-filtered,CD39 on monocyte,GCST90002034,15,IVW,-0.0270069028041089,0.032462557340516,0.973354522625549,0.913352379341888,1.03729847115335,0.405442762795133,0.97772142636262
AVBLOCK,QC-filtered,CD25 on CD28+ CD4+ T cell,GCST90001962,5,IVW,0.0693320990285961,0.0629979070698331,1.07179209116337,0.947295876670091,1.21264993860035,0.271094268377704,0.97772142636262
AVBLOCK,QC-filtered,IgD+ CD38dim B cell Absolute Count,GCST90001394,21,IVW,0.00456191991326677,0.0331646280349118,1.00457234131108,0.94134954135204,1.07204130304009,0.890593087234494,0.97772142636262
AVBLOCK,QC-filtered,CD28- CD4-CD8- T cell %T cell,GCST90001694,21,IVW,0.0120997298955537,0.0301191192559759,1.01217322776297,0.954150613845973,1.07372424031735,0.687883327145332,0.97772142636262
AVBLOCK,QC-filtered,CD28+ CD45RA- CD8+ T cell Absolute Count,GCST90001693,23,IVW,-0.0341947758397889,0.0251431154164488,0.966383258194499,0.919913824768595,1.01520009437138,0.173828176049113,0.97772142636262
AVBLOCK,QC-filtered,HLA DR on myeloid Dendritic Cell,GCST90002104,13,IVW,-0.0123022496947331,0.0204893455563692,0.987773113616382,0.94889097886691,1.0282484982084,0.548225164266684,0.97772142636262
AVBLOCK,QC-filtered,CD62L- plasmacytoid Dendritic Cell Absolute Count,GCST90001470,23,IVW,-0.00548768732639805,0.0285689730435115,0.99452734252409,0.94036904989952,1.0518047516916,0.847675181886447,0.97772142636262
AVBLOCK,QC-filtered,CD11c on monocyte,GCST90002089,19,IVW,-0.0410997366961633,0.0194854660024778,0.959733404535244,0.923770836948485,0.997096001453634,0.0349229305233701,0.78125665804768
AVBLOCK,QC-filtered,CD4 on activated CD4 regulatory T cell,GCST90002066,19,IVW,0.022456498977716,0.028702009675403,1.0227105442426,0.966765379673077,1.08189316590825,0.433978579789784,0.97772142636262
AVBLOCK,QC-filtered,FSC-A on HLA DR+ CD8+ T cell,GCST90001978,14,IVW,-0.0408879528559006,0.0361166867410559,0.959936682085976,0.894333385523277,1.03035226966851,0.257589464180077,0.97772142636262
AVBLOCK,QC-filtered,T/B cell,GCST90001588,28,IVW,-0.0289971852148547,0.0246100264761497,0.971419198799087,0.925674297186296,1.01942471846072,0.238690128370907,0.97772142636262
AVBLOCK,QC-filtered,Central Memory CD8+ T cell Absolute Count,GCST90001548,23,IVW,0.00790373309048896,0.0371270322553915,1.00793505004144,0.937193741603998,1.0840160577292,0.831417821581652,0.97772142636262
AVBLOCK,QC-filtered,FSC-A on B cell,GCST90001968,19,IVW,0.0371737052248148,0.0257673948875155,1.03787328919395,0.986758067389624,1.09163633926182,0.149115011118693,0.97772142636262
AVBLOCK,QC-filtered,CD4 on monocyte,GCST90001958,13,IVW,-0.00312115283021003,0.043689661338841,0.996883712903735,0.915071669863556,1.08601016705163,0.943048241787998,0.980137331662706
AVBLOCK,QC-filtered,Natural Killer Absolute Count,GCST90001645,21,IVW,0.0227275881504212,0.0324337515519566,1.02298782758051,0.959980252646794,1.09013085685101,0.48346603719914,0.97772142636262
AVBLOCK,QC-filtered,IgD+ B cell Absolute Count,GCST90001400,13,IVW,-0.00250901700128537,0.0237709958863153,0.997494127951075,0.952085755502364,1.04506818797207,0.915939784947599,0.97772142636262
AVBLOCK,QC-filtered,CD38 on IgD+ B cell,GCST90001818,15,IVW,0.00372249235682653,0.0430173279426939,1.00372942943657,0.922570511820383,1.09202793131677,0.931041358335152,0.978116316717662
AVBLOCK,QC-filtered,CD28+ CD45RA+ CD8dim T cell %CD8dim T cell,GCST90001665,21,IVW,-0.0416678403966236,0.0298851278115674,0.959188331280399,0.90461784886682,1.01705074249527,0.163237063921188,0.97772142636262
AVBLOCK,QC-filtered,CD28 on secreting CD4 regulatory T cell,GCST90001887,13,IVW,-0.0181890016115574,0.0309067087258172,0.981975419881457,0.924256035789264,1.04329935419673,0.556187972878476,0.97772142636262
AVBLOCK,QC-filtered,CD28 on activated & secreting CD4 regulatory T cell,GCST90001889,19,IVW,-0.0732739424687584,0.0284593567714441,0.929346207756974,0.878926254603554,0.982658521518214,0.010033076785874,0.681866831528645
AVBLOCK,QC-filtered,CD45RA on naive CD8+ T cell,GCST90002100,21,IVW,-0.0703024831776737,0.0260805315065883,0.932111829111346,0.885661615688507,0.980998212611793,0.00702635817763748,0.681866831528645
AVBLOCK,QC-filtered,CD28+ CD45RA- CD8dim T cell Absolute Count,GCST90001669,18,IVW,0.00986339266891052,0.0331343632247903,1.0099121962507,0.946409470734916,1.07767586406751,0.765948436353196,0.97772142636262
AVBLOCK,QC-filtered,IgD- CD38- B cell %lymphocyte,GCST90001427,27,IVW,-0.0167558122336902,0.0376841005725798,0.983383785608889,0.913367783922843,1.05876700144283,0.656580822813811,0.97772142636262
AVBLOCK,QC-filtered,Switched memory B cell %lymphocyte,GCST90001434,17,IVW,-0.0107414006172842,0.040548782883089,0.98931608222681,0.913732869952267,1.07115147406674,0.79108596576997,0.97772142636262
AVBLOCK,QC-filtered,IgD+ CD24+ B cell %lymphocyte,GCST90001439,15,IVW,-0.0277040211713796,0.0389259811650816,0.972676215767515,0.901226248885863,1.04979079547386,0.476644197104048,0.97772142636262
AVBLOCK,QC-filtered,CD20- B cell %lymphocyte,GCST90001443,16,IVW,0.0457206133052728,0.038387711074332,1.04678191316003,0.970912138467315,1.12858036304781,0.23364489841324,0.97772142636262
AVBLOCK,QC-filtered,HLA DR on CD14- CD16+ monocyte,GCST90001984,19,IVW,-0.0204606022918673,0.021859585628392,0.979747295512148,0.938656773405675,1.02263659120106,0.349272477722761,0.97772142636262
AVBLOCK,QC-filtered,CD20 on IgD- CD38+ B cell,GCST90001756,12,IVW,-0.0127110694103939,0.0443294006347661,0.987369375026707,0.90520241740158,1.0769947848119,0.774310421593867,0.97772142636262
AVBLOCK,QC-filtered,CD33 on CD33dim HLA DR-,GCST90001953,18,IVW,0.0384631288449607,0.0214237717835818,1.03921241068967,0.996478750340824,1.08377868987377,0.0725982494065097,0.977667143061697
AVBLOCK,QC-filtered,IgD- CD24- B cell %lymphocyte,GCST90001440,21,IVW,-0.041196066325277,0.0392298045823478,0.959640958225068,0.888619198564699,1.03633904172967,0.293662195278893,0.97772142636262
AVBLOCK,QC-filtered,CD45 on T cell,GCST90001915,12,IVW,-0.00625818140356987,0.0372590418164234,0.993761360227396,0.923775776084691,1.06904907732768,0.866611522297922,0.97772142636262
AVBLOCK,QC-filtered,Terminally Differentiated CD4+ T cell Absolute Count,GCST90001545,10,IVW,-0.0089796435439583,0.0562223990673059,0.991060553048127,0.887651963584678,1.10651590950304,0.87310442024838,0.97772142636262
AVBLOCK,QC-filtered,CD25++ CD45RA- CD4 not regulatory T cell %T cell,GCST90001512,25,IVW,-0.0181222205272687,0.0286417916727969,0.982040999454455,0.928430147843273,1.03874753189543,0.526916823893933,0.97772142636262
AVBLOCK,QC-filtered,CD33- HLA DR- Absolute Count,GCST90001522,20,IVW,-0.0081870347126637,0.0220795656023501,0.991846387783456,0.949838809216097,1.03571179384741,0.710788802585753,0.97772142636262
AVBLOCK,QC-filtered,CD14 on CD33dim HLA DR+ CD11b+,GCST90002021,17,IVW,-0.0032264821818508,0.036610614776564,0.996778717318249,0.927758991701492,1.0709330981276,0.929773597869535,0.978116316717662
AVBLOCK,QC-filtered,CD25++ CD4+ T cell Absolute Count,GCST90001504,21,IVW,0.0139105010587192,0.0276186668287988,1.01400770226144,0.960576085032651,1.07041142941901,0.614498201214464,0.97772142636262
AVBLOCK,QC-filtered,HLA DR on HLA DR+ T cell,GCST90002113,17,IVW,0.0360419686006979,0.0354840862588782,1.03669935439918,0.967048296147107,1.11136698724734,0.309761767938002,0.97772142636262
AVBLOCK,QC-filtered,SSC-A on HLA DR+ CD4+ T cell,GCST90002085,19,IVW,-0.0281833359657329,0.03319511403919,0.972210109381949,0.910969593367762,1.03756755841892,0.395869824185335,0.97772142636262
AVBLOCK,QC-filtered,HVEM on Effector Memory CD8+ T cell,GCST90001873,16,IVW,-0.0266180359006271,0.0203653932149268,0.973733101588396,0.93563091055487,1.01338694824293,0.191204924182995,0.97772142636262
AVBLOCK,QC-filtered,BAFF-R on CD24+ CD27+ B cell,GCST90001702,15,IVW,-0.021615472000593,0.0328196175404824,0.978616468143177,0.91764752445684,1.04363621782545,0.510143427504617,0.97772142636262
AVBLOCK,QC-filtered,BAFF-R on IgD- CD38- B cell,GCST90001712,13,IVW,-0.0134500020873552,0.0361769079352125,0.986640045027339,0.919103315179184,1.05913944860679,0.710053542546153,0.97772142636262
AVBLOCK,QC-filtered,BAFF-R on memory B cell,GCST90001715,14,IVW,-0.0191533363623596,0.0318745377221902,0.981028923302752,0.921615260663582,1.044272799545,0.547908126128354,0.97772142636262
AVBLOCK,QC-filtered,CD3 on Central Memory CD4+ T cell,GCST90001841,24,IVW,-0.00987408680647241,0.0207084872938148,0.990174501934007,0.950789371630741,1.03119110660509,0.633494914479906,0.97772142636262
AVBLOCK,QC-filtered,CD4 on CD39+ resting CD4 regulatory T cell,GCST90002065,13,IVW,0.00649499982097293,0.0399685391828146,1.00651613807184,0.930676687013766,1.08853563255106,0.870909917752736,0.97772142636262
AVBLOCK,QC-filtered,IgD+ CD24- B cell Absolute Count,GCST90001416,19,IVW,0.0409948966151058,0.0316662515588521,1.04184678858675,0.97914948514255,1.10855875160931,0.19546078820723,0.97772142636262
AVBLOCK,QC-filtered,IgD on IgD+ B cell,GCST90001827,21,IVW,-0.0274629093735561,0.02133043981216,0.972910767754088,0.933074182727507,1.01444813234992,0.197920590276498,0.97772142636262
AVBLOCK,QC-filtered,Transitional B cell %B cell,GCST90001576,15,IVW,-0.0522113949711406,0.0380207038963446,0.949128204704711,0.880969763222752,1.02255989543901,0.169679027136547,0.97772142636262
AVBLOCK,QC-filtered,Leukocyte Absolute Count,GCST90001600,10,IVW,-0.0796640332418927,0.0324005791033769,0.923426534896483,0.866607453998206,0.983970956419551,0.0139432341782986,0.683616512210317
AVBLOCK,QC-filtered,CD20- CD38- B cell %B cell,GCST90001422,20,IVW,-0.0106833416711924,0.0311811773412892,0.989373522543342,0.930718463903347,1.05172509740977,0.731883227352379,0.97772142636262
AVBLOCK,QC-filtered,CD19 on B cell,GCST90002028,22,IVW,0.0109064269937787,0.0339965324834459,1.01096611887969,0.945797514534109,1.08062505749564,0.748354393941819,0.97772142636262
AVBLOCK,QC-filtered,CX3CR1 on CD14- CD16-,GCST90001994,14,IVW,0.033258242523682,0.0289243992072603,1.03381748040721,0.976838854226523,1.09411964744358,0.250212463906106,0.97772142636262
AVBLOCK,QC-filtered,CCR2 on CD14- CD16-,GCST90002003,16,IVW,-0.0318898937908981,0.0308526537301246,0.968613226538441,0.911775852300523,1.02899367235707,0.301314242258388,0.97772142636262
AVBLOCK,QC-filtered,Basophil %CD33dim HLA DR- CD66b-,GCST90001533,20,IVW,0.00388120616089505,0.0230492545899748,1.00388874779525,0.959545702744039,1.05028099763034,0.866278447953668,0.97772142636262
AVBLOCK,QC-filtered,B cell %CD3- lymphocyte,GCST90001643,23,IVW,0.00287482206696326,0.0259915263577168,1.00287895833065,0.953068433321209,1.05529274698304,0.911928688606215,0.97772142636262
AVBLOCK,QC-filtered,CD3 on CD28+ CD45RA- CD8+ T cell,GCST90001863,18,IVW,-0.0321494199337276,0.0268998623405513,0.968361878700942,0.918628804963556,1.0207874203971,0.232027711488964,0.97772142636262
AVBLOCK,QC-filtered,CD45 on lymphocyte,GCST90001914,22,IVW,0.0252299660923465,0.0318924962657162,1.02555093534979,0.963406992572905,1.09170343282227,0.42888907338735,0.97772142636262
AVBLOCK,QC-filtered,HVEM on naive CD4+ T cell,GCST90001877,15,IVW,0.00253003399341095,0.0331720373174088,1.00253323723028,0.939425125754364,1.06988078580966,0.939204227908268,0.979629087072182
AVBLOCK,QC-filtered,CD34 on Hematopoietic Stem Cell,GCST90001870,11,IVW,-0.0106001853569918,0.0232145787574419,0.989455798619685,0.945443868429965,1.03551655483039,0.647945922906379,0.97772142636262
AVBLOCK,QC-filtered,Basophil Absolute Count,GCST90001532,17,IVW,0.0320650017015597,0.0260250060185421,1.03258462288121,0.981234299920262,1.08662223028422,0.217917590053468,0.97772142636262
AVBLOCK,QC-filtered,CD11c+ HLA DR++ monocyte %monocyte,GCST90001457,17,IVW,0.00484627669845046,0.041676367115836,1.00485803889064,0.926038560820164,1.0903862118105,0.907427807546965,0.97772142636262
AVBLOCK,QC-filtered,CD28+ CD45RA+ CD8dim T cell %T cell,GCST90001664,24,IVW,0.00707596432126868,0.0273969861230032,1.00710105810947,0.95444798816985,1.06265878687643,0.796194461246838,0.97772142636262
AVBLOCK,QC-filtered,HVEM on Central Memory CD8+ T cell,GCST90001882,16,IVW,0.0086597549103848,0.023515033517368,1.00869735905713,0.963262122281052,1.05627568927905,0.712675929880978,0.97772142636262
AVBLOCK,QC-filtered,CD3- lymphocyte Absolute Count,GCST90001639,17,IVW,0.016383066269156,0.035209134531264,1.01651800459336,0.948733978461371,1.08914498386392,0.641711429288219,0.97772142636262
AVBLOCK,QC-filtered,Activated & resting CD4 regulatory T cell Absolute Count,GCST90001498,18,IVW,-0.0596285380850442,0.0337663659011502,0.942114428223574,0.88178182700088,1.0065750605066,0.0774100802351746,0.97772142636262
AVBLOCK,QC-filtered,CD16 on CD14- CD16+ monocyte,GCST90001979,17,IVW,0.0213072649879681,0.0277632625758127,1.02153588563157,0.967433365168787,1.07866402297486,0.442806536311325,0.97772142636262
AVBLOCK,QC-filtered,CD24 on IgD+ CD24+ B cell,GCST90001765,19,IVW,0.0191967235734873,0.0271774553041928,1.0193821653959,0.966502794649442,1.07515467609603,0.479972153279057,0.97772142636262
AVBLOCK,QC-filtered,PDL-1 on CD14+ CD16+ monocyte,GCST90001998,24,IVW,0.0144921113559041,0.0285180580406562,1.01459763112022,0.959442125790282,1.0729238641954,0.611331919673889,0.97772142636262
AVBLOCK,QC-filtered,T cell %leukocyte,GCST90001605,17,IVW,0.00983274937155777,0.0345197007698556,1.00988124968513,0.943814285042546,1.08057289938097,0.775763223002448,0.97772142636262
AVBLOCK,QC-filtered,PDL-1 on CD14- CD16-,GCST90002000,25,IVW,-0.0101135663473677,0.029562579273109,0.989937403790088,0.934207949320491,1.04899135587046,0.732270343242269,0.97772142636262
AVBLOCK,QC-filtered,CD39+ activated CD4 regulatory T cell %activated CD4 regulatory T cell,GCST90001490,5,IVW,0.0240987237688837,0.0484224473128968,1.02439144468296,0.931639564035937,1.12637748808526,0.618711933498802,0.97772142636262
AVBLOCK,QC-filtered,CD127 on CD4+ T cell,GCST90001931,8,IVW,0.0133043715900125,0.0419752050181419,1.0133932685436,0.933357452136941,1.10029219178379,0.751275569845137,0.97772142636262
AVBLOCK,QC-filtered,CD28 on CD39+ activated CD4 regulatory T cell,GCST90001886,16,IVW,-0.0324601523945681,0.0264200260251653,0.968061023976475,0.919207490631489,1.01951099799956,0.219214596951208,0.97772142636262
AVBLOCK,QC-filtered,CD3 on CD39+ resting CD4 regulatory T cell,GCST90001852,17,IVW,-0.022856790874749,0.0297525333873832,0.977402446700464,0.922035312457038,1.036094312126,0.442350510444587,0.97772142636262
AVBLOCK,QC-filtered,CD127 on CD45RA- CD4 not regulatory T cell,GCST90001923,14,IVW,-0.00639246459932335,0.0419309861489955,0.993627923735468,0.915232454395912,1.07873846265483,0.87883041055806,0.97772142636262
AVBLOCK,QC-filtered,CD8 on Central Memory CD8+ T cell,GCST90002054,14,IVW,-0.00387699653035364,0.0333623173605125,0.996130509317513,0.93307738583525,1.06344447594229,0.907487023072353,0.97772142636262
AVBLOCK,QC-filtered,CD25 on switched memory B cell,GCST90001793,20,IVW,0.00762958611775525,0.0292092743754986,1.00765876557177,0.95159039735304,1.06703072105183,0.793935013733053,0.97772142636262
AVBLOCK,QC-filtered,CD45 on CD33dim HLA DR+ CD11b-,GCST90002044,10,IVW,-0.0352786477524101,0.0352648813101317,0.965336389962138,0.900866847674214,1.0344196239333,0.317121627270774,0.97772142636262
AVBLOCK,QC-filtered,CD25 on CD20- CD38- B cell,GCST90001776,18,IVW,0.0223462960276398,0.0338457675657352,1.02259784473357,0.956962179272838,1.09273529790733,0.509100462934106,0.97772142636262
AVBLOCK,QC-filtered,CD24 on IgD- CD38dim B cell,GCST90001770,6,IVW,0.082893440292275,0.0566648181985885,1.08642603313929,0.972223460435256,1.21404345144517,0.143502096089489,0.97772142636262
AVBLOCK,QC-filtered,CD62L on granulocyte,GCST90001835,16,IVW,0.0219604668175783,0.0386045758510698,1.02220337271924,0.94771211230459,1.10254973175098,0.569453476794918,0.97772142636262
AVBLOCK,QC-filtered,CD28+ CD45RA- CD8+ T cell %T cell,GCST90001691,20,IVW,-0.000155931952225151,0.0275757562475334,0.99984408020453,0.94723845772112,1.05537119673657,0.995488245795933,0.999713379234862
AVBLOCK,QC-filtered,CD28- CD8+ T cell %T cell,GCST90001685,16,IVW,-0.0901466266802819,0.0394299631461822,0.913797188399524,0.845836369756455,0.987218487385813,0.0222398248395174,0.78125665804768
AVBLOCK,QC-filtered,Terminally Differentiated CD8+ T cell %T cell,GCST90001559,16,IVW,0.0404008214795413,0.023926680466151,1.04122803712521,0.993525577744481,1.09122084985158,0.0913103069616219,0.97772142636262
AVBLOCK,QC-filtered,BAFF-R on IgD- CD27- B cell,GCST90001711,15,IVW,0.0162052905003867,0.0316371401943965,1.0163373083858,0.955229642286667,1.08135413589575,0.608494513495284,0.97772142636262
AVBLOCK,QC-filtered,CD28 on CD45RA- CD4 not regulatory T cell,GCST90001891,13,IVW,0.0125413337647181,0.0279570563140849,1.01262030608511,0.958625782512702,1.06965606705066,0.653725439158797,0.97772142636262
AVBLOCK,QC-filtered,CD4 regulatory T cell %CD4+ T cell,GCST90001478,14,IVW,0.0100260353310512,0.0405404319854631,1.01007646441697,0.93292243992441,1.09361123744838,0.804668681075623,0.97772142636262
AVBLOCK,QC-filtered,CD28 on activated CD4 regulatory T cell,GCST90001902,16,IVW,-0.0686523674665625,0.0332442270038906,0.933651191198566,0.874755331915048,0.996512413268899,0.0389143524776909,0.78125665804768
AVBLOCK,QC-filtered,BAFF-R on CD20- B cell,GCST90001830,13,IVW,-0.023745127403651,0.0502355544627031,0.976534569944007,0.884965326223205,1.07757867798677,0.636444543987484,0.97772142636262
AVBLOCK,QC-filtered,CD11b on Granulocytic Myeloid-Derived Suppressor Cells,GCST90002092,1,Wald,0.0584213792413172,0.0749183264938445,1.06016163170615,0.915377673735819,1.22784585815256,0.435508070130292,0.97772142636262
AVBLOCK,QC-filtered,HVEM on Central Memory CD4+ T cell,GCST90001876,13,IVW,-0.00962271621117048,0.0232679774037926,0.990423433973798,0.946269419433091,1.03663772538706,0.679196011280749,0.97772142636262
AVBLOCK,QC-filtered,CD24 on CD24+ CD27+ B cell,GCST90001764,2,IVW,-0.0580497321035985,0.113228440069164,0.943603018906789,0.75580076594896,1.17807059400378,0.608176569587793,0.97772142636262
AVBLOCK,QC-filtered,CD3 on Effector Memory CD4+ T cell,GCST90001843,17,IVW,0.0167009385082321,0.0242152391896376,1.01684117880888,0.969707373014153,1.06626598053755,0.490390969120879,0.97772142636262
AVBLOCK,QC-filtered,CD3- lymphocyte %lymphocyte,GCST90001640,6,IVW,-0.0820205172005258,0.0794251372570007,0.921253056968739,0.788444086573293,1.07643295121011,0.301755052589885,0.97772142636262
AVBLOCK,QC-filtered,IgD+ CD38dim B cell %B cell,GCST90001393,14,IVW,0.119219136278256,0.0470351909104348,1.1266167738467,1.02739879079486,1.2354164385679,0.0112550233539804,0.681866831528645
AVBLOCK,QC-filtered,BAFF-R on IgD- CD38dim B cell,GCST90001714,3,IVW,0.154371242786767,0.0750752664253835,1.16692401849952,1.00724987460111,1.35191048347397,0.0397613429817939,0.78125665804768
AVBLOCK,QC-filtered,CD28 on CD28+ CD4-CD8- T cell,GCST90001895,3,IVW,-0.0604527163047969,0.105800056977271,0.941338277918341,0.765044843453431,1.15825596506776,0.567737729105975,0.97772142636262
AVBLOCK,QC-filtered,HLA DR on Hematopoietic Stem Cell,GCST90002107,3,IVW,-0.0416879263758786,0.0375351899749664,0.959169065236964,0.891137182490545,1.03239469049684,0.266725139334422,0.97772142636262
AVBLOCK,QC-filtered,Central Memory CD4-CD8- T cell Absolute Count,GCST90001563,2,IVW,0.0273405454480049,0.131643381835947,1.02771772777145,0.793993119848742,1.33024292222699,0.835473805396725,0.97772142636262
