Outcome,Immunophenotype,GWAS Catalog accession,Instruments,Method,OR,OR 95%CI lower,OR 95%CI upper,P,FDR
I9_LBBB,CD4+CD8+ T cell Absolute Count,GCST90001594,18,IVW,0.92554731614106,0.830325007598956,1.03168979204065,0.162480967615555,0.982405835569941
I9_LBBB,CD25 on CD45RA- CD4 not regulatory T cell,GCST90001933,26,IVW,1.00190485989233,0.954670064184775,1.05147672052863,0.938434942902496,0.987549834209795
I9_LBBB,HVEM on T cell,GCST90001871,25,IVW,0.985333665617622,0.935822224023568,1.0374646035068,0.574312959958819,0.984642438626707
I9_LBBB,CX3CR1 on CD14+ CD16+ monocyte,GCST90001996,34,IVW,0.967182732672967,0.914292227092922,1.02313287881171,0.244850529412473,0.982405835569941
I9_LBBB,CD33dim HLA DR+ CD11b+ Absolute Count,GCST90001525,26,IVW,0.976318898442587,0.923985045257059,1.0316169037032,0.393873612066551,0.984642438626707
I9_LBBB,CD45RA- CD4+ T cell %T cell,GCST90001536,26,IVW,0.982786295504622,0.958790594203328,1.00738253845122,0.168580371668275,0.982405835569941
I9_LBBB,CD45RA- CD4+ T cell %CD4+ T cell,GCST90001535,30,IVW,1.02585525223159,0.960788104833437,1.09532892136876,0.445150843639892,0.984642438626707
I9_LBBB,Memory B cell Absolute Count,GCST90001407,17,IVW,1.00542894600861,0.962806379198421,1.04993837526668,0.806470053895596,0.984642438626707
I9_LBBB,CD45RA on naive CD4+ T cell,GCST90002098,33,IVW,0.988424641728088,0.941186763173451,1.03803337509885,0.641220831894699,0.984642438626707
I9_LBBB,CD33 on Monocytic Myeloid-Derived Suppressor Cells,GCST90001952,21,IVW,0.983824322265958,0.944041327476453,1.0252838185267,0.43871825210171,0.984642438626707
I9_LBBB,CD33 on Immature Myeloid-Derived Suppressor Cells,GCST90001955,23,IVW,0.97652923975786,0.935827329240335,1.0190013972729,0.274207367363808,0.984642438626707
I9_LBBB,CD127 on CD8+ T cell,GCST90001927,25,IVW,0.958922677183754,0.883356180034624,1.04095349260048,0.316545071183287,0.984642438626707
I9_LBBB,CD28+ CD45RA+ CD8+ T cell %CD8+ T cell,GCST90001689,41,IVW,0.999266829730333,0.991248472967747,1.00735004817687,0.858385259531459,0.984642438626707
I9_LBBB,CD39+ CD4+ T cell Absolute Count,GCST90001660,29,IVW,0.975424547294248,0.930690927401316,1.0223082867272,0.298872136348449,0.984642438626707
I9_LBBB,CD33 on CD33dim HLA DR+ CD11b-,GCST90001949,22,IVW,1.01658252257693,0.974386614303684,1.06060572881268,0.44702859930392,0.984642438626707
I9_LBBB,Central Memory CD8+ T cell %CD8+ T cell,GCST90001549,31,IVW,1.01542783194112,0.933237523822763,1.10485664748781,0.722201848421151,0.984642438626707
I9_LBBB,CD64 on CD14- CD16+ monocyte,GCST90001990,20,IVW,1.06624140849435,0.974886018079139,1.16615760212465,0.160480603563365,0.982405835569941
I9_LBBB,CD33 on basophil,GCST90001954,22,IVW,0.99064526883331,0.958665346849691,1.02369200251868,0.574534596816339,0.984642438626707
I9_LBBB,CD4+ T cell Absolute Count,GCST90001590,24,IVW,1.00962947101576,0.948488570148145,1.07471159993456,0.7636547570479,0.984642438626707
I9_LBBB,Lymphocyte Absolute Count,GCST90001601,19,IVW,1.05464154145555,0.960376598708354,1.15815897894604,0.265420254258878,0.984642438626707
I9_LBBB,Naive-mature B cell Absolute Count,GCST90001409,23,IVW,1.01105886473483,0.959000219270582,1.06594347677668,0.683431363840533,0.984642438626707
I9_LBBB,CD3 on CD28- CD8+ T cell,GCST90001865,20,IVW,1.07512684523532,0.986055369718819,1.17224424595474,0.100644503567042,0.963734033871956
I9_LBBB,CD27 on CD20- CD38- B cell,GCST90001797,20,IVW,1.02273374283521,0.944642871052625,1.10728015929255,0.579093398592628,0.984642438626707
I9_LBBB,CD4 on HLA DR+ CD4+ T cell,GCST90001959,21,IVW,1.10651040589696,0.988604945834844,1.23847779997128,0.0782997889635103,0.963734033871956
I9_LBBB,CD20 on unswitched memory B cell,GCST90001760,22,IVW,1.03849004033341,0.97206008912479,1.10945977099286,0.262799153933298,0.984642438626707
I9_LBBB,T cell Absolute Count,GCST90001603,19,IVW,1.0125125979407,0.928694513313802,1.10389557200088,0.777900951766906,0.984642438626707
I9_LBBB,HLA DR+ CD4+ T cell %T cell,GCST90001625,25,IVW,0.992224391118805,0.902009320204776,1.09146238323522,0.872485715336208,0.984642438626707
I9_LBBB,B cell Absolute Count,GCST90001642,30,IVW,1.02812795120422,0.940147344726641,1.12434193424726,0.543342995761326,0.984642438626707
I9_LBBB,CD28+ CD45RA+ CD8dim T cell Absolute Count,GCST90001666,54,IVW,0.997884098136094,0.99123327295565,1.00457954800458,0.534718980108642,0.984642438626707
I9_LBBB,CD24 on IgD+ CD38+ B cell,GCST90001768,25,IVW,1.03556402751474,0.973693423156627,1.1013660250533,0.26620909727318,0.984642438626707
I9_LBBB,Resting CD4 regulatory T cell %CD4 regulatory T cell,GCST90001481,30,IVW,0.996170901139484,0.957476718014793,1.03642881921409,0.849464826376352,0.984642438626707
I9_LBBB,Secreting CD4 regulatory T cell %CD4 regulatory T cell,GCST90001493,31,IVW,0.973283900739563,0.92959936911266,1.01902129338044,0.247772177177012,0.982405835569941
I9_LBBB,Activated & resting CD4 regulatory T cell %CD4 regulatory T cell,GCST90001499,29,IVW,1.02266631401823,0.978175300561355,1.06918094254418,0.323327808652616,0.984642438626707
I9_LBBB,Activated & secreting CD4 regulatory T cell %CD4 regulatory T cell,GCST90001502,38,IVW,1.00449497051629,0.991981015669736,1.01716679034557,0.483177617446966,0.984642438626707
I9_LBBB,CD39+ activated CD4 regulatory T cell Absolute Count,GCST90001489,30,IVW,1.02872805678235,0.998319758709842,1.06006257572106,0.0642920089902603,0.963734033871956
I9_LBBB,FSC-A on Natural Killer,GCST90001969,18,IVW,1.011212131318,0.939529351139748,1.08836405513488,0.766297443733503,0.984642438626707
I9_LBBB,SSC-A on Natural Killer,GCST90002076,23,IVW,0.956609806474858,0.892017223049441,1.02587965590564,0.213621784936092,0.982405835569941
I9_LBBB,SSC-A on Natural Killer T,GCST90002084,20,IVW,0.96557248952596,0.92862514904868,1.00398985907767,0.0784137186669215,0.963734033871956
I9_LBBB,CD45RA- CD28- CD8+ T cell Absolute Count,GCST90001695,350,IVW,0.999994800648212,0.999971427739849,1.00001817410288,0.662836857705868,0.984642438626707
I9_LBBB,BAFF-R on IgD- CD38+ B cell,GCST90001713,15,IVW,0.985537946791,0.89253202037463,1.08823551692558,0.77331182835511,0.984642438626707
I9_LBBB,CD14 on CD14+ CD16+ monocyte,GCST90001983,15,IVW,0.949474743389906,0.845404143562041,1.06635660021362,0.381402996827215,0.984642438626707
I9_LBBB,CD20 on IgD+ CD24- B cell,GCST90001747,25,IVW,1.00603033022211,0.957107167280348,1.05745423284491,0.813139287222252,0.984642438626707
I9_LBBB,CD20 on IgD+ CD38dim B cell,GCST90001752,28,IVW,1.05422398685637,0.986523768412775,1.12657013449505,0.11891621511939,0.982284245304452
I9_LBBB,CD38 on naive-mature B cell,GCST90001816,26,IVW,1.02573453530139,0.96194641941762,1.09375253722233,0.437950202756167,0.984642438626707
I9_LBBB,IgD on IgD+ CD24+ B cell,GCST90001820,28,IVW,1.01073038697802,0.959009621766938,1.06524052728327,0.690439101563679,0.984642438626707
I9_LBBB,CD24 on IgD+ CD38- B cell,GCST90001766,22,IVW,0.99226796040729,0.938493904383356,1.04912317560313,0.784811892664141,0.984642438626707
I9_LBBB,Hematopoietic Stem Cell Absolute Count,GCST90001514,19,IVW,0.951769687688273,0.875167305004333,1.03507698839109,0.248220463253193,0.982405835569941
I9_LBBB,CCR2 on CD14+ CD16- monocyte,GCST90002004,27,IVW,1.0022375324189,0.968062504032894,1.03761902480936,0.899520565532382,0.984642438626707
I9_LBBB,Monocytic Myeloid-Derived Suppressor Cells Absolute Count,GCST90001530,19,IVW,1.03234772407506,0.973609308941692,1.09462986191186,0.286804814150175,0.984642438626707
I9_LBBB,CD3 on CD8+ T cell,GCST90001859,23,IVW,1.03766214961677,0.983001243765421,1.09536253751094,0.180561573668567,0.982405835569941
I9_LBBB,CD8+ Natural Killer T Absolute Count,GCST90001630,26,IVW,0.992140141819493,0.889485845113383,1.10664162495372,0.887392197832255,0.984642438626707
I9_LBBB,CD39+ resting CD4 regulatory T cell Absolute Count,GCST90001483,28,IVW,0.947302443643975,0.904245379821686,0.992409737178649,0.0225465435084573,0.694938946636203
I9_LBBB,CD39+ resting CD4 regulatory T cell %CD4 regulatory T cell,GCST90001485,36,IVW,1.01365483499285,0.999451645162805,1.02805986610489,0.0595902657408564,0.963734033871956
I9_LBBB,CD127 on CD45RA+ CD4+ T cell,GCST90001932,22,IVW,1.02861724052001,0.956586042468311,1.10607240804482,0.446215812056374,0.984642438626707
I9_LBBB,HVEM on naive CD8+ T cell,GCST90001872,21,IVW,1.02762124834877,0.98423677138485,1.07291808308691,0.215700848704729,0.982405835569941
I9_LBBB,HVEM on CD8+ T cell,GCST90001881,16,IVW,1.03066387957601,0.955941164056796,1.11122741922176,0.431539229454344,0.984642438626707
I9_LBBB,CD8 on CD28+ CD45RA+ CD8+ T cell,GCST90002119,22,IVW,0.966047161758689,0.891062280706663,1.04734218802517,0.402068635501515,0.984642438626707
I9_LBBB,CD14+ CD16- monocyte Absolute Count,GCST90001582,28,IVW,0.960185766127037,0.918003753923369,1.00430602983125,0.0763049767336887,0.963734033871956
I9_LBBB,IgD+ CD38+ B cell %lymphocyte,GCST90001429,25,IVW,1.06989626504755,0.986830519890659,1.1599540092148,0.101318607163605,0.963734033871956
I9_LBBB,PDL-1 on monocyte,GCST90002002,15,IVW,0.953921272042909,0.861571646484298,1.05616961394811,0.363846637430612,0.984642438626707
I9_LBBB,CD45 on HLA DR+ CD8+ T cell,GCST90001921,18,IVW,0.969035868909691,0.91372489637957,1.02769500858985,0.294199778649949,0.984642438626707
I9_LBBB,CD28- CD8dim T cell Absolute Count,GCST90001663,28,IVW,0.984835310554049,0.925028318405289,1.04850907763144,0.632607864202093,0.984642438626707
I9_LBBB,IgD+ CD38- B cell %B cell,GCST90001395,22,IVW,1.01363957127159,0.968583095318265,1.06079198100194,0.55923003390266,0.984642438626707
I9_LBBB,CD33+ HLA DR+ CD14dim Absolute Count,GCST90001520,28,IVW,0.995430107073132,0.953287374941692,1.03943587643572,0.835594501379438,0.984642438626707
I9_LBBB,CD4RA on Terminally Differentiated CD4+ T cell,GCST90002099,33,IVW,1.0199958690973,0.977017901218409,1.0648643916126,0.367363957728328,0.984642438626707
I9_LBBB,CD4 on CD45RA+ CD4+ T cell,GCST90002027,27,IVW,0.971713835879049,0.901471076785201,1.04742992110856,0.453535308043155,0.984642438626707
I9_LBBB,Activated CD4 regulatory T cell %CD4+ T cell,GCST90001488,19,IVW,0.958272350671199,0.891570778322352,1.02996410423951,0.246891689989405,0.982405835569941
I9_LBBB,Natural Killer %lymphocyte,GCST90001647,27,IVW,1.02527836168109,0.966395785028322,1.08774865869335,0.408083557363726,0.984642438626707
I9_LBBB,Unswitched memory B cell %lymphocyte,GCST90001432,22,IVW,0.945519002495938,0.859949302544437,1.03960335968145,0.247065343069151,0.982405835569941
I9_LBBB,CD4 on Effector Memory CD4+ T cell,GCST90002025,20,IVW,0.958662631543529,0.89498612030798,1.0268696019573,0.228638302396416,0.982405835569941
I9_LBBB,CD45RA+ CD28- CD8+ T cell Absolute Count,GCST90001698,719,IVW,0.999995304785021,0.999980478560743,1.00001013122912,0.534801728775124,0.984642438626707
I9_LBBB,CD62L on monocyte,GCST90001834,25,IVW,0.975966339813373,0.926855546734345,1.02767933989796,0.355740393216362,0.984642438626707
I9_LBBB,CX3CR1 on CD14- CD16+ monocyte,GCST90002012,18,IVW,1.0079482987917,0.93971813128296,1.08113245793185,0.824795768870624,0.984642438626707
I9_LBBB,CD4 on CD39+ activated CD4 regulatory T cell,GCST90002067,23,IVW,1.00810769495446,0.917777754022888,1.10732813055419,0.866113963390036,0.984642438626707
I9_LBBB,CD28+ CD45RA- CD8dim T cell %T cell,GCST90001667,28,IVW,0.977010896007887,0.954783524817838,0.999755720649088,0.047612867466804,0.963471329495949
I9_LBBB,CD4 on CD28+ CD4+ T cell,GCST90002062,21,IVW,0.962656347725855,0.880261488126072,1.05276358936216,0.404463637269573,0.984642438626707
I9_LBBB,CD3 on CD45RA+ CD4+ T cell,GCST90001858,32,IVW,1.09347557367713,1.04340053271065,1.14595382381323,0.000186671521712359,0.136456882371735
I9_LBBB,FSC-A on HLA DR+ T cell,GCST90001975,19,IVW,1.02099636979804,0.981892324816673,1.0616577406646,0.297008346250495,0.984642438626707
I9_LBBB,SSC-A on HLA DR+ CD8+ T cell,GCST90002086,24,IVW,0.983610400478437,0.916816847275586,1.05527011507734,0.645091877976689,0.984642438626707
I9_LBBB,CD28- CD127- CD25++ CD8+ T cell %T cell,GCST90001673,18,IVW,1.02974244635316,0.961112398886397,1.10327315207878,0.404919275917866,0.984642438626707
I9_LBBB,CD80 on granulocyte,GCST90002040,33,IVW,1.02879066223825,0.971611690079302,1.08933459479293,0.330609536114388,0.984642438626707
I9_LBBB,HLA DR+ CD8+ T cell Absolute Count,GCST90001627,34,IVW,0.994810002951608,0.943338458465596,1.04908999849567,0.847763291538614,0.984642438626707
I9_LBBB,HLA DR on CD14+ CD16+ monocyte,GCST90002007,19,IVW,0.994220877382424,0.957505161811516,1.03234446397445,0.762729119410012,0.984642438626707
I9_LBBB,BAFF-R on IgD+ CD38- naive B cell,GCST90001706,28,IVW,0.997963255562544,0.949093108648824,1.04934979548092,0.936564746106567,0.987549834209795
I9_LBBB,Transitional B cell %lymphocyte,GCST90001578,26,IVW,0.89600703354926,0.805603467781903,0.996555546589441,0.0430127758323,0.954921449513042
I9_LBBB,CD45 on CD8+ T cell,GCST90001917,26,IVW,1.00556228708711,0.987526690755914,1.02392727475331,0.548038782226092,0.984642438626707
I9_LBBB,CD19 on memory B cell,GCST90001736,24,IVW,1.06340494100058,0.987088818870376,1.14562139386664,0.105667057632634,0.963734033871956
I9_LBBB,CD33 on CD14+ monocyte,GCST90001946,21,IVW,1.00570108849181,0.965457901840535,1.04762173209772,0.784971518958297,0.984642438626707
I9_LBBB,BAFF-R on IgD- CD24- B cell,GCST90001710,22,IVW,0.986782767906677,0.927781056130639,1.04953666018856,0.672309516859249,0.984642438626707
I9_LBBB,FSC-A on lymphocyte,GCST90001971,17,IVW,0.985148163359088,0.921897421488515,1.05273849470451,0.65851478294706,0.984642438626707
I9_LBBB,FSC-A on T cell,GCST90001972,22,IVW,0.996778706832339,0.946810231221131,1.0493842985969,0.902137536827517,0.984642438626707
I9_LBBB,FSC-A on CD4+ T cell,GCST90001973,25,IVW,0.99764554510075,0.953790293417198,1.04351726006087,0.918141496387644,0.985145148811227
I9_LBBB,SSC-A on lymphocyte,GCST90002079,21,IVW,0.972732690334086,0.871051834617552,1.08628309962752,0.623581222963662,0.984642438626707
I9_LBBB,SSC-A on CD4+ T cell,GCST90002081,30,IVW,0.977832779773445,0.905853900248517,1.05553107950095,0.565541825118586,0.984642438626707
I9_LBBB,CD86 on monocyte,GCST90001905,16,IVW,1.00944571694441,0.941060372280754,1.08280051468728,0.792798567678439,0.984642438626707
I9_LBBB,CD86+ plasmacytoid Dendritic Cell %Dendritic Cell,GCST90001467,26,IVW,0.993446183308304,0.914005216952015,1.07979177889271,0.877109837473785,0.984642438626707
I9_LBBB,CD127- CD8+ T cell %T cell,GCST90001682,14,IVW,1.08903694371997,0.952381317592363,1.24530106048821,0.212469700881938,0.982405835569941
I9_LBBB,CD20 on IgD- CD24- B cell,GCST90001753,28,IVW,1.02349956353058,0.943695367785077,1.11005245157234,0.574927256066081,0.984642438626707
I9_LBBB,CD20 on IgD- CD27- B cell,GCST90001754,19,IVW,1.04012716542417,0.946329679802313,1.1432215889914,0.414534490412424,0.984642438626707
I9_LBBB,SSC-A on granulocyte,GCST90002078,25,IVW,0.955011987435391,0.900521287379646,1.01279992924897,0.124616127890363,0.982284245304452
I9_LBBB,CD28- CD4-CD8- T cell %CD4-CD8- T cell,GCST90001653,27,IVW,0.990949768970596,0.918181135392649,1.0694855369719,0.815267702930358,0.984642438626707
I9_LBBB,CD28+ CD4-CD8- T cell %CD4-CD8- T cell,GCST90001656,27,IVW,1.00913288575546,0.935029007340632,1.08910972078768,0.815267702930358,0.984642438626707
I9_LBBB,Naive CD8+ T cell Absolute Count,GCST90001551,28,IVW,0.996858778975311,0.981553380024577,1.01240283559032,0.6902327807811,0.984642438626707
I9_LBBB,CD28+ CD45RA+ CD8+ T cell Absolute Count,GCST90001690,59,IVW,1.00024950062014,0.991565823304869,1.00900922558646,0.955280322268249,0.987549834209795
I9_LBBB,CD127- CD8+ T cell %CD8+ T cell,GCST90001683,14,IVW,0.975491519596053,0.89950578845924,1.05789614365215,0.548691276874436,0.984642438626707
I9_LBBB,CD8 on CD28+ CD45RA- CD8+ T cell,GCST90002118,14,IVW,1.00765509264607,0.887525357279983,1.1440448178826,0.906270906734311,0.984642438626707
I9_LBBB,Naive CD8+ T cell %T cell,GCST90001553,29,IVW,0.994398850563872,0.980266261997836,1.00873518995488,0.441829881592901,0.984642438626707
I9_LBBB,CD28+ CD45RA+ CD8+ T cell %T cell,GCST90001688,110,IVW,1.000673242597,0.997004817054004,1.00435516591426,0.719469923033491,0.984642438626707
I9_LBBB,FSC-A on CD8+ T cell,GCST90001974,18,IVW,1.03714545537391,0.958862875941034,1.1218191073954,0.362357398765009,0.984642438626707
I9_LBBB,CD39+ CD4+ T cell %CD4+ T cell,GCST90001659,25,IVW,0.994661998366565,0.939567926042024,1.05298665862538,0.853935525536684,0.984642438626707
I9_LBBB,CD25++ CD45RA+ CD4 not regulatory T cell Absolute Count,GCST90001507,26,IVW,1.01209646236485,0.958741264896697,1.06842094591789,0.66345362608383,0.984642438626707
I9_LBBB,CD45RA on resting CD4 regulatory T cell,GCST90002102,29,IVW,1.00869676775814,0.976454139840296,1.04200405095537,0.601371750738844,0.984642438626707
I9_LBBB,CD8+ Natural Killer T %lymphocyte,GCST90001632,27,IVW,1.00551064806259,0.91037684805075,1.11058586950235,0.913701478369383,0.984642438626707
I9_LBBB,Granulocytic Myeloid-Derived Suppressor Cells Absolute Count,GCST90001524,21,IVW,1.0274234513776,0.958269528374806,1.10156789627959,0.446662136877331,0.984642438626707
I9_LBBB,CD19 on IgD- CD24- B cell,GCST90001731,23,IVW,0.991865301531341,0.906872529193574,1.08482366011978,0.858170646766096,0.984642438626707
I9_LBBB,CD19 on IgD- CD27- B cell,GCST90001732,26,IVW,1.03058114680658,0.946282762901519,1.12238914391352,0.489027070196782,0.984642438626707
I9_LBBB,Monocyte Absolute Count,GCST90001583,27,IVW,0.998673338544333,0.96007957681174,1.03881851172307,0.947361268022394,0.987549834209795
I9_LBBB,CCR2 on CD14+ CD16+ monocyte,GCST90001992,37,IVW,1.02317390107954,0.98588831067478,1.06186960583172,0.226430584636852,0.982405835569941
I9_LBBB,SSC-A on plasmacytoid Dendritic Cell,GCST90002072,26,IVW,0.977092692116282,0.896672683015118,1.06472534189039,0.596931274218793,0.984642438626707
I9_LBBB,CD3 on HLA DR+ CD4+ T cell,GCST90001849,26,IVW,1.02723244875581,0.954376887154803,1.10564968408094,0.474081078508206,0.984642438626707
I9_LBBB,CCR2 on granulocyte,GCST90002018,17,IVW,1.05228037006736,0.979621430214128,1.13032845452051,0.162719307886813,0.982405835569941
I9_LBBB,CD4 on CD4+ T cell,GCST90002022,22,IVW,0.919601478498927,0.855578855661597,0.988414888541724,0.0228160529675361,0.694938946636203
I9_LBBB,CD3 on CD39+ CD8+ T cell,GCST90001866,16,IVW,1.08860508963315,0.979764747552964,1.2095363138294,0.114191010857544,0.963734033871956
I9_LBBB,SSC-A on CD14+ monocyte,GCST90002074,23,IVW,0.983559563731249,0.91243029353254,1.06023377595442,0.665137885485945,0.984642438626707
I9_LBBB,CD4+ T cell %T cell,GCST90001591,23,IVW,0.946908145262531,0.872218921639041,1.02799310278617,0.193125398220955,0.982405835569941
I9_LBBB,CD28 on CD39+ secreting CD4 regulatory T cell,GCST90001888,21,IVW,1.02595905731792,0.954359632127808,1.10293012388407,0.487466894767936,0.984642438626707
I9_LBBB,Central Memory CD4+ T cell Absolute Count,GCST90001537,28,IVW,0.959066035709146,0.898637725400243,1.0235578085053,0.208123476679684,0.982405835569941
I9_LBBB,CD4 regulatory T cell %T cell,GCST90001479,16,IVW,0.916587169745164,0.829288339567122,1.01307591058134,0.0880825100238784,0.963734033871956
I9_LBBB,HLA DR on B cell,GCST90002116,22,IVW,0.980609251431578,0.925107098514488,1.0394412771638,0.51008487709808,0.984642438626707
I9_LBBB,CD16-CD56 on Natural Killer T,GCST90001883,28,IVW,1.05009235355508,0.984337217688236,1.1202400266695,0.138472875870187,0.982284245304452
I9_LBBB,CD45 on Granulocytic Myeloid-Derived Suppressor Cells,GCST90002047,18,IVW,1.01814569137066,0.955275848034902,1.08515320573536,0.58026851899019,0.984642438626707
I9_LBBB,Effector Memory CD4-CD8- T cell %T cell,GCST90001571,23,IVW,1.06552607878974,0.975886200829191,1.16339981405246,0.156897547603644,0.982405835569941
I9_LBBB,IgD+ B cell %B cell,GCST90001391,17,IVW,0.914863194549058,0.833736253679325,1.0038842152382,0.0603576051608469,0.963734033871956
I9_LBBB,CD11c+ monocyte %monocyte,GCST90001449,20,IVW,0.977200362089176,0.901690941114583,1.05903309451777,0.57404299611093,0.984642438626707
I9_LBBB,IgD on IgD+ CD38dim B cell,GCST90001825,22,IVW,1.01527746046952,0.965751744590416,1.06734295590074,0.552362176909648,0.984642438626707
I9_LBBB,CD4 on Terminally Differentiated CD4+ T cell,GCST90002026,24,IVW,0.943734156878365,0.866806333846814,1.02748921423585,0.181909176506687,0.982405835569941
I9_LBBB,CD80 on monocyte,GCST90002039,23,IVW,0.976488486099641,0.906740103411037,1.051602063147,0.529176065021408,0.984642438626707
I9_LBBB,CD38 on transitional B cell,GCST90001819,24,IVW,0.922805297686277,0.863633782989029,0.986030924462661,0.0174983648179177,0.694938946636203
I9_LBBB,CD8 on HLA DR+ CD8+ T cell,GCST90002060,25,IVW,1.0189113736582,0.968503076578663,1.07194330351281,0.469240433921163,0.984642438626707
I9_LBBB,CD28 on CD39+ CD8+ T cell,GCST90001897,20,IVW,0.994446664775891,0.953108980388487,1.03757722299585,0.797117535701303,0.984642438626707
I9_LBBB,BAFF-R on switched memory B cell,GCST90001718,19,IVW,0.973512662261862,0.915346474394484,1.03537505206552,0.393089402677874,0.984642438626707
I9_LBBB,HLA DR+ T cell%T cell,GCST90001619,31,IVW,1.03782229423361,0.991514756782488,1.0862925710793,0.110914423264356,0.963734033871956
I9_LBBB,HLA DR+ T cell%lymphocyte,GCST90001620,25,IVW,1.02592622632125,0.958850839022597,1.09769380076536,0.458113541709733,0.984642438626707
I9_LBBB,CD24 on transitional B cell,GCST90001774,20,IVW,0.96808918175822,0.875247650877349,1.07077883944944,0.528370367646561,0.984642438626707
I9_LBBB,Central Memory CD4+ T cell %CD4+ T cell,GCST90001538,32,IVW,1.00802160115132,0.97968440993031,1.03717844041221,0.582879951310693,0.984642438626707
I9_LBBB,CD39+ secreting CD4 regulatory T cell %secreting CD4 regulatory T cell,GCST90001496,28,IVW,0.965602168873417,0.912852305741385,1.02140022287154,0.221995197162006,0.982405835569941
I9_LBBB,CD86+ plasmacytoid Dendritic Cell Absolute Count,GCST90001466,20,IVW,0.981548063057512,0.884486249272885,1.08926125294087,0.725904716106791,0.984642438626707
I9_LBBB,CD45 on CD33+ HLA DR+ CD14dim,GCST90002043,16,IVW,0.978310747922028,0.918944947446524,1.04151170552625,0.492367235915254,0.984642438626707
I9_LBBB,Natural Killer T Absolute Count,GCST90001621,34,IVW,1.05241583124279,0.97719998582365,1.13342109897485,0.176896911251848,0.982405835569941
I9_LBBB,HLA DR+ Natural Killer %Natural Killer,GCST90001649,23,IVW,0.969523981069884,0.900339167768429,1.04402516687063,0.412566318190246,0.984642438626707
I9_LBBB,HLA DR+ Natural Killer  %CD3- lymphocyte,GCST90001650,23,IVW,0.997283463102314,0.927783520880674,1.07198962192524,0.941162970203778,0.987549834209795
I9_LBBB,IgD+ CD38+ B cell Absolute Count,GCST90001392,29,IVW,1.02256198461952,0.990234215587434,1.05594514502684,0.173436308061092,0.982405835569941
I9_LBBB,IgD- CD38+ B cell %B cell,GCST90001410,18,IVW,0.976446756451782,0.850815075145001,1.12062926015117,0.734457730735486,0.984642438626707
I9_LBBB,BAFF-R on IgD+ CD38+ B cell,GCST90001708,27,IVW,0.97402199603244,0.9305926043487,1.01947817371599,0.258032722885675,0.982405835569941
I9_LBBB,CD45RA+ CD28- CD8+ T cell %T cell,GCST90001700,206,IVW,0.999890375703474,0.999219670667249,1.00056153093625,0.74879409277129,0.984642438626707
I9_LBBB,CD8+ Natural Killer T %T cell,GCST90001631,27,IVW,1.02302532323527,0.932363133351453,1.12250342655508,0.630650680536015,0.984642438626707
I9_LBBB,PDL-1 on CD14+ CD16- monocyte,GCST90001993,15,IVW,1.00935668291279,0.882995657488231,1.15380059312953,0.891442530196389,0.984642438626707
I9_LBBB,CD64 on monocyte,GCST90002006,29,IVW,0.994670268160864,0.930447901344282,1.06332545963487,0.875301362269826,0.984642438626707
I9_LBBB,IgD on IgD+ CD38- unswitched memory B cell,GCST90001823,17,IVW,1.01821380144158,0.95645406744013,1.08396145799339,0.571808400287362,0.984642438626707
I9_LBBB,CD20- CD38- B cell %lymphocyte,GCST90001444,23,IVW,1.13507343899458,1.04695350886233,1.23061024296199,0.00212015196599576,0.425172615609278
I9_LBBB,CD3- lymphocyte %leukocyte,GCST90001641,20,IVW,1.01046199054119,0.933851990626226,1.0933568109051,0.795849227562413,0.984642438626707
I9_LBBB,CD4 regulatory T cell Absolute Count,GCST90001513,21,IVW,0.993460953246776,0.915781985272277,1.07772884976827,0.874506902315568,0.984642438626707
I9_LBBB,IgD on IgD+ CD38+ B cell,GCST90001824,25,IVW,0.996481013629488,0.933019292415868,1.06425924800863,0.916376585328852,0.985104829228516
I9_LBBB,IgD on transitional B cell,GCST90001828,32,IVW,1.01426679106397,0.950144998710855,1.08271592741211,0.670725174253595,0.984642438626707
I9_LBBB,CD25 on IgD- CD27- B cell,GCST90001786,21,IVW,1.03443573307946,0.940452057907565,1.13781162673241,0.486011723842316,0.984642438626707
I9_LBBB,CD25 on IgD- CD38- B cell,GCST90001787,22,IVW,1.01988050418476,0.966725311311137,1.07595842443127,0.471012797090017,0.984642438626707
I9_LBBB,CD28- CD25++ CD8+ T cell %CD8+ T cell,GCST90001677,25,IVW,0.970153328282638,0.891091388738935,1.05623002564289,0.484770671397072,0.984642438626707
I9_LBBB,CD33+ HLA DR+ CD14dim %CD33+ HLA DR+,GCST90001521,25,IVW,0.987284941034052,0.934381967478511,1.04318318280797,0.648809815408159,0.984642438626707
I9_LBBB,CD45 on Monocytic Myeloid-Derived Suppressor Cells,GCST90002049,17,IVW,1.08025763323368,1.01223628881855,1.15284994921658,0.0199908071697517,0.694938946636203
I9_LBBB,HLA DR++ monocyte %monocyte,GCST90001475,22,IVW,0.994449683502491,0.924702623716957,1.06945751818361,0.88075022037358,0.984642438626707
I9_LBBB,CD45 on HLA DR+ T cell,GCST90001918,18,IVW,0.995733894698888,0.936945855151303,1.05821055037605,0.890480363157626,0.984642438626707
I9_LBBB,CD28- CD127- CD25++ CD8+ T cell Absolute Count,GCST90001675,29,IVW,1.00526605591823,0.957028439526776,1.05593501869295,0.834179382270576,0.984642438626707
I9_LBBB,CD28- CD25++ CD8+ T cell Absolute Count,GCST90001678,25,IVW,0.967553775439901,0.914739371108427,1.02341753064988,0.249428565038111,0.982405835569941
I9_LBBB,CD14 on CD14+ CD16- monocyte,GCST90001986,16,IVW,0.989515996190399,0.891640468409556,1.09813533751244,0.842783355390911,0.984642438626707
I9_LBBB,CD80 on CD62L+ myeloid Dendritic Cell,GCST90002036,26,IVW,1.0113072105137,0.967462680675418,1.05713873461557,0.619035603981597,0.984642438626707
I9_LBBB,Secreting CD4 regulatory T cell Absolute Count,GCST90001492,23,IVW,1.02175896171999,0.995642498702668,1.04856047950488,0.103222314273523,0.963734033871956
I9_LBBB,CD66b on CD66b++ myeloid cell,GCST90001836,26,IVW,0.991864825540377,0.940239127907252,1.04632513468562,0.764542874609801,0.984642438626707
I9_LBBB,CD19 on IgD- CD38- B cell,GCST90001733,22,IVW,1.01933707649162,0.92671602146238,1.12121518506915,0.693532920002087,0.984642438626707
I9_LBBB,CD38 on IgD- CD38+ B cell,GCST90001814,14,IVW,1.00863977750698,0.981494272592988,1.03653605444034,0.536548843964544,0.984642438626707
I9_LBBB,CD39 on CD39+ CD8+ T cell,GCST90002029,23,IVW,0.99014414028714,0.9041644805406,1.08429985875887,0.830772723590766,0.984642438626707
I9_LBBB,Terminally Differentiated CD4-CD8- T cell Absolute Count,GCST90001572,22,IVW,0.993061798760082,0.969787100867399,1.01689508478155,0.565023889356748,0.984642438626707
I9_LBBB,FSC-A on Natural Killer T,GCST90001976,20,IVW,1.08266327902158,0.985134171142903,1.18984785024955,0.0991409531976296,0.963734033871956
I9_LBBB,CD19 on CD20- CD38- B cell,GCST90001722,19,IVW,1.03450265501782,0.945752890433384,1.13158072691537,0.458551948998514,0.984642438626707
I9_LBBB,CD20 on CD20- CD38- B cell,GCST90001744,16,IVW,1.00047755468949,0.913507968714667,1.09572699058755,0.991789870828286,0.995876916999282
I9_LBBB,CD27 on Plasma Blast-Plasma Cell,GCST90001807,19,IVW,1.02410284025123,0.940312470767255,1.11535969160855,0.584464790714334,0.984642438626707
I9_LBBB,CD62L on CD62L+ Dendritic Cell,GCST90001833,26,IVW,1.02166108080736,0.952264859878446,1.09611454545294,0.550428314768635,0.984642438626707
I9_LBBB,HLA DR on HLA DR+ CD4+ T cell,GCST90002114,22,IVW,1.01676786600163,0.933066927668745,1.10797721222044,0.70439659390367,0.984642438626707
I9_LBBB,IgD+ CD38- B cell Absolute Count,GCST90001396,17,IVW,1.05920515651062,0.952790955857443,1.17750442180577,0.286977809124422,0.984642438626707
I9_LBBB,IgD+ CD38- B cell %lymphocyte,GCST90001431,20,IVW,0.995979764751003,0.925918870982926,1.07134191005354,0.913800071807487,0.984642438626707
I9_LBBB,CD28 on CD28+ CD45RA+ CD8+ T cell,GCST90001896,15,IVW,0.967745798407725,0.90519194879626,1.03462247049504,0.336222132653039,0.984642438626707
I9_LBBB,SSC-A on B cell,GCST90002075,13,IVW,1.04444587012039,0.943490216197703,1.15620401450241,0.40177679128343,0.984642438626707
I9_LBBB,IgD- CD27- B cell Absolute Count,GCST90001401,25,IVW,1.00891168753337,0.924145885274937,1.10145249733878,0.842924327781711,0.984642438626707
I9_LBBB,CD3 on CD39+ CD4+ T cell,GCST90001860,27,IVW,1.04536532395301,0.984602446077956,1.10987806792108,0.146469196632264,0.982284245304452
I9_LBBB,CD123 on plasmacytoid Dendritic Cell,GCST90001944,18,IVW,0.989956457006171,0.949550789992266,1.03208148220928,0.634946129825527,0.984642438626707
I9_LBBB,CD123 on CD62L+ plasmacytoid Dendritic Cell,GCST90001945,18,IVW,0.989989304789417,0.949588086539333,1.03210943512278,0.636009613438462,0.984642438626707
I9_LBBB,HLA DR on CD14- CD16-,GCST90002009,25,IVW,1.00427753496763,0.996350028645594,1.01226811687022,0.291128296879045,0.984642438626707
I9_LBBB,Central Memory CD4+ T cell %T cell,GCST90001539,24,IVW,1.00505099064646,0.922683055292796,1.09477191328595,0.908059236094052,0.984642438626707
I9_LBBB,FSC-A on CD14+ monocyte,GCST90001967,23,IVW,1.07505293720982,1.00692346366065,1.14779212076536,0.030268788437853,0.819499420298909
I9_LBBB,CD25 on CD39+ secreting CD4 regulatory T cell,GCST90001942,16,IVW,1.00231278191909,0.930810367021796,1.07930782508664,0.951216957590564,0.987549834209795
I9_LBBB,CD4+CD8+ T cell %T cell,GCST90001595,8,IVW,0.937896636328999,0.777115430353698,1.13194265108967,0.503969059491364,0.984642438626707
I9_LBBB,CD3 on CD39+ activated CD4 regulatory T cell,GCST90001854,26,IVW,1.0512821871709,0.993241545146326,1.11271446755685,0.0843544515702711,0.963734033871956
I9_LBBB,FSC-A on myeloid Dendritic Cell,GCST90001963,20,IVW,0.993303151657674,0.954646785602828,1.03352482402173,0.740052872263635,0.984642438626707
I9_LBBB,FSC-A on monocyte,GCST90001965,19,IVW,0.97363651500669,0.923341366819042,1.02667128043897,0.32349247621124,0.984642438626707
I9_LBBB,CD33+ HLA DR+ CD14- %CD33+ HLA DR+,GCST90001519,19,IVW,0.989424209379415,0.938129729290207,1.04352333748848,0.695462861132921,0.984642438626707
I9_LBBB,CD19 on IgD+ CD38- unswitched memory B cell,GCST90001728,22,IVW,0.988276364670361,0.956915854721148,1.02066463644359,0.473507254155615,0.984642438626707
I9_LBBB,CD25 on IgD+ CD24- B cell,GCST90001779,24,IVW,0.997544653475151,0.955788885836956,1.04112461488343,0.910280242841963,0.984642438626707
I9_LBBB,CD45RA- CD28- CD8+ T cell %T cell,GCST90001697,180,IVW,1.00034190032858,0.999513015566915,1.00117147247493,0.418936013214232,0.984642438626707
I9_LBBB,CD20 on IgD- CD38- B cell,GCST90001755,27,IVW,1.07281347566705,0.984926056766336,1.16854330907997,0.107025996350262,0.963734033871956
I9_LBBB,CD20 on switched memory B cell,GCST90001761,31,IVW,1.03015795476114,0.962312084130233,1.10278716152341,0.39266623113978,0.984642438626707
I9_LBBB,CD39 on CD39+ secreting CD4 regulatory T cell,GCST90002031,23,IVW,0.998614294795469,0.950099941886029,1.0496059054485,0.956477814802373,0.987549834209795
I9_LBBB,CD24+ CD27+ B cell %B cell,GCST90001417,26,IVW,0.978175019644152,0.917689225547681,1.04264749156753,0.49802942573644,0.984642438626707
I9_LBBB,CD4 on activated CD4 regulatory T cell,GCST90002066,24,IVW,0.980275708278402,0.932510586205053,1.03048745875515,0.434421222776442,0.984642438626707
I9_LBBB,CD4 on activated & secreting CD4 regulatory T cell,GCST90002070,32,IVW,0.987016599538417,0.944796412611076,1.03112348307085,0.557941370396983,0.984642438626707
I9_LBBB,CD33 on CD66b++ myeloid cell,GCST90001951,18,IVW,0.992464609703674,0.938079358604157,1.05000285154969,0.792503355474872,0.984642438626707
I9_LBBB,Effector Memory CD8+ T cell %CD8+ T cell,GCST90001555,24,IVW,0.995934698440109,0.957756961861575,1.03563426114813,0.838146526607863,0.984642438626707
I9_LBBB,CD45RA+ CD8+ T cell %CD8+ T cell,GCST90001561,27,IVW,1.00495801085508,0.978660042065591,1.03196264297273,0.71468659277775,0.984642438626707
I9_LBBB,HLA DR on CD33dim HLA DR+ CD11b+,GCST90002110,23,IVW,1.00926597494851,0.970147113646154,1.04996221074188,0.647451401474144,0.984642438626707
I9_LBBB,T cell %lymphocyte,GCST90001604,17,IVW,0.984455889258679,0.862452560309585,1.12371792084218,0.816479011149358,0.984642438626707
I9_LBBB,IgD+ CD24+ B cell Absolute Count,GCST90001412,23,IVW,1.03176453919678,0.928410902636294,1.14662382929919,0.561465149401789,0.984642438626707
I9_LBBB,CD33dim HLA DR- Absolute Count,GCST90001531,24,IVW,1.00005911852,0.972102459989586,1.02881978155442,0.996739353007426,0.996739353007426
I9_LBBB,Activated CD4 regulatory T cell Absolute Count,GCST90001486,15,IVW,1.02504533140494,0.96644057004917,1.08720387367597,0.410196157247682,0.984642438626707
I9_LBBB,CD28+ CD45RA- CD8dim T cell %CD8dim T cell,GCST90001668,28,IVW,1.00811797153891,0.963386099699826,1.05492683032939,0.726970208837921,0.984642438626707
I9_LBBB,CD19 on IgD+ B cell,GCST90001741,27,IVW,1.00248898735295,0.967174951049735,1.03909242963042,0.891928131154607,0.984642438626707
I9_LBBB,Naive CD8+ T cell %CD8+ T cell,GCST90001552,37,IVW,0.997942306297697,0.985024617367917,1.01102939879805,0.756660369228615,0.984642438626707
I9_LBBB,CD127 on CD28+ CD45RA+ CD8+ T cell,GCST90001929,21,IVW,1.01773108309201,0.936259676652698,1.10629196506116,0.679707895207186,0.984642438626707
I9_LBBB,CCR2 on monocyte,GCST90002017,25,IVW,1.07464557983182,0.98724506615778,1.16978363512784,0.0962336227377107,0.963734033871956
I9_LBBB,CD27 on IgD+ CD38- unswitched memory B cell,GCST90001801,23,IVW,0.987181675516431,0.937821057650314,1.03914030563259,0.62204112842288,0.984642438626707
I9_LBBB,CD45 on CD33- HLA DR+,GCST90002046,25,IVW,1.01314285434018,0.986809638909712,1.04017877696722,0.331159925541417,0.984642438626707
I9_LBBB,Myeloid Dendritic Cell %Dendritic Cell,GCST90001459,26,IVW,1.03928037035598,0.957993007518796,1.12746510645702,0.353812154482319,0.984642438626707
I9_LBBB,Plasmacytoid Dendritic Cell %Dendritic Cell,GCST90001474,24,IVW,1.00194442043222,0.942667967974382,1.06494826995389,0.950218423384463,0.987549834209795
I9_LBBB,CD19 on IgD+ CD38+ B cell,GCST90001729,21,IVW,0.975335708604411,0.909180274211052,1.04630486545075,0.485873703202219,0.984642438626707
I9_LBBB,CD38 on IgD+ CD38dim B cell,GCST90001813,23,IVW,0.989232875718608,0.925060358017612,1.05785711593954,0.751735097741363,0.984642438626707
I9_LBBB,Terminally Differentiated CD4-CD8- T cell %CD4-CD8- T cell,GCST90001573,27,IVW,0.995256996262104,0.969319741960603,1.0218882848761,0.724175827519651,0.984642438626707
I9_LBBB,CD33+ HLA DR+ Absolute Count,GCST90001517,30,IVW,0.998537991740298,0.967859435342421,1.03018897635274,0.926780989648236,0.987549834209795
I9_LBBB,CD33+ HLA DR+ CD14- Absolute Count,GCST90001518,29,IVW,0.999245415470692,0.974627720120461,1.02448491842176,0.952703099045528,0.987549834209795
I9_LBBB,CD25 on resting CD4 regulatory T cell,GCST90001937,20,IVW,0.944154913582173,0.865271471425346,1.03022985303436,0.196721080348329,0.982405835569941
I9_LBBB,SSC-A on HLA DR+ T cell,GCST90002083,20,IVW,0.989812752756417,0.908837691953281,1.07800247964364,0.814096628227612,0.984642438626707
I9_LBBB,IgD- CD38dim B cell %B cell,GCST90001428,26,IVW,1.02147690333752,0.977738696755381,1.06717169680875,0.341244058752933,0.984642438626707
I9_LBBB,CD38 on CD20- B cell,GCST90001809,19,IVW,0.932117842233485,0.826098135586046,1.0517438962547,0.253837490115418,0.982405835569941
I9_LBBB,CD45 on CD33+ HLA DR+ CD14-,GCST90002042,18,IVW,1.0103293249315,0.934154414437606,1.0927158605048,0.797223742249256,0.984642438626707
I9_LBBB,Myeloid Dendritic Cell Absolute Count,GCST90001458,23,IVW,1.01516479666682,0.959601534832964,1.07394530644532,0.600217826725895,0.984642438626707
I9_LBBB,CD4 on naive CD4+ T cell,GCST90002024,20,IVW,1.07038918914137,0.988681685251794,1.1588492366367,0.0931460138405144,0.963734033871956
I9_LBBB,Terminally Differentiated CD4+ T cell %CD4+ T cell,GCST90001546,21,IVW,1.04798443051933,0.947843971972623,1.15870480700029,0.360371979251754,0.984642438626707
I9_LBBB,Terminally Differentiated CD4+ T cell %T cell,GCST90001547,26,IVW,1.03439479365944,0.983530781039742,1.08788927583806,0.188681191808431,0.982405835569941
I9_LBBB,CD24 on switched memory B cell,GCST90001773,38,IVW,1.00792897708777,0.964901758404518,1.05287487975257,0.72272644594186,0.984642438626707
I9_LBBB,Natural Killer T %T cell,GCST90001622,32,IVW,0.984653525420609,0.916904755317461,1.05740815444626,0.670676780787985,0.984642438626707
I9_LBBB,Natural Killer T %lymphocyte,GCST90001623,33,IVW,0.988710019785807,0.915864100122692,1.06734995191306,0.771220268116411,0.984642438626707
I9_LBBB,Memory B cell %B cell,GCST90001406,29,IVW,0.999781563955436,0.938090623449678,1.0655294388824,0.994635965383335,0.995998480404409
I9_LBBB,CD19 on IgD- CD38+ B cell,GCST90001734,18,IVW,0.991251107894308,0.896918598733896,1.09550494357985,0.86325826854922,0.984642438626707
I9_LBBB,HLA DR++ monocyte Absolute Count,GCST90001477,23,IVW,0.994315242800603,0.939287688199962,1.05256655068085,0.844401941633708,0.984642438626707
I9_LBBB,CD19 on IgD+ CD38- naive B cell,GCST90001727,19,IVW,0.995373398647521,0.953464810414931,1.03912403678952,0.832652783787707,0.984642438626707
I9_LBBB,CD28- CD4-CD8- T cell Absolute Count,GCST90001654,31,IVW,1.05206886687321,0.972453474736465,1.13820242242831,0.206136088558108,0.982405835569941
I9_LBBB,CD24+ CD27+ B cell Absolute Count,GCST90001418,26,IVW,0.991941009846095,0.951140579570381,1.0344916284183,0.705732247020328,0.984642438626707
I9_LBBB,CD62L- HLA DR++ monocyte Absolute Count,GCST90001454,19,IVW,1.0489296517848,0.939134126211692,1.17156153065336,0.397099628503781,0.984642438626707
I9_LBBB,CCR2 on plasmacytoid Dendritic Cell,GCST90002015,19,IVW,0.995297652429463,0.932248314762734,1.06261111041399,0.887738019980985,0.984642438626707
I9_LBBB,CCR2 on CD62L+ plasmacytoid Dendritic Cell,GCST90002016,19,IVW,0.995664882077626,0.932169017943837,1.06348584679348,0.897181834265031,0.984642438626707
I9_LBBB,CD33 on Granulocytic Myeloid-Derived Suppressor Cells,GCST90001950,20,IVW,1.03514687491492,0.975642729471193,1.09828015961018,0.252780107622181,0.982405835569941
I9_LBBB,CD40 on CD14- CD16+ monocyte,GCST90001989,27,IVW,0.995578258842397,0.954933437219658,1.03795304557093,0.834930111437714,0.984642438626707
I9_LBBB,CD39+ CD4+ T cell %T cell,GCST90001658,31,IVW,0.973553445710704,0.932348459874078,1.01657947907502,0.224463097109277,0.982405835569941
I9_LBBB,CD45 on basophil,GCST90002051,17,IVW,1.00351618653627,0.918200364338143,1.09675924313774,0.938281406686355,0.987549834209795
I9_LBBB,CD25 on IgD+ CD38+ B cell,GCST90001783,13,IVW,0.990651406022772,0.890496263369881,1.10207111318025,0.862869493647428,0.984642438626707
I9_LBBB,CD14- CD16+ monocyte %monocyte,GCST90001584,23,IVW,0.949159279322031,0.875719581217086,1.02875778599244,0.204101529126618,0.982405835569941
I9_LBBB,CD16+ monocyte %monocyte,GCST90001587,22,IVW,0.952976436428688,0.86535740114454,1.04946706087816,0.327675163417769,0.984642438626707
I9_LBBB,Secreting CD4 regulatory T cell %CD4+ T cell,GCST90001494,26,IVW,1.00056947750108,0.980754078173618,1.02078523208503,0.955513118213524,0.987549834209795
I9_LBBB,CD3 on CD45RA- CD4+ T cell,GCST90001845,28,IVW,1.0562341475468,0.992542483556239,1.12401291927239,0.0846886978928937,0.963734033871956
I9_LBBB,CD24 on IgD- CD38- B cell,GCST90001769,29,IVW,0.980840662106351,0.933307713480552,1.03079444276046,0.445287795387903,0.984642438626707
I9_LBBB,CD3 on Effector Memory CD8+ T cell,GCST90001839,20,IVW,1.06841884380764,0.98163205212447,1.16287851780386,0.125745033380293,0.982284245304452
I9_LBBB,CD62L- myeloid Dendritic Cell Absolute Count,GCST90001468,16,IVW,1.03069788604963,0.92718376390061,1.14576869620536,0.575526960792778,0.984642438626707
I9_LBBB,CD62L- myeloid Dendritic Cell %Dendritic Cell,GCST90001469,24,IVW,0.98911469419975,0.932843955153388,1.04877978023773,0.71417799105829,0.984642438626707
I9_LBBB,CD62L- CD86+ myeloid Dendritic Cell Absolute Count,GCST90001472,19,IVW,1.04033128912798,0.977010335555842,1.10775613292049,0.217173029751302,0.982405835569941
I9_LBBB,CD62L- CD86+ myeloid Dendritic Cell %Dendritic Cell,GCST90001473,18,IVW,1.02780411615971,0.956219829375085,1.10474732769892,0.456530157312671,0.984642438626707
I9_LBBB,CD45 on Natural Killer,GCST90001911,30,IVW,1.02976105405747,0.958505736710622,1.10631349176129,0.422779861566599,0.984642438626707
I9_LBBB,SSC-A on monocyte,GCST90002073,23,IVW,0.983129956630033,0.925185563733061,1.0447034081719,0.583036272919896,0.984642438626707
I9_LBBB,CD25++ CD45RA- CD4 not regulatory T cell %CD4+ T cell,GCST90001511,24,IVW,1.03450359589436,0.98406625835269,1.08752604901813,0.183464601571634,0.982405835569941
I9_LBBB,CD27 on T cell,GCST90001799,21,IVW,1.0340957501606,0.98935976126622,1.08085457117401,0.137303882312928,0.982284245304452
I9_LBBB,CD20 on naive-mature B cell,GCST90001759,23,IVW,1.01536847320586,0.967078270289609,1.06607000493523,0.53956187496348,0.984642438626707
I9_LBBB,CD39+ activated CD4 regulatory T cell %CD4 regulatory T cell,GCST90001491,23,IVW,1.01733896422949,0.973489325457222,1.06316375647306,0.444431866342172,0.984642438626707
I9_LBBB,CD39+ secreting CD4 regulatory T cell Absolute Count,GCST90001495,26,IVW,0.997661130180502,0.94713074428351,1.05088736341886,0.929637825951766,0.987549834209795
I9_LBBB,CD4 on CD39+ CD4+ T cell,GCST90002061,27,IVW,0.974286746119706,0.909044817111921,1.04421107276128,0.461343041471672,0.984642438626707
I9_LBBB,HLA DR+ CD4+ T cell Absolute Count,GCST90001624,24,IVW,1.02195759145225,0.973001850855214,1.07337649749475,0.385821738985509,0.984642438626707
I9_LBBB,CD25++ CD8+ T cell %T cell,GCST90001679,17,IVW,1.04941983471402,0.95626388273266,1.15165072045191,0.309121202256324,0.984642438626707
I9_LBBB,CD25++ CD8+ T cell %CD8+ T cell,GCST90001680,22,IVW,1.0569338080494,0.970534730849225,1.15102431586381,0.203152801662128,0.982405835569941
I9_LBBB,CD27 on IgD- CD38+ B cell,GCST90001803,15,IVW,1.05643076781313,0.895739630597274,1.24594907834777,0.514341681164942,0.984642438626707
I9_LBBB,CD8 on Terminally Differentiated CD8+ T cell,GCST90002057,17,IVW,1.02373969213462,0.942934382620466,1.1114696595741,0.575957403530102,0.984642438626707
I9_LBBB,Plasma Blast-Plasma Cell Absolute Count,GCST90001405,24,IVW,0.998787132930759,0.954275653968069,1.04537481676277,0.958388362880036,0.98808972167928
I9_LBBB,CD66b++ myeloid cell Absolute Count,GCST90001529,16,IVW,0.942554492754377,0.872696883657743,1.01800406125878,0.132112463351817,0.982284245304452
I9_LBBB,CD11c+ CD62L- monocyte %monocyte,GCST90001453,18,IVW,1.01488856903416,0.911739034620435,1.12970791909222,0.786960636535146,0.984642438626707
I9_LBBB,BAFF-R on IgD+ CD24- B cell,GCST90001704,22,IVW,0.982392244943867,0.939252182117601,1.02751374050576,0.438129305033721,0.984642438626707
I9_LBBB,BAFF-R on IgD+ CD38- B cell,GCST90001705,22,IVW,0.978072968465359,0.926237653379763,1.03280915880713,0.424856356477454,0.984642438626707
I9_LBBB,BAFF-R on IgD+ CD38dim B cell,GCST90001709,25,IVW,0.993277078544659,0.950758101248988,1.03769755258056,0.762496597675601,0.984642438626707
I9_LBBB,BAFF-R on naive-mature B cell,GCST90001716,23,IVW,0.978121852924311,0.930258971951893,1.02844733349969,0.387486624911887,0.984642438626707
I9_LBBB,BAFF-R on IgD+ B cell,GCST90001719,24,IVW,0.980304130092813,0.932675622885992,1.03036485986779,0.433727110099943,0.984642438626707
I9_LBBB,BAFF-R on transitional B cell,GCST90001720,24,IVW,0.981427188772631,0.934227062958736,1.03101201522856,0.455962526405122,0.984642438626707
I9_LBBB,BAFF-R on B cell,GCST90001829,21,IVW,0.977289335553784,0.929137501513336,1.02793660123668,0.372849907280358,0.984642438626707
I9_LBBB,HLA DR on plasmacytoid Dendritic Cell,GCST90002105,23,IVW,0.980533055247542,0.937511886486589,1.02552840800364,0.390453648211511,0.984642438626707
I9_LBBB,IgD- CD38+ B cell Absolute Count,GCST90001420,20,IVW,0.993562864037819,0.932299366120323,1.05885212483093,0.842354434634397,0.984642438626707
I9_LBBB,HLA DR on HLA DR+ CD8+ T cell,GCST90002115,20,IVW,1.04389137195933,0.950002180906329,1.14705967875939,0.371683401602726,0.984642438626707
I9_LBBB,CD27 on switched memory B cell,GCST90001808,30,IVW,1.01068949942078,0.948732672928802,1.07669240597143,0.741828730918338,0.984642438626707
I9_LBBB,CD4 on CD39+ secreting CD4 regulatory T cell,GCST90002069,23,IVW,1.00756332415183,0.960541396083191,1.0568871433501,0.757317077009258,0.984642438626707
I9_LBBB,Naive CD4-CD8- T cell Absolute Count,GCST90001566,18,IVW,0.967109209721862,0.837372198848211,1.11694683059138,0.649056841505594,0.984642438626707
I9_LBBB,Terminally Differentiated CD8+ T cell Absolute Count,GCST90001557,17,IVW,0.964697586375919,0.876097661977783,1.06225763810237,0.464644916141517,0.984642438626707
I9_LBBB,CD27 on IgD+ CD24+ B cell,GCST90001800,31,IVW,1.03138150680777,0.983045956845296,1.08209367545617,0.207037494471429,0.982405835569941
I9_LBBB,CD14- CD16+ monocyte Absolute Count,GCST90001579,18,IVW,0.985484597543501,0.928509209754122,1.04595612169819,0.630354156003012,0.984642438626707
I9_LBBB,CD14+ CD16- monocyte %monocyte,GCST90001586,24,IVW,1.0302805805354,0.993234237535959,1.06870870386195,0.110344399771795,0.963734033871956
I9_LBBB,HVEM on Terminally Differentiated CD8+ T cell,GCST90001874,25,IVW,0.997472874878818,0.946223497152871,1.05149802252086,0.925089646749769,0.987549834209795
I9_LBBB,Resting CD4 regulatory T cell %CD4+ T cell,GCST90001482,33,IVW,0.99154414029451,0.955437310940805,1.02901547897923,0.653653220578712,0.984642438626707
I9_LBBB,CD25 on IgD+ CD38- naive B cell,GCST90001781,25,IVW,0.981443306053055,0.93540835581003,1.02974380869436,0.444750161909946,0.984642438626707
I9_LBBB,CD28 on CD4+ T cell,GCST90001898,27,IVW,0.985408468735349,0.962677917283174,1.00867572925713,0.217014184939184,0.982405835569941
I9_LBBB,Plasma Blast-Plasma Cell %B cell,GCST90001404,27,IVW,1.00511081428805,0.945952120369837,1.06796922089863,0.869169761833656,0.984642438626707
I9_LBBB,Plasma Blast-Plasma Cell %lymphocyte,GCST90001435,18,IVW,1.00807445855774,0.969460021244243,1.04822694255328,0.686534224527884,0.984642438626707
I9_LBBB,TCRgd T cell Absolute Count,GCST90001615,19,IVW,1.03141340773825,0.950156909659949,1.11961888278323,0.46004050908994,0.984642438626707
I9_LBBB,TCRgd T cell %T cell,GCST90001616,18,IVW,1.03706466460051,0.960612148838443,1.11960182875414,0.351597548412635,0.984642438626707
I9_LBBB,TCRgd T cell %lymphocyte,GCST90001617,20,IVW,1.02629388259099,0.981219151501027,1.07343923305251,0.257373054075544,0.982405835569941
I9_LBBB,CD25 on CD24+ CD27+ B cell,GCST90001777,24,IVW,0.999421036464008,0.973967391668958,1.02553988631509,0.964905302405883,0.98808972167928
I9_LBBB,Plasmacytoid Dendritic Cell Absolute Count,GCST90001460,30,IVW,1.04050441065002,0.998401932978743,1.08438234424493,0.0595503729950737,0.963734033871956
I9_LBBB,CD4+ CD8dim T cell %lymphocyte,GCST90001610,19,IVW,0.988311123731792,0.881090649071355,1.10857932531854,0.840951176928313,0.984642438626707
I9_LBBB,CD4+ CD8dim T cell %leukocyte,GCST90001611,14,IVW,1.04171691526379,0.925631307147094,1.1723610936317,0.497770160750724,0.984642438626707
I9_LBBB,CD19 on Plasma Blast-Plasma Cell,GCST90001739,23,IVW,0.95418451152744,0.864936957503908,1.05264097474381,0.349247513553778,0.984642438626707
I9_LBBB,SSC-A on myeloid Dendritic Cell,GCST90002071,18,IVW,0.995051211063419,0.961202931841219,1.03009144046425,0.778739747127369,0.984642438626707
I9_LBBB,CD3 on Terminally Differentiated CD8+ T cell,GCST90001840,23,IVW,0.991431238784,0.920427707029738,1.06791211708387,0.820439297036732,0.984642438626707
I9_LBBB,CD66b on Granulocytic Myeloid-Derived Suppressor Cells,GCST90001837,22,IVW,0.993892536405075,0.933192764346429,1.05854054131415,0.848885796245804,0.984642438626707
I9_LBBB,Central Memory CD8+ T cell %T cell,GCST90001550,22,IVW,0.972926045064051,0.88257965718864,1.07252085571428,0.580954371466104,0.984642438626707
I9_LBBB,CD33 on CD33dim HLA DR+ CD11b+,GCST90001948,22,IVW,1.00974052755749,0.967688368932669,1.05362011751433,0.655141362274479,0.984642438626707
I9_LBBB,IgD on unswitched memory B cell,GCST90001826,22,IVW,0.988361143830524,0.931333263602698,1.04888098472418,0.699427000024683,0.984642438626707
I9_LBBB,CD19 on naive-mature B cell,GCST90001737,29,IVW,0.9881173392729,0.951241165161574,1.02642306907094,0.537883184641161,0.984642438626707
I9_LBBB,Terminally Differentiated CD4-CD8- T cell %T cell,GCST90001574,24,IVW,0.993758995066044,0.972037496145992,1.01596589040054,0.57873951934225,0.984642438626707
I9_LBBB,CCR2 on monocyte,GCST90002008,24,IVW,1.01319423213144,0.972705063127412,1.05536877614664,0.528715127874035,0.984642438626707
I9_LBBB,CD4+ CD8dim T cell Absolute Count,GCST90001609,15,IVW,1.0628849925999,0.976981569423817,1.15634167813458,0.156075649325203,0.982405835569941
I9_LBBB,CD39 on CD39+ CD4+ T cell,GCST90002032,20,IVW,0.994811889074083,0.933086244186787,1.06062081700246,0.873542699439073,0.984642438626707
I9_LBBB,CD39+ resting CD4 regulatory T cell %resting CD4 regulatory T cell,GCST90001484,28,IVW,1.02497188229782,0.963771129375241,1.09005896470687,0.432320597019733,0.984642438626707
I9_LBBB,CD39+ secreting CD4 regulatory T cell %CD4 regulatory T cell,GCST90001497,22,IVW,0.97103096761152,0.918794690393663,1.02623703632481,0.297412733169273,0.984642438626707
I9_LBBB,CD28 on CD39+ CD4+ T cell,GCST90001892,17,IVW,1.00067443604306,0.928161098603131,1.07885293669074,0.985984430819179,0.991409379544456
I9_LBBB,CD39 on CD39+ activated CD4 regulatory T cell,GCST90002030,22,IVW,0.954383594798011,0.882605249045395,1.03199935305702,0.241835920798815,0.982405835569941
I9_LBBB,CD14 on Monocytic Myeloid-Derived Suppressor Cells,GCST90002019,25,IVW,0.99802535979218,0.954597205025496,1.04342922181687,0.930607910816073,0.987549834209795
I9_LBBB,CD40 on CD14+ CD16- monocyte,GCST90001980,23,IVW,0.98706251744523,0.932065512499019,1.04530464895443,0.65618168675525,0.984642438626707
I9_LBBB,CD40 on monocytes,GCST90001985,29,IVW,0.995237565040727,0.965325262664037,1.02607675275657,0.759139033883642,0.984642438626707
I9_LBBB,HVEM on Terminally Differentiated CD4+ T cell,GCST90001879,26,IVW,1.00360271358575,0.953235719607136,1.05663099483073,0.891113770230987,0.984642438626707
I9_LBBB,CD11c+ CD62L- monocyte Absolute Count,GCST90001452,22,IVW,1.05374118374607,0.993468357076933,1.11767070829472,0.0815198148506092,0.963734033871956
I9_LBBB,CD8dim Natural Killer T Absolute Count,GCST90001633,27,IVW,0.963183560273761,0.903906088599405,1.02634840331603,0.247072069599686,0.982405835569941
I9_LBBB,CD8dim Natural Killer T %lymphocyte,GCST90001635,26,IVW,0.970948300400256,0.898167754117449,1.04962641747977,0.458313747351668,0.984642438626707
I9_LBBB,Activated CD4 regulatory T cell %CD4 regulatory T cell,GCST90001487,28,IVW,1.02364537321378,0.966819849639726,1.0838108573096,0.422546173659977,0.984642438626707
I9_LBBB,CD25 on IgD+ CD24+ B cell,GCST90001778,26,IVW,1.02257709747323,0.984782840594504,1.06182183236004,0.245258156146996,0.982405835569941
I9_LBBB,CD25 on IgD+ CD38- unswitched memory B cell,GCST90001782,24,IVW,1.02128492968988,0.984822472320086,1.05909738752658,0.256176739289541,0.982405835569941
I9_LBBB,CD25++ CD45RA+ CD4 not regulatory T cell %CD4+ T cell,GCST90001508,32,IVW,0.983722078402229,0.950591758652991,1.01800706636387,0.347756065050437,0.984642438626707
I9_LBBB,CD25++ CD45RA+ CD4 not regulatory T cell %T cell,GCST90001509,27,IVW,0.981559347495993,0.945411758520302,1.01908903075704,0.330920874418877,0.984642438626707
I9_LBBB,CD25 on CD45RA+ CD4 not regulatory T cell,GCST90001934,22,IVW,0.992745546614633,0.947633203567393,1.04000547533906,0.758958856600824,0.984642438626707
I9_LBBB,Activated & secreting CD4 regulatory T cell Absolute Count,GCST90001501,22,IVW,1.02601539345417,1.0006409914302,1.05203324331166,0.0444149511401415,0.954921449513042
I9_LBBB,CD4 on CD4 regulatory T cell,GCST90002063,29,IVW,0.978855412187541,0.927837849278333,1.03267819771967,0.433888117687118,0.984642438626707
I9_LBBB,CD4 on secreting CD4 regulatory T cell,GCST90002068,28,IVW,0.98209450755644,0.919636365650588,1.04879456467578,0.589934119143451,0.984642438626707
I9_LBBB,CD27 on CD20- B cell,GCST90001796,16,IVW,1.0317681827758,0.967566721507762,1.10022963721777,0.340025149710081,0.984642438626707
I9_LBBB,CCR2 on myeloid Dendritic Cell,GCST90002013,14,IVW,0.993714320031019,0.943737488271602,1.04633773915583,0.810714832949785,0.984642438626707
I9_LBBB,CD19 on CD24+ CD27+ B cell,GCST90001723,29,IVW,1.01457536411032,0.954367809513629,1.07858119186164,0.642932141926628,0.984642438626707
I9_LBBB,HLA DR+ CD8+ T cell %T cell,GCST90001628,30,IVW,1.00137279189889,0.946693512650428,1.05921024593061,0.961807874025002,0.98808972167928
I9_LBBB,CD16-CD56 on Natural Killer,GCST90001884,28,IVW,0.979609502649241,0.910862583734209,1.05354506246874,0.578936424232539,0.984642438626707
I9_LBBB,CD45 on CD33- HLA DR-,GCST90002045,14,IVW,0.992442469069745,0.909919022320903,1.08245022936326,0.864007112093436,0.984642438626707
I9_LBBB,CD33dim HLA DR+ CD11b- Absolute Count,GCST90001527,28,IVW,1.01348452676403,0.969433296906253,1.05953745272423,0.554668373587064,0.984642438626707
I9_LBBB,IgD- CD38dim B cell %lymphocyte,GCST90001426,23,IVW,0.933060666417459,0.868948768356806,1.00190280361604,0.0564353080245625,0.963734033871956
I9_LBBB,Central Memory CD4-CD8- T cell %T cell,GCST90001565,16,IVW,0.967138277854814,0.887911813377892,1.05343394963244,0.443524916903883,0.984642438626707
I9_LBBB,Activated & secreting CD4 regulatory T cell %CD4+ T cell,GCST90001503,32,IVW,1.00073399579581,0.984345134252738,1.01739572380952,0.930598190274951,0.987549834209795
I9_LBBB,IgD+ CD38dim B cell %lymphocyte,GCST90001430,33,IVW,0.980047088425771,0.944409804734862,1.01702914425109,0.286203653406617,0.984642438626707
I9_LBBB,Effector Memory CD4-CD8- T cell %CD4-CD8- T cell,GCST90001570,29,IVW,0.998542192413354,0.970819464142023,1.02705657113175,0.919109427481884,0.985145148811227
I9_LBBB,Effector Memory CD4-CD8- T cell Absolute Count,GCST90001569,19,IVW,1.00539075578183,0.898301845450959,1.12524601494515,0.925456777669361,0.987549834209795
I9_LBBB,CX3CR1 on monocyte,GCST90001995,26,IVW,1.00332086654783,0.913481145645624,1.10199621092213,0.944774357489131,0.987549834209795
I9_LBBB,CX3CR1 on CD14+ CD16- monocyte,GCST90001997,27,IVW,1.04120770258905,0.947636287997042,1.14401853713537,0.40062230882438,0.984642438626707
I9_LBBB,CD20 on transitional B cell,GCST90001763,22,IVW,1.01108286216997,0.977389578323664,1.04593764538308,0.523859508565863,0.984642438626707
I9_LBBB,CD25 on CD39+ CD4+ T cell,GCST90001961,23,IVW,1.00623309143878,0.954070434893383,1.0612476786576,0.819030655295847,0.984642438626707
I9_LBBB,CD20 on IgD+ CD38+ B cell,GCST90001751,26,IVW,0.972373617283361,0.910151862758958,1.0388491088977,0.406342536283226,0.984642438626707
I9_LBBB,CD14+ CD16+ monocyte Absolute Count,GCST90001580,20,IVW,0.977354953533747,0.884575737215018,1.07986536936267,0.652632657531942,0.984642438626707
I9_LBBB,CD14+ CD16+ monocyte %monocyte,GCST90001585,25,IVW,0.926952096657238,0.85810227517889,1.00132608239283,0.054061235822544,0.963734033871956
I9_LBBB,CD45RA- CD28- CD8+ T cell %CD8+ T cell,GCST90001696,50,IVW,0.999176571670894,0.997944983878538,1.00040967939522,0.19050354985083,0.982405835569941
I9_LBBB,CD8 on CD39+ CD8+ T cell,GCST90002121,25,IVW,0.999222769374282,0.917591100226894,1.0881166377803,0.985733408322292,0.991409379544456
I9_LBBB,CCR2 on CD62L+ myeloid Dendritic Cell,GCST90002014,14,IVW,1.06730501434384,0.976270041641539,1.16682879229616,0.152139825350815,0.982405835569941
I9_LBBB,IgD on IgD+ CD24- B cell,GCST90001821,29,IVW,1.02663106633922,0.966400824584426,1.09061511493022,0.394189357794697,0.984642438626707
I9_LBBB,CD28+ CD4-CD8- T cell %T cell,GCST90001655,23,IVW,1.00930467967181,0.906763780658957,1.12344136161582,0.865451285831078,0.984642438626707
I9_LBBB,CD4+/CD8+ T cell,GCST90001589,15,IVW,1.07857611381294,0.974044671942635,1.19432554460535,0.145844956734739,0.982284245304452
I9_LBBB,CD8+ T cell %T cell,GCST90001593,23,IVW,0.960631977271687,0.895174014019978,1.03087643441839,0.264655714615007,0.984642438626707
I9_LBBB,CD8+ T cell %leukocyte,GCST90001607,17,IVW,1.01223399174828,0.904473480607466,1.13283327374341,0.832315130284692,0.984642438626707
I9_LBBB,CD38 on Plasma Blast-Plasma Cell,GCST90001817,15,IVW,1.02590316314735,0.927367509377472,1.13490853357829,0.619626495458959,0.984642438626707
I9_LBBB,CD3 on T cell,GCST90001851,31,IVW,1.06533392184287,1.01432546664355,1.11890749306007,0.0114647215114859,0.677394723562168
I9_LBBB,CD28- CD127- CD25++ CD8+ T cell %CD8+ T cell,GCST90001674,18,IVW,0.986717109545786,0.928987001873467,1.0480347435507,0.663762752952839,0.984642438626707
I9_LBBB,CD19 on IgD+ CD24+ B cell,GCST90001724,33,IVW,0.991152604836131,0.949480190694815,1.0346540093212,0.68510529119782,0.984642438626707
I9_LBBB,CD62L- plasmacytoid Dendritic Cell %Dendritic Cell,GCST90001471,18,IVW,0.952602904654206,0.882667628935014,1.02807927265954,0.211969960567825,0.982405835569941
I9_LBBB,SSC-A on HLA DR+ Natural Killer,GCST90002077,28,IVW,0.968066151414003,0.919039452232577,1.01970820864865,0.220962696198868,0.982405835569941
I9_LBBB,IgD+ CD38+ B cell %B cell,GCST90001447,25,IVW,1.07591358547657,1.00522117808541,1.15157745245464,0.0348425124403622,0.873756348899723
I9_LBBB,CD14 on CD33+ HLA DR+ CD14dim,GCST90002020,18,IVW,1.0132824811049,0.939909247551136,1.09238353510108,0.730797897966029,0.984642438626707
I9_LBBB,CD11c on myeloid Dendritic Cell,GCST90002087,30,IVW,0.993315918113894,0.945458698098957,1.04359557446811,0.790081924881079,0.984642438626707
I9_LBBB,CD27 on unswitched memory B cell,GCST90001806,30,IVW,1.02775158481035,0.947367335061208,1.1149564492974,0.510038850813035,0.984642438626707
I9_LBBB,CD8 on CD28- CD8+ T cell,GCST90002120,20,IVW,1.0492865421895,0.945059549828308,1.16500832970792,0.367406125688035,0.984642438626707
I9_LBBB,CD11b on CD33+ HLA DR+ CD14dim,GCST90002097,21,IVW,0.957787166052527,0.890856221935606,1.02974670083321,0.243245223250727,0.982405835569941
I9_LBBB,CD20 on IgD- CD38dim B cell,GCST90001757,34,IVW,1.03175177685063,1.00816842103424,1.05588680107873,0.00805918833564779,0.636999098907881
I9_LBBB,CD24 on memory B cell,GCST90001771,31,IVW,1.01170282271733,0.966657676922133,1.058847020957,0.616588318976398,0.984642438626707
I9_LBBB,CD4+CD8+ T cell %leukocyte,GCST90001608,22,IVW,0.97881639941542,0.87019996825118,1.10099009275994,0.721249513603138,0.984642438626707
I9_LBBB,CD25 on IgD- CD38dim B cell,GCST90001789,20,IVW,1.07587410170234,0.991876861682377,1.1669846605258,0.0778430071323675,0.963734033871956
I9_LBBB,CD8 on naive CD8+ T cell,GCST90002055,16,IVW,1.00658592586942,0.911305104702992,1.11182876177197,0.897054539769195,0.984642438626707
I9_LBBB,CD38 on IgD+ CD24- B cell,GCST90001811,17,IVW,0.992765068703753,0.897931665019336,1.09761412814988,0.887275118256748,0.984642438626707
I9_LBBB,CD8 on Natural Killer T,GCST90002059,18,IVW,0.994124738000786,0.917838738632429,1.0767512342938,0.884982499786652,0.984642438626707
I9_LBBB,CD19 on IgD+ CD38- B cell,GCST90001726,31,IVW,0.994394517423648,0.957602436100581,1.03260018876805,0.770106817559392,0.984642438626707
I9_LBBB,CD20 on B cell,GCST90001743,23,IVW,1.06248733004025,0.966590835780964,1.16789781643644,0.209144878634227,0.982405835569941
I9_LBBB,CD20 on IgD+ B cell,GCST90001762,20,IVW,1.00728710488057,0.958916371475085,1.05809780898609,0.772446997736672,0.984642438626707
I9_LBBB,HLA DR+ T cell Absolute Count,GCST90001618,30,IVW,1.02562619186585,0.977845697551084,1.07574138545135,0.298539130369432,0.984642438626707
I9_LBBB,HLA DR+ CD8+ T cell %lymphocyte,GCST90001629,30,IVW,1.01497746185249,0.940635813932824,1.09519458307814,0.701670858219805,0.984642438626707
I9_LBBB,Effector Memory CD8+ T cell Absolute Count,GCST90001554,24,IVW,0.999490115758847,0.952922816330812,1.04833305948761,0.983284285429647,0.991409379544456
I9_LBBB,CD8+ T cell Absolute Count,GCST90001592,21,IVW,1.03810428773541,0.99551112507899,1.08251980823332,0.0802007344166819,0.963734033871956
I9_LBBB,CD127- CD8+ T cell Absolute Count,GCST90001684,13,IVW,1.09262313099743,0.994080985531305,1.20093365004116,0.0662255638155397,0.963734033871956
I9_LBBB,CD28 on CD28+ CD4+ T cell,GCST90001894,27,IVW,0.987311561884876,0.966755385977406,1.00830482495428,0.234220539073197,0.982405835569941
I9_LBBB,CD45RA- CD4+ T cell Absolute Count,GCST90001534,16,IVW,1.00885199790036,0.959920577498993,1.06027767038738,0.728266370522572,0.984642438626707
I9_LBBB,CD27 on IgD- CD38- B cell,GCST90001802,31,IVW,1.04785964837215,0.98243582244374,1.11764027491931,0.155237516286079,0.982405835569941
I9_LBBB,CD64 on CD14+ CD16+ monocyte,GCST90002011,12,IVW,1.09820646888456,0.924094116843779,1.3051240412818,0.287480373253259,0.984642438626707
I9_LBBB,Switched memory B cell %B cell,GCST90001402,13,IVW,1.08571234869764,0.947617939966626,1.24393097091014,0.236088509908179,0.982405835569941
I9_LBBB,IgD- CD38- B cell %B cell,GCST90001445,12,IVW,1.16201060561259,0.99156532582242,1.36175460395027,0.0635482958857925,0.963734033871956
I9_LBBB,CD33 on CD33+ HLA DR+ CD14dim,GCST90001947,27,IVW,1.00368827651206,0.97122346166678,1.03723828363753,0.826295616784924,0.984642438626707
I9_LBBB,FSC-A on HLA DR+ Natural Killer,GCST90001970,20,IVW,1.02404438991379,0.96759639605003,1.08378546757184,0.411459707974,0.984642438626707
I9_LBBB,HLA DR on CD33dim HLA DR+ CD11b-,GCST90002111,18,IVW,1.01514102587542,0.960928283516804,1.0724122914188,0.591496790500734,0.984642438626707
I9_LBBB,CD33 on CD33+ HLA DR+,GCST90001956,23,IVW,0.990599214501728,0.954898633821428,1.02763452477087,0.614003771244865,0.984642438626707
I9_LBBB,CD33 on CD33+ HLA DR+ CD14-,GCST90001957,21,IVW,0.999333629019173,0.962047117220428,1.03806527166155,0.972590612237354,0.990200191567556
I9_LBBB,CD127 on T cell,GCST90001922,18,IVW,0.906129807985975,0.816867000403353,1.00514677238188,0.0624653783460124,0.963734033871956
I9_LBBB,CD8+ and CD8dim T cell %leukocyte,GCST90001614,15,IVW,0.978876120913873,0.864745243730069,1.1080702288251,0.735700928103177,0.984642438626707
I9_LBBB,CD45 on granulocyte,GCST90001913,15,IVW,0.928897568523553,0.852289542577797,1.0123915051207,0.093043013084262,0.963734033871956
I9_LBBB,IgD- CD27- B cell %B cell,GCST90001399,15,IVW,0.988016452328843,0.895572866461584,1.0900023288215,0.809911728201496,0.984642438626707
I9_LBBB,CD27 on CD24+ CD27+ B cell,GCST90001798,30,IVW,0.996859223287938,0.941162104351124,1.0558524471609,0.914599474456271,0.984642438626707
I9_LBBB,CD27 on IgD- CD38dim B cell,GCST90001804,31,IVW,1.02276383487508,0.980686206742958,1.06664685883825,0.293663922649325,0.984642438626707
I9_LBBB,CD27 on memory B cell,GCST90001805,25,IVW,1.00066477062733,0.961537246746234,1.04138449817006,0.973949249221821,0.99020431318658
I9_LBBB,HLA DR+ CD4+ T cell %lymphocyte,GCST90001626,21,IVW,0.883421712701477,0.78996760232975,0.987931555890112,0.0297921964112154,0.819499420298909
I9_LBBB,BAFF-R on IgD+ CD38- unswitched memory B cell,GCST90001707,19,IVW,1.01563321469562,0.954309050142106,1.08089808709175,0.625419886374809,0.984642438626707
I9_LBBB,CD25 on CD39+ activated CD4 regulatory T cell,GCST90001940,12,IVW,0.979380888141349,0.885252085303985,1.08351840111979,0.686122066939777,0.984642438626707
I9_LBBB,CD45RA+ CD8+ T cell %T cell,GCST90001562,35,IVW,0.999121958112686,0.987367138750605,1.01101672114193,0.884333516258942,0.984642438626707
I9_LBBB,CD25 on transitional B cell,GCST90001795,22,IVW,0.896529265737295,0.825350983541136,0.973845964143559,0.00965531409970407,0.641639509716698
I9_LBBB,CD4-CD8- T cell Absolute Count,GCST90001598,20,IVW,0.994314732527175,0.89784327769795,1.10115185119556,0.912809487023872,0.984642438626707
I9_LBBB,CD4-CD8- T cell %leukocyte,GCST90001613,20,IVW,1.02900296242618,0.972091550812342,1.08924627088571,0.324668397648799,0.984642438626707
I9_LBBB,PDL-1 on CD14- CD16+ monocyte,GCST90001999,19,IVW,0.968752708876765,0.902095857292604,1.04033490827978,0.382762263964711,0.984642438626707
I9_LBBB,Activated & resting CD4 regulatory T cell %CD4+ T cell,GCST90001500,27,IVW,0.948039435878697,0.884766608165926,1.01583713002497,0.129994027626117,0.982284245304452
I9_LBBB,CD45RA+ CD8+ T cell Absolute Count,GCST90001560,28,IVW,0.993286405381727,0.976174328589121,1.01069845233702,0.447397664878177,0.984642438626707
I9_LBBB,CD11b on CD33dim HLA DR-,GCST90002095,23,IVW,0.959502725743885,0.905164006915513,1.0171035013281,0.164575643676818,0.982405835569941
I9_LBBB,CD62L- HLA DR++ monocyte %monocyte,GCST90001455,12,IVW,0.879489456407504,0.774037484687223,0.999307810324621,0.0487666746803695,0.963471329495949
I9_LBBB,IgD- CD24- B cell %B cell,GCST90001413,18,IVW,1.00780463087937,0.926070004010279,1.09675312840673,0.857028835656226,0.984642438626707
I9_LBBB,IgD- CD24- B cell Absolute Count,GCST90001414,18,IVW,1.02038444313306,0.89529207440076,1.1629550194386,0.762332932665591,0.984642438626707
I9_LBBB,IgD- CD24- B cell %lymphocyte,GCST90001440,24,IVW,0.951050358370353,0.862409326615791,1.04880218272423,0.314686176956218,0.984642438626707
I9_LBBB,CD4-CD8- T cell %T cell,GCST90001599,15,IVW,1.10864174721232,0.98361368005151,1.24956225049414,0.0911489978080813,0.963734033871956
I9_LBBB,CD4-CD8- Natural Killer T Absolute Count,GCST90001636,10,IVW,0.979305437749972,0.826005173722387,1.16105706225151,0.809744193180643,0.984642438626707
I9_LBBB,CD4-CD8- Natural Killer T %T cell,GCST90001637,30,IVW,0.998305924029648,0.920341246699849,1.0828752069152,0.967400999487908,0.988515495977195
I9_LBBB,CD4-CD8- Natural Killer T %lymphocyte,GCST90001638,29,IVW,0.984424351147476,0.906970607438332,1.06849251252943,0.707312097900941,0.984642438626707
I9_LBBB,Naive CD4+ T cell %CD4+ T cell,GCST90001541,35,IVW,0.971694445988502,0.908161803236825,1.03967166753729,0.405239255103149,0.984642438626707
I9_LBBB,CD3 on Terminally Differentiated CD4+ T cell,GCST90001844,23,IVW,0.9950503696262,0.935582682109352,1.05829795380662,0.874600039530638,0.984642438626707
I9_LBBB,CD25 on IgD- CD38+ B cell,GCST90001788,20,IVW,0.967437141863639,0.869559501614171,1.07633189186008,0.542976483982414,0.984642438626707
I9_LBBB,CD20 on CD24+ CD27+ B cell,GCST90001745,29,IVW,0.990975451016237,0.924185913486304,1.06259176880582,0.798995364221403,0.984642438626707
I9_LBBB,CD8 on CD8+ T cell,GCST90002058,27,IVW,1.0758021315946,1.01499378587477,1.14025350938087,0.013842122346008,0.677394723562168
I9_LBBB,CD8dim T cell Absolute Count,GCST90001596,27,IVW,0.967629775564799,0.916828133527293,1.02124634740139,0.231728958432472,0.982405835569941
I9_LBBB,CD3 on Central Memory CD8+ T cell,GCST90001846,19,IVW,1.01366002656261,0.918626590962198,1.11852482778085,0.787060294184982,0.984642438626707
I9_LBBB,CD3 on HLA DR+ T cell,GCST90001847,27,IVW,0.988854574851735,0.934516989347794,1.04635162479779,0.697506716152382,0.984642438626707
I9_LBBB,HLA DR+ Natural Killer Absolute Count,GCST90001648,18,IVW,0.991739573690396,0.891672766756987,1.10303624680696,0.878514000548057,0.984642438626707
I9_LBBB,CD45 on HLA DR+ Natural Killer,GCST90001912,12,IVW,1.00840914120888,0.908106764939241,1.1197901340837,0.875511629948173,0.984642438626707
I9_LBBB,CD28+ CD45RA- CD8+ T cell %CD8+ T cell,GCST90001692,28,IVW,1.0027789726939,0.990641295720109,1.01506536464956,0.655129128511713,0.984642438626707
I9_LBBB,IgD+ CD24+ B cell %B cell,GCST90001411,20,IVW,0.940536081928179,0.839066669540056,1.0542763209671,0.292549789952368,0.984642438626707
I9_LBBB,CD20 on IgD+ CD38- B cell,GCST90001748,25,IVW,1.07974119054388,1.01164922228996,1.15241628508163,0.0209718545946892,0.694938946636203
I9_LBBB,CD20 on memory B cell,GCST90001758,28,IVW,1.10799632571206,1.03721864127155,1.18360373497186,0.00232652594040644,0.425172615609278
I9_LBBB,Lymphocyte %leukocyte,GCST90001602,22,IVW,0.995059481575293,0.936448573574751,1.05733875816925,0.872956979427041,0.984642438626707
I9_LBBB,CD45 on B cell,GCST90001910,15,IVW,1.02856216636312,0.982353646445058,1.07694426941058,0.229815606694093,0.982405835569941
I9_LBBB,CD25 on secreting CD4 regulatory T cell,GCST90001941,14,IVW,0.969590009971217,0.929462316335199,1.01145013726081,0.152128633408698,0.982405835569941
I9_LBBB,HLA DR on CD33+ HLA DR+ CD14dim,GCST90002109,20,IVW,0.965239738234596,0.902852043005012,1.03193846598187,0.299371042107471,0.984642438626707
I9_LBBB,IgD- CD27- B cell %lymphocyte,GCST90001433,18,IVW,0.943537345531005,0.844969820833135,1.05360298138684,0.301867781391012,0.984642438626707
I9_LBBB,CD45 on CD33dim HLA DR-,GCST90002050,18,IVW,0.979845262806877,0.910414364448755,1.05457116730183,0.587138079790682,0.984642438626707
I9_LBBB,CD45 on CD14+ monocyte,GCST90001909,17,IVW,0.982081550041488,0.915423100934408,1.05359387363876,0.614126650900027,0.984642438626707
I9_LBBB,CD28+ CD45RA- CD8dim T cell Absolute Count,GCST90001669,37,IVW,1.00248283924386,0.989826326650432,1.01530118559207,0.702063429799467,0.984642438626707
I9_LBBB,CD28+ CD4-CD8- T cell Absolute Count,GCST90001657,12,IVW,0.961889008640215,0.827203428432166,1.11850414679311,0.613653261486655,0.984642438626707
I9_LBBB,CD19 on CD20- B cell,GCST90001721,22,IVW,0.947619544849483,0.874417441488659,1.02694978299148,0.1896303080382,0.982405835569941
I9_LBBB,CD25 on IgD- CD24- B cell,GCST90001785,26,IVW,1.00327083742594,0.919041085448818,1.09522021285675,0.941815071158377,0.987549834209795
I9_LBBB,CD62L on CD62L+ plasmacytoid Dendritic Cell,GCST90001832,15,IVW,0.976190732676879,0.884840010644186,1.07697248666508,0.630719870714764,0.984642438626707
I9_LBBB,CD39+ CD8+ T cell %T cell,GCST90001670,20,IVW,0.954518435771048,0.877688539970398,1.03807376163022,0.27693714904898,0.984642438626707
I9_LBBB,CD39+ CD8+ T cell %CD8+ T cell,GCST90001671,21,IVW,0.963184952964422,0.898312024912076,1.03274277521542,0.291712425088617,0.984642438626707
I9_LBBB,CD39+ CD8+ T cell Absolute Count,GCST90001672,24,IVW,0.951319729017377,0.895736131426139,1.01035248558835,0.104226663293882,0.963734033871956
I9_LBBB,HVEM on CD4+ T cell,GCST90001875,20,IVW,0.929549815368742,0.88016788599548,0.98170232406832,0.00871407796043612,0.636999098907881
I9_LBBB,HVEM on CD45RA- CD4+ T cell,GCST90001880,19,IVW,1.01674989235209,0.972604129608412,1.06289939773771,0.463276526504917,0.984642438626707
I9_LBBB,Effector Memory CD8+ T cell %T cell,GCST90001556,15,IVW,1.04571920597536,0.99038042962516,1.10415010740833,0.10706008572118,0.963734033871956
I9_LBBB,CD3 on Natural Killer T,GCST90001848,17,IVW,0.99807827499273,0.921042371227146,1.08155745504437,0.962563844435787,0.98808972167928
I9_LBBB,CD45 on CD66b++ myelod cell,GCST90002048,16,IVW,0.993759970925622,0.924190758998333,1.06856606192908,0.865761648005577,0.984642438626707
I9_LBBB,Granulocyte Absolute Count,GCST90001651,24,IVW,1.05444494368742,0.937428230777822,1.18606854665067,0.377045627324424,0.984642438626707
I9_LBBB,Transitional B cell Absolute Count,GCST90001577,31,IVW,0.990270678066238,0.914864836162299,1.07189169052706,0.8088196530013,0.984642438626707
I9_LBBB,Granulocyte %leukocyte,GCST90001652,25,IVW,1.00890145818495,0.942087607508254,1.08045381789911,0.799880986651867,0.984642438626707
I9_LBBB,HLA DR on HLA DR+ Natural Killer,GCST90002117,28,IVW,1.00283963292581,0.992924767876092,1.01285350300806,0.575916165691778,0.984642438626707
I9_LBBB,Natural Killer %CD3- lymphocyte,GCST90001646,27,IVW,1.00062062194995,0.96102996332349,1.04184226016112,0.975969499666111,0.990880144799898
I9_LBBB,CD80 on myeloid Dendritic Cell,GCST90002035,26,IVW,1.00257908937502,0.942153062611655,1.06688060607235,0.935272054409016,0.987549834209795
I9_LBBB,CD45 on Immature Myeloid-Derived Suppressor Cells,GCST90002052,10,IVW,1.0148998912244,0.956773371528556,1.07655775114405,0.623068969581584,0.984642438626707
I9_LBBB,CD3 on HLA DR+ CD8+ T cell,GCST90001850,26,IVW,1.00803399600965,0.942831733253148,1.07774537202424,0.814563711255568,0.984642438626707
I9_LBBB,Resting CD4 regulatory T cell Absolute Count,GCST90001480,25,IVW,0.957452151520059,0.872806911419612,1.05030632830274,0.357214941673101,0.984642438626707
I9_LBBB,CD127 on CD28+ CD4+ T cell,GCST90001924,20,IVW,0.999220978428411,0.939431880492594,1.06281528705189,0.980249377899757,0.991409379544456
I9_LBBB,CD20 on IgD+ CD38- naive B cell,GCST90001749,18,IVW,0.955000020060482,0.873895190545295,1.04363206043786,0.309226330125904,0.984642438626707
I9_LBBB,CD25 on IgD+ CD38dim B cell,GCST90001784,23,IVW,1.03601127495749,0.987954526646527,1.08640563192952,0.144314112874577,0.982284245304452
I9_LBBB,CD25 on IgD+ B cell,GCST90001794,27,IVW,1.00307099864093,0.962742642242759,1.04508867081096,0.883560514635242,0.984642438626707
I9_LBBB,CD8dim T cell %T cell,GCST90001597,19,IVW,1.06899480344312,0.97716851495578,1.16945017394477,0.145398000132652,0.982284245304452
I9_LBBB,CD8dim T cell %leukocyte,GCST90001612,18,IVW,1.09406679608185,1.01471448619467,1.17962458462347,0.019271150796327,0.694938946636203
I9_LBBB,CD28- CD8dim T cell %T cell,GCST90001661,25,IVW,1.02892389614415,0.961759439960814,1.10077878112598,0.407730965499491,0.984642438626707
I9_LBBB,CD20- B cell %B cell,GCST90001419,19,IVW,1.00834674008142,0.922652372313361,1.10200025355541,0.854457044035273,0.984642438626707
I9_LBBB,CD20- B cell Absolute Count,GCST90001421,22,IVW,1.02787660628011,0.981895335953568,1.07601113789981,0.238984197263947,0.982405835569941
I9_LBBB,CD45RA on Terminally Differentiated CD8+ T cell,GCST90002101,14,IVW,1.04465882603043,0.9360061499852,1.16592403032879,0.435547971471362,0.984642438626707
I9_LBBB,CD3 on naive CD8+ T cell,GCST90001838,25,IVW,1.04277347423555,0.986260252835622,1.10252493238264,0.140661433377581,0.982284245304452
I9_LBBB,CD3 on CD28+ CD45RA+ CD8+ T cell,GCST90001864,25,IVW,1.07982820218131,1.00523880609359,1.15995218166852,0.0354587217597695,0.873756348899723
I9_LBBB,IgD+ B cell %Lymphocyte,GCST90001424,18,IVW,0.964924669763927,0.910555660008347,1.02254003704781,0.227549684196349,0.982405835569941
I9_LBBB,Naive-mature B cell %lymphocyte,GCST90001437,21,IVW,0.867546434199683,0.775087101142636,0.971035144802494,0.0134658652920527,0.677394723562168
I9_LBBB,IgD+ CD24- B cell %lymphocyte,GCST90001441,21,IVW,0.880924142778742,0.778811678770156,0.996424895111881,0.0436978570882314,0.954921449513042
I9_LBBB,IgD+ CD24- B cell %B cell,GCST90001415,18,IVW,1.02127776420438,0.956939509004493,1.08994169625554,0.525952801497903,0.984642438626707
I9_LBBB,CD19 on B cell,GCST90002028,24,IVW,1.03619823342912,0.974454333011297,1.10185438412863,0.256616578465091,0.982405835569941
I9_LBBB,CCR7 on naive CD4+ T cell,GCST90001907,24,IVW,1.02766154802659,0.980454900531099,1.07714108697946,0.255418687593746,0.982405835569941
I9_LBBB,CD28 on CD39+ activated CD4 regulatory T cell,GCST90001886,19,IVW,1.01916175137151,0.965551370952083,1.0757487449212,0.491165465723034,0.984642438626707
I9_LBBB,CD28 on activated & secreting CD4 regulatory T cell,GCST90001889,25,IVW,0.980990415966573,0.946603013342513,1.01662701539496,0.291784009338507,0.984642438626707
I9_LBBB,CD28 on CD4 regulatory T cell,GCST90001899,25,IVW,0.996309060274181,0.967875753932335,1.02557765245333,0.802342191725427,0.984642438626707
I9_LBBB,CD28 on activated CD4 regulatory T cell,GCST90001902,18,IVW,1.03010975215309,0.963364500604965,1.10147934744798,0.385412114041131,0.984642438626707
I9_LBBB,CD25 on activated CD4 regulatory T cell,GCST90001939,17,IVW,1.0480156223288,0.933300149759907,1.17683121011795,0.427823060782109,0.984642438626707
I9_LBBB,CD3 on CD39+ secreting CD4 regulatory T cell,GCST90001856,27,IVW,1.04326160182116,0.973166377238202,1.11840564500724,0.232677444930594,0.982405835569941
I9_LBBB,BAFF-R on CD20- CD38- B cell,GCST90001701,17,IVW,0.985034015589951,0.929200901174045,1.04422198756297,0.612503754517626,0.984642438626707
I9_LBBB,SSC-A on CD8+ T cell,GCST90002082,18,IVW,0.998058245265652,0.946934446344227,1.05194215374508,0.942243946969042,0.987549834209795
I9_LBBB,CD33dim HLA DR+ CD11b+ %CD33dim HLA DR+,GCST90001526,24,IVW,0.990164244526297,0.947473405095002,1.03477862900017,0.660235412376603,0.984642438626707
I9_LBBB,CD33dim HLA DR+ CD11b- %CD33dim HLA DR+,GCST90001528,24,IVW,1.02085334736818,0.984878534876618,1.05814221746988,0.259505165306006,0.982892620925857
I9_LBBB,CD25 on naive-mature B cell,GCST90001791,23,IVW,0.963447143413148,0.889421278333567,1.04363412565314,0.361278539233958,0.984642438626707
I9_LBBB,CD20- CD38- B cell Absolute Count,GCST90001423,14,IVW,1.09813865686723,0.954330387074898,1.26361742855363,0.191126881210281,0.982405835569941
I9_LBBB,CD25 on B cell,GCST90001775,25,IVW,0.98274916264008,0.934583793748276,1.03339681591987,0.497325141769276,0.984642438626707
I9_LBBB,FSC-A on plasmacytoid Dendritic Cell,GCST90001964,26,IVW,1.02973620343169,0.991946648846811,1.06896540241416,0.124510175522604,0.982284245304452
I9_LBBB,HLA DR on CD33+ HLA DR+ CD14-,GCST90002108,25,IVW,1.01273019906793,0.973168997036091,1.0538996404816,0.533799298569489,0.984642438626707
I9_LBBB,CD28 on CD28+ CD45RA- CD8+ T cell,GCST90001893,17,IVW,1.01400811373098,0.906453780118133,1.13432419530345,0.807876034529766,0.984642438626707
I9_LBBB,CD19 on switched memory B cell,GCST90001740,27,IVW,0.966022274049532,0.884452981779838,1.05511435111214,0.442467186626939,0.984642438626707
I9_LBBB,CD19 on IgD+ CD24- B cell,GCST90001725,25,IVW,0.994876051206579,0.959368110738319,1.03169820445947,0.781745006595471,0.984642438626707
I9_LBBB,FSC-A on granulocyte,GCST90001966,21,IVW,0.9913601251135,0.921791821510502,1.0661787995196,0.815174327688813,0.984642438626707
I9_LBBB,CD3 on Naive CD4+ T cell,GCST90001842,30,IVW,1.05986727421448,1.00384551293233,1.11901545056421,0.0358586736894551,0.873756348899723
I9_LBBB,CCR7 on naive CD8+ T cell,GCST90001908,24,IVW,0.994957921727237,0.915185832929101,1.08168333729492,0.905633243567604,0.984642438626707
I9_LBBB,CD25++ CD4+ T cell Absolute Count,GCST90001504,23,IVW,1.01057165760485,0.951627078760123,1.07316731306639,0.731623460572559,0.984642438626707
I9_LBBB,CD25++ CD4+ T cell %CD4+ T cell,GCST90001505,26,IVW,0.957746540051257,0.89402765728801,1.02600677675082,0.219044399940538,0.982405835569941
I9_LBBB,Memory B cell %lymphocyte,GCST90001436,28,IVW,0.983657273874596,0.944681745429906,1.02424084844158,0.424387262910369,0.984642438626707
I9_LBBB,CD4 on monocyte,GCST90001958,15,IVW,1.00687475590724,0.904239725531258,1.1211592959905,0.900601491944397,0.984642438626707
I9_LBBB,SSC-A on T cell,GCST90002080,22,IVW,0.968070403603165,0.896400388680756,1.04547066039499,0.408295868937266,0.984642438626707
I9_LBBB,CD28+ CD45RA+ CD8dim T cell %T cell,GCST90001664,41,IVW,0.99511643899453,0.985271908743838,1.00505933272742,0.334489406478858,0.984642438626707
I9_LBBB,CD16-CD56 on HLA DR+ Natural Killer,GCST90001885,24,IVW,1.02072447774849,0.978537306677161,1.06473044243234,0.34083502016695,0.984642438626707
I9_LBBB,CD20 on IgD+ CD38- unswitched memory B cell,GCST90001750,19,IVW,0.981604817454594,0.902538784082291,1.06759735386863,0.664770864879036,0.984642438626707
I9_LBBB,FSC-A on HLA DR+ CD8+ T cell,GCST90001978,18,IVW,0.976453672158505,0.932643422093552,1.02232187702728,0.308966006324397,0.984642438626707
I9_LBBB,CD11b on CD14+ monocyte,GCST90002091,20,IVW,0.943758644058267,0.901218542895467,0.988306760059652,0.0139000285272675,0.677394723562168
I9_LBBB,CD11b on Monocytic Myeloid-Derived Suppressor Cells,GCST90002094,16,IVW,0.91219345130089,0.866526031895714,0.960267622630836,0.000452825476762861,0.165507711756826
I9_LBBB,CD45 on HLA DR+ CD4+ T cell,GCST90001920,18,IVW,0.999307485062341,0.989316197068877,1.00939967692867,0.892513681246255,0.984642438626707
I9_LBBB,CD11c+ HLA DR++ monocyte Absolute Count,GCST90001456,17,IVW,0.979124370299928,0.890122539832637,1.07702534158441,0.664369588824175,0.984642438626707
I9_LBBB,CD28 on CD45RA+ CD4+ T cell,GCST90001890,13,IVW,1.1001130115104,1.00120013942771,1.20879791206008,0.0471497556630924,0.963471329495949
I9_LBBB,CD25 on CD4+ T cell,GCST90001960,16,IVW,0.964037788333881,0.924902550181334,1.00482894890221,0.0832441761520253,0.963734033871956
I9_LBBB,CD4 on resting CD4 regulatory T cell,GCST90002064,13,IVW,0.959162384873666,0.861169642089801,1.06830575021664,0.448266688196826,0.984642438626707
I9_LBBB,CD86 on myeloid Dendritic Cell,GCST90001903,22,IVW,1.07703922145089,0.982791461788359,1.18032515507684,0.112179552903999,0.963734033871956
I9_LBBB,CD19 on IgD+ CD38dim B cell,GCST90001730,24,IVW,0.991216649057484,0.955850029386736,1.02789183989367,0.634126567014161,0.984642438626707
I9_LBBB,CD19 on IgD- CD38dim B cell,GCST90001735,28,IVW,1.01273902842367,0.949090280745272,1.08065624577583,0.7022876072402,0.984642438626707
I9_LBBB,CD38 on CD3- CD19-,GCST90001810,18,IVW,1.01252372035868,0.945999285096712,1.0837262780639,0.719632215230114,0.984642438626707
I9_LBBB,CD25 on memory B cell,GCST90001790,24,IVW,1.01447290719163,0.953170981781867,1.07971738449479,0.651380482357574,0.984642438626707
I9_LBBB,CD25 on unswitched memory B cell,GCST90001792,24,IVW,1.02687679577934,0.988891210432703,1.06632149480694,0.167857834901991,0.982405835569941
I9_LBBB,CD62L- monocyte Absolute Count,GCST90001450,20,IVW,0.988119746534634,0.927580511661782,1.05261011978622,0.711008583397538,0.984642438626707
I9_LBBB,CD62L- monocyte %monocyte,GCST90001451,23,IVW,0.951491034716779,0.884378080762863,1.02369700113493,0.182720560900267,0.982405835569941
I9_LBBB,HLA DR on Dendritic Cell,GCST90002106,19,IVW,0.948198175914172,0.900865754544285,0.99801749180906,0.04175463057159,0.954921449513042
I9_LBBB,Naive CD4-CD8- T cell %T cell,GCST90001568,20,IVW,0.907049112716179,0.815350410478223,1.0090607453017,0.0727937570036243,0.963734033871956
I9_LBBB,B cell %lymphocyte,GCST90001644,35,IVW,0.964421343898897,0.898853662646668,1.03477191807736,0.313225259806975,0.984642438626707
I9_LBBB,CD24+ CD27+ B cell %lymphocyte,GCST90001442,24,IVW,0.99687275633369,0.958534759773472,1.03674413701511,0.875608916347091,0.984642438626707
I9_LBBB,Naive-mature B cell %B cell,GCST90001408,29,IVW,1.00972982961477,0.953921921212944,1.06880270401741,0.738534867888694,0.984642438626707
I9_LBBB,Terminally Differentiated CD8+ T cell %CD8+ T cell,GCST90001558,23,IVW,0.991671179528184,0.913367929320288,1.07668738603364,0.842029329348221,0.984642438626707
I9_LBBB,HVEM on Effector Memory CD8+ T cell,GCST90001873,18,IVW,0.986207463373666,0.931526510971015,1.04409820800493,0.633206638413799,0.984642438626707
I9_LBBB,CCR2 on CD14- CD16+ monocyte,GCST90001982,28,IVW,0.978551752974488,0.937542916577625,1.02135434689742,0.320886658006037,0.984642438626707
I9_LBBB,HLA DR on CD14+ CD16- monocyte,GCST90001988,22,IVW,1.01514669275478,0.944423620255513,1.09116585577579,0.683255537815119,0.984642438626707
I9_LBBB,HLA DR on CD14+ monocyte,GCST90001991,21,IVW,1.01300198860958,0.939947233315579,1.09173471930678,0.735157398148897,0.984642438626707
I9_LBBB,CD64 on CD14- CD16-,GCST90002001,16,IVW,0.951462680135304,0.835302659256977,1.08377630749497,0.453880859173683,0.984642438626707
I9_LBBB,CD62L- Dendritic Cell Absolute Count,GCST90001462,18,IVW,1.01152344837787,0.960883746398484,1.06483192212718,0.66193125522138,0.984642438626707
I9_LBBB,FSC-A on HLA DR+ CD4+ T cell,GCST90001977,17,IVW,1.02103427883925,0.949750507602121,1.09766827205691,0.57292589469162,0.984642438626707
I9_LBBB,CD45 on CD4+ T cell,GCST90001916,13,IVW,1.04927034431333,0.926357569815895,1.18849167031066,0.449282613147507,0.984642438626707
I9_LBBB,CD64 on CD14+ CD16- monocyte,GCST90001987,35,IVW,0.99815078599989,0.973763233091974,1.02314911647326,0.883400116493021,0.984642438626707
I9_LBBB,CD4+ T cell %leukocyte,GCST90001606,13,IVW,0.931366566726619,0.804387033279112,1.07839093089301,0.341707431453411,0.984642438626707
I9_LBBB,Effector Memory CD4+ T cell Absolute Count,GCST90001542,23,IVW,0.982254697310248,0.94438327713767,1.02164482763008,0.372107393568056,0.984642438626707
I9_LBBB,CD86 on CD62L+ myeloid Dendritic Cell,GCST90001904,22,IVW,0.950013631025201,0.88978152376921,1.01432303888542,0.124920196201931,0.982284245304452
I9_LBBB,Unswitched memory B cell Absolute Count,GCST90001398,20,IVW,0.957642128553886,0.87189489582821,1.0518222445953,0.365819850287261,0.984642438626707
I9_LBBB,CD16 on CD14+ CD16+ monocyte,GCST90002005,22,IVW,0.94376008929275,0.874380060247134,1.01864526266772,0.137331254537043,0.982284245304452
I9_LBBB,CD24 on unswitched memory B cell,GCST90001772,25,IVW,1.03312727051863,0.989189334221165,1.07901684759839,0.14161730617894,0.982284245304452
I9_LBBB,CD8dim Natural Killer T %T cell,GCST90001634,19,IVW,0.965704254047647,0.883525891284577,1.05552617697464,0.441847871540342,0.984642438626707
I9_LBBB,CD28 on resting CD4 regulatory T cell,GCST90001900,6,IVW,0.99637161648834,0.862925837990375,1.1504539028007,0.960482688840995,0.98808972167928
I9_LBBB,IgD- CD38- B cell Absolute Count,GCST90001446,14,IVW,0.982630232129506,0.904976963182553,1.06694668745962,0.676544856684931,0.984642438626707
I9_LBBB,CD86+ myeloid Dendritic Cell Absolute Count,GCST90001464,21,IVW,1.03035912985111,0.977001163440936,1.08663118959706,0.27029946277312,0.984642438626707
I9_LBBB,CD62L- Dendritic Cell %Dendritic Cell,GCST90001463,23,IVW,1.0005941032356,0.950324378776629,1.05352296730376,0.981982329624326,0.991409379544456
I9_LBBB,FSC-A on B cell,GCST90001968,20,IVW,1.05640829199422,0.973589143250386,1.14627251868106,0.187699930459286,0.982405835569941
I9_LBBB,Naive CD4+ T cell Absolute Count,GCST90001540,25,IVW,1.03111966244933,0.94502729857744,1.1250550750122,0.490873361241429,0.984642438626707
I9_LBBB,CD40 on CD14+ CD16+ monocyte,GCST90001981,21,IVW,0.976889231981457,0.936132342801797,1.01942057541257,0.282205672016174,0.984642438626707
I9_LBBB,IgD- CD38+ B cell %lymphocyte,GCST90001425,30,IVW,1.01108665539045,0.958273506141076,1.06681048589707,0.687081909726881,0.984642438626707
I9_LBBB,CD28- CD8+ T cell Absolute Count,GCST90001687,14,IVW,1.14656710396005,0.979194143199986,1.34254900625446,0.0893484218411284,0.963734033871956
I9_LBBB,CD25 on activated & secreting CD4 regulatory T cell,GCST90001943,21,IVW,0.977969458994797,0.939401114991584,1.01812127691071,0.277848235054843,0.984642438626707
I9_LBBB,Effector Memory CD4+ T cell %T cell,GCST90001544,20,IVW,1.04210101606712,0.972141684189243,1.1170949104953,0.244780965348187,0.982405835569941
I9_LBBB,HVEM on Central Memory CD8+ T cell,GCST90001882,18,IVW,1.03104130936544,0.989772185394805,1.07403117333912,0.142448060085708,0.982284245304452
I9_LBBB,CD127 on CD28- CD8+ T cell,GCST90001930,21,IVW,0.994285556469169,0.914009971333835,1.08161157843882,0.893854255082226,0.984642438626707
I9_LBBB,HLA DR on monocyte,GCST90002010,17,IVW,1.00661942198413,0.95692495856978,1.05889458900738,0.79839973899276,0.984642438626707
I9_LBBB,CD25++ CD4+ T cell %T cell,GCST90001506,20,IVW,0.998518512466177,0.928258078502586,1.07409700257717,0.968231320273149,0.988515495977195
I9_LBBB,CD86+ myeloid Dendritic Cell %Dendritic Cell,GCST90001465,23,IVW,1.00465625513014,0.964834482912871,1.04612159789822,0.821880360566571,0.984642438626707
I9_LBBB,CD3 on CD28+ CD4+ T cell,GCST90001861,24,IVW,1.06335036446665,0.98982707826512,1.14233488095029,0.0929006633352952,0.963734033871956
I9_LBBB,CD3 on CD4+ T cell,GCST90001867,29,IVW,1.03002445246502,0.968000074604449,1.09602302779719,0.350510751324236,0.984642438626707
I9_LBBB,CD11c on CD62L+ myeloid Dendritic Cell,GCST90002088,26,IVW,0.969547799284341,0.922486486947316,1.01900997835516,0.22314837819259,0.982405835569941
I9_LBBB,CD127 on granulocyte,GCST90001926,31,IVW,1.04244040527999,0.975777199396133,1.11365791210618,0.217671715806848,0.982405835569941
I9_LBBB,CD45 on lymphocyte,GCST90002041,17,IVW,1.00039344371644,0.912141491784108,1.09718399091061,0.993339070843358,0.995998480404409
I9_LBBB,CD25++ CD45RA- CD4 not regulatory T cell Absolute Count,GCST90001510,20,IVW,1.03938383680836,0.998341921155643,1.08211298887253,0.0602080410578809,0.963734033871956
I9_LBBB,Central Memory CD8+ T cell Absolute Count,GCST90001548,25,IVW,1.0377738623768,0.92418937508747,1.16531808140571,0.530697442106894,0.984642438626707
I9_LBBB,CD11c+ monocyte Absolute Count,GCST90001448,15,IVW,1.02352951582146,0.929510634130306,1.12705829421511,0.636152394494142,0.984642438626707
I9_LBBB,Effector Memory CD4+ T cell %CD4+ T cell,GCST90001543,28,IVW,1.02094100215126,0.964677111059667,1.08048643211682,0.473632833139219,0.984642438626707
I9_LBBB,BAFF-R on unswitched memory B cell,GCST90001717,24,IVW,0.966665170810783,0.91861359918232,1.01723026231095,0.192477491690567,0.982405835569941
I9_LBBB,CD19 on unswitched memory B cell,GCST90001738,21,IVW,1.00079583409063,0.946217929321572,1.05852179555644,0.977818120755089,0.991380091916741
I9_LBBB,Immature Myeloid-Derived Suppressor Cells Absolute Count,GCST90001515,22,IVW,0.984642211142453,0.92327821982996,1.05008464744468,0.637340800840423,0.984642438626707
I9_LBBB,CD25 on CD39+ CD4 regulatory T cell,GCST90001935,17,IVW,0.978082021523709,0.89535040383967,1.06845815529359,0.623080463003547,0.984642438626707
I9_LBBB,CD3 on CD28+ CD4-CD8- T cell,GCST90001862,16,IVW,0.910833440518936,0.853148705504507,0.972418467044347,0.00514391275011877,0.470025027542103
I9_LBBB,CD25++ CD8+ T cell Absolute Count,GCST90001681,27,IVW,1.03789997065669,0.96479618633831,1.11654291791678,0.318152527334954,0.984642438626707
I9_LBBB,CD19 on transitional B cell,GCST90001742,26,IVW,0.96202989165838,0.900218502917397,1.02808541420211,0.253246410519959,0.982405835569941
I9_LBBB,CD11c on granulocyte,GCST90002090,22,IVW,0.947880920392475,0.880241828429005,1.02071750083455,0.156450952458517,0.982405835569941
I9_LBBB,CD28+ CD45RA+ CD8dim T cell %CD8dim T cell,GCST90001665,27,IVW,1.00981012581535,0.964116496843616,1.05766937246446,0.679448575273394,0.984642438626707
I9_LBBB,CD28+ CD45RA- CD8+ T cell %T cell,GCST90001691,26,IVW,1.01961333474682,0.987890781235528,1.05235454378198,0.228398218969152,0.982405835569941
I9_LBBB,CD38 on IgD+ CD38+ B cell,GCST90001812,17,IVW,1.00538480293416,0.935098128887516,1.08095457657851,0.884524087040436,0.984642438626707
I9_LBBB,CD24 on CD24+ CD27+ B cell,GCST90001764,3,IVW,1.04580823765194,0.888087552929326,1.23153946514968,0.591257547620927,0.984642438626707
I9_LBBB,CD25 on CD39+ resting CD4 regulatory T cell,GCST90001938,15,IVW,1.04528498309839,0.915447627846992,1.19353708792789,0.512789239159931,0.984642438626707
I9_LBBB,CD24 on IgD+ CD38- unswitched memory B cell,GCST90001767,21,IVW,1.00865751374819,0.960176540537926,1.05958637509587,0.731597320126254,0.984642438626707
I9_LBBB,HLA DR on CD33- HLA DR+,GCST90002112,12,IVW,0.982998339527925,0.917628076794618,1.05302546854278,0.625262369239778,0.984642438626707
I9_LBBB,CD45 on CD33+ HLA DR+,GCST90002053,16,IVW,1.00328590781521,0.956644089071342,1.05220177944937,0.892558231285586,0.984642438626707
I9_LBBB,CD127 on CD28+ CD45RA- CD8+ T cell,GCST90001928,19,IVW,0.984912262711184,0.926307730822716,1.0472245161738,0.627162087555255,0.984642438626707
I9_LBBB,CD86 on granulocyte,GCST90001906,21,IVW,1.00804912764761,0.926231173134429,1.09709441144412,0.852736169200511,0.984642438626707
I9_LBBB,CD62L on CD62L+ myeloid Dendritic Cell,GCST90001831,15,IVW,1.06057695236799,0.958481299093486,1.17354764559102,0.254760996707385,0.982405835569941
I9_LBBB,Naive CD4-CD8- T cell %CD4-CD8- T cell,GCST90001567,22,IVW,1.03757722332894,0.952344144458282,1.13043850863742,0.398956709014207,0.984642438626707
I9_LBBB,BAFF-R on IgD+ CD24+ B cell,GCST90001703,18,IVW,0.979206798555808,0.921205926613382,1.04085951537775,0.499994679568566,0.984642438626707
I9_LBBB,Central Memory CD4-CD8- T cell %CD4-CD8- T cell,GCST90001564,16,IVW,1.00343299427591,0.901255562744491,1.11719451798487,0.950127219113516,0.987549834209795
I9_LBBB,HLA DR on Hematopoietic Stem Cell,GCST90002107,6,IVW,0.978946790881445,0.89897131431688,1.06603715170301,0.624598633968695,0.984642438626707
I9_LBBB,CD127 on CD28+ CD4-CD8- T cell,GCST90001925,24,IVW,0.969673860373736,0.897318116900247,1.04786404930753,0.436373123250853,0.984642438626707
I9_LBBB,CD8 on Effector Memory CD8+ T cell,GCST90002056,24,IVW,0.972495609763005,0.901182654587949,1.04945174676131,0.472897440282439,0.984642438626707
I9_LBBB,CD28+ CD45RA- CD8+ T cell Absolute Count,GCST90001693,29,IVW,1.00854870029188,0.97699293800845,1.0411236778578,0.599683292740504,0.984642438626707
I9_LBBB,CD33- HLA DR+ Absolute Count,GCST90001523,36,IVW,0.994152962860105,0.957707114755501,1.03198576927754,0.758279700079084,0.984642438626707
I9_LBBB,CD28 on CD39+ resting CD4 regulatory T cell,GCST90001901,22,IVW,1.00878710308073,0.970033437651244,1.04908901058717,0.661580243523274,0.984642438626707
I9_LBBB,Basophil Absolute Count,GCST90001532,23,IVW,0.993079593428108,0.964741801597134,1.02224976387534,0.638243927292406,0.984642438626707
I9_LBBB,CD45RA on CD39+ resting CD4 regulatory T cell,GCST90002103,8,IVW,0.961901522264144,0.839034059818136,1.10276159555982,0.577464326857113,0.984642438626707
I9_LBBB,CD39 on granulocyte,GCST90002033,26,IVW,0.993679767318114,0.931827619324483,1.05963749034739,0.846673722428354,0.984642438626707
I9_LBBB,CD45 on Natural Killer T,GCST90001919,22,IVW,0.960394868199662,0.905879986913438,1.01819039628743,0.175297544927777,0.982405835569941
I9_LBBB,CD3 on activated CD4 regulatory T cell,GCST90001853,21,IVW,1.07836073497071,1.01193376187348,1.14914821358828,0.0200338121710203,0.694938946636203
I9_LBBB,CD3 on secreting CD4 regulatory T cell,GCST90001855,20,IVW,1.08859855218507,1.02602675900593,1.15498625880632,0.0049431908048747,0.470025027542103
I9_LBBB,CD3 on activated & secreting CD4 regulatory T cell,GCST90001857,22,IVW,1.10005101201025,1.03294182780036,1.17152021193846,0.00298567927978341,0.436506310704334
I9_LBBB,CD3 on CD4 regulatory T cell,GCST90001868,11,IVW,1.12613034376465,1.02103772548197,1.24203985758594,0.0174764989734631,0.694938946636203
I9_LBBB,Terminally Differentiated CD4+ T cell Absolute Count,GCST90001545,11,IVW,0.874172515875337,0.777492452662753,0.982874605270654,0.0245208507519835,0.716989675987997
I9_LBBB,Naive CD4+ T cell %T cell,GCST90001575,34,IVW,0.940348113485958,0.883643468442394,1.00069157541025,0.0525971329422278,0.963734033871956
I9_LBBB,CD20 on IgD+ CD24+ B cell,GCST90001746,23,IVW,0.989171716694161,0.915055639501624,1.06929091835397,0.784092351049092,0.984642438626707
I9_LBBB,CD39 on monocyte,GCST90002034,22,IVW,1.0278008666332,0.993970329952081,1.06278285137835,0.108311815319532,0.963734033871956
I9_LBBB,CD38 on IgD- CD38dim B cell,GCST90001815,20,IVW,1.01324085940196,0.970475130440755,1.0578911369891,0.549933725280697,0.984642438626707
I9_LBBB,Immature Myeloid-Derived Suppressor Cells %CD33dim HLA DR- CD66b-,GCST90001516,19,IVW,0.989439835746372,0.935510841764547,1.04647765141369,0.710440399727772,0.984642438626707
I9_LBBB,Dendritic Cell Absolute Count,GCST90001461,21,IVW,1.08202105888737,0.987937675525548,1.18506420078871,0.0894097287479305,0.963734033871956
I9_LBBB,CD28- CD8dim T cell %CD8dim T cell,GCST90001662,15,IVW,0.996848185000518,0.971815797484291,1.02252536592964,0.807783458877839,0.984642438626707
I9_LBBB,IgD+ CD38dim B cell Absolute Count,GCST90001394,26,IVW,1.00114820486989,0.968594667149149,1.03479583576921,0.94575332552836,0.987549834209795
I9_LBBB,IgD+ CD24- B cell Absolute Count,GCST90001416,23,IVW,1.01179761659291,0.976994593990579,1.04784041103196,0.511342587286805,0.984642438626707
I9_LBBB,CD25 on CD4 regulatory T cell,GCST90001936,22,IVW,0.988624886060659,0.949213954893549,1.02967214114342,0.581500445155472,0.984642438626707
I9_LBBB,CD25 on IgD+ CD38- B cell,GCST90001780,29,IVW,1.0177420608078,0.988870112780022,1.0474569803969,0.231017704444918,0.982405835569941
I9_LBBB,HVEM on Effector Memory CD4+ T cell,GCST90001878,22,IVW,1.04489041326243,0.994742572879333,1.0975663508273,0.0801297007889571,0.963734033871956
I9_LBBB,Unswitched memory B cell %B cell,GCST90001397,32,IVW,0.957492223131241,0.909896492613961,1.00757763635624,0.0949582526626392,0.963734033871956
I9_LBBB,Switched memory B cell Absolute Count,GCST90001403,23,IVW,0.966729469655135,0.892004571885444,1.0477142124107,0.409720499168505,0.984642438626707
I9_LBBB,CX3CR1 on CD14- CD16-,GCST90001994,19,IVW,0.986222284662602,0.947896284923369,1.02609790779352,0.492692163193782,0.984642438626707
I9_LBBB,CD11b on CD66b++ myeloid cell,GCST90002093,17,IVW,0.96659109759401,0.894779444130442,1.04416608592965,0.3882931494509,0.984642438626707
I9_LBBB,CD3 on Effector Memory CD4+ T cell,GCST90001843,19,IVW,1.06890504389462,0.988734452829754,1.15557619095134,0.0938989232076929,0.963734033871956
I9_LBBB,IgD- CD38dim B cell Absolute Count,GCST90001438,17,IVW,0.932369727102668,0.831342180886117,1.0456744863961,0.231411382973141,0.982405835569941
I9_LBBB,IgD on IgD+ CD38-  B cell,GCST90001822,27,IVW,0.978216155322752,0.92128831053441,1.03866166062539,0.471537839389704,0.984642438626707
I9_LBBB,CD28- CD8+ T cell %CD8+ T cell,GCST90001686,23,IVW,1.05474894804427,0.92669785053541,1.20049414462087,0.419563944535664,0.984642438626707
I9_LBBB,CD14- CD16- Absolute Count,GCST90001581,25,IVW,1.00549114904229,0.9972193343874,1.01383157740664,0.193835752935234,0.982405835569941
I9_LBBB,CD39+ activated CD4 regulatory T cell %activated CD4 regulatory T cell,GCST90001490,8,IVW,1.02033067212683,0.889759417093262,1.17006312097697,0.773277718579112,0.984642438626707
I9_LBBB,CD80 on plasmacytoid Dendritic Cell,GCST90002037,21,IVW,1.02284194182776,0.959315264455953,1.09057541011328,0.489964651529457,0.984642438626707
I9_LBBB,CD80 on CD62L+ plasmacytoid Dendritic Cell,GCST90002038,21,IVW,0.987741900585238,0.931467972788255,1.04741557484932,0.6802571972862,0.984642438626707
I9_LBBB,CD28- CD25++ CD8+ T cell %T cell,GCST90001676,8,IVW,0.852398283114629,0.721904677160835,1.00648029586722,0.0595911792210116,0.963734033871956
I9_LBBB,HLA DR++ monocyte %leukocyte,GCST90001476,8,IVW,0.990102288357519,0.884749821023041,1.10799970581205,0.862420310116631,0.984642438626707
I9_LBBB,CD3 on resting CD4 regulatory T cell,GCST90001869,37,IVW,1.04667757609178,0.985556616934639,1.11158905482345,0.137257368416874,0.982284245304452
I9_LBBB,SSC-A on HLA DR+ CD4+ T cell,GCST90002085,22,IVW,0.974272936333192,0.905696962342056,1.0480412256399,0.483975797482719,0.984642438626707
I9_LBBB,CD25++ CD45RA- CD4 not regulatory T cell %T cell,GCST90001512,30,IVW,0.996520184540115,0.958763044987199,1.03576424163191,0.859597245062945,0.984642438626707
I9_LBBB,CD4 on Central Memory CD4+ T cell,GCST90002023,15,IVW,0.904529915687042,0.831680811862731,0.983760063599792,0.0191707356656767,0.694938946636203
I9_LBBB,CD45 on T cell,GCST90001915,15,IVW,0.980475320036623,0.912830397907707,1.05313304136714,0.58877539097278,0.984642438626707
I9_LBBB,CD11b on basophil,GCST90002096,19,IVW,0.984439416678397,0.910176573886836,1.06476149014861,0.695128900413422,0.984642438626707
I9_LBBB,CD25 on CD28+ CD4+ T cell,GCST90001962,5,IVW,1.00525074057343,0.834108673113704,1.21150766560326,0.956138657256849,0.987549834209795
I9_LBBB,CD28- CD4-CD8- T cell %T cell,GCST90001694,22,IVW,1.03314145913285,0.960633355720561,1.11112243627906,0.379831763030278,0.984642438626707
I9_LBBB,HLA DR on myeloid Dendritic Cell,GCST90002104,16,IVW,0.973433233470256,0.922913710294579,1.02671815301336,0.322041354136807,0.984642438626707
I9_LBBB,CD62L- plasmacytoid Dendritic Cell Absolute Count,GCST90001470,24,IVW,0.923927976489928,0.837417966533055,1.01937495952575,0.114698852184487,0.963734033871956
I9_LBBB,CD11c on monocyte,GCST90002089,19,IVW,1.00216008197235,0.93511147664335,1.07401615206769,0.951300435852027,0.987549834209795
I9_LBBB,T/B cell,GCST90001588,29,IVW,0.999165444120961,0.929684122274869,1.07383955561443,0.981886270995601,0.991409379544456
I9_LBBB,Natural Killer Absolute Count,GCST90001645,22,IVW,1.04765715954542,0.940310123007796,1.1672590745231,0.398604790874187,0.984642438626707
I9_LBBB,IgD+ B cell Absolute Count,GCST90001400,15,IVW,0.990718749166259,0.951513659516733,1.03153920086451,0.650806008631095,0.984642438626707
I9_LBBB,CD38 on IgD+ B cell,GCST90001818,15,IVW,0.932285060352432,0.812004237092483,1.07038287985848,0.319784731184564,0.984642438626707
I9_LBBB,BAFF-R on CD24+ CD27+ B cell,GCST90001702,19,IVW,0.973908072751437,0.915877761908014,1.03561520283498,0.398952505088689,0.984642438626707
I9_LBBB,BAFF-R on IgD- CD38- B cell,GCST90001712,17,IVW,0.955993698122722,0.901227328628326,1.01408814604119,0.134861169279048,0.982284245304452
I9_LBBB,BAFF-R on IgD- CD38dim B cell,GCST90001714,4,IVW,1.05763364437734,0.851732033703895,1.31331085535732,0.611985139326646,0.984642438626707
I9_LBBB,BAFF-R on memory B cell,GCST90001715,17,IVW,0.985501128317216,0.922363542561818,1.05296060511782,0.665491846201219,0.984642438626707
I9_LBBB,CD28 on secreting CD4 regulatory T cell,GCST90001887,17,IVW,1.01877711795951,0.966048036993712,1.07438427110498,0.492658427706765,0.984642438626707
I9_LBBB,CD45RA on naive CD8+ T cell,GCST90002100,22,IVW,1.00539578364829,0.923832196211334,1.09416048274044,0.900789838588991,0.984642438626707
I9_LBBB,IgD- CD38- B cell %lymphocyte,GCST90001427,28,IVW,0.96793463661506,0.875502311830659,1.07012562742421,0.524487200322289,0.984642438626707
I9_LBBB,Switched memory B cell %lymphocyte,GCST90001434,18,IVW,0.912500934234863,0.826450900143403,1.00751049437422,0.0699961372364452,0.963734033871956
I9_LBBB,IgD+ CD24+ B cell %lymphocyte,GCST90001439,15,IVW,1.02142798131109,0.893332775711013,1.16789078982898,0.756470765285593,0.984642438626707
I9_LBBB,CD20- B cell %lymphocyte,GCST90001443,17,IVW,1.03366119660821,0.977435736847213,1.09312093787351,0.245966710368351,0.982405835569941
I9_LBBB,HLA DR on CD14- CD16+ monocyte,GCST90001984,19,IVW,1.00809413108401,0.945502076938718,1.07482976707612,0.805297578965822,0.984642438626707
I9_LBBB,CD20 on IgD- CD38+ B cell,GCST90001756,16,IVW,0.996226188266847,0.947563140301305,1.04738837548399,0.882363076003451,0.984642438626707
I9_LBBB,CD33 on CD33dim HLA DR-,GCST90001953,19,IVW,0.982056203263262,0.938518287883078,1.02761384495046,0.433845545395401,0.984642438626707
I9_LBBB,CD33- HLA DR- Absolute Count,GCST90001522,21,IVW,1.01258310397517,0.947624687325422,1.08199433401198,0.711635291450383,0.984642438626707
I9_LBBB,CD14 on CD33dim HLA DR+ CD11b+,GCST90002021,19,IVW,0.995182527568936,0.929791784817581,1.06517209481777,0.889242501798648,0.984642438626707
I9_LBBB,HLA DR on HLA DR+ T cell,GCST90002113,19,IVW,1.02810717772257,0.967161468581546,1.09289338256506,0.373968340387941,0.984642438626707
I9_LBBB,CD3 on Central Memory CD4+ T cell,GCST90001841,26,IVW,1.04267383726358,0.992386739071714,1.09550912775286,0.097525819846613,0.963734033871956
I9_LBBB,CD4 on CD39+ resting CD4 regulatory T cell,GCST90002065,15,IVW,0.970433827044172,0.904198749920014,1.04152080806892,0.40535931471385,0.984642438626707
I9_LBBB,IgD on IgD+ B cell,GCST90001827,21,IVW,1.05387452390589,0.984284514147566,1.12838462474413,0.132189515924072,0.982284245304452
I9_LBBB,Transitional B cell %B cell,GCST90001576,15,IVW,1.00591177290678,0.873990421352349,1.15774552003304,0.934503147898695,0.987549834209795
I9_LBBB,Leukocyte Absolute Count,GCST90001600,11,IVW,0.975491945646644,0.919624298179512,1.03475358133232,0.40957908701912,0.984642438626707
I9_LBBB,CD45RA+ CD28- CD8+ T cell %CD8+ T cell,GCST90001699,31,IVW,1.00001916706016,0.998962256006119,1.0010771963356,0.971660224072877,0.990200191567556
I9_LBBB,CD20- CD38- B cell %B cell,GCST90001422,23,IVW,1.10065272503225,1.03174191005219,1.17416614496125,0.00364570164696087,0.444167983988066
I9_LBBB,CCR2 on CD14- CD16-,GCST90002003,17,IVW,1.0089298801212,0.932118594271329,1.09207080435632,0.825831067428475,0.984642438626707
I9_LBBB,Basophil %CD33dim HLA DR- CD66b-,GCST90001533,20,IVW,0.975809525659336,0.89901782823365,1.05916056441099,0.558162489363377,0.984642438626707
I9_LBBB,CD24 on IgD+ CD24+ B cell,GCST90001765,25,IVW,1.01912157206305,0.980221015945399,1.05956591600166,0.340129896233131,0.984642438626707
I9_LBBB,B cell %CD3- lymphocyte,GCST90001643,29,IVW,0.993110837661988,0.951853507612316,1.03615643373076,0.749477166127788,0.984642438626707
I9_LBBB,CD3 on CD28+ CD45RA- CD8+ T cell,GCST90001863,18,IVW,0.99330999882497,0.91675109564842,1.07626242111856,0.869706163442758,0.984642438626707
I9_LBBB,CD45 on lymphocyte,GCST90001914,24,IVW,1.01207800870947,0.930430281925453,1.10089054022792,0.779667066906834,0.984642438626707
I9_LBBB,HVEM on naive CD4+ T cell,GCST90001877,18,IVW,1.04248997274336,0.9853281089673,1.10296796912603,0.148098299821141,0.982405835569941
I9_LBBB,CD34 on Hematopoietic Stem Cell,GCST90001870,12,IVW,1.00912500447607,0.955939995152415,1.06526903343599,0.742286844562484,0.984642438626707
I9_LBBB,CD11c+ HLA DR++ monocyte %monocyte,GCST90001457,18,IVW,1.00359813163795,0.942859978836588,1.06824897910081,0.910218698082424,0.984642438626707
I9_LBBB,CD127 on CD45RA- CD4 not regulatory T cell,GCST90001923,16,IVW,0.983125430598907,0.917028812876275,1.05398608933424,0.631744059014554,0.984642438626707
I9_LBBB,CD3- lymphocyte Absolute Count,GCST90001639,18,IVW,0.938933288474721,0.83279629402702,1.05859707413317,0.303216535568886,0.984642438626707
I9_LBBB,Activated & resting CD4 regulatory T cell Absolute Count,GCST90001498,19,IVW,1.10266857402762,0.972629362952561,1.25009384916894,0.12687819169033,0.982284245304452
I9_LBBB,CD16 on CD14- CD16+ monocyte,GCST90001979,20,IVW,0.977181477856138,0.928167668089385,1.02878356302877,0.37930498283737,0.984642438626707
I9_LBBB,PDL-1 on CD14+ CD16+ monocyte,GCST90001998,28,IVW,0.965071771926483,0.912677059750665,1.02047434524514,0.211901986626404,0.982405835569941
I9_LBBB,T cell %leukocyte,GCST90001605,18,IVW,1.00572876712431,0.943030224670074,1.07259590049223,0.861913396982488,0.984642438626707
I9_LBBB,PDL-1 on CD14- CD16-,GCST90002000,28,IVW,1.01020221684599,0.949051588881231,1.07529298815416,0.750020100947485,0.984642438626707
I9_LBBB,CD127 on CD4+ T cell,GCST90001931,8,IVW,0.958586787094282,0.830736944261172,1.10611263257224,0.562511480168552,0.984642438626707
I9_LBBB,CD3 on CD39+ resting CD4 regulatory T cell,GCST90001852,20,IVW,1.04757979712675,0.981951916764448,1.11759385832674,0.159064474807298,0.982405835569941
I9_LBBB,CD8 on Central Memory CD8+ T cell,GCST90002054,14,IVW,1.00268051145272,0.889341374064835,1.13046377618972,0.965110890942553,0.98808972167928
I9_LBBB,CD25 on switched memory B cell,GCST90001793,20,IVW,0.965927533372416,0.864727164805883,1.07897153888576,0.539263332251423,0.984642438626707
I9_LBBB,CD45 on CD33dim HLA DR+ CD11b-,GCST90002044,10,IVW,0.977886697430824,0.87334433443093,1.0949431459188,0.698279961432995,0.984642438626707
I9_LBBB,CD25 on CD20- CD38- B cell,GCST90001776,20,IVW,1.077770628934,0.970600572202626,1.19677399937726,0.161043032252394,0.982405835569941
I9_LBBB,CD24 on IgD- CD38dim B cell,GCST90001770,7,IVW,1.03222398711442,0.847648611707631,1.25699062660872,0.752352253546489,0.984642438626707
I9_LBBB,CD62L on granulocyte,GCST90001835,16,IVW,1.04223386564809,0.913004918579756,1.18975419365047,0.540231556748387,0.984642438626707
I9_LBBB,CD28- CD8+ T cell %T cell,GCST90001685,16,IVW,0.966037603212083,0.85849732239198,1.08704899418853,0.566082960187476,0.984642438626707
I9_LBBB,Terminally Differentiated CD8+ T cell %T cell,GCST90001559,17,IVW,0.994661294579581,0.908762036545956,1.08868004070139,0.907521881967061,0.984642438626707
I9_LBBB,BAFF-R on IgD- CD27- B cell,GCST90001711,18,IVW,1.00722262594885,0.945493557963494,1.07298184073135,0.823512589812679,0.984642438626707
I9_LBBB,CD28 on CD45RA- CD4 not regulatory T cell,GCST90001891,13,IVW,1.01452801438124,0.919862154064776,1.11893623127782,0.772885538906557,0.984642438626707
I9_LBBB,CD4 regulatory T cell %CD4+ T cell,GCST90001478,16,IVW,1.00833771198515,0.930740265922513,1.0924045930297,0.838956453616304,0.984642438626707
I9_LBBB,BAFF-R on CD20- B cell,GCST90001830,14,IVW,0.966295926832375,0.861177681576817,1.08424525877538,0.559570679212209,0.984642438626707
I9_LBBB,CD11b on Granulocytic Myeloid-Derived Suppressor Cells,GCST90002092,3,IVW,1.03977647941715,0.96336431464618,1.12224950697515,0.316538199654588,0.984642438626707
I9_LBBB,HVEM on Central Memory CD4+ T cell,GCST90001876,18,IVW,1.03314958771998,0.995023407044826,1.07273664423241,0.0891419944444165,0.963734033871956
I9_LBBB,Central Memory CD4-CD8- T cell Absolute Count,GCST90001563,4,IVW,1.0229695720136,0.946959647396284,1.10508061050227,0.564274013368837,0.984642438626707
I9_LBBB,CD3- lymphocyte %lymphocyte,GCST90001640,6,IVW,0.766269185474022,0.54668118918988,1.07406012172678,0.122276079687188,0.982284245304452
I9_LBBB,IgD+ CD38dim B cell %B cell,GCST90001393,15,IVW,0.983315886903354,0.894368434510517,1.08110941322042,0.727983249316594,0.984642438626707
I9_LBBB,CD28 on CD28+ CD4-CD8- T cell,GCST90001895,3,IVW,0.863787175391666,0.615815501772855,1.21161010436259,0.396347160649918,0.984642438626707
I9_RBBB,CD4+CD8+ T cell Absolute Count,GCST90001594,18,IVW,1.02125963578751,0.873163049504712,1.19447478255115,0.792412919190307,0.999334649017272
I9_RBBB,CD25 on CD45RA- CD4 not regulatory T cell,GCST90001933,26,IVW,1.00339387262051,0.936749198166346,1.07477995773379,0.923025336511909,0.999334649017272
I9_RBBB,HVEM on T cell,GCST90001871,25,IVW,0.939407210769198,0.873103424345901,1.01074613045561,0.0941742971739642,0.8446619489095
I9_RBBB,CX3CR1 on CD14+ CD16+ monocyte,GCST90001996,34,IVW,1.04337223443618,0.976147990149893,1.11522600115704,0.211470527951171,0.952303019177491
I9_RBBB,CD33dim HLA DR+ CD11b+ Absolute Count,GCST90001525,26,IVW,0.953753373856444,0.880582090412134,1.03300476814923,0.244964904753237,0.952303019177491
I9_RBBB,CD45RA- CD4+ T cell %T cell,GCST90001536,26,IVW,0.9783452796308,0.944482115540601,1.01342256293335,0.223176570666091,0.952303019177491
I9_RBBB,CD45RA- CD4+ T cell %CD4+ T cell,GCST90001535,30,IVW,1.00122354158202,0.900211600096969,1.11356994301124,0.982020305668627,0.999334649017272
I9_RBBB,Memory B cell Absolute Count,GCST90001407,17,IVW,1.00958446422837,0.949265303950582,1.07373648459436,0.761524415629776,0.999334649017272
I9_RBBB,CD45RA on naive CD4+ T cell,GCST90002098,33,IVW,1.02376469085067,0.961979061057735,1.08951866486588,0.459597724520347,0.999334649017272
I9_RBBB,CD33 on Monocytic Myeloid-Derived Suppressor Cells,GCST90001952,21,IVW,0.99121898092928,0.91388384577451,1.07509840850924,0.831476843927668,0.999334649017272
I9_RBBB,CD33 on Immature Myeloid-Derived Suppressor Cells,GCST90001955,23,IVW,0.966042991352981,0.908352719453331,1.02739722263821,0.271481663432787,0.963873076571823
I9_RBBB,CD127 on CD8+ T cell,GCST90001927,25,IVW,0.947720088949447,0.827462964172388,1.08545446248061,0.437987785922918,0.999334649017272
I9_RBBB,CD28+ CD45RA+ CD8+ T cell %CD8+ T cell,GCST90001689,41,IVW,1.00596640690836,0.991598908676542,1.0205420790335,0.417646546717477,0.999334649017272
I9_RBBB,CD39+ CD4+ T cell Absolute Count,GCST90001660,29,IVW,0.983013330247745,0.92284055465533,1.04710960367977,0.594994991569922,0.999334649017272
I9_RBBB,CD33 on CD33dim HLA DR+ CD11b-,GCST90001949,22,IVW,0.972848611017408,0.915863992627716,1.03337878503453,0.371409264378478,0.993386685184869
I9_RBBB,Central Memory CD8+ T cell %CD8+ T cell,GCST90001549,31,IVW,0.930645826753894,0.825418243866591,1.04928823816308,0.240357102973145,0.952303019177491
I9_RBBB,CD64 on CD14- CD16+ monocyte,GCST90001990,20,IVW,0.959903580929766,0.844508322558359,1.09106667165866,0.531156252136117,0.999334649017272
I9_RBBB,CD33 on basophil,GCST90001954,22,IVW,0.976283583172549,0.936419586411444,1.01784461645535,0.25913183483597,0.963873076571823
I9_RBBB,CD4+ T cell Absolute Count,GCST90001590,24,IVW,1.05161084174346,0.942603209435898,1.17322469455011,0.367422157699018,0.993386685184869
I9_RBBB,Lymphocyte Absolute Count,GCST90001601,19,IVW,1.02391909684723,0.9047985996801,1.15872230268606,0.707964903363188,0.999334649017272
I9_RBBB,Naive-mature B cell Absolute Count,GCST90001409,23,IVW,1.03206003133827,0.953721373425311,1.11683342532258,0.433322558438401,0.999334649017272
I9_RBBB,CD3 on CD28- CD8+ T cell,GCST90001865,20,IVW,0.896418966027299,0.794373588356897,1.01157311173395,0.0761647535023437,0.8446619489095
I9_RBBB,CD27 on CD20- CD38- B cell,GCST90001797,20,IVW,1.01200045684802,0.885341858921837,1.15677906148909,0.861188028263139,0.999334649017272
I9_RBBB,CD4 on HLA DR+ CD4+ T cell,GCST90001959,21,IVW,0.979917958638989,0.844599147152634,1.13691709126208,0.789037081199535,0.999334649017272
I9_RBBB,CD20 on unswitched memory B cell,GCST90001760,22,IVW,1.00815739809232,0.916749242049174,1.10867977055143,0.866947662023641,0.999334649017272
I9_RBBB,T cell Absolute Count,GCST90001603,19,IVW,0.952860308414057,0.843726733374528,1.07610999087296,0.43653600405552,0.999334649017272
I9_RBBB,HLA DR+ CD4+ T cell %T cell,GCST90001625,25,IVW,0.959244342844627,0.834513222333872,1.10261849022122,0.558230963909577,0.999334649017272
I9_RBBB,B cell Absolute Count,GCST90001642,30,IVW,1.0035817487858,0.890954363537363,1.13044659492678,0.953055973010547,0.999334649017272
I9_RBBB,CD28+ CD45RA+ CD8dim T cell Absolute Count,GCST90001666,54,IVW,1.00256582642994,0.992697373056563,1.0125323825833,0.611633263926187,0.999334649017272
I9_RBBB,CD24 on IgD+ CD38+ B cell,GCST90001768,25,IVW,1.03351774725057,0.955692800949188,1.11768021358013,0.409146705382348,0.999334649017272
I9_RBBB,Resting CD4 regulatory T cell %CD4 regulatory T cell,GCST90001481,30,IVW,0.997107230456897,0.942345206380205,1.05505161197614,0.919931407482756,0.999334649017272
I9_RBBB,Secreting CD4 regulatory T cell %CD4 regulatory T cell,GCST90001493,31,IVW,1.00356640956538,0.939583666018895,1.0719061801865,0.915647279214277,0.999334649017272
I9_RBBB,Activated & resting CD4 regulatory T cell %CD4 regulatory T cell,GCST90001499,29,IVW,1.00002896806591,0.934207094031323,1.07048848521957,0.999334649017272,0.999334649017272
I9_RBBB,Activated & secreting CD4 regulatory T cell %CD4 regulatory T cell,GCST90001502,38,IVW,0.988511330775308,0.968518448271918,1.00891692131901,0.267674833635249,0.963873076571823
I9_RBBB,CD39+ activated CD4 regulatory T cell Absolute Count,GCST90001489,30,IVW,1.02281446138313,0.979977268241149,1.06752417256788,0.301407014191709,0.963873076571823
I9_RBBB,FSC-A on Natural Killer,GCST90001969,18,IVW,1.0749646539747,0.968832595253635,1.19272309061033,0.172886957196649,0.952303019177491
I9_RBBB,SSC-A on Natural Killer,GCST90002076,23,IVW,1.02411742111831,0.926992111457295,1.13141900483835,0.639232425769164,0.999334649017272
I9_RBBB,SSC-A on Natural Killer T,GCST90002084,20,IVW,1.0145793496291,0.960023897384884,1.07223503445886,0.607760241921418,0.999334649017272
I9_RBBB,CD45RA- CD28- CD8+ T cell Absolute Count,GCST90001695,350,IVW,0.999990730141588,0.999957080628834,1.00002438078668,0.589242209717072,0.999334649017272
I9_RBBB,BAFF-R on IgD- CD38+ B cell,GCST90001713,15,IVW,1.05910654629293,0.893353109895916,1.25561400522939,0.508413539467088,0.999334649017272
I9_RBBB,CD14 on CD14+ CD16+ monocyte,GCST90001983,15,IVW,1.13191952476934,0.959529299622306,1.3352815917746,0.141579743939364,0.92679440172872
I9_RBBB,CD20 on IgD+ CD24- B cell,GCST90001747,25,IVW,1.03287813966428,0.979369602122741,1.08931015327004,0.233294017107761,0.952303019177491
I9_RBBB,CD20 on IgD+ CD38dim B cell,GCST90001752,28,IVW,1.09649938688675,1.00173644699719,1.20022677526317,0.0457577580683324,0.8446619489095
I9_RBBB,CD38 on naive-mature B cell,GCST90001816,26,IVW,0.94473915862488,0.862500154902914,1.03481961454223,0.221180306426316,0.952303019177491
I9_RBBB,IgD on IgD+ CD24+ B cell,GCST90001820,28,IVW,1.07148643591384,0.986838363829621,1.16339536891531,0.100082295530832,0.8446619489095
I9_RBBB,CD24 on IgD+ CD38- B cell,GCST90001766,22,IVW,0.98951828692444,0.910046612348741,1.07592998740009,0.805156467708365,0.999334649017272
I9_RBBB,Hematopoietic Stem Cell Absolute Count,GCST90001514,19,IVW,1.04163070763117,0.948265230845254,1.14418887858314,0.394607850824535,0.993386685184869
I9_RBBB,CCR2 on CD14+ CD16- monocyte,GCST90002004,27,IVW,1.02022910722467,0.979521626514279,1.06262833106857,0.335033365899596,0.981555865811141
I9_RBBB,Monocytic Myeloid-Derived Suppressor Cells Absolute Count,GCST90001530,19,IVW,0.960079466199535,0.887768125424597,1.03828077965418,0.307866004105362,0.963873076571823
I9_RBBB,CD3 on CD8+ T cell,GCST90001859,23,IVW,1.04748714004775,0.969910203524351,1.13126896137232,0.237296490753021,0.952303019177491
I9_RBBB,CD8+ Natural Killer T Absolute Count,GCST90001630,26,IVW,1.0632709444032,0.929938349866742,1.21572048445371,0.369481508077843,0.993386685184869
I9_RBBB,CD39+ resting CD4 regulatory T cell Absolute Count,GCST90001483,28,IVW,1.00834882309469,0.943707834675438,1.07741751384965,0.805710648200232,0.999334649017272
I9_RBBB,CD39+ resting CD4 regulatory T cell %CD4 regulatory T cell,GCST90001485,36,IVW,1.00981311584569,0.989570902258242,1.03046939497406,0.344545188709927,0.983766756547175
I9_RBBB,CD127 on CD45RA+ CD4+ T cell,GCST90001932,22,IVW,1.02834963799879,0.927399107330212,1.14028897549467,0.595916026541697,0.999334649017272
I9_RBBB,HVEM on naive CD8+ T cell,GCST90001872,21,IVW,1.02146272620946,0.968034204826944,1.07784011745926,0.438492002352657,0.999334649017272
I9_RBBB,HVEM on CD8+ T cell,GCST90001881,16,IVW,0.904545005028356,0.812753541582911,1.00670329227754,0.0661176563394717,0.8446619489095
I9_RBBB,CD8 on CD28+ CD45RA+ CD8+ T cell,GCST90002119,22,IVW,1.02920668157966,0.94343263643117,1.12277904378549,0.516709997913391,0.999334649017272
I9_RBBB,CD14+ CD16- monocyte Absolute Count,GCST90001582,28,IVW,1.05705234458858,0.991348347756101,1.12711103188838,0.0901494499860171,0.8446619489095
I9_RBBB,IgD+ CD38+ B cell %lymphocyte,GCST90001429,25,IVW,0.972672799813574,0.86976807640622,1.08775247236749,0.627210113961774,0.999334649017272
I9_RBBB,PDL-1 on monocyte,GCST90002002,15,IVW,1.07946575711268,0.921662498623455,1.26428743983746,0.342969612150914,0.983766756547175
I9_RBBB,CD45 on HLA DR+ CD8+ T cell,GCST90001921,18,IVW,0.970782328576615,0.87471259828945,1.07740340235134,0.577024946227007,0.999334649017272
I9_RBBB,CD28- CD8dim T cell Absolute Count,GCST90001663,28,IVW,0.949309090357831,0.862510888741586,1.04484217045753,0.287624500394901,0.963873076571823
I9_RBBB,IgD+ CD38- B cell %B cell,GCST90001395,22,IVW,0.994650322961014,0.9264788934884,1.06783788807255,0.882281438770313,0.999334649017272
I9_RBBB,CD33+ HLA DR+ CD14dim Absolute Count,GCST90001520,28,IVW,0.991350237588554,0.939298457920253,1.04628649741733,0.752228481849004,0.999334649017272
I9_RBBB,CD4RA on Terminally Differentiated CD4+ T cell,GCST90002099,33,IVW,0.971881646523075,0.920815713415107,1.02577955728542,0.300336485362691,0.963873076571823
I9_RBBB,CD4 on CD45RA+ CD4+ T cell,GCST90002027,27,IVW,0.973664360522855,0.848590570213067,1.11717278064302,0.703602129114441,0.999334649017272
I9_RBBB,Activated CD4 regulatory T cell %CD4+ T cell,GCST90001488,19,IVW,1.01901631497174,0.916292284803293,1.1332565682374,0.728233471571062,0.999334649017272
I9_RBBB,Natural Killer %lymphocyte,GCST90001647,27,IVW,0.960076060419676,0.889147123214384,1.03666313225952,0.298121806848563,0.963873076571823
I9_RBBB,Unswitched memory B cell %lymphocyte,GCST90001432,22,IVW,1.03853720259268,0.915727248232921,1.1778174377254,0.555923907314724,0.999334649017272
I9_RBBB,CD4 on Effector Memory CD4+ T cell,GCST90002025,20,IVW,0.887133266500001,0.786726170770285,1.00035496691359,0.0506765309020721,0.8446619489095
I9_RBBB,CD45RA+ CD28- CD8+ T cell Absolute Count,GCST90001698,719,IVW,1.00002079116621,0.99999976749417,1.00004181528024,0.052583747007016,0.8446619489095
I9_RBBB,CD62L on monocyte,GCST90001834,25,IVW,0.925598674888968,0.844918827429817,1.01398250239296,0.0965968252615061,0.8446619489095
I9_RBBB,CX3CR1 on CD14- CD16+ monocyte,GCST90002012,18,IVW,1.04842196568678,0.952386490332772,1.15414133788318,0.334686557196337,0.981555865811141
I9_RBBB,CD4 on CD39+ activated CD4 regulatory T cell,GCST90002067,23,IVW,0.982556042895066,0.86963103412486,1.11014480802326,0.77754812794873,0.999334649017272
I9_RBBB,CD28+ CD45RA- CD8dim T cell %T cell,GCST90001667,28,IVW,1.00161438429553,0.969421142813475,1.03487672232537,0.922903198855702,0.999334649017272
I9_RBBB,CD4 on CD28+ CD4+ T cell,GCST90002062,21,IVW,1.02266638789825,0.865401228289799,1.20851058069752,0.792478600185981,0.999334649017272
I9_RBBB,CD3 on CD45RA+ CD4+ T cell,GCST90001858,32,IVW,1.07786368459674,1.00853028989214,1.15196353963421,0.0270772668543953,0.74682873531783
I9_RBBB,FSC-A on HLA DR+ T cell,GCST90001975,19,IVW,0.955905121311794,0.904103825916555,1.01067441012516,0.112632515869624,0.863443920925316
I9_RBBB,SSC-A on HLA DR+ CD8+ T cell,GCST90002086,24,IVW,0.94282975196856,0.85385128230704,1.04108052493085,0.244430046573892,0.952303019177491
I9_RBBB,CD28- CD127- CD25++ CD8+ T cell %T cell,GCST90001673,18,IVW,0.970931603499631,0.880224897702978,1.07098558690449,0.555517651157983,0.999334649017272
I9_RBBB,CD80 on granulocyte,GCST90002040,33,IVW,0.987851968185748,0.913876068719424,1.0678160250064,0.758259490027705,0.999334649017272
I9_RBBB,HLA DR+ CD8+ T cell Absolute Count,GCST90001627,34,IVW,0.974948596473358,0.91263342152567,1.04151869013996,0.451538661038101,0.999334649017272
I9_RBBB,HLA DR on CD14+ CD16+ monocyte,GCST90002007,19,IVW,1.01303501473452,0.961775341217786,1.06702667150808,0.624948920355528,0.999334649017272
I9_RBBB,BAFF-R on IgD+ CD38- naive B cell,GCST90001706,28,IVW,1.01131867796191,0.94344448037198,1.08407594688705,0.750838418082458,0.999334649017272
I9_RBBB,Transitional B cell %lymphocyte,GCST90001578,26,IVW,1.04286215444455,0.901844540794696,1.20593009546233,0.571255451315867,0.999334649017272
I9_RBBB,CD45 on CD8+ T cell,GCST90001917,26,IVW,0.990005661546921,0.963784939807537,1.01693974393362,0.463287874856053,0.999334649017272
I9_RBBB,CD19 on memory B cell,GCST90001736,24,IVW,0.963168812976966,0.839782358921101,1.1046840320429,0.591585314153391,0.999334649017272
I9_RBBB,CD33 on CD14+ monocyte,GCST90001946,21,IVW,0.998303116921487,0.936656737254237,1.06400677389741,0.958350787019164,0.999334649017272
I9_RBBB,BAFF-R on IgD- CD24- B cell,GCST90001710,22,IVW,1.07779857166339,0.997847913051192,1.16415512412867,0.0567522665698266,0.8446619489095
I9_RBBB,FSC-A on lymphocyte,GCST90001971,17,IVW,0.974571859346926,0.885993537074275,1.0720059112026,0.596251587901258,0.999334649017272
I9_RBBB,FSC-A on T cell,GCST90001972,22,IVW,0.982236417774415,0.914349049427,1.05516419687528,0.623778813361114,0.999334649017272
I9_RBBB,FSC-A on CD4+ T cell,GCST90001973,25,IVW,0.992793540536854,0.931126658592355,1.05854451167981,0.825048207933575,0.999334649017272
I9_RBBB,SSC-A on lymphocyte,GCST90002079,21,IVW,1.01211845686271,0.862024965455899,1.18834582729328,0.883065841458961,0.999334649017272
I9_RBBB,SSC-A on CD4+ T cell,GCST90002081,30,IVW,0.969424908110949,0.861589910035621,1.09075633491004,0.605772359342754,0.999334649017272
I9_RBBB,CD86 on monocyte,GCST90001905,16,IVW,1.01590953363216,0.906451346935521,1.13858530191818,0.786103430577531,0.999334649017272
I9_RBBB,CD86+ plasmacytoid Dendritic Cell %Dendritic Cell,GCST90001467,26,IVW,0.972493573002127,0.864286925000991,1.09424743354686,0.643041790397923,0.999334649017272
I9_RBBB,CD127- CD8+ T cell %T cell,GCST90001682,14,IVW,0.937245921932328,0.764242320589192,1.14941281647627,0.533616613476165,0.999334649017272
I9_RBBB,CD20 on IgD- CD24- B cell,GCST90001753,28,IVW,0.875447792585271,0.797948899882155,0.960473581272698,0.00491161361596042,0.570602052234654
I9_RBBB,CD20 on IgD- CD27- B cell,GCST90001754,19,IVW,0.938483878820291,0.822384999158875,1.07097283110271,0.346030217324073,0.983766756547175
I9_RBBB,SSC-A on granulocyte,GCST90002078,25,IVW,0.944451595032372,0.848387160991889,1.0513935811055,0.296362303029861,0.963873076571823
I9_RBBB,CD28- CD4-CD8- T cell %CD4-CD8- T cell,GCST90001653,27,IVW,0.988022855461313,0.899912078728844,1.08476059604937,0.800396427147148,0.999334649017272
I9_RBBB,CD28+ CD4-CD8- T cell %CD4-CD8- T cell,GCST90001656,27,IVW,1.01212233550315,0.921862394008353,1.11121966649512,0.800396427147148,0.999334649017272
I9_RBBB,Naive CD8+ T cell Absolute Count,GCST90001551,28,IVW,1.00862658350073,0.98730695738359,1.03040657957107,0.430673226355214,0.999334649017272
I9_RBBB,CD28+ CD45RA+ CD8+ T cell Absolute Count,GCST90001690,59,IVW,0.992621404787558,0.980410181853703,1.00498472116995,0.240927658551176,0.952303019177491
I9_RBBB,CD127- CD8+ T cell %CD8+ T cell,GCST90001683,14,IVW,1.07352701007312,0.966543758277169,1.19235185317502,0.185282085977985,0.952303019177491
I9_RBBB,CD8 on CD28+ CD45RA- CD8+ T cell,GCST90002118,14,IVW,1.00637558169543,0.867408021717153,1.16760715381425,0.933195663319507,0.999334649017272
I9_RBBB,Naive CD8+ T cell %T cell,GCST90001553,29,IVW,1.00483628208385,0.984729133410845,1.02535399790069,0.639910399387616,0.999334649017272
I9_RBBB,CD28+ CD45RA+ CD8+ T cell %T cell,GCST90001688,110,IVW,1.00017248716987,0.994903618698143,1.00546925882182,0.948969458686823,0.999334649017272
I9_RBBB,FSC-A on CD8+ T cell,GCST90001974,18,IVW,0.960448926591078,0.858258454776111,1.07480693660116,0.481998071750828,0.999334649017272
I9_RBBB,CD39+ CD4+ T cell %CD4+ T cell,GCST90001659,25,IVW,1.02864539898788,0.963162954376228,1.09857979073145,0.400018320145646,0.999334649017272
I9_RBBB,CD25++ CD45RA+ CD4 not regulatory T cell Absolute Count,GCST90001507,26,IVW,1.07976755117477,1.003375054254,1.16197623174595,0.0403643100858592,0.8446619489095
I9_RBBB,CD45RA on resting CD4 regulatory T cell,GCST90002102,29,IVW,0.981162311721314,0.936865358134675,1.02755371792061,0.419766096105619,0.999334649017272
I9_RBBB,CD8+ Natural Killer T %lymphocyte,GCST90001632,27,IVW,0.993055606023654,0.873071029164936,1.12952944687471,0.915527520005596,0.999334649017272
I9_RBBB,Granulocytic Myeloid-Derived Suppressor Cells Absolute Count,GCST90001524,21,IVW,1.06420663214689,0.958667076892178,1.18136502567388,0.242872876306605,0.952303019177491
I9_RBBB,CD19 on IgD- CD24- B cell,GCST90001731,23,IVW,0.936210892313651,0.782321647868071,1.12037144475712,0.471872734719361,0.999334649017272
I9_RBBB,CD19 on IgD- CD27- B cell,GCST90001732,26,IVW,0.997004322382058,0.8634718031505,1.15118712066994,0.967380211547277,0.999334649017272
I9_RBBB,Monocyte Absolute Count,GCST90001583,27,IVW,1.03541018822908,0.978758698426996,1.095340720457,0.225465860702925,0.952303019177491
I9_RBBB,CCR2 on CD14+ CD16+ monocyte,GCST90001992,37,IVW,0.990584383375618,0.942918633611841,1.04065969810031,0.706923292760644,0.999334649017272
I9_RBBB,SSC-A on plasmacytoid Dendritic Cell,GCST90002072,26,IVW,1.08448223226064,0.982072036628687,1.19757173427562,0.109036197372961,0.857047959996066
I9_RBBB,CD3 on HLA DR+ CD4+ T cell,GCST90001849,26,IVW,0.982493719724087,0.893304107611324,1.08058823537535,0.716050602791295,0.999334649017272
I9_RBBB,CCR2 on granulocyte,GCST90002018,17,IVW,1.06882494966194,0.954799228877652,1.19646805157427,0.247520620579649,0.952303019177491
I9_RBBB,CD4 on CD4+ T cell,GCST90002022,22,IVW,0.902585902554105,0.79502489311444,1.02469912394572,0.113393456099631,0.863443920925316
I9_RBBB,CD3 on CD39+ CD8+ T cell,GCST90001866,16,IVW,0.997021546859113,0.881627740687227,1.12751892780334,0.962089709751521,0.999334649017272
I9_RBBB,SSC-A on CD14+ monocyte,GCST90002074,23,IVW,1.04301918866536,0.940384024141001,1.15685613536224,0.425473996054268,0.999334649017272
I9_RBBB,CD4+ T cell %T cell,GCST90001591,23,IVW,0.934351895452692,0.831142111036673,1.05037809171664,0.255539331529915,0.963873076571823
I9_RBBB,CD28 on CD39+ secreting CD4 regulatory T cell,GCST90001888,21,IVW,1.07785910251588,0.990926360899105,1.17241834582158,0.0805423958906079,0.8446619489095
I9_RBBB,Central Memory CD4+ T cell Absolute Count,GCST90001537,28,IVW,0.989439418747132,0.889990203475317,1.1000012804049,0.844263592776708,0.999334649017272
I9_RBBB,CD4 regulatory T cell %T cell,GCST90001479,16,IVW,1.0060734227806,0.889341624203704,1.1381270194474,0.923338121570631,0.999334649017272
I9_RBBB,HLA DR on B cell,GCST90002116,22,IVW,1.02308735372201,0.950238765545671,1.10152076646215,0.544753636950624,0.999334649017272
I9_RBBB,CD16-CD56 on Natural Killer T,GCST90001883,28,IVW,0.925229807277649,0.846304303379272,1.01151582575777,0.0875800247532272,0.8446619489095
I9_RBBB,CD45 on Granulocytic Myeloid-Derived Suppressor Cells,GCST90002047,18,IVW,1.14408195502229,1.04231999222863,1.25577896381797,0.00462421109215104,0.570602052234654
I9_RBBB,Effector Memory CD4-CD8- T cell %T cell,GCST90001571,23,IVW,1.05821576419076,0.943743272398829,1.18657333655523,0.332681103152718,0.981555865811141
I9_RBBB,IgD+ B cell %B cell,GCST90001391,17,IVW,1.00066584926395,0.8834275389878,1.13346267542263,0.991646644115425,0.999334649017272
I9_RBBB,CD11c+ monocyte %monocyte,GCST90001449,20,IVW,0.898485323855094,0.801382379958053,1.00735416372051,0.0665898072992341,0.8446619489095
I9_RBBB,IgD on IgD+ CD38dim B cell,GCST90001825,22,IVW,0.978034075111803,0.910884350163099,1.05013402844008,0.540515245275092,0.999334649017272
I9_RBBB,CD4 on Terminally Differentiated CD4+ T cell,GCST90002026,24,IVW,1.1217975550496,1.01499695765915,1.23983598671815,0.0243461858996734,0.74682873531783
I9_RBBB,CD80 on monocyte,GCST90002039,23,IVW,0.976257778983475,0.88432538151062,1.07774725338956,0.633938130177927,0.999334649017272
I9_RBBB,CD38 on transitional B cell,GCST90001819,24,IVW,0.954514040710943,0.853186733132276,1.06787531794998,0.416188984249223,0.999334649017272
I9_RBBB,CD8 on HLA DR+ CD8+ T cell,GCST90002060,25,IVW,0.997631631203501,0.932157474181581,1.06770465199733,0.945416133580813,0.999334649017272
I9_RBBB,CD28 on CD39+ CD8+ T cell,GCST90001897,20,IVW,1.06277986537091,0.98812337062432,1.14307694344296,0.101319867806698,0.8446619489095
I9_RBBB,BAFF-R on switched memory B cell,GCST90001718,19,IVW,1.06527612645397,0.995607875519585,1.13981945452223,0.0668856666026491,0.8446619489095
I9_RBBB,HLA DR+ T cell%T cell,GCST90001619,31,IVW,0.99761194455128,0.942776652733303,1.05563665479625,0.933938956812826,0.999334649017272
I9_RBBB,HLA DR+ T cell%lymphocyte,GCST90001620,25,IVW,0.998887838238139,0.929826098956278,1.0730790569334,0.975714154448438,0.999334649017272
I9_RBBB,CD24 on transitional B cell,GCST90001774,20,IVW,0.939661466615613,0.806262266428943,1.09513207873783,0.425630624430048,0.999334649017272
I9_RBBB,Central Memory CD4+ T cell %CD4+ T cell,GCST90001538,32,IVW,0.993111199316999,0.961190953877552,1.02609148601547,0.678345648784627,0.999334649017272
I9_RBBB,CD39+ secreting CD4 regulatory T cell %secreting CD4 regulatory T cell,GCST90001496,28,IVW,1.01117060261716,0.953346897747883,1.07250151021895,0.711565876002125,0.999334649017272
I9_RBBB,CD86+ plasmacytoid Dendritic Cell Absolute Count,GCST90001466,20,IVW,0.944193002130737,0.827147325203826,1.07780125511857,0.395086648915718,0.993386685184869
I9_RBBB,CD45 on CD33+ HLA DR+ CD14dim,GCST90002043,16,IVW,0.984117280768724,0.900688416797315,1.07527398403922,0.72316413515213,0.999334649017272
I9_RBBB,Natural Killer T Absolute Count,GCST90001621,34,IVW,1.01299199987682,0.920744700270134,1.11448134484335,0.791026336408815,0.999334649017272
I9_RBBB,HLA DR+ Natural Killer %Natural Killer,GCST90001649,23,IVW,0.991973864789101,0.877199757566507,1.12176518510953,0.897791424575245,0.999334649017272
I9_RBBB,HLA DR+ Natural Killer  %CD3- lymphocyte,GCST90001650,23,IVW,1.00335009028711,0.884891620237411,1.1376663318487,0.958387871630802,0.999334649017272
I9_RBBB,IgD+ CD38+ B cell Absolute Count,GCST90001392,29,IVW,1.00553131320688,0.9612122123508,1.05189385741029,0.810446751359006,0.999334649017272
I9_RBBB,IgD- CD38+ B cell %B cell,GCST90001410,18,IVW,1.12063858631232,0.952118123940769,1.31898638367921,0.170726037141451,0.952303019177491
I9_RBBB,BAFF-R on IgD+ CD38+ B cell,GCST90001708,27,IVW,1.03765746776105,0.97012622742532,1.10988961019834,0.281637484316703,0.963873076571823
I9_RBBB,CD45RA+ CD28- CD8+ T cell %T cell,GCST90001700,206,IVW,1.00122842587527,1.00033068249109,1.0021269749362,0.00730945769561543,0.570602052234654
I9_RBBB,CD8+ Natural Killer T %T cell,GCST90001631,27,IVW,1.01674237029193,0.898459223885098,1.15059762320284,0.792450038294408,0.999334649017272
I9_RBBB,PDL-1 on CD14+ CD16- monocyte,GCST90001993,15,IVW,1.18484567700146,1.00494384158342,1.39695296415478,0.0435188596067561,0.8446619489095
I9_RBBB,CD64 on monocyte,GCST90002006,29,IVW,1.00983065736315,0.939436317937018,1.08549982269139,0.790735981982158,0.999334649017272
I9_RBBB,IgD on IgD+ CD38- unswitched memory B cell,GCST90001823,17,IVW,1.0400946245116,0.93794221930763,1.15337256993985,0.456073832360065,0.999334649017272
I9_RBBB,CD20- CD38- B cell %lymphocyte,GCST90001444,23,IVW,1.02886947349961,0.922694971761507,1.14726147415592,0.608540593271225,0.999334649017272
I9_RBBB,CD3- lymphocyte %leukocyte,GCST90001641,20,IVW,1.0729807075464,0.952966805184215,1.20810881607175,0.244442178029563,0.952303019177491
I9_RBBB,CD4 regulatory T cell Absolute Count,GCST90001513,21,IVW,1.05294519942643,0.945551527832093,1.17253640902799,0.34723981610455,0.983766756547175
I9_RBBB,IgD on IgD+ CD38+ B cell,GCST90001824,25,IVW,0.971848511983432,0.892383882977678,1.05838927423573,0.511753660097798,0.999334649017272
I9_RBBB,IgD on transitional B cell,GCST90001828,32,IVW,1.00107503215793,0.912402868171648,1.09836482870576,0.981884850763494,0.999334649017272
I9_RBBB,CD25 on IgD- CD27- B cell,GCST90001786,21,IVW,1.05395948142231,0.920565099640583,1.20668336102867,0.446541689405215,0.999334649017272
I9_RBBB,CD25 on IgD- CD38- B cell,GCST90001787,22,IVW,0.993537829906758,0.921193483532689,1.07156361513797,0.866522805866373,0.999334649017272
I9_RBBB,CD28- CD25++ CD8+ T cell %CD8+ T cell,GCST90001677,25,IVW,1.00699653917957,0.892835125455434,1.13575508065095,0.909578028825021,0.999334649017272
I9_RBBB,CD33+ HLA DR+ CD14dim %CD33+ HLA DR+,GCST90001521,25,IVW,1.01008749995394,0.92805679728481,1.09936887542681,0.816334405174661,0.999334649017272
I9_RBBB,CD45 on Monocytic Myeloid-Derived Suppressor Cells,GCST90002049,17,IVW,1.01044982308363,0.912127131754305,1.11937120322911,0.842236386543647,0.999334649017272
I9_RBBB,HLA DR++ monocyte %monocyte,GCST90001475,22,IVW,1.01172819122645,0.911536284104024,1.12293273539678,0.82653544905652,0.999334649017272
I9_RBBB,CD45 on HLA DR+ T cell,GCST90001918,18,IVW,0.89420626833445,0.820423181011756,0.974624887296018,0.0109280830797335,0.570602052234654
I9_RBBB,CD28- CD127- CD25++ CD8+ T cell Absolute Count,GCST90001675,29,IVW,0.997385456850234,0.932737963304161,1.06651362834254,0.938965273506755,0.999334649017272
I9_RBBB,CD28- CD25++ CD8+ T cell Absolute Count,GCST90001678,25,IVW,1.00564733646401,0.930732714846496,1.08659183158072,0.886623218300351,0.999334649017272
I9_RBBB,CD14 on CD14+ CD16- monocyte,GCST90001986,16,IVW,0.950835532619966,0.820119521843849,1.10238591572611,0.504044774269646,0.999334649017272
I9_RBBB,CD80 on CD62L+ myeloid Dendritic Cell,GCST90002036,26,IVW,0.989270318880458,0.92824258350292,1.05431035077563,0.739843334591166,0.999334649017272
I9_RBBB,Secreting CD4 regulatory T cell Absolute Count,GCST90001492,23,IVW,0.967351232695412,0.921775360550164,1.01518053904025,0.177625705040349,0.952303019177491
I9_RBBB,CD66b on CD66b++ myeloid cell,GCST90001836,26,IVW,0.961649814135148,0.891412614075729,1.03742122382352,0.312215871043774,0.963873076571823
I9_RBBB,CD19 on IgD- CD38- B cell,GCST90001733,22,IVW,1.10703426900615,0.971040878714967,1.26207340969598,0.128370240915745,0.890304315042074
I9_RBBB,CD38 on IgD- CD38+ B cell,GCST90001814,14,IVW,1.02425691182616,0.982019986184324,1.06831045822192,0.264623496218592,0.963873076571823
I9_RBBB,CD39 on CD39+ CD8+ T cell,GCST90002029,23,IVW,0.961142929499229,0.853684309296297,1.08212804296222,0.512353035039582,0.999334649017272
I9_RBBB,Terminally Differentiated CD4-CD8- T cell Absolute Count,GCST90001572,22,IVW,0.988281762103175,0.951871707108323,1.02608453850663,0.538242176130562,0.999334649017272
I9_RBBB,FSC-A on Natural Killer T,GCST90001976,20,IVW,1.02393818006357,0.895781286551986,1.17043011763236,0.728777270448746,0.999334649017272
I9_RBBB,CD19 on CD20- CD38- B cell,GCST90001722,19,IVW,0.975386562655182,0.851177345683389,1.11772117929719,0.719895140330986,0.999334649017272
I9_RBBB,CD20 on CD20- CD38- B cell,GCST90001744,16,IVW,0.972558674583144,0.826501230834593,1.14442706219783,0.737520635121719,0.999334649017272
I9_RBBB,CD27 on Plasma Blast-Plasma Cell,GCST90001807,19,IVW,0.98898817842427,0.875485515820903,1.11720593817687,0.858697117863813,0.999334649017272
I9_RBBB,CD62L on CD62L+ Dendritic Cell,GCST90001833,26,IVW,0.972457144307656,0.880184068743741,1.07440356068331,0.582944570261676,0.999334649017272
I9_RBBB,HLA DR on HLA DR+ CD4+ T cell,GCST90002114,22,IVW,1.01359849701515,0.897253634699632,1.14502953615262,0.828105782217405,0.999334649017272
I9_RBBB,IgD+ CD38- B cell Absolute Count,GCST90001396,17,IVW,0.978588750314481,0.842384025756549,1.13681636042659,0.777140637509444,0.999334649017272
I9_RBBB,IgD+ CD38- B cell %lymphocyte,GCST90001431,20,IVW,1.08710615800582,0.990748138822229,1.19283574953678,0.0777800117425003,0.8446619489095
I9_RBBB,CD28 on CD28+ CD45RA+ CD8+ T cell,GCST90001896,15,IVW,1.04489198229566,0.950160388741146,1.14906837582681,0.36512487058726,0.993386685184869
I9_RBBB,SSC-A on B cell,GCST90002075,13,IVW,1.01110696978962,0.873419463571536,1.17049979648572,0.882425484993267,0.999334649017272
I9_RBBB,IgD- CD27- B cell Absolute Count,GCST90001401,25,IVW,1.16945574115806,1.00277752023327,1.36383864110696,0.0460041475122163,0.8446619489095
I9_RBBB,CD3 on CD39+ CD4+ T cell,GCST90001860,27,IVW,1.02026320197867,0.951129359778768,1.09442211052543,0.575226939426344,0.999334649017272
I9_RBBB,CD123 on plasmacytoid Dendritic Cell,GCST90001944,18,IVW,0.941848737005983,0.895327755260506,0.990786936055232,0.0204419463763123,0.744595832686166
I9_RBBB,CD123 on CD62L+ plasmacytoid Dendritic Cell,GCST90001945,18,IVW,0.94181348633619,0.895316127608967,0.990725639460542,0.0203028437910484,0.744595832686166
I9_RBBB,HLA DR on CD14- CD16-,GCST90002009,25,IVW,0.996700921680243,0.985375021311161,1.00815700194672,0.57089524318303,0.999334649017272
I9_RBBB,Central Memory CD4+ T cell %T cell,GCST90001539,24,IVW,1.12864890513379,1.01344574308639,1.25694775447996,0.0275846454905354,0.74682873531783
I9_RBBB,FSC-A on CD14+ monocyte,GCST90001967,23,IVW,1.0506600234394,0.957928230369898,1.15236867424548,0.294518201431046,0.963873076571823
I9_RBBB,CD25 on CD39+ secreting CD4 regulatory T cell,GCST90001942,16,IVW,1.02846650972756,0.964182333607842,1.09703665454361,0.394010110583776,0.993386685184869
I9_RBBB,CD4+CD8+ T cell %T cell,GCST90001595,8,IVW,1.03435595796419,0.7228217942116,1.48016047156266,0.853430292587749,0.999334649017272
I9_RBBB,CD3 on CD39+ activated CD4 regulatory T cell,GCST90001854,26,IVW,1.0519386889758,0.970908254808371,1.13973179225109,0.215676730982217,0.952303019177491
I9_RBBB,FSC-A on myeloid Dendritic Cell,GCST90001963,20,IVW,0.986929683139701,0.933123177765926,1.04383882285964,0.645536901540219,0.999334649017272
I9_RBBB,FSC-A on monocyte,GCST90001965,19,IVW,0.992940634968722,0.921692141854673,1.069696767283,0.852066300048391,0.999334649017272
I9_RBBB,CD33+ HLA DR+ CD14- %CD33+ HLA DR+,GCST90001519,19,IVW,0.966696616164129,0.896084854235093,1.04287260663599,0.381445372782229,0.993386685184869
I9_RBBB,CD19 on IgD+ CD38- unswitched memory B cell,GCST90001728,22,IVW,0.99196099808604,0.949017031431707,1.03684822203811,0.720747550598363,0.999334649017272
I9_RBBB,CD25 on IgD+ CD24- B cell,GCST90001779,24,IVW,1.04262926096126,0.962014666599042,1.12999917106846,0.309258440876803,0.963873076571823
I9_RBBB,CD45RA- CD28- CD8+ T cell %T cell,GCST90001697,180,IVW,0.999136504913483,0.998021727128634,1.00025252789117,0.129344246707738,0.890304315042074
I9_RBBB,CD20 on IgD- CD38- B cell,GCST90001755,27,IVW,0.999826735469442,0.885641850420943,1.12873335929682,0.997765441323518,0.999334649017272
I9_RBBB,CD20 on switched memory B cell,GCST90001761,31,IVW,0.97442566713733,0.881098017121543,1.07763876699889,0.614014302199593,0.999334649017272
I9_RBBB,CD39 on CD39+ secreting CD4 regulatory T cell,GCST90002031,23,IVW,0.976793911375231,0.925712335197919,1.03069421138882,0.391561396645064,0.993386685184869
I9_RBBB,CD24+ CD27+ B cell %B cell,GCST90001417,26,IVW,0.99020572473761,0.900296167230816,1.08909424808398,0.839397369519377,0.999334649017272
I9_RBBB,CD4 on activated CD4 regulatory T cell,GCST90002066,24,IVW,0.991919870075226,0.921095295806144,1.06819026557826,0.830036377664663,0.999334649017272
I9_RBBB,CD4 on activated & secreting CD4 regulatory T cell,GCST90002070,32,IVW,0.991223853246376,0.927999560103178,1.05875559589204,0.793216415486602,0.999334649017272
I9_RBBB,CD33 on CD66b++ myeloid cell,GCST90001951,18,IVW,0.9710571654393,0.902666633476121,1.04462930563828,0.430569838128281,0.999334649017272
I9_RBBB,Effector Memory CD8+ T cell %CD8+ T cell,GCST90001555,24,IVW,1.00153880840976,0.946325115233347,1.05997396518795,0.957615427466059,0.999334649017272
I9_RBBB,CD45RA+ CD8+ T cell %CD8+ T cell,GCST90001561,27,IVW,1.02905119103408,0.992048473150577,1.06743408455196,0.125345347887416,0.890304315042074
I9_RBBB,HLA DR on CD33dim HLA DR+ CD11b+,GCST90002110,23,IVW,0.985891655605926,0.931963110197046,1.04294080522982,0.620550889767097,0.999334649017272
I9_RBBB,T cell %lymphocyte,GCST90001604,17,IVW,0.936979249021339,0.806352775214825,1.08876677811731,0.395452155114633,0.993386685184869
I9_RBBB,IgD+ CD24+ B cell Absolute Count,GCST90001412,23,IVW,1.12977264569134,0.981695389046022,1.30018562294844,0.088705844226638,0.8446619489095
I9_RBBB,CD33dim HLA DR- Absolute Count,GCST90001531,24,IVW,1.03111518111906,0.984010456539061,1.08047481575922,0.199016439191854,0.952303019177491
I9_RBBB,Activated CD4 regulatory T cell Absolute Count,GCST90001486,15,IVW,0.95537993655331,0.880543666027999,1.0365764451931,0.272723511297897,0.963873076571823
I9_RBBB,CD28+ CD45RA- CD8dim T cell %CD8dim T cell,GCST90001668,28,IVW,1.00383492834236,0.945210190184057,1.0660957465597,0.900784830052741,0.999334649017272
I9_RBBB,CD19 on IgD+ B cell,GCST90001741,27,IVW,0.994595414557306,0.940063440295368,1.05229072449366,0.850589645698526,0.999334649017272
I9_RBBB,Naive CD8+ T cell %CD8+ T cell,GCST90001552,37,IVW,1.00669587113263,0.988195529586131,1.02554256380812,0.480687832078929,0.999334649017272
I9_RBBB,CD127 on CD28+ CD45RA+ CD8+ T cell,GCST90001929,21,IVW,1.03208226733987,0.917079235646112,1.16150684167104,0.600346958983007,0.999334649017272
I9_RBBB,CCR2 on monocyte,GCST90002017,25,IVW,0.959080380615212,0.867582390791367,1.06022803856356,0.414079226264093,0.999334649017272
I9_RBBB,CD27 on IgD+ CD38- unswitched memory B cell,GCST90001801,23,IVW,0.980268182934597,0.895951730201287,1.07251950979325,0.664068801255108,0.999334649017272
I9_RBBB,CD45 on CD33- HLA DR+,GCST90002046,25,IVW,1.06448405192111,1.02564130460907,1.1047978388763,0.000984346343851734,0.359778588677809
I9_RBBB,Myeloid Dendritic Cell %Dendritic Cell,GCST90001459,26,IVW,0.989007418407579,0.86218541955736,1.13448412774991,0.874559116595874,0.999334649017272
I9_RBBB,Plasmacytoid Dendritic Cell %Dendritic Cell,GCST90001474,24,IVW,0.985066668517307,0.898146795108646,1.08039837887125,0.749544326678605,0.999334649017272
I9_RBBB,CD19 on IgD+ CD38+ B cell,GCST90001729,21,IVW,0.915928435456421,0.829200857222141,1.01172700386259,0.08357956901431,0.8446619489095
I9_RBBB,CD38 on IgD+ CD38dim B cell,GCST90001813,23,IVW,0.923515063701958,0.840060708603585,1.01526004507717,0.099641883905353,0.8446619489095
I9_RBBB,Terminally Differentiated CD4-CD8- T cell %CD4-CD8- T cell,GCST90001573,27,IVW,0.997396455088711,0.967136154007249,1.02860355752565,0.868277014177145,0.999334649017272
I9_RBBB,CD33+ HLA DR+ Absolute Count,GCST90001517,30,IVW,1.00132415966023,0.958688905756293,1.04585550818311,0.952468273035155,0.999334649017272
I9_RBBB,CD33+ HLA DR+ CD14- Absolute Count,GCST90001518,29,IVW,1.00396648189995,0.969111811288302,1.04007472103619,0.826191559930196,0.999334649017272
I9_RBBB,CD25 on resting CD4 regulatory T cell,GCST90001937,20,IVW,0.980035424502739,0.8817018496886,1.08933584932308,0.708533374857889,0.999334649017272
I9_RBBB,SSC-A on HLA DR+ T cell,GCST90002083,20,IVW,1.01117195477681,0.892952371703493,1.1450428427404,0.860968969534386,0.999334649017272
I9_RBBB,IgD- CD38dim B cell %B cell,GCST90001428,26,IVW,1.00212925712397,0.941727482955145,1.06640516089904,0.946533518681233,0.999334649017272
I9_RBBB,CD38 on CD20- B cell,GCST90001809,19,IVW,0.89936204388013,0.757352657063406,1.0679992714471,0.226390854327949,0.952303019177491
I9_RBBB,CD45 on CD33+ HLA DR+ CD14-,GCST90002042,18,IVW,1.1640638126782,1.01832982103464,1.33065391192233,0.0260027787036342,0.74682873531783
I9_RBBB,Myeloid Dendritic Cell Absolute Count,GCST90001458,23,IVW,1.01789067177808,0.930049082305837,1.11402875332565,0.700160936184558,0.999334649017272
I9_RBBB,CD4 on naive CD4+ T cell,GCST90002024,20,IVW,0.968609656567874,0.857958477916514,1.0935315530361,0.606329366359529,0.999334649017272
I9_RBBB,Terminally Differentiated CD4+ T cell %CD4+ T cell,GCST90001546,21,IVW,0.826533013992831,0.716304532467879,0.953723999018124,0.00908583974878367,0.570602052234654
I9_RBBB,Terminally Differentiated CD4+ T cell %T cell,GCST90001547,26,IVW,0.967862853143646,0.90525544477657,1.03480018584872,0.338374935956782,0.981555865811141
I9_RBBB,CD24 on switched memory B cell,GCST90001773,38,IVW,1.00205761596199,0.94190658760561,1.0660499447827,0.948109949389726,0.999334649017272
I9_RBBB,Natural Killer T %T cell,GCST90001622,32,IVW,0.988318451374282,0.906674997157961,1.07731366188395,0.789383137300865,0.999334649017272
I9_RBBB,Natural Killer T %lymphocyte,GCST90001623,33,IVW,0.991880242194906,0.906445342440938,1.08536760992925,0.859185665581817,0.999334649017272
I9_RBBB,Memory B cell %B cell,GCST90001406,29,IVW,1.00686242812011,0.922843692924884,1.09853050622999,0.877738944534889,0.999334649017272
I9_RBBB,CD19 on IgD- CD38+ B cell,GCST90001734,18,IVW,1.05083377159619,0.924917862733088,1.1938915443411,0.446400632554411,0.999334649017272
I9_RBBB,HLA DR++ monocyte Absolute Count,GCST90001477,23,IVW,0.989366096129,0.892309776633354,1.09697920812061,0.839179744830629,0.999334649017272
I9_RBBB,CD19 on IgD+ CD38- naive B cell,GCST90001727,19,IVW,0.99755180746661,0.947708433915553,1.05001662216775,0.925323570051298,0.999334649017272
I9_RBBB,CD28- CD4-CD8- T cell Absolute Count,GCST90001654,31,IVW,0.985017806434847,0.890075188003912,1.09008777243822,0.770347012115271,0.999334649017272
I9_RBBB,CD24+ CD27+ B cell Absolute Count,GCST90001418,26,IVW,1.00608871452356,0.947717428861535,1.06805517200166,0.842215152955506,0.999334649017272
I9_RBBB,CD62L- HLA DR++ monocyte Absolute Count,GCST90001454,19,IVW,0.907564868197122,0.760309702684003,1.0833401008536,0.282922005244625,0.963873076571823
I9_RBBB,CCR2 on plasmacytoid Dendritic Cell,GCST90002015,19,IVW,0.920012257146109,0.833095581391962,1.01599693025001,0.0996495361767179,0.8446619489095
I9_RBBB,CCR2 on CD62L+ plasmacytoid Dendritic Cell,GCST90002016,19,IVW,0.920871649078507,0.831571925781855,1.01976097050086,0.113195291849427,0.863443920925316
I9_RBBB,CD33 on Granulocytic Myeloid-Derived Suppressor Cells,GCST90001950,20,IVW,0.988879720009207,0.927185230953782,1.05467933267181,0.733678078575239,0.999334649017272
I9_RBBB,CD40 on CD14- CD16+ monocyte,GCST90001989,27,IVW,1.0302894955573,0.964111687500022,1.10100982948171,0.378331942581477,0.993386685184869
I9_RBBB,CD39+ CD4+ T cell %T cell,GCST90001658,31,IVW,1.04223896928777,0.988202981041156,1.09922970274544,0.12773258123135,0.890304315042074
I9_RBBB,CD45 on basophil,GCST90002051,17,IVW,1.00656713582985,0.907709831361972,1.11619083976703,0.901232108735016,0.999334649017272
I9_RBBB,CD25 on IgD+ CD38+ B cell,GCST90001783,13,IVW,0.930088683249566,0.799303330116398,1.08227368273686,0.348557578585114,0.983766756547175
I9_RBBB,CD14- CD16+ monocyte %monocyte,GCST90001584,23,IVW,1.02017043342419,0.910412843002726,1.14316018412075,0.730950692694588,0.999334649017272
I9_RBBB,CD16+ monocyte %monocyte,GCST90001587,22,IVW,0.995787254624409,0.868455462689093,1.14178826557443,0.951775032398959,0.999334649017272
I9_RBBB,Secreting CD4 regulatory T cell %CD4+ T cell,GCST90001494,26,IVW,0.983908586559247,0.954426137260882,1.01430175569511,0.295963403733643,0.963873076571823
I9_RBBB,CD3 on CD45RA- CD4+ T cell,GCST90001845,28,IVW,1.12225155474565,1.03271060019603,1.21955613885434,0.00655375510664199,0.570602052234654
I9_RBBB,CD24 on IgD- CD38- B cell,GCST90001769,29,IVW,1.04746998469013,0.985176741689128,1.11370206217572,0.138183982070892,0.926720099943323
I9_RBBB,CD3 on Effector Memory CD8+ T cell,GCST90001839,20,IVW,1.02303431233809,0.921613045784568,1.135616741764,0.668994884599379,0.999334649017272
I9_RBBB,CD62L- myeloid Dendritic Cell Absolute Count,GCST90001468,16,IVW,1.10904937473588,0.986228483157478,1.24716588154516,0.0839115927743131,0.8446619489095
I9_RBBB,CD62L- myeloid Dendritic Cell %Dendritic Cell,GCST90001469,24,IVW,0.97963235654404,0.911432327085063,1.05293561076254,0.576206292677041,0.999334649017272
I9_RBBB,CD62L- CD86+ myeloid Dendritic Cell Absolute Count,GCST90001472,19,IVW,1.02746718530801,0.942915640305265,1.11960049421069,0.536278128569613,0.999334649017272
I9_RBBB,CD62L- CD86+ myeloid Dendritic Cell %Dendritic Cell,GCST90001473,18,IVW,1.02492154739513,0.928109315534355,1.13183238303132,0.626783601813816,0.999334649017272
I9_RBBB,CD45 on Natural Killer,GCST90001911,30,IVW,1.00075760923105,0.908131694904216,1.1028310079404,0.987806256277656,0.999334649017272
I9_RBBB,SSC-A on monocyte,GCST90002073,23,IVW,1.08374332777173,0.997541483494944,1.17739424367076,0.0571986571367739,0.8446619489095
I9_RBBB,CD25++ CD45RA- CD4 not regulatory T cell %CD4+ T cell,GCST90001511,24,IVW,0.962652813333232,0.902725261289202,1.02655866491976,0.24577068678511,0.952303019177491
I9_RBBB,CD27 on T cell,GCST90001799,21,IVW,0.996244061977099,0.937526926433421,1.05863864070587,0.903363293887599,0.999334649017272
I9_RBBB,CD20 on naive-mature B cell,GCST90001759,23,IVW,1.03292910081149,0.980638941795246,1.08800750391372,0.221570179670116,0.952303019177491
I9_RBBB,CD39+ activated CD4 regulatory T cell %CD4 regulatory T cell,GCST90001491,23,IVW,0.993507253398022,0.943469890769363,1.04619837072869,0.80486211761635,0.999334649017272
I9_RBBB,CD39+ secreting CD4 regulatory T cell Absolute Count,GCST90001495,26,IVW,1.00898539949831,0.946865544346959,1.07518067636825,0.782611650239008,0.999334649017272
I9_RBBB,CD4 on CD39+ CD4+ T cell,GCST90002061,27,IVW,0.93523416119682,0.849111823680628,1.03009157554553,0.174308257057484,0.952303019177491
I9_RBBB,HLA DR+ CD4+ T cell Absolute Count,GCST90001624,24,IVW,0.92219882769127,0.86833403797769,0.979404976195351,0.00834672529825253,0.570602052234654
I9_RBBB,CD25++ CD8+ T cell %T cell,GCST90001679,17,IVW,1.00997861897857,0.862564195681975,1.18258654358748,0.901831822696064,0.999334649017272
I9_RBBB,CD25++ CD8+ T cell %CD8+ T cell,GCST90001680,22,IVW,1.00137744862391,0.887615349224119,1.12971998004436,0.982151027834781,0.999334649017272
I9_RBBB,CD27 on IgD- CD38+ B cell,GCST90001803,15,IVW,1.0136414828077,0.82308799180486,1.24831010280634,0.898522646418944,0.999334649017272
I9_RBBB,CD8 on Terminally Differentiated CD8+ T cell,GCST90002057,17,IVW,1.11093605737971,0.991736575912994,1.24446244452585,0.0692616429446662,0.8446619489095
I9_RBBB,Plasma Blast-Plasma Cell Absolute Count,GCST90001405,24,IVW,1.0111064924477,0.936523909588091,1.0916286584926,0.777539900653323,0.999334649017272
I9_RBBB,CD66b++ myeloid cell Absolute Count,GCST90001529,16,IVW,0.944371748423192,0.834729082453616,1.06841611004902,0.363353352304262,0.993386685184869
I9_RBBB,CD11c+ CD62L- monocyte %monocyte,GCST90001453,18,IVW,0.851187653042178,0.735560023831332,0.984991567265472,0.0305404340593812,0.797323474907415
I9_RBBB,BAFF-R on IgD+ CD24- B cell,GCST90001704,22,IVW,1.05481848813882,0.989863600140512,1.1240357184177,0.0998022409010839,0.8446619489095
I9_RBBB,BAFF-R on IgD+ CD38- B cell,GCST90001705,22,IVW,1.04003720066476,0.971037535937161,1.11393982079452,0.262350956731018,0.963873076571823
I9_RBBB,BAFF-R on IgD+ CD38dim B cell,GCST90001709,25,IVW,1.079527967498,1.0215097815565,1.14084138365728,0.00662601335135528,0.570602052234654
I9_RBBB,BAFF-R on naive-mature B cell,GCST90001716,23,IVW,1.04214000763673,0.97503871742749,1.11385914846797,0.224148672468683,0.952303019177491
I9_RBBB,BAFF-R on IgD+ B cell,GCST90001719,24,IVW,1.04046981892523,0.973495580634698,1.11205172948858,0.24252981425212,0.952303019177491
I9_RBBB,BAFF-R on transitional B cell,GCST90001720,24,IVW,1.05388265330326,0.982582985506381,1.13035607507608,0.141998595066507,0.92679440172872
I9_RBBB,BAFF-R on B cell,GCST90001829,21,IVW,1.04560566067785,0.976902728679086,1.11914028443737,0.198410159078821,0.952303019177491
I9_RBBB,HLA DR on plasmacytoid Dendritic Cell,GCST90002105,23,IVW,1.0608624741992,0.999049081456787,1.12650039928266,0.0537384009715816,0.8446619489095
I9_RBBB,IgD- CD38+ B cell Absolute Count,GCST90001420,20,IVW,0.995537716420037,0.916521661660821,1.08136597995826,0.915584911893709,0.999334649017272
I9_RBBB,HLA DR on HLA DR+ CD8+ T cell,GCST90002115,20,IVW,0.910089934457876,0.795715707655381,1.04090403247419,0.169152824720979,0.952303019177491
I9_RBBB,CD27 on switched memory B cell,GCST90001808,30,IVW,0.924711853300664,0.845159270491486,1.01175250806571,0.0881147404994323,0.8446619489095
I9_RBBB,CD4 on CD39+ secreting CD4 regulatory T cell,GCST90002069,23,IVW,1.0462633137446,0.977951649487339,1.11934666939995,0.189246733254825,0.952303019177491
I9_RBBB,Naive CD4-CD8- T cell Absolute Count,GCST90001566,18,IVW,1.10047219774539,0.954062885105318,1.26934930277357,0.188714552645107,0.952303019177491
I9_RBBB,Terminally Differentiated CD8+ T cell Absolute Count,GCST90001557,17,IVW,0.945224004801645,0.830419037701491,1.07590069433647,0.393843097879615,0.993386685184869
I9_RBBB,CD27 on IgD+ CD24+ B cell,GCST90001800,31,IVW,1.03974536075507,0.971272461502753,1.11304547185355,0.262128324515572,0.963873076571823
I9_RBBB,CD14- CD16+ monocyte Absolute Count,GCST90001579,18,IVW,0.919800861009337,0.833368575899785,1.01519741490139,0.0968298893108931,0.8446619489095
I9_RBBB,CD14+ CD16- monocyte %monocyte,GCST90001586,24,IVW,0.962994266408044,0.914519461412428,1.0140385155965,0.152441167832737,0.952303019177491
I9_RBBB,HVEM on Terminally Differentiated CD8+ T cell,GCST90001874,25,IVW,0.969846640350781,0.899772064720293,1.04537864941617,0.423612200848161,0.999334649017272
I9_RBBB,Resting CD4 regulatory T cell %CD4+ T cell,GCST90001482,33,IVW,1.00295254001893,0.958846735281683,1.04908715910151,0.897761721389215,0.999334649017272
I9_RBBB,CD25 on IgD+ CD38- naive B cell,GCST90001781,25,IVW,1.00783630305326,0.941147802732014,1.0792502631399,0.823165830329655,0.999334649017272
I9_RBBB,CD28 on CD4+ T cell,GCST90001898,27,IVW,0.999529866074587,0.971639361295341,1.02822095622308,0.974019253773014,0.999334649017272
I9_RBBB,Plasma Blast-Plasma Cell %B cell,GCST90001404,27,IVW,1.00772794754754,0.930696259917772,1.09113537896682,0.849509703599136,0.999334649017272
I9_RBBB,Plasma Blast-Plasma Cell %lymphocyte,GCST90001435,18,IVW,0.990171049787437,0.936944674793365,1.04642113266014,0.726049017408123,0.999334649017272
I9_RBBB,TCRgd T cell Absolute Count,GCST90001615,19,IVW,0.953724592168273,0.830424211464124,1.09533246399793,0.502343042798511,0.999334649017272
I9_RBBB,TCRgd T cell %T cell,GCST90001616,18,IVW,1.00461138709469,0.928792044348683,1.08662002998534,0.908512244550653,0.999334649017272
I9_RBBB,TCRgd T cell %lymphocyte,GCST90001617,20,IVW,0.987510746373505,0.930356654299267,1.04817595456191,0.679480225855522,0.999334649017272
I9_RBBB,CD25 on CD24+ CD27+ B cell,GCST90001777,24,IVW,1.00205151301387,0.96059798716049,1.04529391915707,0.924254281918136,0.999334649017272
I9_RBBB,Plasmacytoid Dendritic Cell Absolute Count,GCST90001460,30,IVW,0.992426524023815,0.932797797960299,1.05586699254613,0.809967172060662,0.999334649017272
I9_RBBB,CD4+ CD8dim T cell %lymphocyte,GCST90001610,19,IVW,0.988102439623456,0.860496821659209,1.13463107197449,0.865282844331316,0.999334649017272
I9_RBBB,CD4+ CD8dim T cell %leukocyte,GCST90001611,14,IVW,0.915766938083056,0.774205118906297,1.08321304575037,0.304398024182396,0.963873076571823
I9_RBBB,CD19 on Plasma Blast-Plasma Cell,GCST90001739,23,IVW,1.09843717041213,0.906478341726666,1.33104583066457,0.338031379765736,0.981555865811141
I9_RBBB,SSC-A on myeloid Dendritic Cell,GCST90002071,18,IVW,1.01387258822989,0.970014413763018,1.05971376360919,0.541439041554951,0.999334649017272
I9_RBBB,CD3 on Terminally Differentiated CD8+ T cell,GCST90001840,23,IVW,0.962368326260138,0.865910816351727,1.06957065081001,0.476560855452782,0.999334649017272
I9_RBBB,CD66b on Granulocytic Myeloid-Derived Suppressor Cells,GCST90001837,22,IVW,1.12949756077341,1.04155381473828,1.2248668496439,0.00323529471328554,0.570602052234654
I9_RBBB,Central Memory CD8+ T cell %T cell,GCST90001550,22,IVW,1.10448834869369,0.943532063898718,1.29290202111358,0.216198385123448,0.952303019177491
I9_RBBB,CD33 on CD33dim HLA DR+ CD11b+,GCST90001948,22,IVW,0.995237043038237,0.931959676067796,1.06281076024092,0.886725060330805,0.999334649017272
I9_RBBB,IgD on unswitched memory B cell,GCST90001826,22,IVW,0.985910925486232,0.912226550651502,1.06554709715357,0.720320488647687,0.999334649017272
I9_RBBB,CD19 on naive-mature B cell,GCST90001737,29,IVW,1.0072551377759,0.954122868169167,1.06334618572004,0.79374129298459,0.999334649017272
I9_RBBB,Terminally Differentiated CD4-CD8- T cell %T cell,GCST90001574,24,IVW,0.993370074283901,0.959460295918835,1.02847831085892,0.707375829924692,0.999334649017272
I9_RBBB,CCR2 on monocyte,GCST90002008,24,IVW,1.02902277392728,0.972807180977124,1.08848689644479,0.318208783329737,0.977355548798477
I9_RBBB,CD4+ CD8dim T cell Absolute Count,GCST90001609,15,IVW,0.92844594329138,0.823650820197815,1.04657440808132,0.224361461809705,0.952303019177491
I9_RBBB,CD39 on CD39+ CD4+ T cell,GCST90002032,20,IVW,1.01178103005449,0.947450954669938,1.08047899232393,0.726755001753405,0.999334649017272
I9_RBBB,CD39+ resting CD4 regulatory T cell %resting CD4 regulatory T cell,GCST90001484,28,IVW,0.988752959054173,0.92890203037878,1.05246019716388,0.72256001640768,0.999334649017272
I9_RBBB,CD39+ secreting CD4 regulatory T cell %CD4 regulatory T cell,GCST90001497,22,IVW,1.02189258473168,0.959952031709486,1.08782982923633,0.497241589252773,0.999334649017272
I9_RBBB,CD28 on CD39+ CD4+ T cell,GCST90001892,17,IVW,0.941605619903918,0.865097509575417,1.02488000904059,0.16404142544612,0.952303019177491
I9_RBBB,CD39 on CD39+ activated CD4 regulatory T cell,GCST90002030,22,IVW,0.973385484117512,0.885286448183819,1.07025167123529,0.577317186125707,0.999334649017272
I9_RBBB,CD14 on Monocytic Myeloid-Derived Suppressor Cells,GCST90002019,25,IVW,1.04051499950016,0.96368696104421,1.12346800148844,0.31018154791649,0.963873076571823
I9_RBBB,CD40 on CD14+ CD16- monocyte,GCST90001980,23,IVW,1.07638392520432,0.992397414638293,1.16747820716618,0.0757533159497818,0.8446619489095
I9_RBBB,CD40 on monocytes,GCST90001985,29,IVW,1.03402830326388,0.990469918923061,1.07950227616537,0.127531909409273,0.890304315042074
I9_RBBB,HVEM on Terminally Differentiated CD4+ T cell,GCST90001879,26,IVW,1.02781380526129,0.950909650851808,1.11093752949019,0.489311450152051,0.999334649017272
I9_RBBB,CD11c+ CD62L- monocyte Absolute Count,GCST90001452,22,IVW,0.973375524781904,0.895357409950593,1.05819184798697,0.526686711296325,0.999334649017272
I9_RBBB,CD8dim Natural Killer T Absolute Count,GCST90001633,27,IVW,0.897792295110427,0.819013837696494,0.984148213449774,0.0213905779567845,0.744595832686166
I9_RBBB,CD8dim Natural Killer T %lymphocyte,GCST90001635,26,IVW,0.988350402911355,0.892474070147057,1.0945264984271,0.8219160831074,0.999334649017272
I9_RBBB,Activated CD4 regulatory T cell %CD4 regulatory T cell,GCST90001487,28,IVW,0.979029963023437,0.90267330982381,1.06184558473847,0.608968643555379,0.999334649017272
I9_RBBB,CD25 on IgD+ CD24+ B cell,GCST90001778,26,IVW,1.00803393932223,0.952487145896634,1.066820090122,0.782009002548463,0.999334649017272
I9_RBBB,CD25 on IgD+ CD38- unswitched memory B cell,GCST90001782,24,IVW,0.947761931400282,0.899557473956198,0.99854951419739,0.0439568752381778,0.8446619489095
I9_RBBB,CD25++ CD45RA+ CD4 not regulatory T cell %CD4+ T cell,GCST90001508,32,IVW,0.971214265252853,0.925339242657516,1.0193636080122,0.236755415533098,0.952303019177491
I9_RBBB,CD25++ CD45RA+ CD4 not regulatory T cell %T cell,GCST90001509,27,IVW,0.996463081183207,0.949831646312663,1.04538385935635,0.884790180986876,0.999334649017272
I9_RBBB,CD25 on CD45RA+ CD4 not regulatory T cell,GCST90001934,22,IVW,0.993855947532063,0.929737295425773,1.06239649555256,0.856266803142393,0.999334649017272
I9_RBBB,Activated & secreting CD4 regulatory T cell Absolute Count,GCST90001501,22,IVW,0.98309204069446,0.943341233870791,1.02451787940097,0.418072797544546,0.999334649017272
I9_RBBB,CD4 on CD4 regulatory T cell,GCST90002063,29,IVW,0.982524971025054,0.902545614994815,1.06959172217942,0.684034786064452,0.999334649017272
I9_RBBB,CD4 on secreting CD4 regulatory T cell,GCST90002068,28,IVW,1.05116556732525,0.964952955301443,1.14508074601942,0.253085191560101,0.963873076571823
I9_RBBB,CD27 on CD20- B cell,GCST90001796,16,IVW,0.99295216688883,0.892242828140659,1.10502878211288,0.896862948801843,0.999334649017272
I9_RBBB,CCR2 on myeloid Dendritic Cell,GCST90002013,14,IVW,0.936734868440736,0.875352585179487,1.00242145691814,0.0587504062530054,0.8446619489095
I9_RBBB,CD19 on CD24+ CD27+ B cell,GCST90001723,29,IVW,0.978087661749714,0.877754666447242,1.08988936275228,0.688252655670378,0.999334649017272
I9_RBBB,HLA DR+ CD8+ T cell %T cell,GCST90001628,30,IVW,0.99612310148407,0.935248490862014,1.0609599940607,0.903899546481747,0.999334649017272
I9_RBBB,CD16-CD56 on Natural Killer,GCST90001884,28,IVW,1.02416363503031,0.937524271309883,1.11880959610036,0.596492948224721,0.999334649017272
I9_RBBB,CD45 on CD33- HLA DR-,GCST90002045,14,IVW,1.08014610033951,0.955886396141786,1.22055884756581,0.216294067412996,0.952303019177491
I9_RBBB,CD33dim HLA DR+ CD11b- Absolute Count,GCST90001527,28,IVW,0.966709553077472,0.916105689752756,1.0201086735565,0.217116913429648,0.952303019177491
I9_RBBB,IgD- CD38dim B cell %lymphocyte,GCST90001426,23,IVW,1.02585366532282,0.949437861116521,1.10841981951162,0.518093988234788,0.999334649017272
I9_RBBB,Central Memory CD4-CD8- T cell %T cell,GCST90001565,16,IVW,0.985135927184719,0.872739887490171,1.11200692089489,0.808550586447406,0.999334649017272
I9_RBBB,Activated & secreting CD4 regulatory T cell %CD4+ T cell,GCST90001503,32,IVW,0.997389069626984,0.973818770611735,1.02152986390525,0.830346437955317,0.999334649017272
I9_RBBB,IgD+ CD38dim B cell %lymphocyte,GCST90001430,33,IVW,0.998293750718343,0.936538774941844,1.06412082381232,0.958197289382403,0.999334649017272
I9_RBBB,Effector Memory CD4-CD8- T cell %CD4-CD8- T cell,GCST90001570,29,IVW,1.00285007369193,0.973717267520385,1.03285450905578,0.849922162197274,0.999334649017272
I9_RBBB,Effector Memory CD4-CD8- T cell Absolute Count,GCST90001569,19,IVW,1.06694542822728,0.902777690579227,1.26096663519089,0.447155160403396,0.999334649017272
I9_RBBB,CX3CR1 on monocyte,GCST90001995,26,IVW,1.05292982605689,0.942207070214193,1.17666408335076,0.362903546737511,0.993386685184869
I9_RBBB,CX3CR1 on CD14+ CD16- monocyte,GCST90001997,27,IVW,1.03450621870685,0.922705556060598,1.15985333513357,0.560987629744224,0.999334649017272
I9_RBBB,CD20 on transitional B cell,GCST90001763,22,IVW,1.05368596980258,1.00912846703963,1.10021088416606,0.0176819266837341,0.744595832686166
I9_RBBB,CD25 on CD39+ CD4+ T cell,GCST90001961,23,IVW,1.01775393491668,0.941990630106576,1.09961080177751,0.655684105633581,0.999334649017272
I9_RBBB,CD20 on IgD+ CD38+ B cell,GCST90001751,26,IVW,1.03324119892974,0.945641727109191,1.12895544323044,0.469394539526885,0.999334649017272
I9_RBBB,CD14+ CD16+ monocyte Absolute Count,GCST90001580,20,IVW,0.961738827907869,0.83358450272884,1.10959545202399,0.592867386712347,0.999334649017272
I9_RBBB,CD14+ CD16+ monocyte %monocyte,GCST90001585,25,IVW,0.900313456179369,0.783240782754476,1.03488523226162,0.139533646056831,0.92679440172872
I9_RBBB,CD45RA- CD28- CD8+ T cell %CD8+ T cell,GCST90001696,50,IVW,0.997863670729744,0.996056712626915,0.999673906856348,0.0207394645486659,0.744595832686166
I9_RBBB,CD8 on CD39+ CD8+ T cell,GCST90002121,25,IVW,1.13392424996957,1.01399623869742,1.26803646364681,0.0275452171908405,0.74682873531783
I9_RBBB,CCR2 on CD62L+ myeloid Dendritic Cell,GCST90002014,14,IVW,1.00193329955988,0.882976734759599,1.13691595400899,0.976105083409792,0.999334649017272
I9_RBBB,IgD on IgD+ CD24- B cell,GCST90001821,29,IVW,1.03405336550568,0.952554159090251,1.12252553044841,0.424010405784066,0.999334649017272
I9_RBBB,CD28+ CD4-CD8- T cell %T cell,GCST90001655,23,IVW,1.09144157949428,0.966695043200796,1.23228595183924,0.157653925939524,0.952303019177491
I9_RBBB,CD4+/CD8+ T cell,GCST90001589,15,IVW,1.02574183870003,0.887511474174048,1.18550165296611,0.730734203042539,0.999334649017272
I9_RBBB,CD8+ T cell %T cell,GCST90001593,23,IVW,0.949014071292637,0.858428125438836,1.04915913263096,0.306581308921476,0.963873076571823
I9_RBBB,CD8+ T cell %leukocyte,GCST90001607,17,IVW,0.914825749282995,0.787712841788239,1.06245081602488,0.24348238534142,0.952303019177491
I9_RBBB,CD38 on Plasma Blast-Plasma Cell,GCST90001817,15,IVW,0.906599858371816,0.782465741633287,1.05042720654344,0.191838694696085,0.952303019177491
I9_RBBB,CD3 on T cell,GCST90001851,31,IVW,0.988840524247799,0.930769484660167,1.05053463667394,0.716280846007507,0.999334649017272
I9_RBBB,CD28- CD127- CD25++ CD8+ T cell %CD8+ T cell,GCST90001674,18,IVW,0.954781988082481,0.876434112831867,1.04013368651434,0.28949106617527,0.963873076571823
I9_RBBB,CD19 on IgD+ CD24+ B cell,GCST90001724,33,IVW,1.01701784419836,0.945826154595166,1.09356808372528,0.648569429410985,0.999334649017272
I9_RBBB,CD62L- plasmacytoid Dendritic Cell %Dendritic Cell,GCST90001471,18,IVW,1.07643285295908,0.983747168108489,1.17785110289826,0.108869278721172,0.857047959996066
I9_RBBB,SSC-A on HLA DR+ Natural Killer,GCST90002077,28,IVW,1.00591232582862,0.936570371467842,1.08038823144501,0.871492182297673,0.999334649017272
I9_RBBB,IgD+ CD38+ B cell %B cell,GCST90001447,25,IVW,0.998169963604404,0.91548324227516,1.08832497443198,0.966882635476144,0.999334649017272
I9_RBBB,CD14 on CD33+ HLA DR+ CD14dim,GCST90002020,18,IVW,1.01919674464982,0.916295569007285,1.13365385519674,0.726210758360938,0.999334649017272
I9_RBBB,CD11c on myeloid Dendritic Cell,GCST90002087,30,IVW,1.00566391624068,0.937107195239864,1.07923609760532,0.875413552244856,0.999334649017272
I9_RBBB,CD27 on unswitched memory B cell,GCST90001806,30,IVW,1.00287208275332,0.903708791723634,1.11291648767489,0.956943229765025,0.999334649017272
I9_RBBB,CD8 on CD28- CD8+ T cell,GCST90002120,20,IVW,1.15597531926887,0.996232085135474,1.34133296718409,0.0561012647096839,0.8446619489095
I9_RBBB,CD11b on CD33+ HLA DR+ CD14dim,GCST90002097,21,IVW,0.974914206723422,0.893651810446823,1.06356603249753,0.567225770436805,0.999334649017272
I9_RBBB,CD20 on IgD- CD38dim B cell,GCST90001757,34,IVW,1.01925517877256,0.976565329984149,1.06381118349917,0.382288369983255,0.993386685184869
I9_RBBB,CD24 on memory B cell,GCST90001771,31,IVW,1.04613876943367,0.973906272633655,1.12372859243702,0.216579836102824,0.952303019177491
I9_RBBB,CD4+CD8+ T cell %leukocyte,GCST90001608,22,IVW,1.11363196804834,0.942802095049255,1.31541515103913,0.205240274951312,0.952303019177491
I9_RBBB,CD25 on IgD- CD38dim B cell,GCST90001789,20,IVW,0.951976168734393,0.848238732132745,1.06840042962856,0.403125480231018,0.999334649017272
I9_RBBB,CD8 on naive CD8+ T cell,GCST90002055,16,IVW,1.01495540303611,0.880985081374854,1.16929842732931,0.837153175055447,0.999334649017272
I9_RBBB,CD38 on IgD+ CD24- B cell,GCST90001811,17,IVW,0.968506541459424,0.856959487996859,1.09457323711099,0.608254066637503,0.999334649017272
I9_RBBB,CD8 on Natural Killer T,GCST90002059,18,IVW,1.06304712272421,0.949273777138442,1.19045654936218,0.289772133237253,0.963873076571823
I9_RBBB,CD19 on IgD+ CD38- B cell,GCST90001726,31,IVW,1.00324515267764,0.950766582834565,1.05862033283759,0.905913344251167,0.999334649017272
I9_RBBB,CD20 on B cell,GCST90001743,23,IVW,1.08509837061185,0.975822616922266,1.20661117449617,0.131536068433029,0.890304315042074
I9_RBBB,CD20 on IgD+ B cell,GCST90001762,20,IVW,1.02686751470163,0.967696764978671,1.08965631684503,0.381256950829945,0.993386685184869
I9_RBBB,HLA DR+ T cell Absolute Count,GCST90001618,30,IVW,0.938616872090966,0.879001971990055,1.0022749216128,0.0584739396409136,0.8446619489095
I9_RBBB,HLA DR+ CD8+ T cell %lymphocyte,GCST90001629,30,IVW,1.03221804069906,0.949199817366724,1.12249714343651,0.45853681174805,0.999334649017272
I9_RBBB,Effector Memory CD8+ T cell Absolute Count,GCST90001554,24,IVW,0.95632449456181,0.90287416241158,1.01293909713411,0.128038647676511,0.890304315042074
I9_RBBB,CD8+ T cell Absolute Count,GCST90001592,21,IVW,0.958915850305335,0.904915148074,1.01613903792404,0.156011963397265,0.952303019177491
I9_RBBB,CD127- CD8+ T cell Absolute Count,GCST90001684,13,IVW,0.910804458823572,0.786738615875666,1.05443503785507,0.21110799031133,0.952303019177491
I9_RBBB,CD28 on CD28+ CD4+ T cell,GCST90001894,27,IVW,0.99178705038969,0.964345616261224,1.0200093584023,0.564565593510897,0.999334649017272
I9_RBBB,CD45RA- CD4+ T cell Absolute Count,GCST90001534,16,IVW,0.997045003410365,0.92259282174605,1.07750539067082,0.940422074919854,0.999334649017272
I9_RBBB,CD27 on IgD- CD38- B cell,GCST90001802,31,IVW,0.973275566111716,0.893263469934817,1.06045456852636,0.535983999457253,0.999334649017272
I9_RBBB,CD64 on CD14+ CD16+ monocyte,GCST90002011,12,IVW,0.937497540892662,0.728033727364023,1.20722654204773,0.616887789440768,0.999334649017272
I9_RBBB,Switched memory B cell %B cell,GCST90001402,13,IVW,0.931624112914617,0.806685173824941,1.07591352354803,0.335022989673551,0.981555865811141
I9_RBBB,IgD- CD38- B cell %B cell,GCST90001445,12,IVW,1.02490962145431,0.803325919709934,1.30761339373801,0.843070600372992,0.999334649017272
I9_RBBB,CD33 on CD33+ HLA DR+ CD14dim,GCST90001947,27,IVW,1.01229355962693,0.966025675334476,1.06077744828816,0.608720840499639,0.999334649017272
I9_RBBB,FSC-A on HLA DR+ Natural Killer,GCST90001970,20,IVW,1.03499502961938,0.962651336576417,1.11277538464395,0.352163832978199,0.985757125651936
I9_RBBB,HLA DR on CD33dim HLA DR+ CD11b-,GCST90002111,18,IVW,0.986194596910234,0.910039143630301,1.06872302118253,0.734581582751518,0.999334649017272
I9_RBBB,CD33 on CD33+ HLA DR+,GCST90001956,23,IVW,1.01147471043123,0.959991658935774,1.06571872819823,0.66860052391013,0.999334649017272
I9_RBBB,CD33 on CD33+ HLA DR+ CD14-,GCST90001957,21,IVW,1.01032230439691,0.956281498839095,1.06741703149235,0.71425470216893,0.999334649017272
I9_RBBB,CD127 on T cell,GCST90001922,18,IVW,1.04521807772517,0.900035246068362,1.21382005290993,0.562163225890914,0.999334649017272
I9_RBBB,CD8+ and CD8dim T cell %leukocyte,GCST90001614,15,IVW,0.905695516219156,0.759620335813206,1.07986099032135,0.269677693012475,0.963873076571823
I9_RBBB,CD45 on granulocyte,GCST90001913,15,IVW,0.96091571788444,0.871349903282053,1.05968797769922,0.424493188381067,0.999334649017272
I9_RBBB,IgD- CD27- B cell %B cell,GCST90001399,15,IVW,1.09943575333424,0.944889401591562,1.2792597458217,0.219994234757662,0.952303019177491
I9_RBBB,CD27 on CD24+ CD27+ B cell,GCST90001798,30,IVW,0.960199927212409,0.883877038744508,1.04311330626751,0.336494363347714,0.981555865811141
I9_RBBB,CD27 on IgD- CD38dim B cell,GCST90001804,31,IVW,0.985790343802921,0.928401495371995,1.04672666597301,0.640019114148267,0.999334649017272
I9_RBBB,CD27 on memory B cell,GCST90001805,25,IVW,1.00277011801115,0.947227376786885,1.06156972889343,0.924194991867599,0.999334649017272
I9_RBBB,HLA DR+ CD4+ T cell %lymphocyte,GCST90001626,21,IVW,0.956618704068261,0.792615693370414,1.154556177259,0.643928435668695,0.999334649017272
I9_RBBB,BAFF-R on IgD+ CD38- unswitched memory B cell,GCST90001707,19,IVW,1.0587211766144,0.984454118503682,1.13859092947416,0.124106808437576,0.890304315042074
I9_RBBB,CD25 on CD39+ activated CD4 regulatory T cell,GCST90001940,12,IVW,1.01569796403505,0.886750563183885,1.1633963337343,0.822086395146786,0.999334649017272
I9_RBBB,CD45RA+ CD8+ T cell %T cell,GCST90001562,35,IVW,1.00556310711563,0.98873107900159,1.02268168146701,0.519484202993422,0.999334649017272
I9_RBBB,CD25 on transitional B cell,GCST90001795,22,IVW,0.962109798926347,0.855731910416504,1.08171175332185,0.518193257406208,0.999334649017272
I9_RBBB,CD4-CD8- T cell Absolute Count,GCST90001598,20,IVW,0.968228535629729,0.824946362438643,1.13639691002021,0.692734093556403,0.999334649017272
I9_RBBB,CD4-CD8- T cell %leukocyte,GCST90001613,20,IVW,1.00533561526422,0.933265654060799,1.08297106501344,0.888491633871661,0.999334649017272
I9_RBBB,PDL-1 on CD14- CD16+ monocyte,GCST90001999,19,IVW,1.02106767684751,0.914969304135761,1.13946904665566,0.709551952308226,0.999334649017272
I9_RBBB,Activated & resting CD4 regulatory T cell %CD4+ T cell,GCST90001500,27,IVW,0.998726461669145,0.915227667451408,1.08984308572722,0.977177081336029,0.999334649017272
I9_RBBB,CD45RA+ CD8+ T cell Absolute Count,GCST90001560,28,IVW,1.00466769138917,0.97597298937384,1.03420604987114,0.75277286930941,0.999334649017272
I9_RBBB,CD11b on CD33dim HLA DR-,GCST90002095,23,IVW,1.04154208959374,0.958686196407251,1.13155892768738,0.33585095534541,0.981555865811141
I9_RBBB,CD62L- HLA DR++ monocyte %monocyte,GCST90001455,12,IVW,1.02490035546094,0.844591655909747,1.24370248187275,0.80325637877312,0.999334649017272
I9_RBBB,IgD- CD24- B cell %B cell,GCST90001413,18,IVW,1.02299191523984,0.932498546861124,1.1222671200601,0.630485529983646,0.999334649017272
I9_RBBB,IgD- CD24- B cell Absolute Count,GCST90001414,18,IVW,0.956821860749086,0.791461771711745,1.15673062923471,0.648423642345932,0.999334649017272
I9_RBBB,IgD- CD24- B cell %lymphocyte,GCST90001440,24,IVW,0.939338287060477,0.827571462866781,1.06619966628761,0.332927798986989,0.981555865811141
I9_RBBB,CD4-CD8- T cell %T cell,GCST90001599,15,IVW,1.18925980083006,1.00470577262181,1.40771448956601,0.043950224413965,0.8446619489095
I9_RBBB,CD4-CD8- Natural Killer T Absolute Count,GCST90001636,10,IVW,1.13239625248335,0.926375284322446,1.38423519532499,0.224913310449565,0.952303019177491
I9_RBBB,CD4-CD8- Natural Killer T %T cell,GCST90001637,30,IVW,1.02431693776246,0.914408466324581,1.14743599564905,0.67822690936383,0.999334649017272
I9_RBBB,CD4-CD8- Natural Killer T %lymphocyte,GCST90001638,29,IVW,1.00358067876443,0.89339806529941,1.12735209299085,0.951965549915579,0.999334649017272
I9_RBBB,Naive CD4+ T cell %CD4+ T cell,GCST90001541,35,IVW,1.05864600088058,0.965471280432051,1.16081273249155,0.225343345729276,0.952303019177491
I9_RBBB,CD3 on Terminally Differentiated CD4+ T cell,GCST90001844,23,IVW,1.01486910692251,0.933049030771869,1.10386407382435,0.730727855331139,0.999334649017272
I9_RBBB,CD25 on IgD- CD38+ B cell,GCST90001788,20,IVW,1.04834563660235,0.900962174006072,1.2198387518273,0.541337768475254,0.999334649017272
I9_RBBB,CD20 on CD24+ CD27+ B cell,GCST90001745,29,IVW,0.983247962747182,0.889547392637588,1.08681849246942,0.740923941996588,0.999334649017272
I9_RBBB,CD8 on CD8+ T cell,GCST90002058,27,IVW,1.01971193585259,0.922789863699552,1.12681388583043,0.70166164066039,0.999334649017272
I9_RBBB,CD8dim T cell Absolute Count,GCST90001596,27,IVW,0.94586756373078,0.861311173439622,1.03872499940431,0.244101560162058,0.952303019177491
I9_RBBB,CD3 on Central Memory CD8+ T cell,GCST90001846,19,IVW,1.01501716703574,0.903633459132978,1.14013025852959,0.801552417438998,0.999334649017272
I9_RBBB,CD3 on HLA DR+ T cell,GCST90001847,27,IVW,0.966402971150137,0.875754413282465,1.06643448035538,0.496472038681723,0.999334649017272
I9_RBBB,HLA DR+ Natural Killer Absolute Count,GCST90001648,18,IVW,0.939670433796957,0.827326606440114,1.0672695852869,0.338136926576019,0.981555865811141
I9_RBBB,CD45 on HLA DR+ Natural Killer,GCST90001912,12,IVW,0.872085224062627,0.752894743955555,1.0101447036709,0.067943144030206,0.8446619489095
I9_RBBB,CD28+ CD45RA- CD8+ T cell %CD8+ T cell,GCST90001692,28,IVW,0.984330834048588,0.967566457692393,1.0013856755324,0.0715447585099233,0.8446619489095
I9_RBBB,IgD+ CD24+ B cell %B cell,GCST90001411,20,IVW,0.990481713090747,0.841623128270446,1.16566903999331,0.908365298153701,0.999334649017272
I9_RBBB,CD20 on IgD+ CD38- B cell,GCST90001748,25,IVW,1.01266183758377,0.923676528868358,1.11021982831469,0.788599611324172,0.999334649017272
I9_RBBB,CD20 on memory B cell,GCST90001758,28,IVW,1.01127833630231,0.918097497245001,1.11391641578723,0.820114657607759,0.999334649017272
I9_RBBB,Lymphocyte %leukocyte,GCST90001602,22,IVW,1.05914340075675,0.973337351097297,1.15251381455968,0.182516282100146,0.952303019177491
I9_RBBB,CD45 on B cell,GCST90001910,15,IVW,1.03370065759117,0.964997989033564,1.10729458677374,0.344861115306536,0.983766756547175
I9_RBBB,CD25 on secreting CD4 regulatory T cell,GCST90001941,14,IVW,1.03224233383117,0.972224543461532,1.0959651686631,0.299119634722468,0.963873076571823
I9_RBBB,HLA DR on CD33+ HLA DR+ CD14dim,GCST90002109,20,IVW,1.02947808896748,0.932935232094832,1.1360114820451,0.563090370811673,0.999334649017272
I9_RBBB,IgD- CD27- B cell %lymphocyte,GCST90001433,18,IVW,1.07315203567755,0.932678188865094,1.23478312823015,0.323974990015685,0.981555865811141
I9_RBBB,CD45 on CD33dim HLA DR-,GCST90002050,18,IVW,1.01253810733016,0.920489569847741,1.11379145661077,0.797767696870764,0.999334649017272
I9_RBBB,CD45 on CD14+ monocyte,GCST90001909,17,IVW,0.928604347773208,0.837541046671894,1.02956868577345,0.159536082791911,0.952303019177491
I9_RBBB,CD28+ CD45RA- CD8dim T cell Absolute Count,GCST90001669,37,IVW,0.996100521094833,0.977529434584948,1.01502442077019,0.684075450058203,0.999334649017272
I9_RBBB,CD28+ CD4-CD8- T cell Absolute Count,GCST90001657,12,IVW,0.998815015748397,0.816959711051138,1.22115132752492,0.990774199867266,0.999334649017272
I9_RBBB,CD19 on CD20- B cell,GCST90001721,22,IVW,1.00088452819641,0.886505365755766,1.13002117920506,0.988606602161826,0.999334649017272
I9_RBBB,CD25 on IgD- CD24- B cell,GCST90001785,26,IVW,1.00557083148303,0.882474568684792,1.14583777596728,0.933545057631066,0.999334649017272
I9_RBBB,CD62L on CD62L+ plasmacytoid Dendritic Cell,GCST90001832,15,IVW,0.926229967578943,0.815368649891455,1.05216450614762,0.238714960300166,0.952303019177491
I9_RBBB,CD39+ CD8+ T cell %T cell,GCST90001670,20,IVW,0.999421988266042,0.886594735233175,1.12660753660685,0.992451954771677,0.999334649017272
I9_RBBB,CD39+ CD8+ T cell %CD8+ T cell,GCST90001671,21,IVW,1.00402910995203,0.920812374162194,1.09476640618373,0.927420321342562,0.999334649017272
I9_RBBB,CD39+ CD8+ T cell Absolute Count,GCST90001672,24,IVW,1.00318990898208,0.922775205099155,1.09061230505791,0.94044623693105,0.999334649017272
I9_RBBB,HVEM on CD4+ T cell,GCST90001875,20,IVW,0.99583512450215,0.91966448220534,1.07831455316635,0.918120516704709,0.999334649017272
I9_RBBB,HVEM on CD45RA- CD4+ T cell,GCST90001880,19,IVW,0.999258496474969,0.9460296066976,1.05548233977903,0.978810658464084,0.999334649017272
I9_RBBB,Effector Memory CD8+ T cell %T cell,GCST90001556,15,IVW,0.961786068717205,0.890486301003246,1.03879469109893,0.321452124756826,0.981555865811141
I9_RBBB,CD3 on Natural Killer T,GCST90001848,17,IVW,1.11460174236901,0.989035762120152,1.25610932554035,0.0752056300030915,0.8446619489095
I9_RBBB,CD45 on CD66b++ myelod cell,GCST90002048,16,IVW,0.985598289438897,0.901026047154144,1.07810866424231,0.751302556661347,0.999334649017272
I9_RBBB,Granulocyte Absolute Count,GCST90001651,24,IVW,0.936294918865484,0.827363346481865,1.05956854243185,0.296905362769781,0.963873076571823
I9_RBBB,Transitional B cell Absolute Count,GCST90001577,31,IVW,0.935990947340177,0.838532454226642,1.04477656062907,0.238329557389426,0.952303019177491
I9_RBBB,Granulocyte %leukocyte,GCST90001652,25,IVW,0.997879052466589,0.905471202357548,1.09971758434612,0.965841988859312,0.999334649017272
I9_RBBB,HLA DR on HLA DR+ Natural Killer,GCST90002117,28,IVW,0.999752964364258,0.985446643200344,1.01426697899048,0.973198050463889,0.999334649017272
I9_RBBB,Natural Killer %CD3- lymphocyte,GCST90001646,27,IVW,1.01057095225669,0.952893998195288,1.07173898826016,0.725804405586625,0.999334649017272
I9_RBBB,CD80 on myeloid Dendritic Cell,GCST90002035,26,IVW,1.00246117596053,0.919769744951179,1.09258693800753,0.955370174154085,0.999334649017272
I9_RBBB,CD45 on Immature Myeloid-Derived Suppressor Cells,GCST90002052,10,IVW,1.05099838228104,0.976311017913266,1.1313992972427,0.185984172118802,0.952303019177491
I9_RBBB,CD3 on HLA DR+ CD8+ T cell,GCST90001850,26,IVW,1.01210526397795,0.919968811165011,1.11346934041673,0.80484189478868,0.999334649017272
I9_RBBB,Resting CD4 regulatory T cell Absolute Count,GCST90001480,25,IVW,1.00984974872378,0.900772042897361,1.13213606376734,0.866529080355081,0.999334649017272
I9_RBBB,CD127 on CD28+ CD4+ T cell,GCST90001924,20,IVW,1.00283256965756,0.908163053712459,1.10737070689555,0.955413842350399,0.999334649017272
I9_RBBB,CD20 on IgD+ CD38- naive B cell,GCST90001749,18,IVW,0.988151334665578,0.885629145147051,1.1025416965464,0.831109347253507,0.999334649017272
I9_RBBB,CD25 on IgD+ CD38dim B cell,GCST90001784,23,IVW,0.988493520364676,0.918786244729084,1.06348940834554,0.756419609426568,0.999334649017272
I9_RBBB,CD25 on IgD+ B cell,GCST90001794,27,IVW,1.03383001564724,0.971539195916131,1.10011464874079,0.29402387484944,0.963873076571823
I9_RBBB,CD8dim T cell %T cell,GCST90001597,19,IVW,1.10329603667627,0.971210150495999,1.25334578095577,0.130793058415841,0.890304315042074
I9_RBBB,CD8dim T cell %leukocyte,GCST90001612,18,IVW,0.998980654635334,0.894563059210139,1.11558636147663,0.985554051603202,0.999334649017272
I9_RBBB,CD28- CD8dim T cell %T cell,GCST90001661,25,IVW,1.07936504711238,0.984422885999324,1.1834638563337,0.10399394719816,0.8446619489095
I9_RBBB,CD20- B cell %B cell,GCST90001419,19,IVW,0.993557010969283,0.895101111411701,1.10284248501192,0.903370814841541,0.999334649017272
I9_RBBB,CD20- B cell Absolute Count,GCST90001421,22,IVW,0.99219439596764,0.925154918417354,1.06409175349105,0.826224311708375,0.999334649017272
I9_RBBB,CD45RA on Terminally Differentiated CD8+ T cell,GCST90002101,14,IVW,0.966854167161255,0.826475010383278,1.13107712733331,0.673656081325551,0.999334649017272
I9_RBBB,CD3 on naive CD8+ T cell,GCST90001838,25,IVW,1.05141101635867,0.971419319283847,1.13798964399363,0.21432420246444,0.952303019177491
I9_RBBB,CD3 on CD28+ CD45RA+ CD8+ T cell,GCST90001864,25,IVW,0.993453671090174,0.911159833223879,1.08318009707529,0.881653189363623,0.999334649017272
I9_RBBB,IgD+ B cell %Lymphocyte,GCST90001424,18,IVW,1.04764301208894,0.958936614601584,1.1445551917264,0.302497335305783,0.963873076571823
I9_RBBB,Naive-mature B cell %lymphocyte,GCST90001437,21,IVW,0.930619050782995,0.778206270193294,1.11288208647449,0.430716615310982,0.999334649017272
I9_RBBB,IgD+ CD24- B cell %lymphocyte,GCST90001441,21,IVW,1.01283724604555,0.834529910874107,1.22924208420839,0.897271743198134,0.999334649017272
I9_RBBB,IgD+ CD24- B cell %B cell,GCST90001415,18,IVW,0.952016390530688,0.87466229755124,1.0362115874624,0.255416128711381,0.963873076571823
I9_RBBB,CD19 on B cell,GCST90002028,24,IVW,0.965419721483454,0.875946487481985,1.06403216628956,0.478190010690235,0.999334649017272
I9_RBBB,CCR7 on naive CD4+ T cell,GCST90001907,24,IVW,1.01229997168141,0.941293332146021,1.08866301042407,0.741799985830453,0.999334649017272
I9_RBBB,CD28 on CD39+ activated CD4 regulatory T cell,GCST90001886,19,IVW,0.926188256585825,0.857666383438639,1.00018457433089,0.0505484069499395,0.8446619489095
I9_RBBB,CD28 on activated & secreting CD4 regulatory T cell,GCST90001889,25,IVW,1.00014406083779,0.956275861737282,1.04602466971389,0.994977529493276,0.999334649017272
I9_RBBB,CD28 on CD4 regulatory T cell,GCST90001899,25,IVW,1.01193518897549,0.969333314210119,1.05640940187978,0.588742024436205,0.999334649017272
I9_RBBB,CD28 on activated CD4 regulatory T cell,GCST90001902,18,IVW,0.965296043138282,0.857335047059424,1.08685216368373,0.55943507083148,0.999334649017272
I9_RBBB,CD25 on activated CD4 regulatory T cell,GCST90001939,17,IVW,1.11469864847136,0.94512376909266,1.3146987913517,0.197167378464527,0.952303019177491
I9_RBBB,CD3 on CD39+ secreting CD4 regulatory T cell,GCST90001856,27,IVW,1.06552012783448,0.960989134752813,1.18142141441843,0.228334034457321,0.952303019177491
I9_RBBB,BAFF-R on CD20- CD38- B cell,GCST90001701,17,IVW,0.961152553644059,0.882482493511695,1.04683575954048,0.363127194411068,0.993386685184869
I9_RBBB,SSC-A on CD8+ T cell,GCST90002082,18,IVW,0.960463226778435,0.893129814433418,1.0328729318916,0.276682242596467,0.963873076571823
I9_RBBB,CD33dim HLA DR+ CD11b+ %CD33dim HLA DR+,GCST90001526,24,IVW,0.967884157568842,0.916437780805497,1.02221859693448,0.241436333553331,0.952303019177491
I9_RBBB,CD33dim HLA DR+ CD11b- %CD33dim HLA DR+,GCST90001528,24,IVW,1.03917419484841,0.992981240591487,1.08751602053991,0.0976436159230492,0.8446619489095
I9_RBBB,CD25 on naive-mature B cell,GCST90001791,23,IVW,0.940516570094807,0.825676757804069,1.07132895562601,0.356005309400973,0.985757125651936
I9_RBBB,CD20- CD38- B cell Absolute Count,GCST90001423,14,IVW,1.18412740548629,0.987086871530901,1.42050082202902,0.0687540643986774,0.8446619489095
I9_RBBB,CD25 on B cell,GCST90001775,25,IVW,1.03560563348392,0.955360394779006,1.12259104937224,0.395199117898186,0.993386685184869
I9_RBBB,FSC-A on plasmacytoid Dendritic Cell,GCST90001964,26,IVW,1.01267916027746,0.960367352578993,1.06784042471488,0.64150139095381,0.999334649017272
I9_RBBB,HLA DR on CD33+ HLA DR+ CD14-,GCST90002108,25,IVW,1.00551846668947,0.960498857915563,1.05264819267741,0.81383426518536,0.999334649017272
I9_RBBB,CD28 on CD28+ CD45RA- CD8+ T cell,GCST90001893,17,IVW,0.988268627345514,0.842674358269516,1.15901815477221,0.884610784304574,0.999334649017272
I9_RBBB,CD19 on switched memory B cell,GCST90001740,27,IVW,1.04495794542943,0.925292188837767,1.18009977917099,0.478508342151708,0.999334649017272
I9_RBBB,CD19 on IgD+ CD24- B cell,GCST90001725,25,IVW,1.01582031708994,0.957913265841331,1.07722792178518,0.600169858990434,0.999334649017272
I9_RBBB,FSC-A on granulocyte,GCST90001966,21,IVW,0.999724755797564,0.899040269138013,1.11168500640439,0.995944509942849,0.999334649017272
I9_RBBB,CD3 on Naive CD4+ T cell,GCST90001842,30,IVW,1.09448401549329,1.02297421388367,1.17099262514406,0.00882178676524624,0.570602052234654
I9_RBBB,CCR7 on naive CD8+ T cell,GCST90001908,24,IVW,1.03870334096414,0.944555155769159,1.14223571163666,0.433434691863334,0.999334649017272
I9_RBBB,CD25++ CD4+ T cell Absolute Count,GCST90001504,23,IVW,0.980897389845701,0.871832488123689,1.10360614282317,0.748423203658267,0.999334649017272
I9_RBBB,CD25++ CD4+ T cell %CD4+ T cell,GCST90001505,26,IVW,0.903823887348164,0.817397321791946,0.999388666395794,0.048618160181936,0.8446619489095
I9_RBBB,Memory B cell %lymphocyte,GCST90001436,28,IVW,0.994473948768254,0.936148291647497,1.05643351977736,0.85738772610923,0.999334649017272
I9_RBBB,CD4 on monocyte,GCST90001958,15,IVW,0.966855231367594,0.860506680781723,1.08634721763422,0.57075083240827,0.999334649017272
I9_RBBB,SSC-A on T cell,GCST90002080,22,IVW,0.910003785037285,0.813534437034018,1.01791251984525,0.0990507549523978,0.8446619489095
I9_RBBB,CD28+ CD45RA+ CD8dim T cell %T cell,GCST90001664,41,IVW,1.00404410975649,0.990248526722676,1.01803188505932,0.567484180068972,0.999334649017272
I9_RBBB,CD16-CD56 on HLA DR+ Natural Killer,GCST90001885,24,IVW,1.0171662202978,0.957698682761269,1.08032634725135,0.579739538369443,0.999334649017272
I9_RBBB,CD20 on IgD+ CD38- unswitched memory B cell,GCST90001750,19,IVW,1.00214013689109,0.884873060586546,1.13494793626376,0.973140361594672,0.999334649017272
I9_RBBB,FSC-A on HLA DR+ CD8+ T cell,GCST90001978,18,IVW,0.989357745546178,0.926567387611714,1.0564031950177,0.749101791999117,0.999334649017272
I9_RBBB,CD11b on CD14+ monocyte,GCST90002091,20,IVW,0.94625162387942,0.886730156404695,1.00976845010535,0.0955685467129546,0.8446619489095
I9_RBBB,CD11b on Monocytic Myeloid-Derived Suppressor Cells,GCST90002094,16,IVW,0.989753232523656,0.919963502733004,1.06483730972025,0.782488273035463,0.999334649017272
I9_RBBB,CD45 on HLA DR+ CD4+ T cell,GCST90001920,18,IVW,0.986508145602568,0.971769626643086,1.00147019896276,0.0769425117619393,0.8446619489095
I9_RBBB,CD11c+ HLA DR++ monocyte Absolute Count,GCST90001456,17,IVW,1.01251264826516,0.883947943328058,1.15977628618844,0.857557036971926,0.999334649017272
I9_RBBB,CD28 on CD45RA+ CD4+ T cell,GCST90001890,13,IVW,0.945747487950616,0.829158932299334,1.07872963327373,0.405979314358202,0.999334649017272
I9_RBBB,CD25 on CD4+ T cell,GCST90001960,16,IVW,1.0219106742168,0.958099002736089,1.08997235473158,0.509994956359033,0.999334649017272
I9_RBBB,CD4 on resting CD4 regulatory T cell,GCST90002064,13,IVW,0.918385504605106,0.7554529103681,1.11645864817412,0.392865215635162,0.993386685184869
I9_RBBB,CD86 on myeloid Dendritic Cell,GCST90001903,22,IVW,1.07129943569258,0.950062675831584,1.20800712427807,0.261020923414528,0.963873076571823
I9_RBBB,CD19 on IgD+ CD38dim B cell,GCST90001730,24,IVW,1.00133327931371,0.946808018438771,1.05899856859522,0.962799417025891,0.999334649017272
I9_RBBB,CD19 on IgD- CD38dim B cell,GCST90001735,28,IVW,1.01812293150927,0.921791086504337,1.12452194303156,0.723216341807154,0.999334649017272
I9_RBBB,CD38 on CD3- CD19-,GCST90001810,18,IVW,0.998716401991226,0.907101979063723,1.09958359107078,0.97912592201742,0.999334649017272
I9_RBBB,CD25 on memory B cell,GCST90001790,24,IVW,1.02181043724078,0.929422314410918,1.12338229184433,0.655426540319889,0.999334649017272
I9_RBBB,CD25 on unswitched memory B cell,GCST90001792,24,IVW,0.977429274114245,0.912737602672106,1.04670606656129,0.513476634415856,0.999334649017272
I9_RBBB,CD62L- monocyte Absolute Count,GCST90001450,20,IVW,0.936970256141646,0.866348981830963,1.01334829186125,0.103451359296773,0.8446619489095
I9_RBBB,CD62L- monocyte %monocyte,GCST90001451,23,IVW,0.966380504249207,0.874704388898178,1.06766502014392,0.501277244900594,0.999334649017272
I9_RBBB,HLA DR on Dendritic Cell,GCST90002106,19,IVW,1.007981675904,0.933687564045995,1.08818741737914,0.838730671387113,0.999334649017272
I9_RBBB,Naive CD4-CD8- T cell %T cell,GCST90001568,20,IVW,1.27302187801636,1.11945112062211,1.44766008274457,0.000232886790042291,0.170240243520915
I9_RBBB,B cell %lymphocyte,GCST90001644,35,IVW,0.983005190682067,0.897187786996227,1.07703116216399,0.713039658064889,0.999334649017272
I9_RBBB,CD24+ CD27+ B cell %lymphocyte,GCST90001442,24,IVW,1.01144559794515,0.952626108316138,1.0738968716813,0.709666869281764,0.999334649017272
I9_RBBB,Naive-mature B cell %B cell,GCST90001408,29,IVW,1.01692447278681,0.945711807736923,1.09349949412962,0.650484546550931,0.999334649017272
I9_RBBB,Terminally Differentiated CD8+ T cell %CD8+ T cell,GCST90001558,23,IVW,0.943221950265603,0.863412593169106,1.03040846809678,0.195009908270051,0.952303019177491
I9_RBBB,HVEM on Effector Memory CD8+ T cell,GCST90001873,18,IVW,0.906016491141027,0.835588831926969,0.982380150206751,0.016821851606208,0.744595832686166
I9_RBBB,CCR2 on CD14- CD16+ monocyte,GCST90001982,28,IVW,1.03364596925282,0.967026297798658,1.10485515459586,0.330271106220983,0.981555865811141
I9_RBBB,HLA DR on CD14+ CD16- monocyte,GCST90001988,22,IVW,1.05715086065049,0.971367168837369,1.15051030962029,0.198031309436783,0.952303019177491
I9_RBBB,HLA DR on CD14+ monocyte,GCST90001991,21,IVW,1.06002291016328,0.971913798762155,1.15611957717046,0.187985855349901,0.952303019177491
I9_RBBB,CD64 on CD14- CD16-,GCST90002001,16,IVW,1.12604715514038,0.976975832349393,1.29786444414961,0.10131716427465,0.8446619489095
I9_RBBB,CD62L- Dendritic Cell Absolute Count,GCST90001462,18,IVW,1.01693280819783,0.9614391085007,1.07562957159275,0.557552141169027,0.999334649017272
I9_RBBB,FSC-A on HLA DR+ CD4+ T cell,GCST90001977,17,IVW,0.940785743864904,0.854279147627543,1.03605222990334,0.21485683544269,0.952303019177491
I9_RBBB,CD45 on CD4+ T cell,GCST90001916,13,IVW,1.07602578034888,0.901758690007209,1.2839704155955,0.416299855027127,0.999334649017272
I9_RBBB,CD64 on CD14+ CD16- monocyte,GCST90001987,35,IVW,1.03805161738982,1.00178419592075,1.07563202209956,0.0395665388440585,0.8446619489095
I9_RBBB,CD4+ T cell %leukocyte,GCST90001606,13,IVW,0.965040667200073,0.783925416569837,1.18800012050253,0.737208528342067,0.999334649017272
I9_RBBB,Effector Memory CD4+ T cell Absolute Count,GCST90001542,23,IVW,0.965463897303093,0.913202615113798,1.02071601807614,0.215773187680098,0.952303019177491
I9_RBBB,CD86 on CD62L+ myeloid Dendritic Cell,GCST90001904,22,IVW,1.03323519175252,0.941487972388788,1.13392310128738,0.490736772875724,0.999334649017272
I9_RBBB,Unswitched memory B cell Absolute Count,GCST90001398,20,IVW,1.03434115984009,0.905319007434482,1.18175099180912,0.619389375211004,0.999334649017272
I9_RBBB,CD16 on CD14+ CD16+ monocyte,GCST90002005,22,IVW,0.895577521166549,0.813191102790339,0.986310713025116,0.02509388031445,0.74682873531783
I9_RBBB,CD24 on unswitched memory B cell,GCST90001772,25,IVW,0.968743018595705,0.902807323292061,1.03949426623595,0.377246145678989,0.993386685184869
I9_RBBB,CD8dim Natural Killer T %T cell,GCST90001634,19,IVW,0.975567771225988,0.872372587393243,1.09097017720231,0.664552424071186,0.999334649017272
I9_RBBB,CD28 on resting CD4 regulatory T cell,GCST90001900,6,IVW,0.930662691223211,0.775891121985438,1.11630745641021,0.438723848529923,0.999334649017272
I9_RBBB,IgD- CD38- B cell Absolute Count,GCST90001446,14,IVW,1.0202170837717,0.909893585822884,1.1439171725541,0.731754404801057,0.999334649017272
I9_RBBB,CD86+ myeloid Dendritic Cell Absolute Count,GCST90001464,21,IVW,1.02666325204318,0.952722382554565,1.10634267903905,0.490186899915813,0.999334649017272
I9_RBBB,CD62L- Dendritic Cell %Dendritic Cell,GCST90001463,23,IVW,1.05778236629576,0.996099205486917,1.12328523934452,0.0668767671722085,0.8446619489095
I9_RBBB,FSC-A on B cell,GCST90001968,20,IVW,0.948905329107851,0.844760354652021,1.06588965574762,0.376583443938911,0.993386685184869
I9_RBBB,Naive CD4+ T cell Absolute Count,GCST90001540,25,IVW,0.978706367544067,0.834219195009651,1.1482187890201,0.791702181509766,0.999334649017272
I9_RBBB,CD40 on CD14+ CD16+ monocyte,GCST90001981,21,IVW,0.999573038661696,0.942544417391197,1.06005217492545,0.988631832270592,0.999334649017272
I9_RBBB,IgD- CD38+ B cell %lymphocyte,GCST90001425,30,IVW,0.980669032366951,0.910686976304107,1.05602888376256,0.605314627565723,0.999334649017272
I9_RBBB,CD28- CD8+ T cell Absolute Count,GCST90001687,14,IVW,0.983625975469839,0.815192817990621,1.18686038231279,0.863213520788575,0.999334649017272
I9_RBBB,CD25 on activated & secreting CD4 regulatory T cell,GCST90001943,21,IVW,1.05913083475469,0.999980142083499,1.12178040134972,0.0500750039340487,0.8446619489095
I9_RBBB,Effector Memory CD4+ T cell %T cell,GCST90001544,20,IVW,0.960787943881907,0.870634070812083,1.06027722100031,0.426199522368387,0.999334649017272
I9_RBBB,HVEM on Central Memory CD8+ T cell,GCST90001882,18,IVW,1.04578761142626,0.988028497084535,1.10692326328627,0.122465102856492,0.890304315042074
I9_RBBB,CD127 on CD28- CD8+ T cell,GCST90001930,21,IVW,0.969666556093076,0.875632237839801,1.07379923827956,0.553940328550852,0.999334649017272
I9_RBBB,HLA DR on monocyte,GCST90002010,17,IVW,1.02332180256475,0.952264022715969,1.09968190189278,0.530089477146824,0.999334649017272
I9_RBBB,CD25++ CD4+ T cell %T cell,GCST90001506,20,IVW,1.03312559208351,0.931300515327111,1.1460838595617,0.53817083084816,0.999334649017272
I9_RBBB,CD86+ myeloid Dendritic Cell %Dendritic Cell,GCST90001465,23,IVW,1.0033668661979,0.954415717566621,1.05482867649183,0.895210281530907,0.999334649017272
I9_RBBB,CD3 on CD28+ CD4+ T cell,GCST90001861,24,IVW,1.01461155826646,0.90903453405268,1.13245050171903,0.795824615425479,0.999334649017272
I9_RBBB,CD3 on CD4+ T cell,GCST90001867,29,IVW,0.990611484632374,0.906064364169467,1.08304790729195,0.835821493456574,0.999334649017272
I9_RBBB,CD11c on CD62L+ myeloid Dendritic Cell,GCST90002088,26,IVW,0.984813191322791,0.90913237205217,1.06679406829848,0.707576641313687,0.999334649017272
I9_RBBB,CD127 on granulocyte,GCST90001926,31,IVW,1.03912682672572,0.947335211797767,1.13981254847683,0.415985038207169,0.999334649017272
I9_RBBB,CD45 on lymphocyte,GCST90002041,17,IVW,1.09616577218565,0.968438518869115,1.24073895936574,0.146327258424304,0.946594919541291
I9_RBBB,CD25++ CD45RA- CD4 not regulatory T cell Absolute Count,GCST90001510,20,IVW,0.981331913169237,0.923586874414195,1.04268732101158,0.542503138600717,0.999334649017272
I9_RBBB,Central Memory CD8+ T cell Absolute Count,GCST90001548,25,IVW,1.00690702663939,0.880062572860202,1.15203372073957,0.920187024132919,0.999334649017272
I9_RBBB,CD11c+ monocyte Absolute Count,GCST90001448,15,IVW,1.02335822774954,0.909092173931982,1.1519866657449,0.702289524394729,0.999334649017272
I9_RBBB,Effector Memory CD4+ T cell %CD4+ T cell,GCST90001543,28,IVW,0.999963685162828,0.923062356996671,1.08327174655659,0.999290295226457,0.999334649017272
I9_RBBB,BAFF-R on unswitched memory B cell,GCST90001717,24,IVW,1.03897296707034,0.977383434963393,1.10444354558083,0.220096935817825,0.952303019177491
I9_RBBB,CD19 on unswitched memory B cell,GCST90001738,21,IVW,0.983810402057463,0.894398512299247,1.08216068551849,0.737056002472136,0.999334649017272
I9_RBBB,Immature Myeloid-Derived Suppressor Cells Absolute Count,GCST90001515,22,IVW,0.9864925388532,0.888250980440321,1.09559972422503,0.799421240184432,0.999334649017272
I9_RBBB,CD25 on CD39+ CD4 regulatory T cell,GCST90001935,17,IVW,0.936877200194424,0.817874173388076,1.07319550708891,0.346821570578355,0.983766756547175
I9_RBBB,CD3 on CD28+ CD4-CD8- T cell,GCST90001862,16,IVW,1.01626478127751,0.927317852914386,1.11374336471486,0.729905802238459,0.999334649017272
I9_RBBB,CD25++ CD8+ T cell Absolute Count,GCST90001681,27,IVW,0.969156018372586,0.842461711983813,1.11490335357324,0.661161238644618,0.999334649017272
I9_RBBB,CD19 on transitional B cell,GCST90001742,26,IVW,0.946664373175172,0.865403587883005,1.03555548877652,0.231307585410951,0.952303019177491
I9_RBBB,CD11c on granulocyte,GCST90002090,22,IVW,0.979480931666036,0.881168626237621,1.08876197691434,0.7008481563897,0.999334649017272
I9_RBBB,CD28+ CD45RA+ CD8dim T cell %CD8dim T cell,GCST90001665,27,IVW,0.966634966611497,0.920678630475623,1.01488524632456,0.172109126119623,0.952303019177491
I9_RBBB,CD28+ CD45RA- CD8+ T cell %T cell,GCST90001691,26,IVW,1.00529647887857,0.958602004428178,1.05426548846881,0.827671069634653,0.999334649017272
I9_RBBB,CD38 on IgD+ CD38+ B cell,GCST90001812,17,IVW,1.02058529886357,0.916491844106776,1.13650149638985,0.710457985195006,0.999334649017272
I9_RBBB,CD24 on CD24+ CD27+ B cell,GCST90001764,3,IVW,1.0507151950223,0.831912852654418,1.32706498947354,0.677949557633644,0.999334649017272
I9_RBBB,CD25 on CD39+ resting CD4 regulatory T cell,GCST90001938,15,IVW,1.0133866997469,0.860131763868024,1.19394800467048,0.873702418499306,0.999334649017272
I9_RBBB,CD24 on IgD+ CD38- unswitched memory B cell,GCST90001767,21,IVW,1.00108453878277,0.927752879677663,1.08021249595918,0.977720055204477,0.999334649017272
I9_RBBB,HLA DR on CD33- HLA DR+,GCST90002112,12,IVW,1.05375789492202,0.975349105306957,1.13847000532289,0.184406335123245,0.952303019177491
I9_RBBB,CD45 on CD33+ HLA DR+,GCST90002053,16,IVW,1.04460277383321,0.945810153462454,1.15371457063065,0.389307475893493,0.993386685184869
I9_RBBB,CD127 on CD28+ CD45RA- CD8+ T cell,GCST90001928,19,IVW,1.01883087641331,0.929191561994027,1.11711771521639,0.691342266892558,0.999334649017272
I9_RBBB,CD86 on granulocyte,GCST90001906,21,IVW,1.11205950237769,0.986670346989393,1.25338350402641,0.081833409248646,0.8446619489095
I9_RBBB,CD62L on CD62L+ myeloid Dendritic Cell,GCST90001831,15,IVW,0.982583853030331,0.852129827186732,1.13300931082696,0.808974488513323,0.999334649017272
I9_RBBB,Naive CD4-CD8- T cell %CD4-CD8- T cell,GCST90001567,22,IVW,1.01602121544842,0.899683568533235,1.14740242719365,0.797814617916385,0.999334649017272
I9_RBBB,BAFF-R on IgD+ CD24+ B cell,GCST90001703,18,IVW,1.05139610307597,0.981336344109197,1.12645758225412,0.15429732015651,0.952303019177491
I9_RBBB,Central Memory CD4-CD8- T cell %CD4-CD8- T cell,GCST90001564,16,IVW,0.936398332465067,0.833690454469918,1.05175947780388,0.26758687566337,0.963873076571823
I9_RBBB,HLA DR on Hematopoietic Stem Cell,GCST90002107,6,IVW,0.999470810348344,0.867159486863844,1.15197021524972,0.994170639453336,0.999334649017272
I9_RBBB,CD127 on CD28+ CD4-CD8- T cell,GCST90001925,24,IVW,0.92160613353012,0.823280203479764,1.03167531755331,0.156116977521681,0.952303019177491
I9_RBBB,CD8 on Effector Memory CD8+ T cell,GCST90002056,24,IVW,1.14165466419593,1.03104178283326,1.26413438716199,0.0108360099011119,0.570602052234654
I9_RBBB,CD28+ CD45RA- CD8+ T cell Absolute Count,GCST90001693,29,IVW,0.977303530370563,0.94064074878522,1.01539529486496,0.239258984848081,0.952303019177491
I9_RBBB,CD33- HLA DR+ Absolute Count,GCST90001523,36,IVW,1.02695644346264,0.97275117407374,1.0841822296166,0.33633514412496,0.981555865811141
I9_RBBB,CD28 on CD39+ resting CD4 regulatory T cell,GCST90001901,22,IVW,1.00957156401481,0.955675235134294,1.06650743411185,0.73361537293791,0.999334649017272
I9_RBBB,Basophil Absolute Count,GCST90001532,23,IVW,1.01665269612425,0.974450833969403,1.06068225148561,0.445157371879243,0.999334649017272
I9_RBBB,CD45RA on CD39+ resting CD4 regulatory T cell,GCST90002103,8,IVW,0.919070447082692,0.80777122393441,1.04570509777081,0.200049934370961,0.952303019177491
I9_RBBB,CD39 on granulocyte,GCST90002033,26,IVW,0.974028102297641,0.885165460894181,1.07181175269441,0.589786593065753,0.999334649017272
I9_RBBB,CD45 on Natural Killer T,GCST90001919,22,IVW,1.01787673821072,0.915189111791546,1.13208629871296,0.743990683435822,0.999334649017272
I9_RBBB,CD3 on activated CD4 regulatory T cell,GCST90001853,21,IVW,1.0210983492396,0.925533769574848,1.12653030401991,0.67707535520638,0.999334649017272
I9_RBBB,CD3 on secreting CD4 regulatory T cell,GCST90001855,20,IVW,0.988035814072878,0.909092833224582,1.0738339740596,0.77694382943518,0.999334649017272
I9_RBBB,CD3 on activated & secreting CD4 regulatory T cell,GCST90001857,22,IVW,1.02073114559472,0.927855618989489,1.12290323005405,0.673334909970882,0.999334649017272
I9_RBBB,CD3 on CD4 regulatory T cell,GCST90001868,11,IVW,1.04602806197217,0.936992642653574,1.16775165206691,0.422993529378861,0.999334649017272
I9_RBBB,Terminally Differentiated CD4+ T cell Absolute Count,GCST90001545,11,IVW,0.914984031473331,0.782109430275001,1.07043304356632,0.267078332271207,0.963873076571823
I9_RBBB,Naive CD4+ T cell %T cell,GCST90001575,34,IVW,0.999289997540496,0.91221529976687,1.09467633292238,0.987817225731768,0.999334649017272
I9_RBBB,CD20 on IgD+ CD24+ B cell,GCST90001746,23,IVW,1.03309776655313,0.925051001195675,1.15376448852823,0.563444153307155,0.999334649017272
I9_RBBB,CD39 on monocyte,GCST90002034,22,IVW,1.03611195097607,0.973304566153791,1.10297229899753,0.2661779015682,0.963873076571823
I9_RBBB,CD38 on IgD- CD38dim B cell,GCST90001815,20,IVW,0.997426350563932,0.938132932803249,1.06046732825649,0.934317802235841,0.999334649017272
I9_RBBB,Immature Myeloid-Derived Suppressor Cells %CD33dim HLA DR- CD66b-,GCST90001516,19,IVW,0.96293460054998,0.889028538005114,1.04298456719622,0.353912810390876,0.985757125651936
I9_RBBB,Dendritic Cell Absolute Count,GCST90001461,21,IVW,1.02784036154741,0.866352271633908,1.21942983635683,0.752848630795678,0.999334649017272
I9_RBBB,CD28- CD8dim T cell %CD8dim T cell,GCST90001662,15,IVW,0.965672007977743,0.92939358164374,1.0033665450352,0.0737807870982568,0.8446619489095
I9_RBBB,IgD+ CD38dim B cell Absolute Count,GCST90001394,26,IVW,0.968857288569133,0.924532984348529,1.01530660506934,0.185436877868405,0.952303019177491
I9_RBBB,IgD+ CD24- B cell Absolute Count,GCST90001416,23,IVW,0.973788858310133,0.925535874426532,1.02455752042729,0.305669919556999,0.963873076571823
I9_RBBB,CD25 on CD4 regulatory T cell,GCST90001936,22,IVW,1.049490032648,0.990463426998181,1.11203432514982,0.101933951181322,0.8446619489095
I9_RBBB,CD25 on IgD+ CD38- B cell,GCST90001780,29,IVW,0.988821044643432,0.949483703555558,1.0297881413533,0.587281503793874,0.999334649017272
I9_RBBB,HVEM on Effector Memory CD4+ T cell,GCST90001878,22,IVW,1.02138090050407,0.961844105575958,1.08460293915283,0.489937335639176,0.999334649017272
I9_RBBB,Unswitched memory B cell %B cell,GCST90001397,32,IVW,0.948033920912408,0.881575069134393,1.01950287237937,0.150116638097612,0.952303019177491
I9_RBBB,Switched memory B cell Absolute Count,GCST90001403,23,IVW,1.016633538272,0.915514480580528,1.12892124926749,0.757605245607774,0.999334649017272
I9_RBBB,CX3CR1 on CD14- CD16-,GCST90001994,19,IVW,1.01907681543183,0.963050738170103,1.07836224467672,0.512461525204395,0.999334649017272
I9_RBBB,CD11b on CD66b++ myeloid cell,GCST90002093,17,IVW,0.999102564036929,0.886152593052184,1.12644926087395,0.98829658639297,0.999334649017272
I9_RBBB,CD3 on Effector Memory CD4+ T cell,GCST90001843,19,IVW,1.06560937676309,0.97004063338117,1.17059358625776,0.184997249051953,0.952303019177491
I9_RBBB,IgD- CD38dim B cell Absolute Count,GCST90001438,17,IVW,1.04322970758149,0.888583958924071,1.22478940999379,0.605162468397907,0.999334649017272
I9_RBBB,IgD on IgD+ CD38-  B cell,GCST90001822,27,IVW,0.998362896302905,0.916825521772024,1.08715175248161,0.96993318525945,0.999334649017272
I9_RBBB,CD28- CD8+ T cell %CD8+ T cell,GCST90001686,23,IVW,0.925805923399593,0.805883249865829,1.06357416901825,0.276073339485482,0.963873076571823
I9_RBBB,CD14- CD16- Absolute Count,GCST90001581,25,IVW,0.99694707307046,0.983789425658109,1.01028069684616,0.651935810346584,0.999334649017272
I9_RBBB,CD39+ activated CD4 regulatory T cell %activated CD4 regulatory T cell,GCST90001490,8,IVW,1.02172258860641,0.821287257215214,1.27107420564182,0.847050189816712,0.999334649017272
I9_RBBB,CD80 on plasmacytoid Dendritic Cell,GCST90002037,21,IVW,0.985371378282883,0.909697268254617,1.06734051757902,0.717748158049957,0.999334649017272
I9_RBBB,CD80 on CD62L+ plasmacytoid Dendritic Cell,GCST90002038,21,IVW,0.934752397520747,0.870616006720538,1.00361357696845,0.0628094867979655,0.8446619489095
I9_RBBB,CD28- CD25++ CD8+ T cell %T cell,GCST90001676,8,IVW,1.11041952548859,0.877668566811406,1.40489424962085,0.382812320190998,0.993386685184869
I9_RBBB,HLA DR++ monocyte %leukocyte,GCST90001476,8,IVW,1.02763664340677,0.876493985508001,1.20484234727551,0.736967735399353,0.999334649017272
I9_RBBB,CD3 on resting CD4 regulatory T cell,GCST90001869,37,IVW,0.968388493491407,0.876681909826402,1.0696881774511,0.526849289656091,0.999334649017272
I9_RBBB,SSC-A on HLA DR+ CD4+ T cell,GCST90002085,22,IVW,0.912628587765667,0.822725722980103,1.01235553470995,0.0840031701091679,0.8446619489095
I9_RBBB,CD25++ CD45RA- CD4 not regulatory T cell %T cell,GCST90001512,30,IVW,0.974390386669192,0.922292830962447,1.02943077703701,0.354769929269476,0.985757125651936
I9_RBBB,CD4 on Central Memory CD4+ T cell,GCST90002023,15,IVW,0.958694869360076,0.830898131265804,1.10614745412553,0.563331981454643,0.999334649017272
I9_RBBB,CD45 on T cell,GCST90001915,15,IVW,0.947293158504492,0.855955024561595,1.04837789650108,0.295230032537071,0.963873076571823
I9_RBBB,CD11b on basophil,GCST90002096,19,IVW,1.02762395274602,0.925851385654541,1.14058368828903,0.608572447830218,0.999334649017272
I9_RBBB,CD25 on CD28+ CD4+ T cell,GCST90001962,5,IVW,0.89661025253202,0.687243233800703,1.16976043619902,0.421196023957682,0.999334649017272
I9_RBBB,CD28- CD4-CD8- T cell %T cell,GCST90001694,22,IVW,1.04882918373882,0.945764342201278,1.16312553516437,0.36632595773544,0.993386685184869
I9_RBBB,HLA DR on myeloid Dendritic Cell,GCST90002104,16,IVW,1.01258880340418,0.94859962077922,1.08089447045873,0.707198776148531,0.999334649017272
I9_RBBB,CD62L- plasmacytoid Dendritic Cell Absolute Count,GCST90001470,24,IVW,1.04054028629412,0.934342358625557,1.15880873579761,0.46934979771757,0.999334649017272
I9_RBBB,CD11c on monocyte,GCST90002089,19,IVW,0.933188845575764,0.853859882256516,1.0198879694472,0.127125106089275,0.890304315042074
I9_RBBB,T/B cell,GCST90001588,29,IVW,1.03363735006053,0.933360858170941,1.14468714012054,0.525143799916463,0.999334649017272
I9_RBBB,Natural Killer Absolute Count,GCST90001645,22,IVW,0.952235724626476,0.840540896908052,1.07877305981234,0.441979926977756,0.999334649017272
I9_RBBB,IgD+ B cell Absolute Count,GCST90001400,15,IVW,1.00807453539211,0.93534540392292,1.08645882541779,0.8332776740776,0.999334649017272
I9_RBBB,CD38 on IgD+ B cell,GCST90001818,15,IVW,0.916785691833072,0.753742035011634,1.11509769351907,0.384520010350655,0.993386685184869
I9_RBBB,BAFF-R on CD24+ CD27+ B cell,GCST90001702,19,IVW,1.04667024558914,0.978453210076304,1.11964332246015,0.18466338369328,0.952303019177491
I9_RBBB,BAFF-R on IgD- CD38- B cell,GCST90001712,17,IVW,1.06105987404197,0.982974712793169,1.14534793382711,0.128587324715995,0.890304315042074
I9_RBBB,BAFF-R on IgD- CD38dim B cell,GCST90001714,4,IVW,0.953531177111605,0.805270291500942,1.12908884795582,0.581036636228344,0.999334649017272
I9_RBBB,BAFF-R on memory B cell,GCST90001715,17,IVW,1.06598225549941,0.993024476458642,1.14430026245878,0.0773153892720033,0.8446619489095
I9_RBBB,CD28 on secreting CD4 regulatory T cell,GCST90001887,17,IVW,0.938925617365024,0.871327216905716,1.01176836650988,0.0983109703963387,0.8446619489095
I9_RBBB,CD45RA on naive CD8+ T cell,GCST90002100,22,IVW,1.03959656188148,0.933354665848293,1.15793176058484,0.480168548872797,0.999334649017272
I9_RBBB,IgD- CD38- B cell %lymphocyte,GCST90001427,28,IVW,1.06668016898564,0.930373685502968,1.22295653954586,0.354759804682655,0.985757125651936
I9_RBBB,Switched memory B cell %lymphocyte,GCST90001434,18,IVW,1.08117440822019,0.963097864574419,1.21372722750956,0.185917739954652,0.952303019177491
I9_RBBB,IgD+ CD24+ B cell %lymphocyte,GCST90001439,15,IVW,1.05300481760871,0.881067089071791,1.25849570329008,0.570138826341802,0.999334649017272
I9_RBBB,CD20- B cell %lymphocyte,GCST90001443,17,IVW,1.00055100146142,0.924100571292201,1.08332614179167,0.989162489542769,0.999334649017272
I9_RBBB,HLA DR on CD14- CD16+ monocyte,GCST90001984,19,IVW,0.93547527660591,0.853915527760871,1.02482501452529,0.151822310946571,0.952303019177491
I9_RBBB,CD20 on IgD- CD38+ B cell,GCST90001756,16,IVW,1.02516956109403,0.961448998344438,1.09311323929136,0.447709535216941,0.999334649017272
I9_RBBB,CD33 on CD33dim HLA DR-,GCST90001953,19,IVW,1.02133480300906,0.962399281652433,1.08387942481267,0.486336646996594,0.999334649017272
I9_RBBB,CD33- HLA DR- Absolute Count,GCST90001522,21,IVW,1.02418957806508,0.93232294959753,1.12510830315821,0.618136458721904,0.999334649017272
I9_RBBB,CD14 on CD33dim HLA DR+ CD11b+,GCST90002021,19,IVW,1.01501262578633,0.929110321904662,1.10885715745107,0.741190265298145,0.999334649017272
I9_RBBB,HLA DR on HLA DR+ T cell,GCST90002113,19,IVW,0.972211937255064,0.893221676237551,1.05818754301018,0.514509262438786,0.999334649017272
I9_RBBB,CD3 on Central Memory CD4+ T cell,GCST90001841,26,IVW,1.08794147437467,1.01387304305765,1.16742097027747,0.019130053337004,0.744595832686166
I9_RBBB,CD4 on CD39+ resting CD4 regulatory T cell,GCST90002065,15,IVW,0.991534407145607,0.863268083035101,1.13885883177453,0.904255617112,0.999334649017272
I9_RBBB,IgD on IgD+ B cell,GCST90001827,21,IVW,0.964143921416192,0.874854374062417,1.06254655490523,0.461467590949311,0.999334649017272
I9_RBBB,Transitional B cell %B cell,GCST90001576,15,IVW,0.967465546662765,0.813271620820531,1.15089419084259,0.708849914867333,0.999334649017272
I9_RBBB,Leukocyte Absolute Count,GCST90001600,11,IVW,0.927421217478877,0.850709775174122,1.0110499958155,0.0871695356731545,0.8446619489095
I9_RBBB,CD45RA+ CD28- CD8+ T cell %CD8+ T cell,GCST90001699,31,IVW,1.00031156265692,0.998889812046619,1.00173533688862,0.667722189949082,0.999334649017272
I9_RBBB,CD20- CD38- B cell %B cell,GCST90001422,23,IVW,1.00183283441907,0.91927012340937,1.09181077744348,0.966713759563498,0.999334649017272
I9_RBBB,CCR2 on CD14- CD16-,GCST90002003,17,IVW,1.02133286762477,0.90101214921109,1.15772115548494,0.741346857763378,0.999334649017272
I9_RBBB,Basophil %CD33dim HLA DR- CD66b-,GCST90001533,20,IVW,0.990966244257317,0.902412132911435,1.08821021065973,0.849301721276729,0.999334649017272
I9_RBBB,CD24 on IgD+ CD24+ B cell,GCST90001765,25,IVW,0.992463345819269,0.938936243884537,1.04904193358192,0.789126989918575,0.999334649017272
I9_RBBB,B cell %CD3- lymphocyte,GCST90001643,29,IVW,1.01621510972597,0.956663045710814,1.0794742766175,0.601628946586194,0.999334649017272
I9_RBBB,CD3 on CD28+ CD45RA- CD8+ T cell,GCST90001863,18,IVW,0.9430135505593,0.841525045986287,1.05674163921789,0.312500573389223,0.963873076571823
I9_RBBB,CD45 on lymphocyte,GCST90001914,24,IVW,1.00332197719834,0.887030782575229,1.13485913871745,0.957918792333656,0.999334649017272
I9_RBBB,HVEM on naive CD4+ T cell,GCST90001877,18,IVW,1.02440204707093,0.969474218797881,1.08244193986338,0.391203139566364,0.993386685184869
I9_RBBB,CD34 on Hematopoietic Stem Cell,GCST90001870,12,IVW,0.995900749575157,0.934857449941853,1.0609299878458,0.898717132218183,0.999334649017272
I9_RBBB,CD11c+ HLA DR++ monocyte %monocyte,GCST90001457,18,IVW,1.00866477030128,0.926351818238229,1.09829181399123,0.842545791872667,0.999334649017272
I9_RBBB,CD127 on CD45RA- CD4 not regulatory T cell,GCST90001923,16,IVW,1.01694889010215,0.893429489082345,1.15754523184836,0.799198550129707,0.999334649017272
I9_RBBB,CD3- lymphocyte Absolute Count,GCST90001639,18,IVW,0.91642173005706,0.790638641987636,1.06221571109841,0.246576623368822,0.952303019177491
I9_RBBB,Activated & resting CD4 regulatory T cell Absolute Count,GCST90001498,19,IVW,0.967483491717443,0.808445602427954,1.15780740712136,0.718260197743639,0.999334649017272
I9_RBBB,CD16 on CD14- CD16+ monocyte,GCST90001979,20,IVW,0.961981532029507,0.894206574294435,1.03489338433462,0.298410643922728,0.963873076571823
I9_RBBB,PDL-1 on CD14+ CD16+ monocyte,GCST90001998,28,IVW,0.956773966064565,0.883862763804955,1.03569972582409,0.274550918871417,0.963873076571823
I9_RBBB,T cell %leukocyte,GCST90001605,18,IVW,1.08459616045319,0.989336616102914,1.18902789214811,0.0833758737749892,0.8446619489095
I9_RBBB,PDL-1 on CD14- CD16-,GCST90002000,28,IVW,0.970827674925011,0.887958777069343,1.06143032620387,0.515453598208828,0.999334649017272
I9_RBBB,CD127 on CD4+ T cell,GCST90001931,8,IVW,1.0723146402148,0.886044793198629,1.29774329294119,0.473253034826225,0.999334649017272
I9_RBBB,CD3 on CD39+ resting CD4 regulatory T cell,GCST90001852,20,IVW,0.88647523519255,0.808044219034684,0.972518983612648,0.010785220589143,0.570602052234654
I9_RBBB,CD8 on Central Memory CD8+ T cell,GCST90002054,14,IVW,1.06935291688753,0.91924419246441,1.2439737669598,0.384909396426241,0.993386685184869
I9_RBBB,CD25 on switched memory B cell,GCST90001793,20,IVW,0.947897738971062,0.82906192270217,1.08376720597411,0.433659039574436,0.999334649017272
I9_RBBB,CD45 on CD33dim HLA DR+ CD11b-,GCST90002044,10,IVW,0.986082671450291,0.839851901470696,1.15777440431082,0.864118149343422,0.999334649017272
I9_RBBB,CD25 on CD20- CD38- B cell,GCST90001776,20,IVW,1.00043219377943,0.892461125307862,1.12146573779901,0.994083104428462,0.999334649017272
I9_RBBB,CD24 on IgD- CD38dim B cell,GCST90001770,7,IVW,0.959395952225424,0.773718847252994,1.1896318622901,0.70564219554478,0.999334649017272
I9_RBBB,CD62L on granulocyte,GCST90001835,16,IVW,1.07983952852921,0.931108291736651,1.25232845386794,0.309664148385916,0.963873076571823
I9_RBBB,CD28- CD8+ T cell %T cell,GCST90001685,16,IVW,1.08916987431444,0.924856096887098,1.28267632024808,0.305958693982626,0.963873076571823
I9_RBBB,Terminally Differentiated CD8+ T cell %T cell,GCST90001559,17,IVW,0.947635786481344,0.854055504368373,1.05146981575191,0.310633265785007,0.963873076571823
I9_RBBB,BAFF-R on IgD- CD27- B cell,GCST90001711,18,IVW,1.06533352423353,0.990772865011495,1.14550524942229,0.0873415072957155,0.8446619489095
I9_RBBB,CD28 on CD45RA- CD4 not regulatory T cell,GCST90001891,13,IVW,0.974816430342829,0.858140805037947,1.10735565455871,0.694945685674511,0.999334649017272
I9_RBBB,CD4 regulatory T cell %CD4+ T cell,GCST90001478,16,IVW,1.04090474038697,0.933208262176833,1.16102988204658,0.471859997530664,0.999334649017272
I9_RBBB,BAFF-R on CD20- B cell,GCST90001830,14,IVW,1.07284684389516,0.948761300507583,1.21316115005958,0.262175382457382,0.963873076571823
I9_RBBB,CD11b on Granulocytic Myeloid-Derived Suppressor Cells,GCST90002092,3,IVW,0.960294327191144,0.862027801552307,1.06976270739168,0.461970964009843,0.999334649017272
I9_RBBB,HVEM on Central Memory CD4+ T cell,GCST90001876,18,IVW,1.01632956135358,0.969708337564702,1.06519222045178,0.498985357432715,0.999334649017272
I9_RBBB,Central Memory CD4-CD8- T cell Absolute Count,GCST90001563,4,IVW,0.9647479165181,0.838523555748001,1.10997304255306,0.615924351482359,0.999334649017272
I9_RBBB,CD3- lymphocyte %lymphocyte,GCST90001640,6,IVW,1.28635277125608,0.948136423445602,1.74521662832535,0.105698138040188,0.849069658322828
I9_RBBB,IgD+ CD38dim B cell %B cell,GCST90001393,15,IVW,1.07394345594621,0.885131048084308,1.30303252729175,0.469603153313948,0.999334649017272
I9_RBBB,CD28 on CD28+ CD4-CD8- T cell,GCST90001895,3,IVW,0.734372144763719,0.45397833383009,1.18794754466566,0.20833657841822,0.952303019177491
