outcome,id,trait,nIV_main,p_main,FDR_main,nIV_gws,p_gws,FDR_gws
Cardiac conduction disorders,ebi-a-GCST90001649,HLA DR+ Natural Killer %Natural Killer,23,0.0004422456458498,0.323281567116254,4,0.053698927119648,0.497194129733342
Cardiac conduction disorders,ebi-a-GCST90001913,CD45 on granulocyte,15,0.0009145581640278,0.334271008952171,1,0.294382248609171,0.798084030031285
Cardiac conduction disorders,ebi-a-GCST90001483,CD39+ resting CD4 regulatory T cell Absolute Count,28,0.0021653462915528,0.460262298965819,12,0.0022162640359094,0.134527226979702
Cardiac conduction disorders,ebi-a-GCST90002046,CD45 on CD33- HLA DR+,25,0.0025185351516597,0.460262298965819,2,0.227179964996065,0.689491193763056
Cardiac conduction disorders,ebi-a-GCST90002091,CD11b on CD14+ monocyte,20,0.0038447592427369,0.562103801288136,1,0.0164765358317811,0.355532605188649
Cardiac conduction disorders,ebi-a-GCST90001557,Terminally Differentiated CD8+ T cell Absolute Count,17,0.0085269603240802,0.744029720495043,1,0.978095980220352,0.996639138617528
Cardiac conduction disorders,ebi-a-GCST90001903,CD86 on myeloid Dendritic Cell,22,0.0086027251757806,0.744029720495043,1,0.0647089559290511,0.497194129733342
Cardiac conduction disorders,ebi-a-GCST90001752,CD20 on IgD+ CD38dim B cell,28,0.0089293585292093,0.744029720495043,7,0.327595405861782,0.804270920871231
Cardiac conduction disorders,ebi-a-GCST90002005,CD16 on CD14+ CD16+ monocyte,22,0.0094910802440361,0.744029720495043,5,0.0519319817148639,0.497194129733342
Cardiac conduction disorders,ebi-a-GCST90002103,CD45RA on CD39+ resting CD4 regulatory T cell,8,0.010178245150411,0.744029720495043,1,0.0012171348927016,0.0923501099837404
Cardiac conduction disorders,ebi-a-GCST90001509,CD25++ CD45RA+ CD4 not regulatory T cell %T cell,27,0.0140850601652036,0.862594456093442,5,0.218959828770944,0.683774204478288
Cardiac conduction disorders,ebi-a-GCST90001696,CD45RA- CD28- CD8+ T cell %CD8+ T cell,50,0.0143338206239804,0.862594456093442,10,0.564149017207694,0.920533477002876
Cardiac conduction disorders,ebi-a-GCST90001585,CD14+ CD16+ monocyte %monocyte,25,0.0184514361988977,0.862594456093442,3,0.0564907452300674,0.497194129733342
Cardiac conduction disorders,ebi-a-GCST90001508,CD25++ CD45RA+ CD4 not regulatory T cell %CD4+ T cell,32,0.0201752413515718,0.862594456093442,5,0.214320190868522,0.678324386592281
Cardiac conduction disorders,ebi-a-GCST90001396,IgD+ CD38- B cell Absolute Count,17,0.0226873487317136,0.862594456093442,1,0.993355319379908,0.996639138617528
Cardiac conduction disorders,ebi-a-GCST90001596,CD8dim T cell Absolute Count,27,0.0228819591832231,0.862594456093442,3,0.867681785668491,0.987772535434594
Cardiac conduction disorders,ebi-a-GCST90002023,CD4 on Central Memory CD4+ T cell,15,0.0229895346035713,0.862594456093442,2,0.133795349890839,0.588505633215504
Cardiac conduction disorders,ebi-a-GCST90001662,CD28- CD8dim T cell %CD8dim T cell,15,0.0232121598680055,0.862594456093442,1,0.838873974922202,0.987772535434594
Cardiac conduction disorders,ebi-a-GCST90001943,CD25 on activated & secreting CD4 regulatory T cell,21,0.0240706008555037,0.862594456093442,1,0.305229957825759,0.801924770584653
Cardiac conduction disorders,ebi-a-GCST90001501,Activated & secreting CD4 regulatory T cell Absolute Count,22,0.0241197411758789,0.862594456093442,4,0.999306872188948,0.999306872188948
Cardiac conduction disorders,ebi-a-GCST90001519,CD33+ HLA DR+ CD14- %CD33+ HLA DR+,19,0.0254064744410962,0.862594456093442,1,0.121186195206269,0.5838096864302
Cardiac conduction disorders,ebi-a-GCST90002108,HLA DR on CD33+ HLA DR+ CD14-,25,0.0262919050998478,0.862594456093442,3,0.534217060869535,0.898256411460129
Cardiac conduction disorders,ebi-a-GCST90001528,CD33dim HLA DR+ CD11b- %CD33dim HLA DR+,24,0.0271404548428853,0.862594456093442,3,0.0315085873671469,0.440756548380196
Cardiac conduction disorders,ebi-a-GCST90001472,CD62L- CD86+ myeloid Dendritic Cell Absolute Count,19,0.0288943754491401,0.880074518888392,3,0.0614647684291308,0.497194129733342
Cardiac conduction disorders,ebi-a-GCST90002030,CD39 on CD39+ activated CD4 regulatory T cell,22,0.0301732824505822,0.882266778855023,5,0.324800408963093,0.804270920871231
Cardiac conduction disorders,ebi-a-GCST90001773,CD24 on switched memory B cell,38,0.0329611175815924,0.910873375638658,2,0.473793586842666,0.878919494768191
Cardiac conduction disorders,ebi-a-GCST90001790,CD25 on memory B cell,24,0.0336437498525906,0.910873375638658,4,0.822212850304648,0.987772535434594
Cardiac conduction disorders,ebi-a-GCST90001461,Dendritic Cell Absolute Count,21,0.0351905356792441,0.918724342197409,2,0.108967028203307,0.555965544625538
Cardiac conduction disorders,ebi-a-GCST90001406,Memory B cell %B cell,29,0.0381004211528889,0.924454769589637,2,0.368602634467061,0.804270920871231
Cardiac conduction disorders,ebi-a-GCST90002022,CD4 on CD4+ T cell,22,0.0414918955928244,0.924454769589637,1,0.365464742192028,0.804270920871231
Cardiac conduction disorders,ebi-a-GCST90001735,CD19 on IgD- CD38dim B cell,28,0.0455890504911929,0.924454769589637,4,0.476205824506068,0.878919494768191
Cardiac conduction disorders,ebi-a-GCST90002025,CD4 on Effector Memory CD4+ T cell,20,0.0467817927060413,0.924454769589637,3,0.0438117836372841,0.492476901256138
Cardiac conduction disorders,ebi-a-GCST90001626,HLA DR+ CD4+ T cell %lymphocyte,21,0.0485988253500745,0.924454769589637,2,0.770586272499591,0.987772535434594
Cardiac conduction disorders,ebi-a-GCST90002013,CCR2 on myeloid Dendritic Cell,14,0.0501790615454126,0.924454769589637,3,0.860262516181852,0.987772535434594
Cardiac conduction disorders,ebi-a-GCST90001525,CD33dim HLA DR+ CD11b+ Absolute Count,26,0.0518162799720156,0.924454769589637,1,0.0164765358317811,0.355532605188649
Cardiac conduction disorders,ebi-a-GCST90001819,CD38 on transitional B cell,24,0.051907157567619,0.924454769589637,5,0.944625565866274,0.996639138617528
Cardiac conduction disorders,ebi-a-GCST90001401,IgD- CD27- B cell Absolute Count,25,0.0523984268686829,0.924454769589637,2,0.186935084567491,0.648397693328382
Cardiac conduction disorders,ebi-a-GCST90001843,CD3 on Effector Memory CD4+ T cell,19,0.0525110457160149,0.924454769589637,2,0.774736086771372,0.987772535434594
Cardiac conduction disorders,ebi-a-GCST90001997,CX3CR1 on CD14+ CD16- monocyte,27,0.0530564019435567,0.924454769589637,3,0.146877038449072,0.59024792483653
Cardiac conduction disorders,ebi-a-GCST90001873,HVEM on Effector Memory CD8+ T cell,18,0.0531229056245773,0.924454769589637,1,0.148805065228843,0.59024792483653
Cardiac conduction disorders,ebi-a-GCST90002080,SSC-A on T cell,22,0.054485616258427,0.924454769589637,1,0.322424818868981,0.804270920871231
Cardiac conduction disorders,ebi-a-GCST90002089,CD11c on monocyte,19,0.054656068601749,0.924454769589637,2,0.111746473864989,0.563464970064092
Cardiac conduction disorders,ebi-a-GCST90001492,Secreting CD4 regulatory T cell Absolute Count,23,0.0565963525219581,0.924454769589637,4,0.99199360640013,0.996639138617528
Cardiac conduction disorders,ebi-a-GCST90001907,CCR7 on naive CD4+ T cell,24,0.0610354037477485,0.924454769589637,4,0.291648423344281,0.798084030031285
Cardiac conduction disorders,ebi-a-GCST90001792,CD25 on unswitched memory B cell,24,0.0616986571618912,0.924454769589637,4,0.850956776058865,0.987772535434594
Cardiac conduction disorders,ebi-a-GCST90001742,CD19 on transitional B cell,26,0.0618712127925464,0.924454769589637,4,0.316358629048924,0.804270920871231
Cardiac conduction disorders,ebi-a-GCST90001408,Naive-mature B cell %B cell,29,0.0624668037937677,0.924454769589637,1,0.136262633446155,0.59024792483653
Cardiac conduction disorders,ebi-a-GCST90001909,CD45 on CD14+ monocyte,17,0.0642508305518952,0.924454769589637,1,0.88166884781582,0.988041030180951
Cardiac conduction disorders,ebi-a-GCST90001544,Effector Memory CD4+ T cell %T cell,20,0.0657301457528456,0.924454769589637,4,0.279057919760254,0.795938486332295
Cardiac conduction disorders,ebi-a-GCST90002027,CD4 on CD45RA+ CD4+ T cell,27,0.0730995097840211,0.924454769589637,2,0.132552222658911,0.587799174058951
Cardiac conduction disorders,ebi-a-GCST90002099,CD4RA on Terminally Differentiated CD4+ T cell,33,0.0733623076028154,0.924454769589637,3,0.65046736100893,0.976142016461755
Cardiac conduction disorders,ebi-a-GCST90001404,Plasma Blast-Plasma Cell %B cell,27,0.0741814440114897,0.924454769589637,1,0.491543455681307,0.881834207375777
Cardiac conduction disorders,ebi-a-GCST90001507,CD25++ CD45RA+ CD4 not regulatory T cell Absolute Count,26,0.0784269727388651,0.924454769589637,3,0.266345759132923,0.777268633623483
Cardiac conduction disorders,ebi-a-GCST90001967,FSC-A on CD14+ monocyte,23,0.0812262131476814,0.924454769589637,1,0.972988596394334,0.996639138617528
Cardiac conduction disorders,ebi-a-GCST90001460,Plasmacytoid Dendritic Cell Absolute Count,30,0.0813187879709317,0.924454769589637,2,0.194433226170771,0.665801416489808
Cardiac conduction disorders,ebi-a-GCST90001571,Effector Memory CD4-CD8- T cell %T cell,23,0.082475118442714,0.924454769589637,3,0.897803917593216,0.994465288282996
Cardiac conduction disorders,ebi-a-GCST90001669,CD28+ CD45RA- CD8dim T cell Absolute Count,37,0.0836508060416297,0.924454769589637,3,0.875488672263281,0.987772535434594
Cardiac conduction disorders,ebi-a-GCST90001582,CD14+ CD16- monocyte Absolute Count,28,0.0836593907116616,0.924454769589637,3,0.831500029561173,0.987772535434594
Cardiac conduction disorders,ebi-a-GCST90002056,CD8 on Effector Memory CD8+ T cell,24,0.086832167919794,0.924454769589637,3,0.748669017863094,0.987772535434594
Cardiac conduction disorders,ebi-a-GCST90002042,CD45 on CD33+ HLA DR+ CD14-,18,0.0893067031149706,0.924454769589637,1,0.166758221247221,0.627730707648236
Cardiac conduction disorders,ebi-a-GCST90001633,CD8dim Natural Killer T Absolute Count,27,0.0894701574654103,0.924454769589637,5,0.993147495865266,0.996639138617528
Cardiac conduction disorders,ebi-a-GCST90001473,CD62L- CD86+ myeloid Dendritic Cell %Dendritic Cell,18,0.096541741088491,0.924454769589637,3,0.0623490514813472,0.497194129733342
Cardiac conduction disorders,ebi-a-GCST90001779,CD25 on IgD+ CD24- B cell,24,0.0966289761322909,0.924454769589637,5,0.496631750840845,0.885110273006329
Cardiac conduction disorders,ebi-a-GCST90001984,HLA DR on CD14- CD16+ monocyte,19,0.0970588921767644,0.924454769589637,8,0.124049494601589,0.587799174058951
Cardiac conduction disorders,ebi-a-GCST90001986,CD14 on CD14+ CD16- monocyte,16,0.0985112211101014,0.924454769589637,1,0.062848224014599,0.497194129733342
Cardiac conduction disorders,ebi-a-GCST90001639,CD3- lymphocyte Absolute Count,18,0.0987615262271991,0.924454769589637,1,0.236440029645835,0.710490584133771
Cardiac conduction disorders,ebi-a-GCST90001956,CD33 on CD33+ HLA DR+,23,0.0991848810275365,0.924454769589637,5,0.0858445986916884,0.510859523586813
Cardiac conduction disorders,ebi-a-GCST90001995,CX3CR1 on monocyte,26,0.10038643288203,0.924454769589637,3,0.132666370421872,0.587799174058951
Cardiac conduction disorders,ebi-a-GCST90001560,CD45RA+ CD8+ T cell Absolute Count,28,0.100831305846626,0.924454769589637,3,0.913584858516082,0.996639138617528
Cardiac conduction disorders,ebi-a-GCST90002078,SSC-A on granulocyte,25,0.101384452929219,0.924454769589637,3,0.492040731833951,0.881834207375777
Cardiac conduction disorders,ebi-a-GCST90001747,CD20 on IgD+ CD24- B cell,25,0.101556435582019,0.924454769589637,4,0.411302841969121,0.834134257317917
Cardiac conduction disorders,ebi-a-GCST90001759,CD20 on naive-mature B cell,23,0.104153303856529,0.924454769589637,6,0.144322172511029,0.59024792483653
Cardiac conduction disorders,ebi-a-GCST90002069,CD4 on CD39+ secreting CD4 regulatory T cell,23,0.104713440194567,0.924454769589637,3,0.0706401276187024,0.504895389615419
Cardiac conduction disorders,ebi-a-GCST90001740,CD19 on switched memory B cell,27,0.106230096642311,0.924454769589637,2,0.530842352618607,0.898256411460129
Cardiac conduction disorders,ebi-a-GCST90001863,CD3 on CD28+ CD45RA- CD8+ T cell,18,0.112380052092206,0.966468447992974,5,0.639076999604686,0.975068848195545
Cardiac conduction disorders,ebi-a-GCST90001480,Resting CD4 regulatory T cell Absolute Count,25,0.119657133942437,0.967533682599991,4,0.0002868928333329,0.0406110329872981
Cardiac conduction disorders,ebi-a-GCST90001965,FSC-A on monocyte,19,0.120080632964431,0.967533682599991,2,0.2929118099272,0.798084030031285
Cardiac conduction disorders,ebi-a-GCST90001520,CD33+ HLA DR+ CD14dim Absolute Count,28,0.122802960939001,0.967533682599991,2,0.402937747852872,0.830868533670716
Cardiac conduction disorders,ebi-a-GCST90001415,IgD+ CD24- B cell %B cell,18,0.122887184563299,0.967533682599991,1,0.172661981999882,0.63539409500401
Cardiac conduction disorders,ebi-a-GCST90001858,CD3 on CD45RA+ CD4+ T cell,32,0.123970374130699,0.967533682599991,5,0.666808607677623,0.976142016461755
Cardiac conduction disorders,ebi-a-GCST90001865,CD3 on CD28- CD8+ T cell,20,0.126650110548733,0.967533682599991,2,0.078381109828951,0.504895389615419
Cardiac conduction disorders,ebi-a-GCST90001901,CD28 on CD39+ resting CD4 regulatory T cell,22,0.133248505563005,0.967533682599991,2,0.928275666384404,0.996639138617528
Cardiac conduction disorders,ebi-a-GCST90001761,CD20 on switched memory B cell,31,0.133695666065691,0.967533682599991,7,0.0542352220169423,0.497194129733342
Cardiac conduction disorders,ebi-a-GCST90002098,CD45RA on naive CD4+ T cell,33,0.133839834066124,0.967533682599991,10,0.13028026634166,0.587799174058951
Cardiac conduction disorders,ebi-a-GCST90001583,Monocyte Absolute Count,27,0.134691187606515,0.967533682599991,1,0.699592276991601,0.977221476698678
Cardiac conduction disorders,ebi-a-GCST90001877,HVEM on naive CD4+ T cell,18,0.134860321720715,0.967533682599991,1,0.127309682917636,0.587799174058951
Cardiac conduction disorders,ebi-a-GCST90001833,CD62L on CD62L+ Dendritic Cell,26,0.134892007475467,0.967533682599991,2,0.0382524107070803,0.463770960466332
Cardiac conduction disorders,ebi-a-GCST90001526,CD33dim HLA DR+ CD11b+ %CD33dim HLA DR+,24,0.135840943209197,0.967533682599991,3,0.0324170694478259,0.440756548380196
Cardiac conduction disorders,ebi-a-GCST90001980,CD40 on CD14+ CD16- monocyte,23,0.137271347436635,0.967533682599991,4,0.790542913713897,0.987772535434594
Cardiac conduction disorders,ebi-a-GCST90001577,Transitional B cell Absolute Count,31,0.142862093753512,0.967533682599991,1,0.162952823991296,0.622090340646016
Cardiac conduction disorders,ebi-a-GCST90002064,CD4 on resting CD4 regulatory T cell,13,0.143526323306926,0.967533682599991,1,0.365464742192028,0.804270920871231
Cardiac conduction disorders,ebi-a-GCST90001655,CD28+ CD4-CD8- T cell %T cell,23,0.149879309377608,0.967533682599991,1,0.533523187207358,0.898256411460129
Cardiac conduction disorders,ebi-a-GCST90001431,IgD+ CD38- B cell %lymphocyte,20,0.151249820001711,0.967533682599991,2,0.592703394796306,0.934470027639891
Cardiac conduction disorders,ebi-a-GCST90001781,CD25 on IgD+ CD38- naive B cell,25,0.155374892275543,0.967533682599991,3,0.508218412090686,0.893740393213083
Cardiac conduction disorders,ebi-a-GCST90001556,Effector Memory CD8+ T cell %T cell,15,0.155609288667585,0.967533682599991,2,0.0003345225122512,0.0406110329872981
Cardiac conduction disorders,ebi-a-GCST90001603,T cell Absolute Count,19,0.156047489359579,0.967533682599991,2,0.432354680851548,0.85326328502904
Cardiac conduction disorders,ebi-a-GCST90001663,CD28- CD8dim T cell Absolute Count,28,0.161820353760223,0.967533682599991,2,0.29394422368624,0.798084030031285
Cardiac conduction disorders,ebi-a-GCST90001409,Naive-mature B cell Absolute Count,23,0.162806532593383,0.967533682599991,1,0.865508153638598,0.987772535434594
Cardiac conduction disorders,ebi-a-GCST90001545,Terminally Differentiated CD4+ T cell Absolute Count,11,0.164261392083979,0.967533682599991,2,0.969648873672584,0.996639138617528
Cardiac conduction disorders,ebi-a-GCST90002004,CCR2 on CD14+ CD16- monocyte,27,0.165576218218976,0.967533682599991,3,0.955038924711573,0.996639138617528
Cardiac conduction disorders,ebi-a-GCST90001632,CD8+ Natural Killer T %lymphocyte,27,0.167222159545891,0.967533682599991,1,0.0913766246145885,0.533323184048608
Cardiac conduction disorders,ebi-a-GCST90002058,CD8 on CD8+ T cell,27,0.168582768755762,0.967533682599991,1,0.907659807009711,0.996292048562196
Cardiac conduction disorders,ebi-a-GCST90001758,CD20 on memory B cell,28,0.169477705815595,0.967533682599991,5,0.337052618805039,0.804270920871231
Cardiac conduction disorders,ebi-a-GCST90002094,CD11b on Monocytic Myeloid-Derived Suppressor Cells,16,0.173986595571357,0.967533682599991,1,0.0164765358317811,0.355532605188649
Cardiac conduction disorders,ebi-a-GCST90001882,HVEM on Central Memory CD8+ T cell,18,0.175662931236779,0.967533682599991,1,0.148805065228843,0.59024792483653
Cardiac conduction disorders,ebi-a-GCST90001729,CD19 on IgD+ CD38+ B cell,21,0.176514173009708,0.967533682599991,4,0.271695874469808,0.783932034467669
Cardiac conduction disorders,ebi-a-GCST90001904,CD86 on CD62L+ myeloid Dendritic Cell,22,0.176965072205239,0.967533682599991,1,0.226628916792518,0.689491193763056
Cardiac conduction disorders,ebi-a-GCST90002012,CX3CR1 on CD14- CD16+ monocyte,18,0.17930694911245,0.967533682599991,1,0.0164765358317811,0.355532605188649
Cardiac conduction disorders,ebi-a-GCST90001412,IgD+ CD24+ B cell Absolute Count,23,0.180149312060444,0.967533682599991,1,0.450736588429116,0.863275701133049
Cardiac conduction disorders,ebi-a-GCST90001505,CD25++ CD4+ T cell %CD4+ T cell,26,0.182596976468166,0.967533682599991,1,0.849297482135301,0.987772535434594
Cardiac conduction disorders,ebi-a-GCST90001985,CD40 on monocytes,29,0.182770284911241,0.967533682599991,5,0.90294583223997,0.994715281614631
Cardiac conduction disorders,ebi-a-GCST90001887,CD28 on secreting CD4 regulatory T cell,17,0.183808775593118,0.967533682599991,3,0.402260728299894,0.830868533670716
Cardiac conduction disorders,ebi-a-GCST90001687,CD28- CD8+ T cell Absolute Count,14,0.183809452972723,0.967533682599991,3,0.203459924995504,0.666368476588003
Cardiac conduction disorders,ebi-a-GCST90001604,T cell %lymphocyte,17,0.184391402942969,0.967533682599991,2,0.0634063885914379,0.497194129733342
Cardiac conduction disorders,ebi-a-GCST90001599,CD4-CD8- T cell %T cell,15,0.188982735780345,0.967533682599991,3,0.711747639469511,0.978327342306499
Cardiac conduction disorders,ebi-a-GCST90001650,HLA DR+ Natural Killer  %CD3- lymphocyte,23,0.189457462592166,0.967533682599991,3,0.115429847573042,0.56504772158739
Cardiac conduction disorders,ebi-a-GCST90001888,CD28 on CD39+ secreting CD4 regulatory T cell,21,0.189644679788275,0.967533682599991,2,0.0852395735174795,0.510859523586813
Cardiac conduction disorders,ebi-a-GCST90001468,CD62L- myeloid Dendritic Cell Absolute Count,16,0.192116438971771,0.967533682599991,3,0.0601603385945292,0.497194129733342
Cardiac conduction disorders,ebi-a-GCST90002088,CD11c on CD62L+ myeloid Dendritic Cell,26,0.192348163429101,0.967533682599991,1,0.940372627523633,0.996639138617528
Cardiac conduction disorders,ebi-a-GCST90001717,BAFF-R on unswitched memory B cell,24,0.19426894051455,0.967533682599991,9,0.473903443954484,0.878919494768191
Cardiac conduction disorders,ebi-a-GCST90001834,CD62L on monocyte,25,0.195722368390189,0.967533682599991,2,0.556161843197085,0.912406050866569
Cardiac conduction disorders,ebi-a-GCST90001497,CD39+ secreting CD4 regulatory T cell %CD4 regulatory T cell,22,0.196042071161597,0.967533682599991,7,0.204191987883638,0.666368476588003
Cardiac conduction disorders,ebi-a-GCST90001540,Naive CD4+ T cell Absolute Count,25,0.196072955527201,0.967533682599991,2,0.817375214904406,0.987772535434594
Cardiac conduction disorders,ebi-a-GCST90002114,HLA DR on HLA DR+ CD4+ T cell,22,0.19694022309624,0.967533682599991,1,0.768177222501379,0.987772535434594
Cardiac conduction disorders,ebi-a-GCST90001947,CD33 on CD33+ HLA DR+ CD14dim,27,0.197298471678135,0.967533682599991,5,0.0851399205961846,0.510859523586813
Cardiac conduction disorders,ebi-a-GCST90001485,CD39+ resting CD4 regulatory T cell %CD4 regulatory T cell,36,0.197444210702206,0.967533682599991,15,0.365630519881085,0.804270920871231
Cardiac conduction disorders,ebi-a-GCST90001527,CD33dim HLA DR+ CD11b- Absolute Count,28,0.206722762802183,0.967533682599991,2,0.445926062878089,0.863275701133049
Cardiac conduction disorders,ebi-a-GCST90001712,BAFF-R on IgD- CD38- B cell,17,0.207760205345408,0.967533682599991,7,0.536729727018374,0.898256411460129
Cardiac conduction disorders,ebi-a-GCST90001590,CD4+ T cell Absolute Count,24,0.207814046815765,0.967533682599991,1,0.0081968031610423,0.355389965625194
Cardiac conduction disorders,ebi-a-GCST90001524,Granulocytic Myeloid-Derived Suppressor Cells Absolute Count,21,0.208890305818911,0.967533682599991,2,0.149749885378625,0.59024792483653
Cardiac conduction disorders,ebi-a-GCST90002060,CD8 on HLA DR+ CD8+ T cell,25,0.2095027026445,0.967533682599991,2,0.647414372956136,0.976142016461755
Cardiac conduction disorders,ebi-a-GCST90001498,Activated & resting CD4 regulatory T cell Absolute Count,19,0.210904544724026,0.967533682599991,1,0.367550452545685,0.804270920871231
Cardiac conduction disorders,ebi-a-GCST90001572,Terminally Differentiated CD4-CD8- T cell Absolute Count,22,0.213632179246631,0.967533682599991,1,0.394137767651217,0.830700086681557
Cardiac conduction disorders,ebi-a-GCST90001963,FSC-A on myeloid Dendritic Cell,20,0.213764836928242,0.967533682599991,3,0.0732218752027714,0.504895389615419
Cardiac conduction disorders,ebi-a-GCST90001992,CCR2 on CD14+ CD16+ monocyte,37,0.215197373022767,0.967533682599991,2,0.100342645267085,0.545140297631404
Cardiac conduction disorders,ebi-a-GCST90001769,CD24 on IgD- CD38- B cell,29,0.215450311595582,0.967533682599991,2,0.420242953633792,0.844660506144741
Cardiac conduction disorders,ebi-a-GCST90001574,Terminally Differentiated CD4-CD8- T cell %T cell,24,0.21702064524308,0.967533682599991,3,0.0972641997630639,0.543917375095975
Cardiac conduction disorders,ebi-a-GCST90001475,HLA DR++ monocyte %monocyte,22,0.218458006697606,0.967533682599991,5,0.363163823580583,0.804270920871231
Cardiac conduction disorders,ebi-a-GCST90001512,CD25++ CD45RA- CD4 not regulatory T cell %T cell,30,0.222163809212434,0.967533682599991,3,0.864016249611396,0.987772535434594
Cardiac conduction disorders,ebi-a-GCST90001775,CD25 on B cell,25,0.222258242648447,0.967533682599991,3,0.772615614793042,0.987772535434594
Cardiac conduction disorders,ebi-a-GCST90001535,CD45RA- CD4+ T cell %CD4+ T cell,30,0.222294366448042,0.967533682599991,4,0.570737932170925,0.921051463763142
Cardiac conduction disorders,ebi-a-GCST90001668,CD28+ CD45RA- CD8dim T cell %CD8dim T cell,28,0.223286428138355,0.967533682599991,2,0.662211934767256,0.976142016461755
Cardiac conduction disorders,ebi-a-GCST90002006,CD64 on monocyte,29,0.23508378334243,0.967533682599991,8,0.0532638625734809,0.497194129733342
Cardiac conduction disorders,ebi-a-GCST90001635,CD8dim Natural Killer T %lymphocyte,26,0.2355244844939,0.967533682599991,6,0.849377769280481,0.987772535434594
Cardiac conduction disorders,ebi-a-GCST90001678,CD28- CD25++ CD8+ T cell Absolute Count,25,0.235715416369491,0.967533682599991,1,0.0272658234778897,0.436087468485924
Cardiac conduction disorders,ebi-a-GCST90001462,CD62L- Dendritic Cell Absolute Count,18,0.236930112262761,0.967533682599991,3,0.0597444800288841,0.497194129733342
Cardiac conduction disorders,ebi-a-GCST90001531,CD33dim HLA DR- Absolute Count,24,0.240563149809944,0.967533682599991,3,0.297779809113221,0.799789133326217
Cardiac conduction disorders,ebi-a-GCST90002003,CCR2 on CD14- CD16-,17,0.241121259356903,0.967533682599991,3,0.0169859070024231,0.355532605188649
Cardiac conduction disorders,ebi-a-GCST90002010,HLA DR on monocyte,17,0.242004014039028,0.967533682599991,5,0.882708636997739,0.988041030180951
Cardiac conduction disorders,ebi-a-GCST90001957,CD33 on CD33+ HLA DR+ CD14-,21,0.24539493593503,0.967533682599991,5,0.0847469313769622,0.510859523586813
Cardiac conduction disorders,ebi-a-GCST90001804,CD27 on IgD- CD38dim B cell,31,0.245465865148745,0.967533682599991,9,0.705075558889087,0.978327342306499
Cardiac conduction disorders,ebi-a-GCST90002079,SSC-A on lymphocyte,21,0.245711726341905,0.967533682599991,1,0.429828993313716,0.85326328502904
Cardiac conduction disorders,ebi-a-GCST90002101,CD45RA on Terminally Differentiated CD8+ T cell,14,0.247342797164317,0.967533682599991,1,0.181832935697386,0.641701116094846
Cardiac conduction disorders,ebi-a-GCST90001647,Natural Killer %lymphocyte,27,0.248416151633014,0.967533682599991,3,0.0339231050071218,0.445631311868571
Cardiac conduction disorders,ebi-a-GCST90001736,CD19 on memory B cell,24,0.248901879716816,0.967533682599991,3,0.4657202126356,0.878919494768191
Cardiac conduction disorders,ebi-a-GCST90001754,CD20 on IgD- CD27- B cell,19,0.249017138142456,0.967533682599991,4,0.965912889070025,0.996639138617528
Cardiac conduction disorders,ebi-a-GCST90001624,HLA DR+ CD4+ T cell Absolute Count,24,0.250275136692924,0.967533682599991,2,0.761336021722387,0.987772535434594
Cardiac conduction disorders,ebi-a-GCST90001987,CD64 on CD14+ CD16- monocyte,35,0.251630929484282,0.967533682599991,9,0.0448351754683866,0.494817300169285
Cardiac conduction disorders,ebi-a-GCST90002096,CD11b on basophil,19,0.252194217563958,0.967533682599991,1,0.853872609081631,0.987772535434594
Cardiac conduction disorders,ebi-a-GCST90001952,CD33 on Monocytic Myeloid-Derived Suppressor Cells,21,0.254041377496923,0.967533682599991,4,0.127491303379194,0.587799174058951
Cardiac conduction disorders,ebi-a-GCST90001416,IgD+ CD24- B cell Absolute Count,23,0.255107784942445,0.967533682599991,1,0.865508153638598,0.987772535434594
Cardiac conduction disorders,ebi-a-GCST90001658,CD39+ CD4+ T cell %T cell,31,0.256990474863062,0.967533682599991,6,0.202271749860695,0.666368476588003
Cardiac conduction disorders,ebi-a-GCST90001417,CD24+ CD27+ B cell %B cell,26,0.257918789916817,0.967533682599991,3,0.139635725126818,0.59024792483653
Cardiac conduction disorders,ebi-a-GCST90001851,CD3 on T cell,31,0.258601484966374,0.967533682599991,3,0.736272051412075,0.987772535434594
Cardiac conduction disorders,ebi-a-GCST90001876,HVEM on Central Memory CD4+ T cell,18,0.259714642329588,0.967533682599991,1,0.148805065228843,0.59024792483653
Cardiac conduction disorders,ebi-a-GCST90001990,CD64 on CD14- CD16+ monocyte,20,0.263230117532034,0.967533682599991,2,0.50763258169921,0.893740393213083
Cardiac conduction disorders,ebi-a-GCST90001470,CD62L- plasmacytoid Dendritic Cell Absolute Count,24,0.264569646911075,0.967533682599991,2,0.926039558375181,0.996639138617528
Cardiac conduction disorders,ebi-a-GCST90001929,CD127 on CD28+ CD45RA+ CD8+ T cell,21,0.264885876188558,0.967533682599991,2,0.93900592904548,0.996639138617528
Cardiac conduction disorders,ebi-a-GCST90001795,CD25 on transitional B cell,22,0.267340552562567,0.967533682599991,2,0.562597176131429,0.920475703266246
Cardiac conduction disorders,ebi-a-GCST90002065,CD4 on CD39+ resting CD4 regulatory T cell,15,0.268210438448612,0.967533682599991,1,0.574590056949284,0.922688266053479
Cardiac conduction disorders,ebi-a-GCST90001823,IgD on IgD+ CD38- unswitched memory B cell,17,0.272545732332779,0.967533682599991,2,0.621252000816479,0.959541894390847
Cardiac conduction disorders,ebi-a-GCST90001543,Effector Memory CD4+ T cell %CD4+ T cell,28,0.272599768288099,0.967533682599991,2,0.171031267057502,0.63539409500401
Cardiac conduction disorders,ebi-a-GCST90001699,CD45RA+ CD28- CD8+ T cell %CD8+ T cell,31,0.277086741129686,0.967533682599991,1,0.793020415956566,0.987772535434594
Cardiac conduction disorders,ebi-a-GCST90001857,CD3 on activated & secreting CD4 regulatory T cell,22,0.278396328991792,0.967533682599991,4,0.828480572289984,0.987772535434594
Cardiac conduction disorders,ebi-a-GCST90001818,CD38 on IgD+ B cell,15,0.28017912427682,0.967533682599991,1,0.581632199555756,0.928290746444909
Cardiac conduction disorders,ebi-a-GCST90001667,CD28+ CD45RA- CD8dim T cell %T cell,28,0.280452484920786,0.967533682599991,3,0.5278968119829,0.898256411460129
Cardiac conduction disorders,ebi-a-GCST90001949,CD33 on CD33dim HLA DR+ CD11b-,22,0.280876249357132,0.967533682599991,7,0.347634770732326,0.804270920871231
Cardiac conduction disorders,ebi-a-GCST90001721,CD19 on CD20- B cell,22,0.281914485000195,0.967533682599991,1,0.0252039507164553,0.429826852483862
Cardiac conduction disorders,ebi-a-GCST90001502,Activated & secreting CD4 regulatory T cell %CD4 regulatory T cell,38,0.283785036886302,0.967533682599991,9,0.804142633663708,0.987772535434594
Cardiac conduction disorders,ebi-a-GCST90001706,BAFF-R on IgD+ CD38- naive B cell,28,0.284703596293873,0.967533682599991,8,0.654523883628359,0.976142016461755
Cardiac conduction disorders,ebi-a-GCST90001898,CD28 on CD4+ T cell,27,0.287125415354256,0.967533682599991,2,0.301467013097159,0.801924770584653
Cardiac conduction disorders,ebi-a-GCST90001762,CD20 on IgD+ B cell,20,0.288833248661105,0.967533682599991,5,0.189672347232896,0.654154061195273
Cardiac conduction disorders,ebi-a-GCST90001675,CD28- CD127- CD25++ CD8+ T cell Absolute Count,29,0.288853886452752,0.967533682599991,1,0.834773768652246,0.987772535434594
Cardiac conduction disorders,ebi-a-GCST90002083,SSC-A on HLA DR+ T cell,20,0.289464590207788,0.967533682599991,1,0.326850889005958,0.804270920871231
Cardiac conduction disorders,ebi-a-GCST90002014,CCR2 on CD62L+ myeloid Dendritic Cell,14,0.291075807464147,0.967533682599991,3,0.17837064561153,0.64065669755147
Cardiac conduction disorders,ebi-a-GCST90001894,CD28 on CD28+ CD4+ T cell,27,0.292244790848659,0.967533682599991,2,0.307033193074716,0.801924770584653
Cardiac conduction disorders,ebi-a-GCST90001778,CD25 on IgD+ CD24+ B cell,26,0.294681683630259,0.967533682599991,3,0.837293298034494,0.987772535434594
Cardiac conduction disorders,ebi-a-GCST90002113,HLA DR on HLA DR+ T cell,19,0.299207831856636,0.967533682599991,1,0.768177222501379,0.987772535434594
Cardiac conduction disorders,ebi-a-GCST90001847,CD3 on HLA DR+ T cell,27,0.299459927716004,0.967533682599991,2,0.863829025567177,0.987772535434594
Cardiac conduction disorders,ebi-a-GCST90002100,CD45RA on naive CD8+ T cell,22,0.300388513544178,0.967533682599991,2,0.301673025253508,0.801924770584653
Cardiac conduction disorders,ebi-a-GCST90001955,CD33 on Immature Myeloid-Derived Suppressor Cells,23,0.301193077454445,0.967533682599991,6,0.0925594405583146,0.535081718275209
Cardiac conduction disorders,ebi-a-GCST90002097,CD11b on CD33+ HLA DR+ CD14dim,21,0.303458960848103,0.967533682599991,1,0.0164765358317811,0.355532605188649
Cardiac conduction disorders,ebi-a-GCST90001496,CD39+ secreting CD4 regulatory T cell %secreting CD4 regulatory T cell,28,0.303487959026063,0.967533682599991,7,0.201378105924444,0.666368476588003
Cardiac conduction disorders,ebi-a-GCST90001694,CD28- CD4-CD8- T cell %T cell,22,0.304871227211828,0.967533682599991,3,0.365945704780965,0.804270920871231
Cardiac conduction disorders,ebi-a-GCST90001979,CD16 on CD14- CD16+ monocyte,20,0.305375174535356,0.967533682599991,5,0.0709674359239974,0.504895389615419
Cardiac conduction disorders,ebi-a-GCST90001551,Naive CD8+ T cell Absolute Count,28,0.306060552000033,0.967533682599991,1,0.115121763546354,0.56504772158739
Cardiac conduction disorders,ebi-a-GCST90002033,CD39 on granulocyte,26,0.307433112376346,0.967533682599991,2,0.195958553070212,0.665801416489808
Cardiac conduction disorders,ebi-a-GCST90002071,SSC-A on myeloid Dendritic Cell,18,0.308090434130763,0.967533682599991,5,0.683900701347181,0.976142016461755
Cardiac conduction disorders,ebi-a-GCST90002062,CD4 on CD28+ CD4+ T cell,21,0.309716664471133,0.967533682599991,2,0.0207918060004021,0.406100316903896
Cardiac conduction disorders,ebi-a-GCST90002063,CD4 on CD4 regulatory T cell,29,0.313340056340586,0.974687579510504,1,0.365464742192028,0.804270920871231
Cardiac conduction disorders,ebi-a-GCST90002067,CD4 on CD39+ activated CD4 regulatory T cell,23,0.31502572382305,0.975778830994276,3,0.102942351216949,0.545140297631404
Cardiac conduction disorders,ebi-a-GCST90002011,CD64 on CD14+ CD16+ monocyte,12,0.316989878701471,0.976120388751441,2,0.0225341459402265,0.414491714718711
Cardiac conduction disorders,ebi-a-GCST90001869,CD3 on resting CD4 regulatory T cell,37,0.317949026224287,0.976120388751441,5,0.100755137994388,0.545140297631404
Cardiac conduction disorders,ebi-a-GCST90001806,CD27 on unswitched memory B cell,30,0.320805651010192,0.976120388751441,11,0.968723424450129,0.996639138617528
Cardiac conduction disorders,ebi-a-GCST90001645,Natural Killer Absolute Count,22,0.322553909296928,0.976120388751441,3,0.0254922021242488,0.429826852483862
Cardiac conduction disorders,ebi-a-GCST90001399,IgD- CD27- B cell %B cell,15,0.322798120469521,0.976120388751441,3,0.323365919683847,0.804270920871231
Cardiac conduction disorders,ebi-a-GCST90001702,BAFF-R on CD24+ CD27+ B cell,19,0.32587692084662,0.976120388751441,9,0.486767398362325,0.881834207375777
Cardiac conduction disorders,ebi-a-GCST90001654,CD28- CD4-CD8- T cell Absolute Count,31,0.328983822606146,0.976120388751441,2,0.164768155897912,0.625089191437705
Cardiac conduction disorders,ebi-a-GCST90001622,Natural Killer T %T cell,32,0.329048665446148,0.976120388751441,5,0.279795987947572,0.795938486332295
Cardiac conduction disorders,ebi-a-GCST90001718,BAFF-R on switched memory B cell,19,0.329360721051981,0.976120388751441,10,0.778261590993099,0.987772535434594
Cardiac conduction disorders,ebi-a-GCST90001573,Terminally Differentiated CD4-CD8- T cell %CD4-CD8- T cell,27,0.331543398161636,0.976120388751441,2,0.037248109512527,0.461420458655181
Cardiac conduction disorders,ebi-a-GCST90001932,CD127 on CD45RA+ CD4+ T cell,22,0.334441215545266,0.976120388751441,4,0.828478876273309,0.987772535434594
Cardiac conduction disorders,ebi-a-GCST90001802,CD27 on IgD- CD38- B cell,31,0.334519199495074,0.976120388751441,8,0.497323750823136,0.885110273006329
Cardiac conduction disorders,ebi-a-GCST90001629,HLA DR+ CD8+ T cell %lymphocyte,30,0.335969366825937,0.976120388751441,2,0.805657778169287,0.987772535434594
Cardiac conduction disorders,ebi-a-GCST90001471,CD62L- plasmacytoid Dendritic Cell %Dendritic Cell,18,0.337076096255039,0.976120388751441,3,0.360196627620408,0.804270920871231
Cardiac conduction disorders,ebi-a-GCST90001429,IgD+ CD38+ B cell %lymphocyte,25,0.338431069527659,0.976120388751441,1,0.914439760911304,0.996639138617528
Cardiac conduction disorders,ebi-a-GCST90001794,CD25 on IgD+ B cell,27,0.338819962426343,0.976120388751441,2,0.724549765406727,0.987772535434594
Cardiac conduction disorders,ebi-a-GCST90001801,CD27 on IgD+ CD38- unswitched memory B cell,23,0.341370359753021,0.976120388751441,5,0.353035224337043,0.804270920871231
Cardiac conduction disorders,ebi-a-GCST90001994,CX3CR1 on CD14- CD16-,19,0.343009252040949,0.976120388751441,3,0.17581202391939,0.64065669755147
Cardiac conduction disorders,ebi-a-GCST90001916,CD45 on CD4+ T cell,13,0.345713906816933,0.976120388751441,1,0.369673125079198,0.804270920871231
Cardiac conduction disorders,ebi-a-GCST90002034,CD39 on monocyte,22,0.346228103442905,0.976120388751441,2,0.541376562657284,0.90031663981636
Cardiac conduction disorders,ebi-a-GCST90001881,HVEM on CD8+ T cell,16,0.348642788403213,0.976120388751441,1,0.0789547957514168,0.504895389615419
Cardiac conduction disorders,ebi-a-GCST90001491,CD39+ activated CD4 regulatory T cell %CD4 regulatory T cell,23,0.350084011018662,0.976120388751441,6,0.812615352777642,0.987772535434594
Cardiac conduction disorders,ebi-a-GCST90001489,CD39+ activated CD4 regulatory T cell Absolute Count,30,0.35113255268463,0.976120388751441,5,0.641420173393973,0.975068848195545
Cardiac conduction disorders,ebi-a-GCST90001800,CD27 on IgD+ CD24+ B cell,31,0.352096968183014,0.976120388751441,6,0.295830159402041,0.798084030031285
Cardiac conduction disorders,ebi-a-GCST90001840,CD3 on Terminally Differentiated CD8+ T cell,23,0.357776648383687,0.976120388751441,2,0.105259540982959,0.550797770488414
Cardiac conduction disorders,ebi-a-GCST90002068,CD4 on secreting CD4 regulatory T cell,28,0.359698404434631,0.976120388751441,1,0.365464742192028,0.804270920871231
Cardiac conduction disorders,ebi-a-GCST90002032,CD39 on CD39+ CD4+ T cell,20,0.362017813726883,0.976120388751441,5,0.62299593264737,0.959793226185161
Cardiac conduction disorders,ebi-a-GCST90001432,Unswitched memory B cell %lymphocyte,22,0.362882280019054,0.976120388751441,4,0.356426397232823,0.804270920871231
Cardiac conduction disorders,ebi-a-GCST90001397,Unswitched memory B cell %B cell,32,0.363753669547733,0.976120388751441,1,0.763889931844984,0.987772535434594
Cardiac conduction disorders,ebi-a-GCST90001838,CD3 on naive CD8+ T cell,25,0.36577282357053,0.976120388751441,7,0.597206279743405,0.939130082394421
Cardiac conduction disorders,ebi-a-GCST90001500,Activated & resting CD4 regulatory T cell %CD4+ T cell,27,0.367188120781754,0.976120388751441,3,0.0001809208240583,0.0366063134011357
Cardiac conduction disorders,ebi-a-GCST90001722,CD19 on CD20- CD38- B cell,19,0.368765921158368,0.976120388751441,1,0.590846044678987,0.933967575833711
Cardiac conduction disorders,ebi-a-GCST90001623,Natural Killer T %lymphocyte,33,0.372381125480131,0.976120388751441,7,0.92753867914036,0.996639138617528
Cardiac conduction disorders,ebi-a-GCST90002077,SSC-A on HLA DR+ Natural Killer,28,0.372849056118159,0.976120388751441,3,0.0408567380307349,0.476923845858771
Cardiac conduction disorders,ebi-a-GCST90001664,CD28+ CD45RA+ CD8dim T cell %T cell,41,0.37451198474359,0.976120388751441,6,0.982353601386605,0.996639138617528
Cardiac conduction disorders,ebi-a-GCST90001749,CD20 on IgD+ CD38- naive B cell,18,0.377663557078029,0.976120388751441,1,0.698365534324147,0.977221476698678
Cardiac conduction disorders,ebi-a-GCST90001711,BAFF-R on IgD- CD27- B cell,18,0.37806867994377,0.976120388751441,9,0.785902382564945,0.987772535434594
Cardiac conduction disorders,ebi-a-GCST90001570,Effector Memory CD4-CD8- T cell %CD4-CD8- T cell,29,0.38278340423699,0.976120388751441,3,0.0349068234986081,0.445631311868571
Cardiac conduction disorders,ebi-a-GCST90001652,Granulocyte %leukocyte,25,0.38415941791424,0.976120388751441,1,0.683238487311594,0.976142016461755
Cardiac conduction disorders,ebi-a-GCST90001708,BAFF-R on IgD+ CD38+ B cell,27,0.384829409789055,0.976120388751441,10,0.906476506004424,0.996292048562196
Cardiac conduction disorders,ebi-a-GCST90001552,Naive CD8+ T cell %CD8+ T cell,37,0.38528891781752,0.976120388751441,1,0.946710284944871,0.996639138617528
Cardiac conduction disorders,ebi-a-GCST90001755,CD20 on IgD- CD38- B cell,27,0.385549054179509,0.976120388751441,4,0.0869324258328936,0.512310509520062
Cardiac conduction disorders,ebi-a-GCST90001854,CD3 on CD39+ activated CD4 regulatory T cell,26,0.3881025397046,0.976120388751441,5,0.432867006379958,0.85326328502904
Cardiac conduction disorders,ebi-a-GCST90001875,HVEM on CD4+ T cell,20,0.39039812974507,0.976120388751441,1,0.148805065228843,0.59024792483653
Cardiac conduction disorders,ebi-a-GCST90001777,CD25 on CD24+ CD27+ B cell,24,0.390937022502722,0.976120388751441,4,0.8270394426885,0.987772535434594
Cardiac conduction disorders,ebi-a-GCST90002052,CD45 on Immature Myeloid-Derived Suppressor Cells,10,0.392166039327514,0.976120388751441,2,0.405077939019645,0.830868533670716
Cardiac conduction disorders,ebi-a-GCST90002038,CD80 on CD62L+ plasmacytoid Dendritic Cell,21,0.392645899901806,0.976120388751441,2,0.992038272101781,0.996639138617528
Cardiac conduction disorders,ebi-a-GCST90001928,CD127 on CD28+ CD45RA- CD8+ T cell,19,0.39685062056053,0.976120388751441,1,0.0214089129175036,0.406100316903896
Cardiac conduction disorders,ebi-a-GCST90001844,CD3 on Terminally Differentiated CD4+ T cell,23,0.39774257910252,0.976120388751441,1,0.492490603460277,0.881834207375777
Cardiac conduction disorders,ebi-a-GCST90001810,CD38 on CD3- CD19-,18,0.400154066546574,0.976120388751441,1,0.703498828854371,0.978327342306499
Cardiac conduction disorders,ebi-a-GCST90001467,CD86+ plasmacytoid Dendritic Cell %Dendritic Cell,26,0.400180895092743,0.976120388751441,1,0.0767512243912736,0.504895389615419
Cardiac conduction disorders,ebi-a-GCST90001786,CD25 on IgD- CD27- B cell,21,0.401123371553618,0.976120388751441,2,0.113249961034299,0.563464970064092
Cardiac conduction disorders,ebi-a-GCST90001855,CD3 on secreting CD4 regulatory T cell,20,0.404025103766954,0.976120388751441,5,0.909754006894871,0.996639138617528
Cardiac conduction disorders,ebi-a-GCST90001395,IgD+ CD38- B cell %B cell,22,0.404629370990574,0.976120388751441,2,0.758855377768632,0.987772535434594
Cardiac conduction disorders,ebi-a-GCST90001542,Effector Memory CD4+ T cell Absolute Count,23,0.405950956786207,0.976120388751441,1,0.0430366137122678,0.492476901256138
Cardiac conduction disorders,ebi-a-GCST90001737,CD19 on naive-mature B cell,29,0.406653291457279,0.976120388751441,2,0.106503283415452,0.55254267549726
Cardiac conduction disorders,ebi-a-GCST90002109,HLA DR on CD33+ HLA DR+ CD14dim,20,0.412457761542279,0.976120388751441,3,0.685805228109084,0.976142016461755
Cardiac conduction disorders,ebi-a-GCST90002106,HLA DR on Dendritic Cell,19,0.417819955046427,0.976120388751441,7,0.784413591111481,0.987772535434594
Cardiac conduction disorders,ebi-a-GCST90001588,T/B cell,29,0.419797741619723,0.976120388751441,2,0.68249744788002,0.976142016461755
Cardiac conduction disorders,ebi-a-GCST90001780,CD25 on IgD+ CD38- B cell,29,0.422912099403994,0.976120388751441,3,0.962117285693133,0.996639138617528
Cardiac conduction disorders,ebi-a-GCST90001926,CD127 on granulocyte,31,0.423115113199234,0.976120388751441,8,0.407611530626582,0.830868533670716
Cardiac conduction disorders,ebi-a-GCST90001532,Basophil Absolute Count,23,0.42502437485054,0.976120388751441,3,0.295660230384159,0.798084030031285
Cardiac conduction disorders,ebi-a-GCST90002104,HLA DR on myeloid Dendritic Cell,16,0.428063791416201,0.976120388751441,7,0.534435194010736,0.898256411460129
Cardiac conduction disorders,ebi-a-GCST90001619,HLA DR+ T cell%T cell,31,0.428074105342452,0.976120388751441,4,0.872035477949765,0.987772535434594
Cardiac conduction disorders,ebi-a-GCST90001701,BAFF-R on CD20- CD38- B cell,17,0.429744363269473,0.976120388751441,1,0.805404019096851,0.987772535434594
Cardiac conduction disorders,ebi-a-GCST90002102,CD45RA on resting CD4 regulatory T cell,29,0.430863906552888,0.976120388751441,7,0.82158482894853,0.987772535434594
Cardiac conduction disorders,ebi-a-GCST90001714,BAFF-R on IgD- CD38dim B cell,4,0.431287878456576,0.976120388751441,1,0.0132064045445756,0.355532605188649
Cardiac conduction disorders,ebi-a-GCST90002039,CD80 on monocyte,23,0.432449551264019,0.976120388751441,6,0.727543613879686,0.987772535434594
Cardiac conduction disorders,ebi-a-GCST90001479,CD4 regulatory T cell %T cell,16,0.436834331213817,0.976120388751441,1,0.37864477428456,0.815026163087687
Cardiac conduction disorders,ebi-a-GCST90001691,CD28+ CD45RA- CD8+ T cell %T cell,26,0.437223485466421,0.976120388751441,3,0.0011436030750516,0.0923501099837404
Cardiac conduction disorders,ebi-a-GCST90001671,CD39+ CD8+ T cell %CD8+ T cell,21,0.440938158807125,0.976120388751441,7,0.617554389522042,0.956264067448672
Cardiac conduction disorders,ebi-a-GCST90001938,CD25 on CD39+ resting CD4 regulatory T cell,15,0.441478332956983,0.976120388751441,1,0.711728060585666,0.978327342306499
Cardiac conduction disorders,ebi-a-GCST90001831,CD62L on CD62L+ myeloid Dendritic Cell,15,0.44227582232008,0.976120388751441,2,0.670316916946972,0.976142016461755
Cardiac conduction disorders,ebi-a-GCST90001553,Naive CD8+ T cell %T cell,29,0.444168456999978,0.976120388751441,3,0.465001494121919,0.878919494768191
Cardiac conduction disorders,ebi-a-GCST90001805,CD27 on memory B cell,25,0.444779531472838,0.976120388751441,8,0.214560596747476,0.678324386592281
Cardiac conduction disorders,ebi-a-GCST90001636,CD4-CD8- Natural Killer T Absolute Count,10,0.446495129369593,0.976120388751441,1,0.533125980212407,0.898256411460129
Cardiac conduction disorders,ebi-a-GCST90001690,CD28+ CD45RA+ CD8+ T cell Absolute Count,59,0.446968003885729,0.976120388751441,3,0.689121374027159,0.976142016461755
Cardiac conduction disorders,ebi-a-GCST90001816,CD38 on naive-mature B cell,26,0.447057426762776,0.976120388751441,3,0.769175367667285,0.987772535434594
Cardiac conduction disorders,ebi-a-GCST90001700,CD45RA+ CD28- CD8+ T cell %T cell,206,0.448402260821649,0.976120388751441,67,0.465433183329779,0.878919494768191
Cardiac conduction disorders,ebi-a-GCST90001785,CD25 on IgD- CD24- B cell,26,0.458513533602897,0.976120388751441,2,0.186900681049519,0.648397693328382
Cardiac conduction disorders,ebi-a-GCST90001872,HVEM on naive CD8+ T cell,21,0.461467641745554,0.976120388751441,2,0.0985682228345259,0.543917375095975
Cardiac conduction disorders,ebi-a-GCST90001982,CCR2 on CD14- CD16+ monocyte,28,0.463558443562682,0.976120388751441,1,0.0315127213664551,0.440756548380196
Cardiac conduction disorders,ebi-a-GCST90001860,CD3 on CD39+ CD4+ T cell,27,0.470986367276493,0.976120388751441,4,0.832564582504837,0.987772535434594
Cardiac conduction disorders,ebi-a-GCST90002021,CD14 on CD33dim HLA DR+ CD11b+,19,0.47145875570586,0.976120388751441,1,0.0164765358317811,0.355532605188649
Cardiac conduction disorders,ebi-a-GCST90001424,IgD+ B cell %Lymphocyte,18,0.473998185116161,0.976120388751441,2,0.201920868709758,0.666368476588003
Cardiac conduction disorders,ebi-a-GCST90001951,CD33 on CD66b++ myeloid cell,18,0.474149503806315,0.976120388751441,5,0.265223280796589,0.777268633623483
Cardiac conduction disorders,ebi-a-GCST90001625,HLA DR+ CD4+ T cell %T cell,25,0.474701773629194,0.976120388751441,1,0.748684694277701,0.987772535434594
Cardiac conduction disorders,ebi-a-GCST90001725,CD19 on IgD+ CD24- B cell,25,0.474775550833465,0.976120388751441,4,0.356433384270056,0.804270920871231
Cardiac conduction disorders,ebi-a-GCST90001741,CD19 on IgD+ B cell,27,0.476048066590528,0.976120388751441,2,0.108994892603689,0.555965544625538
Cardiac conduction disorders,ebi-a-GCST90001680,CD25++ CD8+ T cell %CD8+ T cell,22,0.477779500199831,0.976120388751441,1,0.286306816108153,0.798084030031285
Cardiac conduction disorders,ebi-a-GCST90001871,HVEM on T cell,25,0.480190574730523,0.976120388751441,1,0.148805065228843,0.59024792483653
Cardiac conduction disorders,ebi-a-GCST90002008,CCR2 on monocyte,24,0.483649808329833,0.976120388751441,2,0.770465330095605,0.987772535434594
Cardiac conduction disorders,ebi-a-GCST90001798,CD27 on CD24+ CD27+ B cell,30,0.484924236647245,0.976120388751441,11,0.834302934460263,0.987772535434594
Cardiac conduction disorders,ebi-a-GCST90001464,CD86+ myeloid Dendritic Cell Absolute Count,21,0.487155007640534,0.976120388751441,3,0.0598148095169522,0.497194129733342
Cardiac conduction disorders,ebi-a-GCST90001791,CD25 on naive-mature B cell,23,0.48765436033714,0.976120388751441,4,0.532685292242463,0.898256411460129
Cardiac conduction disorders,ebi-a-GCST90001614,CD8+ and CD8dim T cell %leukocyte,15,0.487750544042647,0.976120388751441,2,0.572053380294406,0.921051463763142
Cardiac conduction disorders,ebi-a-GCST90001919,CD45 on Natural Killer T,22,0.489948546362787,0.976120388751441,1,0.606065265414301,0.945711095389411
Cardiac conduction disorders,ebi-a-GCST90001886,CD28 on CD39+ activated CD4 regulatory T cell,19,0.490562334557357,0.976120388751441,2,0.67132770685377,0.976142016461755
Cardiac conduction disorders,ebi-a-GCST90001672,CD39+ CD8+ T cell Absolute Count,24,0.490731280656173,0.976120388751441,6,0.706600243281254,0.978327342306499
Cardiac conduction disorders,ebi-a-GCST90001692,CD28+ CD45RA- CD8+ T cell %CD8+ T cell,28,0.494062800022915,0.976120388751441,4,0.502516691228035,0.889293386517252
Cardiac conduction disorders,ebi-a-GCST90001885,CD16-CD56 on HLA DR+ Natural Killer,24,0.496237899455652,0.976120388751441,2,0.0207851492110988,0.406100316903896
Cardiac conduction disorders,ebi-a-GCST90001506,CD25++ CD4+ T cell %T cell,20,0.49853880924216,0.976120388751441,1,0.849297482135301,0.987772535434594
Cardiac conduction disorders,ebi-a-GCST90001554,Effector Memory CD8+ T cell Absolute Count,24,0.499594695270237,0.976120388751441,2,3.0600159465705e-05,0.0185742967956829
Cardiac conduction disorders,ebi-a-GCST90001852,CD3 on CD39+ resting CD4 regulatory T cell,20,0.501146098231977,0.976120388751441,1,0.480162153044454,0.880405532471734
Cardiac conduction disorders,ebi-a-GCST90001743,CD20 on B cell,23,0.501632318667655,0.976120388751441,4,0.684238201491626,0.976142016461755
Cardiac conduction disorders,ebi-a-GCST90001537,Central Memory CD4+ T cell Absolute Count,28,0.505617018116526,0.976120388751441,1,0.0081968031610423,0.355389965625194
Cardiac conduction disorders,ebi-a-GCST90001842,CD3 on Naive CD4+ T cell,30,0.509597343084531,0.976120388751441,5,0.683672055834069,0.976142016461755
Cardiac conduction disorders,ebi-a-GCST90001974,FSC-A on CD8+ T cell,18,0.510615648299586,0.976120388751441,1,0.331406018967531,0.804270920871231
Cardiac conduction disorders,ebi-a-GCST90001768,CD24 on IgD+ CD38+ B cell,25,0.510758418638417,0.976120388751441,2,0.538357472915797,0.898256411460129
Cardiac conduction disorders,ebi-a-GCST90001495,CD39+ secreting CD4 regulatory T cell Absolute Count,26,0.512320060348093,0.976120388751441,5,0.669898637738879,0.976142016461755
Cardiac conduction disorders,ebi-a-GCST90001883,CD16-CD56 on Natural Killer T,28,0.514855483954334,0.976120388751441,4,0.604332117735744,0.945711095389411
Cardiac conduction disorders,ebi-a-GCST90001521,CD33+ HLA DR+ CD14dim %CD33+ HLA DR+,25,0.515867989568851,0.976120388751441,1,0.65699655253766,0.976142016461755
Cardiac conduction disorders,ebi-a-GCST90001918,CD45 on HLA DR+ T cell,18,0.521213029865754,0.976120388751441,1,0.326850889005959,0.804270920871231
Cardiac conduction disorders,ebi-a-GCST90002117,HLA DR on HLA DR+ Natural Killer,28,0.522831313469638,0.976120388751441,6,0.0153200478090675,0.355532605188649
Cardiac conduction disorders,ebi-a-GCST90001941,CD25 on secreting CD4 regulatory T cell,14,0.523783807552526,0.976120388751441,2,0.118500003212518,0.575436015599989
Cardiac conduction disorders,ebi-a-GCST90001593,CD8+ T cell %T cell,23,0.526466330397062,0.976120388751441,1,0.547566918087055,0.903187824127288
Cardiac conduction disorders,ebi-a-GCST90001487,Activated CD4 regulatory T cell %CD4 regulatory T cell,28,0.53053141963567,0.976120388751441,3,0.0147239113821258,0.355532605188649
Cardiac conduction disorders,ebi-a-GCST90001609,CD4+ CD8dim T cell Absolute Count,15,0.530700601621586,0.976120388751441,2,0.874176161943918,0.987772535434594
Cardiac conduction disorders,ebi-a-GCST90001601,Lymphocyte Absolute Count,19,0.532372112989165,0.976120388751441,2,0.305989343100743,0.801924770584653
Cardiac conduction disorders,ebi-a-GCST90001523,CD33- HLA DR+ Absolute Count,36,0.533251255243519,0.976120388751441,1,0.39355635831801,0.830700086681557
Cardiac conduction disorders,ebi-a-GCST90001698,CD45RA+ CD28- CD8+ T cell Absolute Count,719,0.533293948377693,0.976120388751441,428,0.80765006789822,0.987772535434594
Cardiac conduction disorders,ebi-a-GCST90001948,CD33 on CD33dim HLA DR+ CD11b+,22,0.535173413824028,0.976120388751441,7,0.450837557263882,0.863275701133049
Cardiac conduction disorders,ebi-a-GCST90001757,CD20 on IgD- CD38dim B cell,34,0.535544323056472,0.976120388751441,7,0.177421134906608,0.64065669755147
Cardiac conduction disorders,ebi-a-GCST90001494,Secreting CD4 regulatory T cell %CD4+ T cell,26,0.535885784028735,0.976120388751441,7,0.868825794404335,0.987772535434594
Cardiac conduction disorders,ebi-a-GCST90001482,Resting CD4 regulatory T cell %CD4+ T cell,33,0.536471261077979,0.976120388751441,5,0.0806996215785166,0.504996601011954
Cardiac conduction disorders,ebi-a-GCST90001812,CD38 on IgD+ CD38+ B cell,17,0.538050810457847,0.976120388751441,3,0.389665714841983,0.829919610207312
Cardiac conduction disorders,ebi-a-GCST90001410,IgD- CD38+ B cell %B cell,18,0.543392180346111,0.976120388751441,1,0.38160125727298,0.818487502348758
Cardiac conduction disorders,ebi-a-GCST90001558,Terminally Differentiated CD8+ T cell %CD8+ T cell,23,0.543493375856871,0.976120388751441,4,0.761177244633416,0.987772535434594
Cardiac conduction disorders,ebi-a-GCST90001848,CD3 on Natural Killer T,17,0.544482899895989,0.976120388751441,2,0.353402872442508,0.804270920871231
Cardiac conduction disorders,ebi-a-GCST90001665,CD28+ CD45RA+ CD8dim T cell %CD8dim T cell,27,0.546971225264598,0.976120388751441,5,0.968816604664042,0.996639138617528
Cardiac conduction disorders,ebi-a-GCST90001458,Myeloid Dendritic Cell Absolute Count,23,0.549467712306366,0.976120388751441,3,0.0389659291330855,0.463770960466332
Cardiac conduction disorders,ebi-a-GCST90001923,CD127 on CD45RA- CD4 not regulatory T cell,16,0.550173427033498,0.976120388751441,1,0.412257458311985,0.834134257317917
Cardiac conduction disorders,ebi-a-GCST90001679,CD25++ CD8+ T cell %T cell,17,0.551372551153403,0.976120388751441,2,0.28734899537499,0.798084030031285
Cardiac conduction disorders,ebi-a-GCST90001820,IgD on IgD+ CD24+ B cell,28,0.554073087896513,0.976120388751441,6,0.810082470501775,0.987772535434594
Cardiac conduction disorders,ebi-a-GCST90001846,CD3 on Central Memory CD8+ T cell,19,0.554159397187489,0.976120388751441,3,0.567843077852784,0.921051463763142
Cardiac conduction disorders,ebi-a-GCST90002070,CD4 on activated & secreting CD4 regulatory T cell,32,0.554428613565474,0.976120388751441,1,0.365464742192028,0.804270920871231
Cardiac conduction disorders,ebi-a-GCST90001594,CD4+CD8+ T cell Absolute Count,18,0.555386497495243,0.976120388751441,2,0.359878084482477,0.804270920871231
Cardiac conduction disorders,ebi-a-GCST90001598,CD4-CD8- T cell Absolute Count,20,0.555828591172461,0.976120388751441,2,0.113022277724,0.563464970064092
Cardiac conduction disorders,ebi-a-GCST90002110,HLA DR on CD33dim HLA DR+ CD11b+,23,0.562049074522061,0.976120388751441,4,0.272503557286126,0.783932034467669
Cardiac conduction disorders,ebi-a-GCST90001807,CD27 on Plasma Blast-Plasma Cell,19,0.563389592499954,0.976120388751441,1,0.0132064045445756,0.355532605188649
Cardiac conduction disorders,ebi-a-GCST90001426,IgD- CD38dim B cell %lymphocyte,23,0.564789063829674,0.976120388751441,2,0.103280287030661,0.545140297631404
Cardiac conduction disorders,ebi-a-GCST90001704,BAFF-R on IgD+ CD24- B cell,22,0.56850250112526,0.976120388751441,10,0.936187419536701,0.996639138617528
Cardiac conduction disorders,ebi-a-GCST90001910,CD45 on B cell,15,0.568865792588709,0.976120388751441,2,0.219663871290389,0.683774204478288
Cardiac conduction disorders,ebi-a-GCST90001954,CD33 on basophil,22,0.569125751323147,0.976120388751441,7,0.142202357393616,0.59024792483653
Cardiac conduction disorders,ebi-a-GCST90001774,CD24 on transitional B cell,20,0.570628144057214,0.976120388751441,1,0.313899656205629,0.804270920871231
Cardiac conduction disorders,ebi-a-GCST90001536,CD45RA- CD4+ T cell %T cell,26,0.571723228043618,0.976120388751441,2,0.0322564728314434,0.440756548380196
Cardiac conduction disorders,ebi-a-GCST90002031,CD39 on CD39+ secreting CD4 regulatory T cell,23,0.572331077341637,0.976120388751441,5,0.698237373351469,0.977221476698678
Cardiac conduction disorders,ebi-a-GCST90001808,CD27 on switched memory B cell,30,0.576020125221576,0.976120388751441,10,0.455976077045987,0.870369430084635
Cardiac conduction disorders,ebi-a-GCST90001998,PDL-1 on CD14+ CD16+ monocyte,28,0.57637544704052,0.976120388751441,1,0.0164765358317811,0.355532605188649
Cardiac conduction disorders,ebi-a-GCST90001693,CD28+ CD45RA- CD8+ T cell Absolute Count,29,0.576661218217652,0.976120388751441,2,0.642549488102501,0.975068848195545
Cardiac conduction disorders,ebi-a-GCST90001530,Monocytic Myeloid-Derived Suppressor Cells Absolute Count,19,0.57686789945244,0.976120388751441,5,0.423625913958736,0.845858321621555
Cardiac conduction disorders,ebi-a-GCST90001772,CD24 on unswitched memory B cell,25,0.578588438995923,0.976120388751441,2,0.398449725785003,0.830868533670716
Cardiac conduction disorders,ebi-a-GCST90002061,CD4 on CD39+ CD4+ T cell,27,0.579584609879225,0.976120388751441,6,0.924437676180318,0.996639138617528
Cardiac conduction disorders,ebi-a-GCST90001944,CD123 on plasmacytoid Dendritic Cell,18,0.57986113872051,0.976120388751441,2,0.990520984879181,0.996639138617528
Cardiac conduction disorders,ebi-a-GCST90001945,CD123 on CD62L+ plasmacytoid Dendritic Cell,18,0.580294587819724,0.976120388751441,2,0.990945789402772,0.996639138617528
Cardiac conduction disorders,ebi-a-GCST90001514,Hematopoietic Stem Cell Absolute Count,19,0.581201475936282,0.976120388751441,2,0.536000310856769,0.898256411460129
Cardiac conduction disorders,ebi-a-GCST90001670,CD39+ CD8+ T cell %T cell,20,0.583248526938463,0.976120388751441,7,0.7386490346577,0.987772535434594
Cardiac conduction disorders,ebi-a-GCST90001906,CD86 on granulocyte,21,0.586420438224926,0.976120388751441,2,0.0316423049376704,0.440756548380196
Cardiac conduction disorders,ebi-a-GCST90001606,CD4+ T cell %leukocyte,13,0.587353071791238,0.976120388751441,1,0.212210166920457,0.678324386592281
Cardiac conduction disorders,ebi-a-GCST90001908,CCR7 on naive CD8+ T cell,24,0.588584980194046,0.976120388751441,2,0.224927622408226,0.689491193763056
Cardiac conduction disorders,ebi-a-GCST90001653,CD28- CD4-CD8- T cell %CD4-CD8- T cell,27,0.591032020273954,0.976120388751441,1,0.838873974922202,0.987772535434594
Cardiac conduction disorders,ebi-a-GCST90001656,CD28+ CD4-CD8- T cell %CD4-CD8- T cell,27,0.591032020273954,0.976120388751441,1,0.838873974922202,0.987772535434594
Cardiac conduction disorders,ebi-a-GCST90001621,Natural Killer T Absolute Count,34,0.593137839314873,0.976120388751441,5,0.547013251267103,0.903187824127288
Cardiac conduction disorders,ebi-a-GCST90001889,CD28 on activated & secreting CD4 regulatory T cell,25,0.594830763059606,0.976120388751441,1,0.353983207571846,0.804270920871231
Cardiac conduction disorders,ebi-a-GCST90001935,CD25 on CD39+ CD4 regulatory T cell,17,0.594929716291166,0.976120388751441,1,0.515841909075591,0.894617253739668
Cardiac conduction disorders,ebi-a-GCST90001634,CD8dim Natural Killer T %T cell,19,0.595036817580543,0.976120388751441,5,0.58616273890226,0.929901466053826
Cardiac conduction disorders,ebi-a-GCST90001960,CD25 on CD4+ T cell,16,0.595073530986461,0.976120388751441,1,0.849297482135301,0.987772535434594
Cardiac conduction disorders,ebi-a-GCST90001517,CD33+ HLA DR+ Absolute Count,30,0.596418215746644,0.976120388751441,1,0.132502375742916,0.587799174058951
Cardiac conduction disorders,ebi-a-GCST90001697,CD45RA- CD28- CD8+ T cell %T cell,180,0.597138066256994,0.976120388751441,42,0.511679139358214,0.894617253739668
Cardiac conduction disorders,ebi-a-GCST90001612,CD8dim T cell %leukocyte,18,0.597292873726168,0.976120388751441,2,0.177603731758095,0.64065669755147
Cardiac conduction disorders,ebi-a-GCST90001580,CD14+ CD16+ monocyte Absolute Count,20,0.598725713767685,0.976120388751441,3,0.0588473862519251,0.497194129733342
Cardiac conduction disorders,ebi-a-GCST90001608,CD4+CD8+ T cell %leukocyte,22,0.601149744584742,0.976120388751441,1,0.491713565116709,0.881834207375777
Cardiac conduction disorders,ebi-a-GCST90001561,CD45RA+ CD8+ T cell %CD8+ T cell,27,0.604220619028079,0.976120388751441,5,0.732415422266841,0.987772535434594
Cardiac conduction disorders,ebi-a-GCST90001961,CD25 on CD39+ CD4+ T cell,23,0.604251941814443,0.976120388751441,6,0.213951153058171,0.678324386592281
Cardiac conduction disorders,ebi-a-GCST90001695,CD45RA- CD28- CD8+ T cell Absolute Count,350,0.605355323779851,0.976120388751441,146,0.670837380950172,0.976142016461755
Cardiac conduction disorders,ebi-a-GCST90001641,CD3- lymphocyte %leukocyte,20,0.605379313820008,0.976120388751441,1,0.838873974922202,0.987772535434594
Cardiac conduction disorders,ebi-a-GCST90001465,CD86+ myeloid Dendritic Cell %Dendritic Cell,23,0.608467463402302,0.976120388751441,2,0.0787650864236868,0.504895389615419
Cardiac conduction disorders,ebi-a-GCST90001988,HLA DR on CD14+ CD16- monocyte,22,0.608653529526446,0.976120388751441,5,0.70909171433436,0.978327342306499
Cardiac conduction disorders,ebi-a-GCST90001546,Terminally Differentiated CD4+ T cell %CD4+ T cell,21,0.608955444165736,0.976120388751441,5,0.305802161544428,0.801924770584653
Cardiac conduction disorders,ebi-a-GCST90001484,CD39+ resting CD4 regulatory T cell %resting CD4 regulatory T cell,28,0.612244666239764,0.976120388751441,8,0.578699145077761,0.926834778528234
Cardiac conduction disorders,ebi-a-GCST90001861,CD3 on CD28+ CD4+ T cell,24,0.613726979490272,0.976120388751441,2,0.509446748025909,0.893740393213083
Cardiac conduction disorders,ebi-a-GCST90001953,CD33 on CD33dim HLA DR-,19,0.614596255554883,0.976120388751441,6,0.226731509362415,0.689491193763056
Cardiac conduction disorders,ebi-a-GCST90002007,HLA DR on CD14+ CD16+ monocyte,19,0.624063850190064,0.976120388751441,6,0.219320275391431,0.683774204478288
Cardiac conduction disorders,ebi-a-GCST90001602,Lymphocyte %leukocyte,22,0.626000376663145,0.976120388751441,1,0.683238487311594,0.976142016461755
Cardiac conduction disorders,ebi-a-GCST90001832,CD62L on CD62L+ plasmacytoid Dendritic Cell,15,0.626454496184725,0.976120388751441,3,0.0526283029251164,0.497194129733342
Cardiac conduction disorders,ebi-a-GCST90001746,CD20 on IgD+ CD24+ B cell,23,0.629286654490618,0.976120388751441,2,0.326045992624466,0.804270920871231
Cardiac conduction disorders,ebi-a-GCST90001993,PDL-1 on CD14+ CD16- monocyte,15,0.630111288659584,0.976120388751441,1,0.391394830215958,0.830687629164639
Cardiac conduction disorders,ebi-a-GCST90001686,CD28- CD8+ T cell %CD8+ T cell,23,0.63035066979223,0.976120388751441,3,0.140448695201456,0.59024792483653
Cardiac conduction disorders,ebi-a-GCST90001811,CD38 on IgD+ CD24- B cell,17,0.633274906977101,0.976120388751441,2,0.700315226299711,0.977221476698678
Cardiac conduction disorders,ebi-a-GCST90001917,CD45 on CD8+ T cell,26,0.63345952659973,0.976120388751441,2,0.482069989480277,0.880405532471734
Cardiac conduction disorders,ebi-a-GCST90001642,B cell Absolute Count,30,0.635340621361412,0.976120388751441,1,0.438944759544229,0.862263653861964
Cardiac conduction disorders,ebi-a-GCST90001659,CD39+ CD4+ T cell %CD4+ T cell,25,0.637289280351698,0.976120388751441,5,0.406330151406619,0.830868533670716
Cardiac conduction disorders,ebi-a-GCST90001970,FSC-A on HLA DR+ Natural Killer,20,0.63793755778338,0.976120388751441,4,0.030013947992797,0.440756548380196
Cardiac conduction disorders,ebi-a-GCST90001856,CD3 on CD39+ secreting CD4 regulatory T cell,27,0.639312223608608,0.976120388751441,3,0.93071688968604,0.996639138617528
Cardiac conduction disorders,ebi-a-GCST90001900,CD28 on resting CD4 regulatory T cell,6,0.641721988790519,0.976120388751441,1,0.34395016427534,0.804270920871231
Cardiac conduction disorders,ebi-a-GCST90001646,Natural Killer %CD3- lymphocyte,27,0.643356026509925,0.976120388751441,5,0.0020919576146369,0.134527226979702
Cardiac conduction disorders,ebi-a-GCST90001964,FSC-A on plasmacytoid Dendritic Cell,26,0.643952415840997,0.976120388751441,4,0.968129634576333,0.996639138617528
Cardiac conduction disorders,ebi-a-GCST90001586,CD14+ CD16- monocyte %monocyte,24,0.648520787752771,0.976120388751441,1,0.0521273710158284,0.497194129733342
Cardiac conduction disorders,ebi-a-GCST90001829,BAFF-R on B cell,21,0.65101657905988,0.976120388751441,10,0.93915278327891,0.996639138617528
Cardiac conduction disorders,ebi-a-GCST90001783,CD25 on IgD+ CD38+ B cell,13,0.651665129634746,0.976120388751441,3,0.586741781711063,0.929901466053826
Cardiac conduction disorders,ebi-a-GCST90002118,CD8 on CD28+ CD45RA- CD8+ T cell,14,0.652798720859666,0.976120388751441,2,0.983901564086466,0.996639138617528
Cardiac conduction disorders,ebi-a-GCST90001436,Memory B cell %lymphocyte,28,0.655394453474016,0.976120388751441,2,0.639833650482372,0.975068848195545
Cardiac conduction disorders,ebi-a-GCST90001477,HLA DR++ monocyte Absolute Count,23,0.657850563181435,0.976120388751441,1,0.0974491460444871,0.543917375095975
Cardiac conduction disorders,ebi-a-GCST90001866,CD3 on CD39+ CD8+ T cell,16,0.659405229559765,0.976120388751441,1,0.492490603460277,0.881834207375777
Cardiac conduction disorders,ebi-a-GCST90001839,CD3 on Effector Memory CD8+ T cell,20,0.661282789987818,0.976120388751441,3,0.280610932578437,0.795938486332295
Cardiac conduction disorders,ebi-a-GCST90001958,CD4 on monocyte,15,0.663352077739221,0.976120388751441,1,0.668944169458787,0.976142016461755
Cardiac conduction disorders,ebi-a-GCST90001486,Activated CD4 regulatory T cell Absolute Count,15,0.663955685934053,0.976120388751441,2,0.639043236039952,0.975068848195545
Cardiac conduction disorders,ebi-a-GCST90001511,CD25++ CD45RA- CD4 not regulatory T cell %CD4+ T cell,24,0.664385873558831,0.976120388751441,3,0.0037118042427985,0.204824106852611
Cardiac conduction disorders,ebi-a-GCST90001879,HVEM on Terminally Differentiated CD4+ T cell,26,0.666274116707077,0.976120388751441,1,0.0789547957514168,0.504895389615419
Cardiac conduction disorders,ebi-a-GCST90002121,CD8 on CD39+ CD8+ T cell,25,0.667110008335025,0.976120388751441,5,0.951485978059904,0.996639138617528
Cardiac conduction disorders,ebi-a-GCST90001827,IgD on IgD+ B cell,21,0.668510787324982,0.976120388751441,2,0.96367836397584,0.996639138617528
Cardiac conduction disorders,ebi-a-GCST90001896,CD28 on CD28+ CD45RA+ CD8+ T cell,15,0.671699163428842,0.976120388751441,3,0.537208671962243,0.898256411460129
Cardiac conduction disorders,ebi-a-GCST90001976,FSC-A on Natural Killer T,20,0.672000329172118,0.976120388751441,2,0.724997650681877,0.987772535434594
Cardiac conduction disorders,ebi-a-GCST90001643,B cell %CD3- lymphocyte,29,0.673189506203464,0.976120388751441,3,0.0091126237231481,0.355532605188649
Cardiac conduction disorders,ebi-a-GCST90001559,Terminally Differentiated CD8+ T cell %T cell,17,0.673303241460386,0.976120388751441,2,0.0673966186862783,0.504895389615419
Cardiac conduction disorders,ebi-a-GCST90001969,FSC-A on Natural Killer,18,0.67757259452646,0.976120388751441,3,0.758356816462458,0.987772535434594
Cardiac conduction disorders,ebi-a-GCST90001589,CD4+/CD8+ T cell,15,0.677595994220913,0.976120388751441,1,0.547566918087055,0.903187824127288
Cardiac conduction disorders,ebi-a-GCST90001534,CD45RA- CD4+ T cell Absolute Count,16,0.67773078160623,0.976120388751441,2,0.0011579247989813,0.0923501099837404
Cardiac conduction disorders,ebi-a-GCST90001439,IgD+ CD24+ B cell %lymphocyte,15,0.680689405729617,0.976120388751441,2,0.261396244513191,0.770230681648091
Cardiac conduction disorders,ebi-a-GCST90001418,CD24+ CD27+ B cell Absolute Count,26,0.681742808923731,0.976120388751441,1,0.450736588429116,0.863275701133049
Cardiac conduction disorders,ebi-a-GCST90001579,CD14- CD16+ monocyte Absolute Count,18,0.682654372126999,0.976120388751441,1,0.0521273710158284,0.497194129733342
Cardiac conduction disorders,ebi-a-GCST90001568,Naive CD4-CD8- T cell %T cell,20,0.686540453800266,0.976120388751441,1,0.0326755266509207,0.440756548380196
Cardiac conduction disorders,ebi-a-GCST90001627,HLA DR+ CD8+ T cell Absolute Count,34,0.688108570423157,0.976120388751441,3,0.850932679885156,0.987772535434594
Cardiac conduction disorders,ebi-a-GCST90001730,CD19 on IgD+ CD38dim B cell,24,0.689429546958402,0.976120388751441,4,0.28871419062536,0.798084030031285
Cardiac conduction disorders,ebi-a-GCST90002035,CD80 on myeloid Dendritic Cell,26,0.69022907929158,0.976120388751441,4,0.240904688372145,0.713312906545814
Cardiac conduction disorders,ebi-a-GCST90001481,Resting CD4 regulatory T cell %CD4 regulatory T cell,30,0.691312811428709,0.976120388751441,11,0.226311323145826,0.689491193763056
Cardiac conduction disorders,ebi-a-GCST90001902,CD28 on activated CD4 regulatory T cell,18,0.69560370005768,0.976120388751441,1,0.353983207571846,0.804270920871231
Cardiac conduction disorders,ebi-a-GCST90001689,CD28+ CD45RA+ CD8+ T cell %CD8+ T cell,41,0.697743166640962,0.976120388751441,1,0.0001655378937635,0.0366063134011357
Cardiac conduction disorders,ebi-a-GCST90002111,HLA DR on CD33dim HLA DR+ CD11b-,18,0.700869820544638,0.976120388751441,5,0.15814177534081,0.614523500520793
Cardiac conduction disorders,ebi-a-GCST90001864,CD3 on CD28+ CD45RA+ CD8+ T cell,25,0.703679230706341,0.976120388751441,4,0.941283875675803,0.996639138617528
Cardiac conduction disorders,ebi-a-GCST90001707,BAFF-R on IgD+ CD38- unswitched memory B cell,19,0.704333644221306,0.976120388751441,7,0.951189845923028,0.996639138617528
Cardiac conduction disorders,ebi-a-GCST90002009,HLA DR on CD14- CD16-,25,0.705790315884865,0.976120388751441,4,0.849116367061214,0.987772535434594
Cardiac conduction disorders,ebi-a-GCST90002119,CD8 on CD28+ CD45RA+ CD8+ T cell,22,0.706720003843498,0.976120388751441,8,0.956341995077136,0.996639138617528
Cardiac conduction disorders,ebi-a-GCST90001859,CD3 on CD8+ T cell,23,0.710387343506005,0.976120388751441,2,0.407905804009676,0.830868533670716
Cardiac conduction disorders,ebi-a-GCST90001824,IgD on IgD+ CD38+ B cell,25,0.710856127496421,0.976120388751441,6,0.998830549370909,0.999306872188948
Cardiac conduction disorders,ebi-a-GCST90001581,CD14- CD16- Absolute Count,25,0.711061235788373,0.976120388751441,3,0.0235672210361046,0.420744210850456
Cardiac conduction disorders,ebi-a-GCST90001911,CD45 on Natural Killer,30,0.711916316848947,0.976120388751441,3,0.682208822013394,0.976142016461755
Cardiac conduction disorders,ebi-a-GCST90002073,SSC-A on monocyte,23,0.713202064409414,0.976120388751441,8,0.147789306366667,0.59024792483653
Cardiac conduction disorders,ebi-a-GCST90001452,CD11c+ CD62L- monocyte Absolute Count,22,0.714155149734984,0.976120388751441,1,0.0798516596426362,0.504895389615419
Cardiac conduction disorders,ebi-a-GCST90002081,SSC-A on CD4+ T cell,30,0.716415573843458,0.976120388751441,4,0.89519613041941,0.993389490246036
Cardiac conduction disorders,ebi-a-GCST90001434,Switched memory B cell %lymphocyte,18,0.716662057042504,0.976120388751441,3,0.129362596663454,0.587799174058951
Cardiac conduction disorders,ebi-a-GCST90001451,CD62L- monocyte %monocyte,23,0.717740149438221,0.976120388751441,4,0.646712409986198,0.976142016461755
Cardiac conduction disorders,ebi-a-GCST90001516,Immature Myeloid-Derived Suppressor Cells %CD33dim HLA DR- CD66b-,19,0.717987537856539,0.976120388751441,2,0.347966912270513,0.804270920871231
Cardiac conduction disorders,ebi-a-GCST90001890,CD28 on CD45RA+ CD4+ T cell,13,0.719092401704658,0.976120388751441,2,0.764208746987499,0.987772535434594
Cardiac conduction disorders,ebi-a-GCST90002090,CD11c on granulocyte,22,0.720474160131136,0.976120388751441,3,0.0050844850816581,0.257190203713876
Cardiac conduction disorders,ebi-a-GCST90002028,CD19 on B cell,24,0.720781194854984,0.976120388751441,1,0.444561683393428,0.863275701133049
Cardiac conduction disorders,ebi-a-GCST90001422,CD20- CD38- B cell %B cell,23,0.721015821724865,0.976120388751441,1,0.292186886460582,0.798084030031285
Cardiac conduction disorders,ebi-a-GCST90002024,CD4 on naive CD4+ T cell,20,0.722298131029137,0.976120388751441,6,0.830898863997286,0.987772535434594
Cardiac conduction disorders,ebi-a-GCST90001661,CD28- CD8dim T cell %T cell,25,0.724095663638983,0.976120388751441,3,0.615553184709952,0.956264067448672
Cardiac conduction disorders,ebi-a-GCST90001518,CD33+ HLA DR+ CD14- Absolute Count,29,0.726252804057241,0.976120388751441,1,0.132502375742916,0.587799174058951
Cardiac conduction disorders,ebi-a-GCST90001723,CD19 on CD24+ CD27+ B cell,29,0.726881753395275,0.976120388751441,3,0.481111774592372,0.880405532471734
Cardiac conduction disorders,ebi-a-GCST90001897,CD28 on CD39+ CD8+ T cell,20,0.727500665933542,0.976120388751441,2,0.317410414552706,0.804270920871231
Cardiac conduction disorders,ebi-a-GCST90001891,CD28 on CD45RA- CD4 not regulatory T cell,13,0.729340085641523,0.976120388751441,3,0.344017966185595,0.804270920871231
Cardiac conduction disorders,ebi-a-GCST90001830,BAFF-R on CD20- B cell,14,0.732868565295359,0.976120388751441,1,0.829431454479546,0.987772535434594
Cardiac conduction disorders,ebi-a-GCST90002095,CD11b on CD33dim HLA DR-,23,0.734391698605638,0.976120388751441,1,0.853872609081631,0.987772535434594
Cardiac conduction disorders,ebi-a-GCST90001771,CD24 on memory B cell,31,0.73470888784861,0.976120388751441,2,0.475233994753618,0.878919494768191
Cardiac conduction disorders,ebi-a-GCST90001999,PDL-1 on CD14- CD16+ monocyte,19,0.735882416165944,0.976120388751441,1,0.0816563657675623,0.505769530825615
Cardiac conduction disorders,ebi-a-GCST90001613,CD4-CD8- T cell %leukocyte,20,0.736481942768709,0.976120388751441,4,0.790152971616724,0.987772535434594
Cardiac conduction disorders,ebi-a-GCST90002037,CD80 on plasmacytoid Dendritic Cell,21,0.737097749098216,0.976120388751441,2,0.99151451465576,0.996639138617528
Cardiac conduction disorders,ebi-a-GCST90001787,CD25 on IgD- CD38- B cell,22,0.743290101705294,0.978772201123906,3,0.582666844144169,0.928290746444909
Cardiac conduction disorders,ebi-a-GCST90001927,CD127 on CD8+ T cell,25,0.744131275159543,0.978772201123906,1,0.386103448998394,0.825228146274738
Cardiac conduction disorders,ebi-a-GCST90001450,CD62L- monocyte Absolute Count,20,0.746487869584953,0.978772201123906,3,0.44493327998615,0.863275701133049
Cardiac conduction disorders,ebi-a-GCST90002040,CD80 on granulocyte,33,0.747964610932192,0.978772201123906,3,0.476383054001211,0.878919494768191
Cardiac conduction disorders,ebi-a-GCST90001610,CD4+ CD8dim T cell %lymphocyte,19,0.749305449093854,0.978772201123906,2,0.940861110944263,0.996639138617528
Cardiac conduction disorders,ebi-a-GCST90001892,CD28 on CD39+ CD4+ T cell,17,0.750603092825008,0.978772201123906,6,0.782598771638351,0.987772535434594
Cardiac conduction disorders,ebi-a-GCST90001716,BAFF-R on naive-mature B cell,23,0.751351695047993,0.978772201123906,10,0.950802389825674,0.996639138617528
Cardiac conduction disorders,ebi-a-GCST90001719,BAFF-R on IgD+ B cell,24,0.754377599206543,0.978772201123906,10,0.925134343661908,0.996639138617528
Cardiac conduction disorders,ebi-a-GCST90002072,SSC-A on plasmacytoid Dendritic Cell,26,0.755802412114134,0.978772201123906,5,0.733852438344664,0.987772535434594
Cardiac conduction disorders,ebi-a-GCST90001720,BAFF-R on transitional B cell,24,0.756768975822251,0.978772201123906,8,0.660906256335865,0.976142016461755
Cardiac conduction disorders,ebi-a-GCST90001822,IgD on IgD+ CD38-  B cell,27,0.757651012805547,0.978772201123906,1,0.948505949610722,0.996639138617528
Cardiac conduction disorders,ebi-a-GCST90001713,BAFF-R on IgD- CD38+ B cell,15,0.761518215804891,0.978772201123906,3,0.371324517751165,0.804978508124848
Cardiac conduction disorders,ebi-a-GCST90002066,CD4 on activated CD4 regulatory T cell,24,0.763376830191391,0.978772201123906,1,0.365464742192028,0.804270920871231
Cardiac conduction disorders,ebi-a-GCST90001959,CD4 on HLA DR+ CD4+ T cell,21,0.769739269693245,0.978772201123906,2,0.0482764404177031,0.497194129733342
Cardiac conduction disorders,ebi-a-GCST90001753,CD20 on IgD- CD24- B cell,28,0.770278222376453,0.978772201123906,2,0.756920326160897,0.987772535434594
Cardiac conduction disorders,ebi-a-GCST90002015,CCR2 on plasmacytoid Dendritic Cell,19,0.771516148392969,0.978772201123906,2,0.0983151315463161,0.543917375095975
Cardiac conduction disorders,ebi-a-GCST90001478,CD4 regulatory T cell %CD4+ T cell,16,0.771625469000386,0.978772201123906,2,0.902066630885627,0.994715281614631
Cardiac conduction disorders,ebi-a-GCST90001991,HLA DR on CD14+ monocyte,21,0.776885285528577,0.978772201123906,5,0.712389926358274,0.978327342306499
Cardiac conduction disorders,ebi-a-GCST90001666,CD28+ CD45RA+ CD8dim T cell Absolute Count,54,0.77751159756964,0.978772201123906,8,0.432957317609463,0.85326328502904
Cardiac conduction disorders,ebi-a-GCST90001499,Activated & resting CD4 regulatory T cell %CD4 regulatory T cell,29,0.77772297403377,0.978772201123906,6,0.887120859058679,0.988041030180951
Cardiac conduction disorders,ebi-a-GCST90001648,HLA DR+ Natural Killer Absolute Count,18,0.778491316959307,0.978772201123906,3,0.141128388771043,0.59024792483653
Cardiac conduction disorders,ebi-a-GCST90001946,CD33 on CD14+ monocyte,21,0.779781395526148,0.978772201123906,6,0.125624479537665,0.587799174058951
Cardiac conduction disorders,ebi-a-GCST90001920,CD45 on HLA DR+ CD4+ T cell,18,0.779881969816258,0.978772201123906,2,0.970422707831691,0.996639138617528
Cardiac conduction disorders,ebi-a-GCST90001782,CD25 on IgD+ CD38- unswitched memory B cell,24,0.781080692205298,0.978772201123906,1,0.68800351897507,0.976142016461755
Cardiac conduction disorders,ebi-a-GCST90001738,CD19 on unswitched memory B cell,21,0.783068017756019,0.978772201123906,4,0.348398993797572,0.804270920871231
Cardiac conduction disorders,ebi-a-GCST90001703,BAFF-R on IgD+ CD24+ B cell,18,0.783326155568231,0.978772201123906,7,0.538657881007392,0.898256411460129
Cardiac conduction disorders,ebi-a-GCST90001933,CD25 on CD45RA- CD4 not regulatory T cell,26,0.785699246007611,0.978772201123906,2,0.662884375674535,0.976142016461755
Cardiac conduction disorders,ebi-a-GCST90001503,Activated & secreting CD4 regulatory T cell %CD4+ T cell,32,0.789066672864261,0.978772201123906,9,0.786421417367145,0.987772535434594
Cardiac conduction disorders,ebi-a-GCST90001407,Memory B cell Absolute Count,17,0.793313795925911,0.978772201123906,1,0.450736588429116,0.863275701133049
Cardiac conduction disorders,ebi-a-GCST90001660,CD39+ CD4+ T cell Absolute Count,29,0.794019741662926,0.978772201123906,6,0.53782756402521,0.898256411460129
Cardiac conduction disorders,ebi-a-GCST90001763,CD20 on transitional B cell,22,0.795832021735275,0.978772201123906,2,0.570616923808795,0.921051463763142
Cardiac conduction disorders,ebi-a-GCST90001821,IgD on IgD+ CD24- B cell,29,0.797142158468862,0.978772201123906,5,0.872851759283043,0.987772535434594
Cardiac conduction disorders,ebi-a-GCST90002116,HLA DR on B cell,22,0.797472031161097,0.978772201123906,9,0.837605892566181,0.987772535434594
Cardiac conduction disorders,ebi-a-GCST90002105,HLA DR on plasmacytoid Dendritic Cell,23,0.799627244826092,0.978772201123906,8,0.873538074091152,0.987772535434594
Cardiac conduction disorders,ebi-a-GCST90002017,CCR2 on monocyte,25,0.80112426172369,0.978772201123906,2,0.554685880987757,0.912406050866569
Cardiac conduction disorders,ebi-a-GCST90001684,CD127- CD8+ T cell Absolute Count,13,0.80239235490074,0.978772201123906,1,0.0729244333829004,0.504895389615419
Cardiac conduction disorders,ebi-a-GCST90001715,BAFF-R on memory B cell,17,0.803369795724136,0.978772201123906,9,0.466781630660673,0.878919494768191
Cardiac conduction disorders,ebi-a-GCST90001799,CD27 on T cell,21,0.80485276380896,0.978947371621214,1,0.0164765358317811,0.355532605188649
Cardiac conduction disorders,ebi-a-GCST90001815,CD38 on IgD- CD38dim B cell,20,0.806934791922927,0.979002983530347,3,0.779467637984697,0.987772535434594
Cardiac conduction disorders,ebi-a-GCST90001793,CD25 on switched memory B cell,20,0.807577016509985,0.979002983530347,2,0.799188869959061,0.987772535434594
Cardiac conduction disorders,ebi-a-GCST90001966,FSC-A on granulocyte,21,0.809087014568005,0.979094043487749,2,0.688448161586759,0.976142016461755
Cardiac conduction disorders,ebi-a-GCST90001628,HLA DR+ CD8+ T cell %T cell,30,0.810330911504908,0.979094043487749,3,0.375269647686243,0.810635858169215
Cardiac conduction disorders,ebi-a-GCST90002112,HLA DR on CD33- HLA DR+,12,0.812533133510788,0.979162256172564,3,0.972611132500151,0.996639138617528
Cardiac conduction disorders,ebi-a-GCST90002074,SSC-A on CD14+ monocyte,23,0.817377058306078,0.979162256172564,6,0.19836201433035,0.666368476588003
Cardiac conduction disorders,ebi-a-GCST90001538,Central Memory CD4+ T cell %CD4+ T cell,32,0.820098357740628,0.979162256172564,1,0.367550452545685,0.804270920871231
Cardiac conduction disorders,ebi-a-GCST90001850,CD3 on HLA DR+ CD8+ T cell,26,0.821215678929013,0.979162256172564,1,0.482990185029798,0.880405532471734
Cardiac conduction disorders,ebi-a-GCST90001728,CD19 on IgD+ CD38- unswitched memory B cell,22,0.822511686078677,0.979162256172564,3,0.0774996931527845,0.504895389615419
Cardiac conduction disorders,ebi-a-GCST90001905,CD86 on monocyte,16,0.823247188985931,0.979162256172564,1,0.806561395899632,0.987772535434594
Cardiac conduction disorders,ebi-a-GCST90001745,CD20 on CD24+ CD27+ B cell,29,0.825401893999446,0.979162256172564,5,0.208040120754706,0.675296006941745
Cardiac conduction disorders,ebi-a-GCST90002029,CD39 on CD39+ CD8+ T cell,23,0.827521467982746,0.979162256172564,2,0.067913754336424,0.504895389615419
Cardiac conduction disorders,ebi-a-GCST90001934,CD25 on CD45RA+ CD4 not regulatory T cell,22,0.827677656243489,0.979162256172564,1,0.769433873511091,0.987772535434594
Cardiac conduction disorders,ebi-a-GCST90001813,CD38 on IgD+ CD38dim B cell,23,0.830540896877919,0.979162256172564,4,0.864647705770335,0.987772535434594
Cardiac conduction disorders,ebi-a-GCST90002016,CCR2 on CD62L+ plasmacytoid Dendritic Cell,19,0.830549322061212,0.979162256172564,2,0.0983371917101933,0.543917375095975
Cardiac conduction disorders,ebi-a-GCST90001400,IgD+ B cell Absolute Count,15,0.831743756029065,0.979162256172564,1,0.865508153638598,0.987772535434594
Cardiac conduction disorders,ebi-a-GCST90001631,CD8+ Natural Killer T %T cell,27,0.837140697314903,0.979162256172564,1,0.0465132052812194,0.497194129733342
Cardiac conduction disorders,ebi-a-GCST90001784,CD25 on IgD+ CD38dim B cell,23,0.837356617706751,0.979162256172564,3,0.990377496275186,0.996639138617528
Cardiac conduction disorders,ebi-a-GCST90002120,CD8 on CD28- CD8+ T cell,20,0.837670577558953,0.979162256172564,2,0.443525944702943,0.863275701133049
Cardiac conduction disorders,ebi-a-GCST90001584,CD14- CD16+ monocyte %monocyte,23,0.838200196217303,0.979162256172564,2,0.0699329151297737,0.504895389615419
Cardiac conduction disorders,ebi-a-GCST90001457,CD11c+ HLA DR++ monocyte %monocyte,18,0.838416609927582,0.979162256172564,1,0.49869475019467,0.885110273006329
Cardiac conduction disorders,ebi-a-GCST90001845,CD3 on CD45RA- CD4+ T cell,28,0.839157018540769,0.979162256172564,3,0.717263156873467,0.982796244293893
Cardiac conduction disorders,ebi-a-GCST90001469,CD62L- myeloid Dendritic Cell %Dendritic Cell,24,0.841264456289637,0.979162256172564,3,0.061406526599481,0.497194129733342
Cardiac conduction disorders,ebi-a-GCST90002036,CD80 on CD62L+ myeloid Dendritic Cell,26,0.84145393994216,0.979162256172564,3,0.902468227355046,0.994715281614631
Cardiac conduction disorders,ebi-a-GCST90001767,CD24 on IgD+ CD38- unswitched memory B cell,21,0.841782484958419,0.979162256172564,2,0.401515281842061,0.830868533670716
Cardiac conduction disorders,ebi-a-GCST90002087,CD11c on myeloid Dendritic Cell,30,0.842954423403303,0.979162256172564,5,0.98630038851274,0.996639138617528
Cardiac conduction disorders,ebi-a-GCST90001515,Immature Myeloid-Derived Suppressor Cells Absolute Count,22,0.843874447864179,0.979162256172564,2,0.397706107872409,0.830868533670716
Cardiac conduction disorders,ebi-a-GCST90002084,SSC-A on Natural Killer T,20,0.847438050210375,0.980743999798172,2,0.0352393788627535,0.445631311868571
Cardiac conduction disorders,ebi-a-GCST90002000,PDL-1 on CD14- CD16-,28,0.847920941001976,0.980743999798172,1,0.617377121123247,0.956264067448672
Cardiac conduction disorders,ebi-a-GCST90001562,CD45RA+ CD8+ T cell %T cell,35,0.853907544252313,0.983238083759089,3,0.18528213663029,0.648397693328382
Cardiac conduction disorders,ebi-a-GCST90001681,CD25++ CD8+ T cell Absolute Count,27,0.85504405870343,0.983238083759089,3,0.0790476437713079,0.504895389615419
Cardiac conduction disorders,ebi-a-GCST90002054,CD8 on Central Memory CD8+ T cell,14,0.859805341586646,0.983238083759089,2,0.780635166887377,0.987772535434594
Cardiac conduction disorders,ebi-a-GCST90001493,Secreting CD4 regulatory T cell %CD4 regulatory T cell,31,0.860910682857177,0.983238083759089,6,0.884878641429565,0.988041030180951
Cardiac conduction disorders,ebi-a-GCST90001710,BAFF-R on IgD- CD24- B cell,22,0.863118639158937,0.983238083759089,9,0.791894630316476,0.987772535434594
Cardiac conduction disorders,ebi-a-GCST90001937,CD25 on resting CD4 regulatory T cell,20,0.863310395126258,0.983238083759089,1,0.27010251302024,0.783932034467669
Cardiac conduction disorders,ebi-a-GCST90001826,IgD on unswitched memory B cell,22,0.864295755220011,0.983238083759089,6,0.629861134753107,0.967913186823128
Cardiac conduction disorders,ebi-a-GCST90001638,CD4-CD8- Natural Killer T %lymphocyte,29,0.865225952712614,0.983238083759089,6,0.789297776966284,0.987772535434594
Cardiac conduction disorders,ebi-a-GCST90001924,CD127 on CD28+ CD4+ T cell,20,0.865680998662865,0.983238083759089,3,0.661048623557095,0.976142016461755
Cardiac conduction disorders,ebi-a-GCST90001611,CD4+ CD8dim T cell %leukocyte,14,0.869579241783047,0.983238083759089,2,0.916425757526266,0.996639138617528
Cardiac conduction disorders,ebi-a-GCST90001592,CD8+ T cell Absolute Count,21,0.869691604497399,0.983238083759089,1,0.0729244333829004,0.504895389615419
Cardiac conduction disorders,ebi-a-GCST90001870,CD34 on Hematopoietic Stem Cell,12,0.870253132957771,0.983238083759089,4,0.514060949563452,0.894617253739668
Cardiac conduction disorders,ebi-a-GCST90001620,HLA DR+ T cell%lymphocyte,25,0.875575028907662,0.983378204310675,4,0.827097747212588,0.987772535434594
Cardiac conduction disorders,ebi-a-GCST90001989,CD40 on CD14- CD16+ monocyte,27,0.8777707441652,0.983378204310675,9,0.807984714320356,0.987772535434594
Cardiac conduction disorders,ebi-a-GCST90001849,CD3 on HLA DR+ CD4+ T cell,26,0.878960800261023,0.983378204310675,2,0.329599820518032,0.804270920871231
Cardiac conduction disorders,ebi-a-GCST90001688,CD28+ CD45RA+ CD8+ T cell %T cell,110,0.879846817109404,0.983378204310675,38,0.696864578203896,0.977221476698678
Cardiac conduction disorders,ebi-a-GCST90002059,CD8 on Natural Killer T,18,0.882165741055104,0.983378204310675,2,0.23418351088565,0.707210901032783
Cardiac conduction disorders,ebi-a-GCST90001899,CD28 on CD4 regulatory T cell,25,0.88580834828778,0.983378204310675,1,0.367589259095517,0.804270920871231
Cardiac conduction disorders,ebi-a-GCST90001760,CD20 on unswitched memory B cell,22,0.887860377083183,0.983378204310675,4,0.569805544364676,0.921051463763142
Cardiac conduction disorders,ebi-a-GCST90001789,CD25 on IgD- CD38dim B cell,20,0.88799637393136,0.983378204310675,3,0.753803836737341,0.987772535434594
Cardiac conduction disorders,ebi-a-GCST90002076,SSC-A on Natural Killer,23,0.888333915522704,0.983378204310675,1,0.475812380666971,0.878919494768191
Cardiac conduction disorders,ebi-a-GCST90001803,CD27 on IgD- CD38+ B cell,15,0.888478838555836,0.983378204310675,2,0.751112242629168,0.987772535434594
Cardiac conduction disorders,ebi-a-GCST90001433,IgD- CD27- B cell %lymphocyte,18,0.889344299503507,0.983378204310675,2,0.203361958290463,0.666368476588003
Cardiac conduction disorders,ebi-a-GCST90001983,CD14 on CD14+ CD16+ monocyte,15,0.890555911427725,0.983378204310675,2,0.670881824934652,0.976142016461755
Cardiac conduction disorders,ebi-a-GCST90001548,Central Memory CD8+ T cell Absolute Count,25,0.897487368835027,0.985362671448087,1,0.0273003687025785,0.436087468485924
Cardiac conduction disorders,ebi-a-GCST90001504,CD25++ CD4+ T cell Absolute Count,23,0.898834012599379,0.985362671448087,1,0.849297482135301,0.987772535434594
Cardiac conduction disorders,ebi-a-GCST90001709,BAFF-R on IgD+ CD38dim B cell,25,0.899092888995724,0.985362671448087,10,0.932269565234768,0.996639138617528
Cardiac conduction disorders,ebi-a-GCST90001940,CD25 on CD39+ activated CD4 regulatory T cell,12,0.904949880768731,0.988547074200095,1,0.515841909075591,0.894617253739668
Cardiac conduction disorders,ebi-a-GCST90001392,IgD+ CD38+ B cell Absolute Count,29,0.906055457885176,0.988547074200095,2,0.167532742403648,0.627730707648236
Cardiac conduction disorders,ebi-a-GCST90001973,FSC-A on CD4+ T cell,25,0.908980512537525,0.990260439142967,3,0.103120997447603,0.545140297631404
Cardiac conduction disorders,ebi-a-GCST90001942,CD25 on CD39+ secreting CD4 regulatory T cell,16,0.915524470334795,0.994425539100646,2,0.124181801612801,0.587799174058951
Cardiac conduction disorders,ebi-a-GCST90001853,CD3 on activated CD4 regulatory T cell,21,0.9173309644819,0.994860979856124,4,0.840550374446626,0.987772535434594
Cardiac conduction disorders,ebi-a-GCST90002045,CD45 on CD33- HLA DR-,14,0.918647279620908,0.994860979856124,2,0.960588475533311,0.996639138617528
Cardiac conduction disorders,ebi-a-GCST90002019,CD14 on Monocytic Myeloid-Derived Suppressor Cells,25,0.921928402522767,0.994992668104784,1,0.179919374867873,0.641149220337413
Cardiac conduction disorders,ebi-a-GCST90001841,CD3 on Central Memory CD4+ T cell,26,0.922035632128127,0.994992668104784,4,0.671289145077361,0.976142016461755
Cardiac conduction disorders,ebi-a-GCST90002018,CCR2 on granulocyte,17,0.923037335441807,0.994992668104784,2,0.320912628646833,0.804270920871231
Cardiac conduction disorders,ebi-a-GCST90001618,HLA DR+ T cell Absolute Count,30,0.925345042560266,0.994992668104784,3,0.885138454937132,0.988041030180951
Cardiac conduction disorders,ebi-a-GCST90001547,Terminally Differentiated CD4+ T cell %T cell,26,0.926046415128108,0.994992668104784,6,0.0482839955592335,0.497194129733342
Cardiac conduction disorders,ebi-a-GCST90001748,CD20 on IgD+ CD38- B cell,25,0.926935714062049,0.994992668104784,4,0.153059942713439,0.599402485335856
Cardiac conduction disorders,ebi-a-GCST90001391,IgD+ B cell %B cell,17,0.93310557501396,0.997430722004315,1,0.92030985170284,0.996639138617528
Cardiac conduction disorders,ebi-a-GCST90001446,IgD- CD38- B cell Absolute Count,14,0.933598484872687,0.997430722004315,1,0.964078743335854,0.996639138617528
Cardiac conduction disorders,ebi-a-GCST90001442,CD24+ CD27+ B cell %lymphocyte,24,0.935958715632419,0.997430722004315,3,0.605699236827225,0.945711095389411
Cardiac conduction disorders,ebi-a-GCST90001607,CD8+ T cell %leukocyte,17,0.938269736326204,0.997430722004315,1,0.0729244333829004,0.504895389615419
Cardiac conduction disorders,ebi-a-GCST90001828,IgD on transitional B cell,32,0.939853498649622,0.997430722004315,5,0.885685033773295,0.988041030180951
Cardiac conduction disorders,ebi-a-GCST90001637,CD4-CD8- Natural Killer T %T cell,30,0.940316191632246,0.997430722004315,5,0.8854744730973,0.988041030180951
Cardiac conduction disorders,ebi-a-GCST90002001,CD64 on CD14- CD16-,16,0.940866202521897,0.997430722004315,3,0.971450584611438,0.996639138617528
Cardiac conduction disorders,ebi-a-GCST90001587,CD16+ monocyte %monocyte,22,0.947722533021923,0.997430722004315,1,0.0521273710158284,0.497194129733342
Cardiac conduction disorders,ebi-a-GCST90001867,CD3 on CD4+ T cell,29,0.95038646989588,0.997430722004315,2,0.752501754316229,0.987772535434594
Cardiac conduction disorders,ebi-a-GCST90001825,IgD on IgD+ CD38dim B cell,22,0.951724523090242,0.997430722004315,5,0.867906533435351,0.987772535434594
Cardiac conduction disorders,ebi-a-GCST90002002,PDL-1 on monocyte,15,0.95192371462217,0.997430722004315,2,0.326403684293937,0.804270920871231
Cardiac conduction disorders,ebi-a-GCST90001463,CD62L- Dendritic Cell %Dendritic Cell,23,0.953015004466823,0.997430722004315,3,0.213868198026233,0.678324386592281
Cardiac conduction disorders,ebi-a-GCST90002055,CD8 on naive CD8+ T cell,16,0.962229352492125,0.997430722004315,1,0.423145759319752,0.845858321621555
Cardiac conduction disorders,ebi-a-GCST90001541,Naive CD4+ T cell %CD4+ T cell,35,0.962861813784107,0.997430722004315,4,0.238857186371179,0.710794826616761
Cardiac conduction disorders,ebi-a-GCST90001705,BAFF-R on IgD+ CD38- B cell,22,0.963375223684654,0.997430722004315,9,0.689892792524041,0.976142016461755
Cardiac conduction disorders,ebi-a-GCST90001880,HVEM on CD45RA- CD4+ T cell,19,0.964966280464217,0.997430722004315,1,0.148805065228843,0.59024792483653
Cardiac conduction disorders,ebi-a-GCST90001884,CD16-CD56 on Natural Killer,28,0.965346506903003,0.997430722004315,8,0.691639460543914,0.976337564070129
Cardiac conduction disorders,ebi-a-GCST90001569,Effector Memory CD4-CD8- T cell Absolute Count,19,0.965390465854588,0.997430722004315,4,0.893043797656257,0.992816090068403
Cardiac conduction disorders,ebi-a-GCST90001950,CD33 on Granulocytic Myeloid-Derived Suppressor Cells,20,0.965628891961661,0.997430722004315,3,0.162768689239228,0.622090340646016
Cardiac conduction disorders,ebi-a-GCST90001555,Effector Memory CD8+ T cell %CD8+ T cell,24,0.967254292920541,0.997430722004315,4,0.0120504765298866,0.355532605188649
Cardiac conduction disorders,ebi-a-GCST90001878,HVEM on Effector Memory CD4+ T cell,22,0.968434295760553,0.997430722004315,1,0.196340121172447,0.665801416489808
Cardiac conduction disorders,ebi-a-GCST90001644,B cell %lymphocyte,35,0.971314396508861,0.997430722004315,2,0.350878510580382,0.804270920871231
Cardiac conduction disorders,ebi-a-GCST90001766,CD24 on IgD+ CD38- B cell,22,0.971397932502307,0.997430722004315,2,0.416375224327212,0.839666980619993
Cardiac conduction disorders,ebi-a-GCST90001868,CD3 on CD4 regulatory T cell,11,0.971549246322443,0.997430722004315,4,0.8203742503666,0.987772535434594
Cardiac conduction disorders,ebi-a-GCST90001597,CD8dim T cell %T cell,19,0.972676323364246,0.997430722004315,2,0.172718328954962,0.63539409500401
Cardiac conduction disorders,ebi-a-GCST90001724,CD19 on IgD+ CD24+ B cell,33,0.972774749437677,0.997430722004315,4,0.312049000762955,0.804270920871231
Cardiac conduction disorders,ebi-a-GCST90001435,Plasma Blast-Plasma Cell %lymphocyte,18,0.973763411448654,0.997430722004315,1,0.158945946592693,0.614523500520793
Cardiac conduction disorders,ebi-a-GCST90001981,CD40 on CD14+ CD16+ monocyte,21,0.974234658701889,0.997430722004315,4,0.767745786556661,0.987772535434594
Cardiac conduction disorders,ebi-a-GCST90001630,CD8+ Natural Killer T Absolute Count,26,0.978345046035104,0.998708342684933,2,0.307822852629694,0.801924770584653
Cardiac conduction disorders,ebi-a-GCST90001733,CD19 on IgD- CD38- B cell,22,0.981794602776283,0.998708342684933,1,0.361767337753012,0.804270920871231
Cardiac conduction disorders,ebi-a-GCST90001522,CD33- HLA DR- Absolute Count,21,0.986682086488385,0.998708342684933,1,0.290104273983477,0.798084030031285
Cardiac conduction disorders,ebi-a-GCST90001751,CD20 on IgD+ CD38+ B cell,26,0.98949705189376,0.998708342684933,5,0.354179207829625,0.804270920871231
Cardiac conduction disorders,ebi-a-GCST90001459,Myeloid Dendritic Cell %Dendritic Cell,26,0.990708118895243,0.998708342684933,1,0.0647089559290511,0.497194129733342
Cardiac conduction disorders,ebi-a-GCST90001533,Basophil %CD33dim HLA DR- CD66b-,20,0.991119819975561,0.998708342684933,3,0.180620291067047,0.641149220337413
Cardiac conduction disorders,ebi-a-GCST90001474,Plasmacytoid Dendritic Cell %Dendritic Cell,24,0.991269554339705,0.998708342684933,2,0.238883269571366,0.710794826616761
Cardiac conduction disorders,ebi-a-GCST90001476,HLA DR++ monocyte %leukocyte,8,0.992198388130213,0.998708342684933,2,0.529770319485433,0.898256411460129
Cardiac conduction disorders,ebi-a-GCST90002057,CD8 on Terminally Differentiated CD8+ T cell,17,0.992206333136324,0.998708342684933,2,0.47366554016938,0.878919494768191
Cardiac conduction disorders,ebi-a-GCST90001510,CD25++ CD45RA- CD4 not regulatory T cell Absolute Count,20,0.993108072255271,0.998708342684933,2,0.145675818598844,0.59024792483653
Cardiac conduction disorders,ebi-a-GCST90001996,CX3CR1 on CD14+ CD16+ monocyte,34,0.995470804900582,0.998945285556077,3,0.0573631313386506,0.497194129733342
Cardiac conduction disorders,ebi-a-GCST90001398,Unswitched memory B cell Absolute Count,20,0.997510295486982,0.998945285556077,2,0.978118351383798,0.996639138617528
Cardiac conduction disorders,ebi-a-GCST90001765,CD24 on IgD+ CD24+ B cell,25,0.997622143713572,0.998945285556077,2,0.396075600018819,0.830868533670716
Atrioventricular block,ebi-a-GCST90001790,CD25 on memory B cell,24,0.0001518383279138,0.110993817705003,4,0.153406027791362,0.819743476296854
Atrioventricular block,ebi-a-GCST90001943,CD25 on activated & secreting CD4 regulatory T cell,21,0.0003123596167699,0.114167439929426,1,0.696083693900362,0.960053675501492
Atrioventricular block,ebi-a-GCST90001649,HLA DR+ Natural Killer %Natural Killer,23,0.0025069913425727,0.610870223806888,4,0.220810249013101,0.90780712403591
Atrioventricular block,ebi-a-GCST90001406,Memory B cell %B cell,29,0.0051325080976256,0.67219643138818,2,0.374622325183034,0.93578498512799
Atrioventricular block,ebi-a-GCST90002103,CD45RA on CD39+ resting CD4 regulatory T cell,8,0.0062973644474579,0.67219643138818,1,0.002517462436354,0.182962368597974
Atrioventricular block,ebi-a-GCST90001483,CD39+ resting CD4 regulatory T cell Absolute Count,28,0.0070309303020805,0.67219643138818,12,0.0324720448454632,0.532717060032329
Atrioventricular block,ebi-a-GCST90001577,Transitional B cell Absolute Count,31,0.0073325783641117,0.67219643138818,1,0.133906989045005,0.819743476296854
Atrioventricular block,ebi-a-GCST90001396,IgD+ CD38- B cell Absolute Count,17,0.007356458893441,0.67219643138818,1,0.351411127040589,0.929456220857434
Atrioventricular block,ebi-a-GCST90002100,CD45RA on naive CD8+ T cell,22,0.0089523803594924,0.727132226976557,2,0.664508135500914,0.945296306830122
Atrioventricular block,ebi-a-GCST90001655,CD28+ CD4-CD8- T cell %T cell,23,0.0176709744213616,0.991312533955065,1,0.799519712369093,0.982190914052454
Atrioventricular block,ebi-a-GCST90001773,CD24 on switched memory B cell,38,0.0179687736773731,0.991312533955065,2,0.352211693010825,0.929456220857434
Atrioventricular block,ebi-a-GCST90001735,CD19 on IgD- CD38dim B cell,28,0.0219820844241273,0.991312533955065,4,0.147165679164387,0.819743476296854
Atrioventricular block,ebi-a-GCST90001472,CD62L- CD86+ myeloid Dendritic Cell Absolute Count,19,0.0227792600291044,0.991312533955065,3,0.241270229377796,0.90780712403591
Atrioventricular block,ebi-a-GCST90001583,Monocyte Absolute Count,27,0.0249662596373364,0.991312533955065,1,0.826474491643226,0.988935745953677
Atrioventricular block,ebi-a-GCST90001408,Naive-mature B cell %B cell,29,0.0252842278846991,0.991312533955065,1,0.552361427150584,0.941863412793324
Atrioventricular block,ebi-a-GCST90001662,CD28- CD8dim T cell %CD8dim T cell,15,0.027105121396391,0.991312533955065,1,0.635500874835051,0.941863412793324
Atrioventricular block,ebi-a-GCST90001669,CD28+ CD45RA- CD8dim T cell Absolute Count,37,0.0275616159551323,0.991312533955065,3,0.959135494258811,0.991090671041885
Atrioventricular block,ebi-a-GCST90001740,CD19 on switched memory B cell,27,0.0308453806031263,0.991312533955065,2,0.0679021184400732,0.630195898862353
Atrioventricular block,ebi-a-GCST90002089,CD11c on monocyte,19,0.0349229305233702,0.991312533955065,2,0.0575314497108303,0.616685806760228
Atrioventricular block,ebi-a-GCST90001557,Terminally Differentiated CD8+ T cell Absolute Count,17,0.0359183137350517,0.991312533955065,1,0.557478304950462,0.941863412793324
Atrioventricular block,ebi-a-GCST90001769,CD24 on IgD- CD38- B cell,29,0.0361664888430593,0.991312533955065,2,0.472134875562435,0.941863412793324
Atrioventricular block,ebi-a-GCST90001913,CD45 on granulocyte,15,0.0413751112731008,0.991312533955065,1,0.211812037986225,0.90780712403591
Atrioventricular block,ebi-a-GCST90002046,CD45 on CD33- HLA DR+,25,0.0434178508791078,0.991312533955065,2,0.396675976970344,0.941863412793324
Atrioventricular block,ebi-a-GCST90001507,CD25++ CD45RA+ CD4 not regulatory T cell Absolute Count,26,0.0435997402995729,0.991312533955065,3,0.60571795934232,0.941863412793324
Atrioventricular block,ebi-a-GCST90001509,CD25++ CD45RA+ CD4 not regulatory T cell %T cell,27,0.0453651087992921,0.991312533955065,5,0.374271754240793,0.93578498512799
Atrioventricular block,ebi-a-GCST90002073,SSC-A on monocyte,23,0.0461634601325549,0.991312533955065,8,0.0602419268642935,0.619777111976715
Atrioventricular block,ebi-a-GCST90001582,CD14+ CD16- monocyte Absolute Count,28,0.0475187312631824,0.991312533955065,3,0.141881670852751,0.819743476296854
Atrioventricular block,ebi-a-GCST90001997,CX3CR1 on CD14+ CD16- monocyte,27,0.0511416613679256,0.991312533955065,3,0.122468394786198,0.786144793350051
Atrioventricular block,ebi-a-GCST90001501,Activated & secreting CD4 regulatory T cell Absolute Count,22,0.0512555796670667,0.991312533955065,4,0.970740215438069,0.991907135553144
Atrioventricular block,ebi-a-GCST90001603,T cell Absolute Count,19,0.051634697047992,0.991312533955065,2,0.441974570547543,0.941863412793324
Atrioventricular block,ebi-a-GCST90001909,CD45 on CD14+ monocyte,17,0.056861533503024,0.991312533955065,1,0.814589179132195,0.984971377954666
Atrioventricular block,ebi-a-GCST90002098,CD45RA on naive CD4+ T cell,33,0.0583016549902738,0.991312533955065,10,0.104011408185424,0.756717594418506
Atrioventricular block,ebi-a-GCST90001498,Activated & resting CD4 regulatory T cell Absolute Count,19,0.0609175867318245,0.991312533955065,1,0.709429294886898,0.966257640814454
Atrioventricular block,ebi-a-GCST90001736,CD19 on memory B cell,24,0.0624642173844346,0.991312533955065,3,0.145312084735039,0.819743476296854
Atrioventricular block,ebi-a-GCST90001956,CD33 on CD33+ HLA DR+,23,0.0628401292026779,0.991312533955065,5,0.233578304435531,0.90780712403591
Atrioventricular block,ebi-a-GCST90002030,CD39 on CD39+ activated CD4 regulatory T cell,22,0.0661420817750266,0.991312533955065,5,0.238724899366335,0.90780712403591
Atrioventricular block,ebi-a-GCST90001907,CCR7 on naive CD4+ T cell,24,0.0663615136007732,0.991312533955065,4,0.395858733652181,0.941863412793324
Atrioventricular block,ebi-a-GCST90001525,CD33dim HLA DR+ CD11b+ Absolute Count,26,0.0712199147235694,0.991312533955065,1,0.0281571707830736,0.488325790437876
Atrioventricular block,ebi-a-GCST90001995,CX3CR1 on monocyte,26,0.0729832544849372,0.991312533955065,3,0.105965396253003,0.756717594418506
Atrioventricular block,ebi-a-GCST90001492,Secreting CD4 regulatory T cell Absolute Count,23,0.073164146467576,0.991312533955065,4,0.974475438872091,0.991907135553144
Atrioventricular block,ebi-a-GCST90001462,CD62L- Dendritic Cell Absolute Count,18,0.0762625060162014,0.991312533955065,3,0.236372705795605,0.90780712403591
Atrioventricular block,ebi-a-GCST90002108,HLA DR on CD33+ HLA DR+ CD14-,25,0.076480898492551,0.991312533955065,3,0.804249956088438,0.982252964478234
Atrioventricular block,ebi-a-GCST90001417,CD24+ CD27+ B cell %B cell,26,0.0780451462403745,0.991312533955065,3,0.0637267134590466,0.630195898862353
Atrioventricular block,ebi-a-GCST90001792,CD25 on unswitched memory B cell,24,0.0800278027332107,0.991312533955065,4,0.157570090510422,0.819743476296854
Atrioventricular block,ebi-a-GCST90001990,CD64 on CD14- CD16+ monocyte,20,0.0866014786418908,0.991312533955065,2,0.227178984031809,0.90780712403591
Atrioventricular block,ebi-a-GCST90001963,FSC-A on myeloid Dendritic Cell,20,0.0879592905203854,0.991312533955065,3,0.178801092371114,0.882376122514357
Atrioventricular block,ebi-a-GCST90001585,CD14+ CD16+ monocyte %monocyte,25,0.0933125812934993,0.991312533955065,3,0.159638760562903,0.819743476296854
Atrioventricular block,ebi-a-GCST90001901,CD28 on CD39+ resting CD4 regulatory T cell,22,0.0952372673250395,0.991312533955065,2,0.573299863601578,0.941863412793324
Atrioventricular block,ebi-a-GCST90001832,CD62L on CD62L+ plasmacytoid Dendritic Cell,15,0.0958565757241257,0.991312533955065,3,0.0027036180448436,0.182962368597974
Atrioventricular block,ebi-a-GCST90001556,Effector Memory CD8+ T cell %T cell,15,0.100460495966721,0.991312533955065,2,0.0014822846278888,0.182962368597974
Atrioventricular block,ebi-a-GCST90001902,CD28 on activated CD4 regulatory T cell,18,0.101750820154228,0.991312533955065,1,0.789684356677046,0.982190914052454
Atrioventricular block,ebi-a-GCST90001473,CD62L- CD86+ myeloid Dendritic Cell %Dendritic Cell,18,0.102469089450741,0.991312533955065,3,0.243313192412568,0.90780712403591
Atrioventricular block,ebi-a-GCST90001947,CD33 on CD33+ HLA DR+ CD14dim,27,0.105285654481334,0.991312533955065,5,0.233287884425186,0.90780712403591
Atrioventricular block,ebi-a-GCST90001714,BAFF-R on IgD- CD38dim B cell,4,0.106878563388158,0.991312533955065,1,0.0266641186256189,0.488325790437876
Atrioventricular block,ebi-a-GCST90001754,CD20 on IgD- CD27- B cell,19,0.108551750217757,0.991312533955065,4,0.875221064920354,0.989784115833689
Atrioventricular block,ebi-a-GCST90001800,CD27 on IgD+ CD24+ B cell,31,0.108847296333925,0.991312533955065,6,0.168095731907866,0.843257101389049
Atrioventricular block,ebi-a-GCST90001560,CD45RA+ CD8+ T cell Absolute Count,28,0.112918824174891,0.991312533955065,3,0.853209339650463,0.989556065082633
Atrioventricular block,ebi-a-GCST90001819,CD38 on transitional B cell,24,0.113605286057412,0.991312533955065,5,0.722437788067413,0.966486266374505
Atrioventricular block,ebi-a-GCST90002091,CD11b on CD14+ monocyte,20,0.119625284107372,0.991312533955065,1,0.0281571707830735,0.488325790437876
Atrioventricular block,ebi-a-GCST90001512,CD25++ CD45RA- CD4 not regulatory T cell %T cell,30,0.120098275493152,0.991312533955065,3,0.976903954239098,0.991907135553144
Atrioventricular block,ebi-a-GCST90001752,CD20 on IgD+ CD38dim B cell,28,0.120763044932678,0.991312533955065,7,0.473840533784154,0.941863412793324
Atrioventricular block,ebi-a-GCST90001654,CD28- CD4-CD8- T cell Absolute Count,31,0.125639458372665,0.991312533955065,2,0.275582402318794,0.929456220857434
Atrioventricular block,ebi-a-GCST90002056,CD8 on Effector Memory CD8+ T cell,24,0.125981424140274,0.991312533955065,3,0.696430020325216,0.960053675501492
Atrioventricular block,ebi-a-GCST90001653,CD28- CD4-CD8- T cell %CD4-CD8- T cell,27,0.134175844021182,0.991312533955065,1,0.635500874835051,0.941863412793324
Atrioventricular block,ebi-a-GCST90001656,CD28+ CD4-CD8- T cell %CD4-CD8- T cell,27,0.134175844021182,0.991312533955065,1,0.635500874835051,0.941863412793324
Atrioventricular block,ebi-a-GCST90001416,IgD+ CD24- B cell Absolute Count,23,0.134299375729767,0.991312533955065,1,0.422786955710097,0.941863412793324
Atrioventricular block,ebi-a-GCST90001395,IgD+ CD38- B cell %B cell,22,0.134904499928388,0.991312533955065,2,0.949603517307514,0.989784115833689
Atrioventricular block,ebi-a-GCST90001869,CD3 on resting CD4 regulatory T cell,37,0.134968147716442,0.991312533955065,5,0.0264607994808398,0.488325790437876
Atrioventricular block,ebi-a-GCST90001873,HVEM on Effector Memory CD8+ T cell,18,0.135049059939956,0.991312533955065,1,0.102207880935442,0.756587606436746
Atrioventricular block,ebi-a-GCST90002071,SSC-A on myeloid Dendritic Cell,18,0.137365415238667,0.991312533955065,5,0.941807093876751,0.989784115833689
Atrioventricular block,ebi-a-GCST90001593,CD8+ T cell %T cell,23,0.140631816721993,0.991312533955065,1,0.627603769168883,0.941863412793324
Atrioventricular block,ebi-a-GCST90001903,CD86 on myeloid Dendritic Cell,22,0.142585506598929,0.991312533955065,1,0.341057720354537,0.929456220857434
Atrioventricular block,ebi-a-GCST90001973,FSC-A on CD4+ T cell,25,0.143565520853953,0.991312533955065,3,0.0527850171546185,0.616685806760228
Atrioventricular block,ebi-a-GCST90001465,CD86+ myeloid Dendritic Cell %Dendritic Cell,23,0.144548159888267,0.991312533955065,2,0.267876624030546,0.929456220857434
Atrioventricular block,ebi-a-GCST90001929,CD127 on CD28+ CD45RA+ CD8+ T cell,21,0.147919971939082,0.991312533955065,2,0.502172009473217,0.941863412793324
Atrioventricular block,ebi-a-GCST90001960,CD25 on CD4+ T cell,16,0.148146519259838,0.991312533955065,1,0.94635974772366,0.989784115833689
Atrioventricular block,ebi-a-GCST90001881,HVEM on CD8+ T cell,16,0.148553710486487,0.991312533955065,1,0.0827970665255499,0.707856611000124
Atrioventricular block,ebi-a-GCST90001957,CD33 on CD33+ HLA DR+ CD14-,21,0.152590553273311,0.991312533955065,5,0.234135112064915,0.90780712403591
Atrioventricular block,ebi-a-GCST90001519,CD33+ HLA DR+ CD14- %CD33+ HLA DR+,19,0.152609979957398,0.991312533955065,1,0.354809630097841,0.929456220857434
Atrioventricular block,ebi-a-GCST90001604,T cell %lymphocyte,17,0.152984942764229,0.991312533955065,2,0.15233529531861,0.819743476296854
Atrioventricular block,ebi-a-GCST90001668,CD28+ CD45RA- CD8dim T cell %CD8dim T cell,28,0.156588324522911,0.991312533955065,2,0.87574156338457,0.989784115833689
Atrioventricular block,ebi-a-GCST90001554,Effector Memory CD8+ T cell Absolute Count,24,0.156761137530637,0.991312533955065,2,0.0002227723590718,0.135222821956596
Atrioventricular block,ebi-a-GCST90001502,Activated & secreting CD4 regulatory T cell %CD4 regulatory T cell,38,0.161420203134932,0.991312533955065,9,0.894078351419579,0.989784115833689
Atrioventricular block,ebi-a-GCST90001497,CD39+ secreting CD4 regulatory T cell %CD4 regulatory T cell,22,0.161561618274606,0.991312533955065,7,0.334692154439913,0.929456220857434
Atrioventricular block,ebi-a-GCST90002005,CD16 on CD14+ CD16+ monocyte,22,0.161868519805849,0.991312533955065,5,0.443343779833246,0.941863412793324
Atrioventricular block,ebi-a-GCST90001865,CD3 on CD28- CD8+ T cell,20,0.163235738070241,0.991312533955065,2,0.302728500748621,0.929456220857434
Atrioventricular block,ebi-a-GCST90001641,CD3- lymphocyte %leukocyte,20,0.166064392563344,0.991312533955065,1,0.635500874835051,0.941863412793324
Atrioventricular block,ebi-a-GCST90001665,CD28+ CD45RA+ CD8dim T cell %CD8dim T cell,27,0.169364191623306,0.991312533955065,5,0.973892755765094,0.991907135553144
Atrioventricular block,ebi-a-GCST90001559,Terminally Differentiated CD8+ T cell %T cell,17,0.172768652150031,0.991312533955065,2,0.63928785184654,0.941863412793324
Atrioventricular block,ebi-a-GCST90001986,CD14 on CD14+ CD16- monocyte,16,0.174754483304633,0.991312533955065,1,0.0124023656674789,0.397318272814757
Atrioventricular block,ebi-a-GCST90001528,CD33dim HLA DR+ CD11b- %CD33dim HLA DR+,24,0.175142104511444,0.991312533955065,3,0.0361216336522238,0.547703696184994
Atrioventricular block,ebi-a-GCST90001531,CD33dim HLA DR- Absolute Count,24,0.176562798825154,0.991312533955065,3,0.289621295101882,0.929456220857434
Atrioventricular block,ebi-a-GCST90001409,Naive-mature B cell Absolute Count,23,0.181007666604319,0.991312533955065,1,0.422786955710097,0.941863412793324
Atrioventricular block,ebi-a-GCST90002060,CD8 on HLA DR+ CD8+ T cell,25,0.185720211146687,0.991312533955065,2,0.519381154687236,0.941863412793324
Atrioventricular block,ebi-a-GCST90001965,FSC-A on monocyte,19,0.185954307550436,0.991312533955065,2,0.356443330900852,0.929456220857434
Atrioventricular block,ebi-a-GCST90002114,HLA DR on HLA DR+ CD4+ T cell,22,0.186523081163211,0.991312533955065,1,0.525806213314158,0.941863412793324
Atrioventricular block,ebi-a-GCST90001848,CD3 on Natural Killer T,17,0.187016102724993,0.991312533955065,2,0.767677295437916,0.982018673486581
Atrioventricular block,ebi-a-GCST90001461,Dendritic Cell Absolute Count,21,0.187327357322573,0.991312533955065,2,0.440282705004965,0.941863412793324
Atrioventricular block,ebi-a-GCST90001543,Effector Memory CD4+ T cell %CD4+ T cell,28,0.187572080236548,0.991312533955065,2,0.274894731147722,0.929456220857434
Atrioventricular block,ebi-a-GCST90001619,HLA DR+ T cell%T cell,31,0.189008042420063,0.991312533955065,4,0.621458611833459,0.941863412793324
Atrioventricular block,ebi-a-GCST90001974,FSC-A on CD8+ T cell,18,0.190127755889947,0.991312533955065,1,0.999722549130333,0.999784420853672
Atrioventricular block,ebi-a-GCST90001694,CD28- CD4-CD8- T cell %T cell,22,0.19060728989747,0.991312533955065,3,0.408112727669979,0.941863412793324
Atrioventricular block,ebi-a-GCST90002101,CD45RA on Terminally Differentiated CD8+ T cell,14,0.191150205486061,0.991312533955065,1,0.991347219427707,0.998510311571749
Atrioventricular block,ebi-a-GCST90002012,CX3CR1 on CD14- CD16+ monocyte,18,0.194076614331095,0.991312533955065,1,0.0281571707830735,0.488325790437876
Atrioventricular block,ebi-a-GCST90001798,CD27 on CD24+ CD27+ B cell,30,0.194359459005087,0.991312533955065,11,0.750327527468675,0.980292196225558
Atrioventricular block,ebi-a-GCST90001969,FSC-A on Natural Killer,18,0.195703965405939,0.991312533955065,3,0.19459300599158,0.90780712403591
Atrioventricular block,ebi-a-GCST90002078,SSC-A on granulocyte,25,0.19718960173114,0.991312533955065,3,0.719458580994511,0.966257640814454
Atrioventricular block,ebi-a-GCST90001514,Hematopoietic Stem Cell Absolute Count,19,0.197212936580594,0.991312533955065,2,0.207806629587765,0.90780712403591
Atrioventricular block,ebi-a-GCST90001787,CD25 on IgD- CD38- B cell,22,0.197531904925503,0.991312533955065,3,0.545910499576703,0.941863412793324
Atrioventricular block,ebi-a-GCST90001827,IgD on IgD+ B cell,21,0.197920590276498,0.991312533955065,2,0.592322653513684,0.941863412793324
Atrioventricular block,ebi-a-GCST90001839,CD3 on Effector Memory CD8+ T cell,20,0.202362293051966,0.991312533955065,3,0.196825094201161,0.90780712403591
Atrioventricular block,ebi-a-GCST90001742,CD19 on transitional B cell,26,0.202731948380282,0.991312533955065,4,0.225991943446632,0.90780712403591
Atrioventricular block,ebi-a-GCST90002015,CCR2 on plasmacytoid Dendritic Cell,19,0.203535135967272,0.991312533955065,2,0.8971866521183,0.989784115833689
Atrioventricular block,ebi-a-GCST90001722,CD19 on CD20- CD38- B cell,19,0.204542152597376,0.991312533955065,1,0.0502604456880005,0.616685806760228
Atrioventricular block,ebi-a-GCST90002069,CD4 on CD39+ secreting CD4 regulatory T cell,23,0.207344634603723,0.991312533955065,3,0.262863868537234,0.929456220857434
Atrioventricular block,ebi-a-GCST90001480,Resting CD4 regulatory T cell Absolute Count,25,0.207868382043803,0.991312533955065,4,0.003058902482349,0.185675380678589
Atrioventricular block,ebi-a-GCST90001399,IgD- CD27- B cell %B cell,15,0.209781635768445,0.991312533955065,3,0.358985938567377,0.929456220857434
Atrioventricular block,ebi-a-GCST90001508,CD25++ CD45RA+ CD4 not regulatory T cell %CD4+ T cell,32,0.210750182108702,0.991312533955065,5,0.357778318792933,0.929456220857434
Atrioventricular block,ebi-a-GCST90001729,CD19 on IgD+ CD38+ B cell,21,0.212249282096427,0.991312533955065,4,0.230118722512673,0.90780712403591
Atrioventricular block,ebi-a-GCST90002109,HLA DR on CD33+ HLA DR+ CD14dim,20,0.217252826261876,0.991312533955065,3,0.97177848987331,0.991907135553144
Atrioventricular block,ebi-a-GCST90001887,CD28 on secreting CD4 regulatory T cell,17,0.217396116381386,0.991312533955065,3,0.606658262531059,0.941863412793324
Atrioventricular block,ebi-a-GCST90001721,CD19 on CD20- B cell,22,0.218330506906525,0.991312533955065,1,0.0311941536525314,0.525968090752405
Atrioventricular block,ebi-a-GCST90001532,Basophil Absolute Count,23,0.218791193515406,0.991312533955065,3,0.252259584749073,0.916895616423276
Atrioventricular block,ebi-a-GCST90001994,CX3CR1 on CD14- CD16-,19,0.219719064596505,0.991312533955065,3,0.208170165864807,0.90780712403591
Atrioventricular block,ebi-a-GCST90001785,CD25 on IgD- CD24- B cell,26,0.222515836376396,0.991312533955065,2,0.0976694496191203,0.756587606436746
Atrioventricular block,ebi-a-GCST90001658,CD39+ CD4+ T cell %T cell,31,0.223307163126627,0.991312533955065,6,0.343060771422221,0.929456220857434
Atrioventricular block,ebi-a-GCST90001415,IgD+ CD24- B cell %B cell,18,0.223318942719602,0.991312533955065,1,0.0859309017641948,0.714521333847483
Atrioventricular block,ebi-a-GCST90001590,CD4+ T cell Absolute Count,24,0.224690352920458,0.991312533955065,1,0.0021788078786471,0.182962368597974
Atrioventricular block,ebi-a-GCST90001786,CD25 on IgD- CD27- B cell,21,0.22618716209449,0.991312533955065,2,0.159318056621838,0.819743476296854
Atrioventricular block,ebi-a-GCST90001815,CD38 on IgD- CD38dim B cell,20,0.226946234955425,0.991312533955065,3,0.790134048405889,0.982190914052454
Atrioventricular block,ebi-a-GCST90001906,CD86 on granulocyte,21,0.227485126400571,0.991312533955065,2,0.0005182875320249,0.157300265969581
Atrioventricular block,ebi-a-GCST90001404,Plasma Blast-Plasma Cell %B cell,27,0.227680122577888,0.991312533955065,1,0.663712946120347,0.945296306830122
Atrioventricular block,ebi-a-GCST90001429,IgD+ CD38+ B cell %lymphocyte,25,0.229638709914809,0.991312533955065,1,0.675150011951767,0.950849320776619
Atrioventricular block,ebi-a-GCST90002080,SSC-A on T cell,22,0.229792630183618,0.991312533955065,1,0.166838207062697,0.843257101389049
Atrioventricular block,ebi-a-GCST90001650,HLA DR+ Natural Killer  %CD3- lymphocyte,23,0.231650409665402,0.991312533955065,3,0.271770735628146,0.929456220857434
Atrioventricular block,ebi-a-GCST90001863,CD3 on CD28+ CD45RA- CD8+ T cell,18,0.232027711488964,0.991312533955065,5,0.918139778651423,0.989784115833689
Atrioventricular block,ebi-a-GCST90001987,CD64 on CD14+ CD16- monocyte,35,0.236136191304063,0.991312533955065,9,0.0350023056914815,0.544779475762289
Atrioventricular block,ebi-a-GCST90002023,CD4 on Central Memory CD4+ T cell,15,0.23691679810314,0.991312533955065,2,0.896557737102629,0.989784115833689
Atrioventricular block,ebi-a-GCST90001985,CD40 on monocytes,29,0.239605510581756,0.991312533955065,5,0.925529126138311,0.989784115833689
Atrioventricular block,ebi-a-GCST90001468,CD62L- myeloid Dendritic Cell Absolute Count,16,0.240549169159985,0.991312533955065,3,0.233946252994316,0.90780712403591
Atrioventricular block,ebi-a-GCST90001923,CD127 on CD45RA- CD4 not regulatory T cell,16,0.243729174434781,0.991312533955065,1,0.624869509018588,0.941863412793324
Atrioventricular block,ebi-a-GCST90001545,Terminally Differentiated CD4+ T cell Absolute Count,11,0.243968222642361,0.991312533955065,2,0.356256604073016,0.929456220857434
Atrioventricular block,ebi-a-GCST90001540,Naive CD4+ T cell Absolute Count,25,0.248841055695919,0.991312533955065,2,0.827735017331251,0.988935745953677
Atrioventricular block,ebi-a-GCST90001919,CD45 on Natural Killer T,22,0.251336889110673,0.991312533955065,1,0.783257510754206,0.982190914052454
Atrioventricular block,ebi-a-GCST90001666,CD28+ CD45RA+ CD8dim T cell Absolute Count,54,0.251424700727846,0.991312533955065,8,0.45353283609523,0.941863412793324
Atrioventricular block,ebi-a-GCST90001675,CD28- CD127- CD25++ CD8+ T cell Absolute Count,29,0.256652476204545,0.991312533955065,1,0.699083566015913,0.960053675501492
Atrioventricular block,ebi-a-GCST90001663,CD28- CD8dim T cell Absolute Count,28,0.258497704144408,0.991312533955065,2,0.636614469464587,0.941863412793324
Atrioventricular block,ebi-a-GCST90001652,Granulocyte %leukocyte,25,0.260004726899151,0.991312533955065,1,0.84713586238434,0.989556065082633
Atrioventricular block,ebi-a-GCST90001774,CD24 on transitional B cell,20,0.26161865489772,0.991312533955065,1,0.404054828042861,0.941863412793324
Atrioventricular block,ebi-a-GCST90001424,IgD+ B cell %Lymphocyte,18,0.263383904799418,0.991312533955065,2,0.578154700597049,0.941863412793324
Atrioventricular block,ebi-a-GCST90001482,Resting CD4 regulatory T cell %CD4+ T cell,33,0.264454700919029,0.991312533955065,5,0.0085146778330444,0.323025590291125
Atrioventricular block,ebi-a-GCST90001937,CD25 on resting CD4 regulatory T cell,20,0.269561702171745,0.991312533955065,1,0.058432126009985,0.616685806760228
Atrioventricular block,ebi-a-GCST90001784,CD25 on IgD+ CD38dim B cell,23,0.270251741089516,0.991312533955065,3,0.96333360117745,0.991090671041885
Atrioventricular block,ebi-a-GCST90001961,CD25 on CD39+ CD4+ T cell,23,0.270569200987191,0.991312533955065,6,0.469583911915037,0.941863412793324
Atrioventricular block,ebi-a-GCST90001678,CD28- CD25++ CD8+ T cell Absolute Count,25,0.271551257109516,0.991312533955065,1,0.0085010212483691,0.323025590291125
Atrioventricular block,ebi-a-GCST90002001,CD64 on CD14- CD16-,16,0.272678478209874,0.991312533955065,3,0.243776871858078,0.90780712403591
Atrioventricular block,ebi-a-GCST90001624,HLA DR+ CD4+ T cell Absolute Count,24,0.272854085341429,0.991312533955065,2,0.740659727446584,0.975228751757216
Atrioventricular block,ebi-a-GCST90001671,CD39+ CD8+ T cell %CD8+ T cell,21,0.277335772587263,0.991312533955065,7,0.77388681196923,0.982018673486581
Atrioventricular block,ebi-a-GCST90001843,CD3 on Effector Memory CD4+ T cell,19,0.280672905636518,0.991312533955065,2,0.854082507914502,0.989556065082633
Atrioventricular block,ebi-a-GCST90001699,CD45RA+ CD28- CD8+ T cell %CD8+ T cell,31,0.284873423919117,0.991312533955065,1,0.336661555764196,0.929456220857434
Atrioventricular block,ebi-a-GCST90001807,CD27 on Plasma Blast-Plasma Cell,19,0.288563692218801,0.991312533955065,1,0.026664118625619,0.488325790437876
Atrioventricular block,ebi-a-GCST90002068,CD4 on secreting CD4 regulatory T cell,28,0.290387046699918,0.991312533955065,1,0.546357471860887,0.941863412793324
Atrioventricular block,ebi-a-GCST90001980,CD40 on CD14+ CD16- monocyte,23,0.290890942381365,0.991312533955065,4,0.950649323774367,0.989784115833689
Atrioventricular block,ebi-a-GCST90001401,IgD- CD27- B cell Absolute Count,25,0.291894221460007,0.991312533955065,2,0.34575264236214,0.929456220857434
Atrioventricular block,ebi-a-GCST90001410,IgD- CD38+ B cell %B cell,18,0.292092033404435,0.991312533955065,1,0.105393572024011,0.756717594418506
Atrioventricular block,ebi-a-GCST90001433,IgD- CD27- B cell %lymphocyte,18,0.292213859744678,0.991312533955065,2,0.268986923788353,0.929456220857434
Atrioventricular block,ebi-a-GCST90001527,CD33dim HLA DR+ CD11b- Absolute Count,28,0.292271125761634,0.991312533955065,2,0.307293936408538,0.929456220857434
Atrioventricular block,ebi-a-GCST90001596,CD8dim T cell Absolute Count,27,0.294028244010335,0.991312533955065,3,0.580471203314347,0.941863412793324
Atrioventricular block,ebi-a-GCST90001830,BAFF-R on CD20- B cell,14,0.297513787666216,0.991312533955065,1,0.604312015556392,0.941863412793324
Atrioventricular block,ebi-a-GCST90001634,CD8dim Natural Killer T %T cell,19,0.301562580837789,0.991312533955065,5,0.138327698844309,0.819743476296854
Atrioventricular block,ebi-a-GCST90001757,CD20 on IgD- CD38dim B cell,34,0.303000845492995,0.991312533955065,7,0.610368481475864,0.941863412793324
Atrioventricular block,ebi-a-GCST90002016,CCR2 on CD62L+ plasmacytoid Dendritic Cell,19,0.304212209823238,0.991312533955065,2,0.896888805374072,0.989784115833689
Atrioventricular block,ebi-a-GCST90001681,CD25++ CD8+ T cell Absolute Count,27,0.306666577676764,0.991312533955065,3,0.055919795986157,0.616685806760228
Atrioventricular block,ebi-a-GCST90001831,CD62L on CD62L+ myeloid Dendritic Cell,15,0.306833019295716,0.991312533955065,2,0.900261786883396,0.989784115833689
Atrioventricular block,ebi-a-GCST90002113,HLA DR on HLA DR+ T cell,19,0.307396805859869,0.991312533955065,1,0.525806213314158,0.941863412793324
Atrioventricular block,ebi-a-GCST90001908,CCR7 on naive CD8+ T cell,24,0.308340932373031,0.991312533955065,2,0.28103172403779,0.929456220857434
Atrioventricular block,ebi-a-GCST90001602,Lymphocyte %leukocyte,22,0.315056191292913,0.991312533955065,1,0.84713586238434,0.989556065082633
Atrioventricular block,ebi-a-GCST90001801,CD27 on IgD+ CD38- unswitched memory B cell,23,0.315300307850093,0.991312533955065,5,0.365479207090049,0.93212554077168
Atrioventricular block,ebi-a-GCST90001524,Granulocytic Myeloid-Derived Suppressor Cells Absolute Count,21,0.319106875089639,0.991312533955065,2,0.445365273078019,0.941863412793324
Atrioventricular block,ebi-a-GCST90001761,CD20 on switched memory B cell,31,0.321241549845852,0.991312533955065,7,0.297555797567375,0.929456220857434
Atrioventricular block,ebi-a-GCST90002117,HLA DR on HLA DR+ Natural Killer,28,0.321561282994792,0.991312533955065,6,0.058925497186315,0.616685806760228
Atrioventricular block,ebi-a-GCST90001690,CD28+ CD45RA+ CD8+ T cell Absolute Count,59,0.322064786920446,0.991312533955065,3,0.402571168915746,0.941863412793324
Atrioventricular block,ebi-a-GCST90002014,CCR2 on CD62L+ myeloid Dendritic Cell,14,0.327409212820791,0.991312533955065,3,0.0803429259316618,0.706784870152445
Atrioventricular block,ebi-a-GCST90001588,T/B cell,29,0.327949477451864,0.991312533955065,2,0.399805950160488,0.941863412793324
Atrioventricular block,ebi-a-GCST90002003,CCR2 on CD14- CD16-,17,0.328203553514611,0.991312533955065,3,0.464747273131886,0.941863412793324
Atrioventricular block,ebi-a-GCST90001970,FSC-A on HLA DR+ Natural Killer,20,0.328344073361441,0.991312533955065,4,0.231908083551693,0.90780712403591
Atrioventricular block,ebi-a-GCST90001518,CD33+ HLA DR+ CD14- Absolute Count,29,0.329918646315177,0.991312533955065,1,0.271347316960088,0.929456220857434
Atrioventricular block,ebi-a-GCST90001938,CD25 on CD39+ resting CD4 regulatory T cell,15,0.332982579145013,0.991312533955065,1,0.807383301817229,0.984099727315378
Atrioventricular block,ebi-a-GCST90001647,Natural Killer %lymphocyte,27,0.333157653158628,0.991312533955065,3,0.160707534891805,0.819743476296854
Atrioventricular block,ebi-a-GCST90001825,IgD on IgD+ CD38dim B cell,22,0.335216563764527,0.991312533955065,5,0.308309540083167,0.929456220857434
Atrioventricular block,ebi-a-GCST90001707,BAFF-R on IgD+ CD38- unswitched memory B cell,19,0.337667905059192,0.991312533955065,7,0.506552891123266,0.941863412793324
Atrioventricular block,ebi-a-GCST90001718,BAFF-R on switched memory B cell,19,0.338079173496921,0.991312533955065,10,0.471011998198969,0.941863412793324
Atrioventricular block,ebi-a-GCST90002116,HLA DR on B cell,22,0.339914536772256,0.991312533955065,9,0.999784420853672,0.999784420853672
Atrioventricular block,ebi-a-GCST90001467,CD86+ plasmacytoid Dendritic Cell %Dendritic Cell,26,0.340057820746549,0.991312533955065,1,0.339363730275459,0.929456220857434
Atrioventricular block,ebi-a-GCST90001568,Naive CD4-CD8- T cell %T cell,20,0.340970248162218,0.991312533955065,1,0.126580908769949,0.792109398178962
Atrioventricular block,ebi-a-GCST90001569,Effector Memory CD4-CD8- T cell Absolute Count,19,0.341322498283449,0.991312533955065,4,0.820362286641215,0.986764157648714
Atrioventricular block,ebi-a-GCST90001598,CD4-CD8- T cell Absolute Count,20,0.342056143360394,0.991312533955065,2,0.217595792090236,0.90780712403591
Atrioventricular block,ebi-a-GCST90001551,Naive CD8+ T cell Absolute Count,28,0.342604551270604,0.991312533955065,1,0.0507320192603391,0.616685806760228
Atrioventricular block,ebi-a-GCST90001474,Plasmacytoid Dendritic Cell %Dendritic Cell,24,0.342687192948864,0.991312533955065,2,0.753958777146072,0.980292196225558
Atrioventricular block,ebi-a-GCST90001845,CD3 on CD45RA- CD4+ T cell,28,0.344809064203133,0.991312533955065,3,0.409277338192053,0.941863412793324
Atrioventricular block,ebi-a-GCST90002006,CD64 on monocyte,29,0.346181178495439,0.991312533955065,8,0.0569515149363127,0.616685806760228
Atrioventricular block,ebi-a-GCST90001621,Natural Killer T Absolute Count,34,0.34666214464122,0.991312533955065,5,0.300816141680724,0.929456220857434
Atrioventricular block,ebi-a-GCST90001553,Naive CD8+ T cell %T cell,29,0.349040970122271,0.991312533955065,3,0.497724163230862,0.941863412793324
Atrioventricular block,ebi-a-GCST90001984,HLA DR on CD14- CD16+ monocyte,19,0.349272477722761,0.991312533955065,8,0.449044567325789,0.941863412793324
Atrioventricular block,ebi-a-GCST90001840,CD3 on Terminally Differentiated CD8+ T cell,23,0.350576758777467,0.991312533955065,2,0.332002437942725,0.929456220857434
Atrioventricular block,ebi-a-GCST90001580,CD14+ CD16+ monocyte Absolute Count,20,0.351538754621737,0.991312533955065,3,0.150170419601091,0.819743476296854
Atrioventricular block,ebi-a-GCST90001928,CD127 on CD28+ CD45RA- CD8+ T cell,19,0.352381582625212,0.991312533955065,1,0.101043535734807,0.756587606436746
Atrioventricular block,ebi-a-GCST90002019,CD14 on Monocytic Myeloid-Derived Suppressor Cells,25,0.352619160023111,0.991312533955065,1,0.458779567789411,0.941863412793324
Atrioventricular block,ebi-a-GCST90002083,SSC-A on HLA DR+ T cell,20,0.35481244211128,0.991312533955065,1,0.36274830534672,0.929456220857434
Atrioventricular block,ebi-a-GCST90001934,CD25 on CD45RA+ CD4 not regulatory T cell,22,0.357791877247103,0.991312533955065,1,0.474350865542331,0.941863412793324
Atrioventricular block,ebi-a-GCST90001702,BAFF-R on CD24+ CD27+ B cell,19,0.358623274421351,0.991312533955065,9,0.20975286270153,0.90780712403591
Atrioventricular block,ebi-a-GCST90001952,CD33 on Monocytic Myeloid-Derived Suppressor Cells,21,0.359961767262091,0.991312533955065,4,0.243387219651853,0.90780712403591
Atrioventricular block,ebi-a-GCST90001571,Effector Memory CD4-CD8- T cell %T cell,23,0.362707394378807,0.991312533955065,3,0.671634507032234,0.94809801341527
Atrioventricular block,ebi-a-GCST90001886,CD28 on CD39+ activated CD4 regulatory T cell,19,0.365807375781799,0.991312533955065,2,0.664977797391206,0.945296306830122
Atrioventricular block,ebi-a-GCST90001392,IgD+ CD38+ B cell Absolute Count,29,0.366056741359001,0.991312533955065,2,0.118544009868887,0.786144793350051
Atrioventricular block,ebi-a-GCST90002024,CD4 on naive CD4+ T cell,20,0.366206584341723,0.991312533955065,6,0.886936546438897,0.989784115833689
Atrioventricular block,ebi-a-GCST90001594,CD4+CD8+ T cell Absolute Count,18,0.368235497385976,0.991312533955065,2,0.934855201872611,0.989784115833689
Atrioventricular block,ebi-a-GCST90001942,CD25 on CD39+ secreting CD4 regulatory T cell,16,0.36857638945635,0.991312533955065,2,0.330135898121459,0.929456220857434
Atrioventricular block,ebi-a-GCST90002064,CD4 on resting CD4 regulatory T cell,13,0.368849103242109,0.991312533955065,1,0.546357471860887,0.941863412793324
Atrioventricular block,ebi-a-GCST90001689,CD28+ CD45RA+ CD8+ T cell %CD8+ T cell,41,0.369686722558445,0.991312533955065,1,0.0027127863548299,0.182962368597974
Atrioventricular block,ebi-a-GCST90002118,CD8 on CD28+ CD45RA- CD8+ T cell,14,0.369708096481887,0.991312533955065,2,0.970778200301022,0.991907135553144
Atrioventricular block,ebi-a-GCST90001916,CD45 on CD4+ T cell,13,0.373521950666783,0.991312533955065,1,0.602086081380835,0.941863412793324
Atrioventricular block,ebi-a-GCST90001522,CD33- HLA DR- Absolute Count,21,0.373579496306734,0.991312533955065,1,0.609503111231232,0.941863412793324
Atrioventricular block,ebi-a-GCST90001717,BAFF-R on unswitched memory B cell,24,0.375019485290571,0.991312533955065,9,0.222717089321012,0.90780712403591
Atrioventricular block,ebi-a-GCST90001660,CD39+ CD4+ T cell Absolute Count,29,0.378005936657291,0.991312533955065,6,0.491544856857971,0.941863412793324
Atrioventricular block,ebi-a-GCST90001765,CD24 on IgD+ CD24+ B cell,25,0.380492836980706,0.991312533955065,2,0.524571784695785,0.941863412793324
Atrioventricular block,ebi-a-GCST90001544,Effector Memory CD4+ T cell %T cell,20,0.386208547837512,0.991312533955065,4,0.556600216891344,0.941863412793324
Atrioventricular block,ebi-a-GCST90001481,Resting CD4 regulatory T cell %CD4 regulatory T cell,30,0.386292591936591,0.991312533955065,11,0.0245535949394417,0.488325790437876
Atrioventricular block,ebi-a-GCST90001899,CD28 on CD4 regulatory T cell,25,0.387726362702031,0.991312533955065,1,0.669401209610674,0.947148098446804
Atrioventricular block,ebi-a-GCST90001758,CD20 on memory B cell,28,0.391573022934778,0.991312533955065,5,0.495998661714061,0.941863412793324
Atrioventricular block,ebi-a-GCST90002090,CD11c on granulocyte,22,0.393727591684656,0.991312533955065,3,0.11167805037792,0.772212102444612
Atrioventricular block,ebi-a-GCST90001733,CD19 on IgD- CD38- B cell,22,0.395925502183888,0.991312533955065,1,0.0433078956993612,0.566521216694181
Atrioventricular block,ebi-a-GCST90001631,CD8+ Natural Killer T %T cell,27,0.397641680359588,0.991312533955065,1,0.407350769773929,0.941863412793324
Atrioventricular block,ebi-a-GCST90001630,CD8+ Natural Killer T Absolute Count,26,0.398800130754818,0.991312533955065,2,0.0677641100247979,0.630195898862353
Atrioventricular block,ebi-a-GCST90002097,CD11b on CD33+ HLA DR+ CD14dim,21,0.400729110399353,0.991312533955065,1,0.0281571707830736,0.488325790437876
Atrioventricular block,ebi-a-GCST90001687,CD28- CD8+ T cell Absolute Count,14,0.403445676446051,0.991312533955065,3,0.15414045791514,0.819743476296854
Atrioventricular block,ebi-a-GCST90001464,CD86+ myeloid Dendritic Cell Absolute Count,21,0.405659217241296,0.991312533955065,3,0.240269681393891,0.90780712403591
Atrioventricular block,ebi-a-GCST90001426,IgD- CD38dim B cell %lymphocyte,23,0.407157035578699,0.991312533955065,2,0.0405150391072033,0.558923380410736
Atrioventricular block,ebi-a-GCST90001511,CD25++ CD45RA- CD4 not regulatory T cell %CD4+ T cell,24,0.409298304321259,0.991312533955065,3,0.0156175394808932,0.473992323245108
Atrioventricular block,ebi-a-GCST90001853,CD3 on activated CD4 regulatory T cell,21,0.410291081204229,0.991312533955065,4,0.832955654284585,0.989556065082633
Atrioventricular block,ebi-a-GCST90001628,HLA DR+ CD8+ T cell %T cell,30,0.410895630659466,0.991312533955065,3,0.794374443639865,0.982190914052454
Atrioventricular block,ebi-a-GCST90001781,CD25 on IgD+ CD38- naive B cell,25,0.411554466344946,0.991312533955065,3,0.958166350954563,0.991090671041885
Atrioventricular block,ebi-a-GCST90001877,HVEM on naive CD4+ T cell,18,0.413850155676967,0.991312533955065,1,0.12482352623359,0.789248754414472
Atrioventricular block,ebi-a-GCST90001610,CD4+ CD8dim T cell %lymphocyte,19,0.414501741264393,0.991312533955065,2,0.571641665496845,0.941863412793324
Atrioventricular block,ebi-a-GCST90001888,CD28 on CD39+ secreting CD4 regulatory T cell,21,0.415887130023529,0.991312533955065,2,0.261122352045601,0.929456220857434
Atrioventricular block,ebi-a-GCST90001808,CD27 on switched memory B cell,30,0.417854497233773,0.991312533955065,10,0.448110693611717,0.941863412793324
Atrioventricular block,ebi-a-GCST90001579,CD14- CD16+ monocyte Absolute Count,18,0.419981080417636,0.991312533955065,1,0.0685221240937649,0.630195898862353
Atrioventricular block,ebi-a-GCST90001584,CD14- CD16+ monocyte %monocyte,23,0.423329738039845,0.991312533955065,2,0.0658981763977719,0.630195898862353
Atrioventricular block,ebi-a-GCST90002112,HLA DR on CD33- HLA DR+,12,0.423597301829018,0.991312533955065,3,0.387669127123979,0.941863412793324
Atrioventricular block,ebi-a-GCST90001724,CD19 on IgD+ CD24+ B cell,33,0.42394191144815,0.991312533955065,4,0.122017231685507,0.786144793350051
Atrioventricular block,ebi-a-GCST90001859,CD3 on CD8+ T cell,23,0.425286845510346,0.991312533955065,2,0.469882346886801,0.941863412793324
Atrioventricular block,ebi-a-GCST90001487,Activated CD4 regulatory T cell %CD4 regulatory T cell,28,0.425535848298458,0.991312533955065,3,0.0438657284754967,0.566521216694181
Atrioventricular block,ebi-a-GCST90001875,HVEM on CD4+ T cell,20,0.427812832980988,0.991312533955065,1,0.102207880935442,0.756587606436746
Atrioventricular block,ebi-a-GCST90002035,CD80 on myeloid Dendritic Cell,26,0.428311022590302,0.991312533955065,4,0.182220046222711,0.891996516590205
Atrioventricular block,ebi-a-GCST90001422,CD20- CD38- B cell %B cell,23,0.429498709389406,0.991312533955065,1,0.651503855455713,0.944025551300151
Atrioventricular block,ebi-a-GCST90001526,CD33dim HLA DR+ CD11b+ %CD33dim HLA DR+,24,0.430508736889791,0.991312533955065,3,0.0371823448256731,0.547703696184994
Atrioventricular block,ebi-a-GCST90001864,CD3 on CD28+ CD45RA+ CD8+ T cell,25,0.43065543727093,0.991312533955065,4,0.961969019223891,0.991090671041885
Atrioventricular block,ebi-a-GCST90001496,CD39+ secreting CD4 regulatory T cell %secreting CD4 regulatory T cell,28,0.433895372359007,0.991312533955065,7,0.335155913029529,0.929456220857434
Atrioventricular block,ebi-a-GCST90001629,HLA DR+ CD8+ T cell %lymphocyte,30,0.435133650680406,0.991312533955065,2,0.980535899399133,0.993631537454547
Atrioventricular block,ebi-a-GCST90002055,CD8 on naive CD8+ T cell,16,0.44106649231954,0.991312533955065,1,0.656295239095056,0.944025551300151
Atrioventricular block,ebi-a-GCST90001747,CD20 on IgD+ CD24- B cell,25,0.44111290441887,0.991312533955065,4,0.489631833973123,0.941863412793324
Atrioventricular block,ebi-a-GCST90001692,CD28+ CD45RA- CD8+ T cell %CD8+ T cell,28,0.441910905559014,0.991312533955065,4,0.555629259840659,0.941863412793324
Atrioventricular block,ebi-a-GCST90001821,IgD on IgD+ CD24- B cell,29,0.442020220362899,0.991312533955065,5,0.316813585488978,0.929456220857434
Atrioventricular block,ebi-a-GCST90001838,CD3 on naive CD8+ T cell,25,0.443574087434696,0.991312533955065,7,0.51522493567284,0.941863412793324
Atrioventricular block,ebi-a-GCST90002039,CD80 on monocyte,23,0.446787074345908,0.991312533955065,6,0.787317200520755,0.982190914052454
Atrioventricular block,ebi-a-GCST90001768,CD24 on IgD+ CD38+ B cell,25,0.451225888487382,0.991312533955065,2,0.588534332346158,0.941863412793324
Atrioventricular block,ebi-a-GCST90001760,CD20 on unswitched memory B cell,22,0.452219254636753,0.991312533955065,4,0.991382504299443,0.998510311571749
Atrioventricular block,ebi-a-GCST90001905,CD86 on monocyte,16,0.454007265968418,0.991312533955065,1,0.659418177514439,0.944025551300151
Atrioventricular block,ebi-a-GCST90001847,CD3 on HLA DR+ T cell,27,0.454016059416858,0.991312533955065,2,0.780492027272295,0.982190914052454
Atrioventricular block,ebi-a-GCST90001890,CD28 on CD45RA+ CD4+ T cell,13,0.454387454338734,0.991312533955065,2,0.357070105688139,0.929456220857434
Atrioventricular block,ebi-a-GCST90001572,Terminally Differentiated CD4-CD8- T cell Absolute Count,22,0.458137118312975,0.991312533955065,1,0.159292863447854,0.819743476296854
Atrioventricular block,ebi-a-GCST90001609,CD4+ CD8dim T cell Absolute Count,15,0.458654612392752,0.991312533955065,2,0.596808399820186,0.941863412793324
Atrioventricular block,ebi-a-GCST90001737,CD19 on naive-mature B cell,29,0.459589996706484,0.991312533955065,2,0.206690419600702,0.90780712403591
Atrioventricular block,ebi-a-GCST90001476,HLA DR++ monocyte %leukocyte,8,0.460373749526571,0.991312533955065,2,0.422072111853164,0.941863412793324
Atrioventricular block,ebi-a-GCST90001878,HVEM on Effector Memory CD4+ T cell,22,0.461785050542663,0.991312533955065,1,0.145451933502942,0.819743476296854
Atrioventricular block,ebi-a-GCST90001552,Naive CD8+ T cell %CD8+ T cell,37,0.463443830890088,0.991312533955065,1,0.713818497452728,0.966257640814454
Atrioventricular block,ebi-a-GCST90001833,CD62L on CD62L+ Dendritic Cell,26,0.464104820088349,0.991312533955065,2,0.0109593176548759,0.391312106853508
Atrioventricular block,ebi-a-GCST90001712,BAFF-R on IgD- CD38- B cell,17,0.465135918676326,0.991312533955065,7,0.373098593718669,0.93578498512799
Atrioventricular block,ebi-a-GCST90002004,CCR2 on CD14+ CD16- monocyte,27,0.469187772901625,0.991312533955065,3,0.346644273267903,0.929456220857434
Atrioventricular block,ebi-a-GCST90001478,CD4 regulatory T cell %CD4+ T cell,16,0.470078727589998,0.991312533955065,2,0.802581043443192,0.982190914052454
Atrioventricular block,ebi-a-GCST90001504,CD25++ CD4+ T cell Absolute Count,23,0.471035910925532,0.991312533955065,1,0.94635974772366,0.989784115833689
Atrioventricular block,ebi-a-GCST90002025,CD4 on Effector Memory CD4+ T cell,20,0.473575224309167,0.991312533955065,3,0.584572564149523,0.941863412793324
Atrioventricular block,ebi-a-GCST90001439,IgD+ CD24+ B cell %lymphocyte,15,0.476644197104048,0.991312533955065,2,0.617656686565628,0.941863412793324
Atrioventricular block,ebi-a-GCST90001861,CD3 on CD28+ CD4+ T cell,24,0.476647174264841,0.991312533955065,2,0.193869304703392,0.90780712403591
Atrioventricular block,ebi-a-GCST90001661,CD28- CD8dim T cell %T cell,25,0.476651502686348,0.991312533955065,3,0.939359151832433,0.989784115833689
Atrioventricular block,ebi-a-GCST90002063,CD4 on CD4 regulatory T cell,29,0.477184825523957,0.991312533955065,1,0.546357471860887,0.941863412793324
Atrioventricular block,ebi-a-GCST90001866,CD3 on CD39+ CD8+ T cell,16,0.480173886624991,0.991312533955065,1,0.446123621336151,0.941863412793324
Atrioventricular block,ebi-a-GCST90002088,CD11c on CD62L+ myeloid Dendritic Cell,26,0.482105373920768,0.991312533955065,1,0.390008756638432,0.941863412793324
Atrioventricular block,ebi-a-GCST90002022,CD4 on CD4+ T cell,22,0.482945152765238,0.991312533955065,1,0.546357471860887,0.941863412793324
Atrioventricular block,ebi-a-GCST90001592,CD8+ T cell Absolute Count,21,0.48314688221153,0.991312533955065,1,0.0180984972700535,0.477642949692281
Atrioventricular block,ebi-a-GCST90001964,FSC-A on plasmacytoid Dendritic Cell,26,0.483403380271502,0.991312533955065,4,0.408725751514289,0.941863412793324
Atrioventricular block,ebi-a-GCST90002077,SSC-A on HLA DR+ Natural Killer,28,0.484986987801218,0.991312533955065,3,0.463074533022937,0.941863412793324
Atrioventricular block,ebi-a-GCST90001805,CD27 on memory B cell,25,0.485028930000209,0.991312533955065,8,0.302384735699768,0.929456220857434
Atrioventricular block,ebi-a-GCST90001535,CD45RA- CD4+ T cell %CD4+ T cell,30,0.486280404688983,0.991312533955065,4,0.748920265705166,0.980292196225558
Atrioventricular block,ebi-a-GCST90001804,CD27 on IgD- CD38dim B cell,31,0.488865895661777,0.991312533955065,9,0.604965212402184,0.941863412793324
Atrioventricular block,ebi-a-GCST90001767,CD24 on IgD+ CD38- unswitched memory B cell,21,0.489751357893172,0.991312533955065,2,0.509030142792957,0.941863412793324
Atrioventricular block,ebi-a-GCST90001998,PDL-1 on CD14+ CD16+ monocyte,28,0.490590891118122,0.991312533955065,1,0.0281571707830735,0.488325790437876
Atrioventricular block,ebi-a-GCST90001748,CD20 on IgD+ CD38- B cell,25,0.4990322967012,0.991312533955065,4,0.433904541683259,0.941863412793324
Atrioventricular block,ebi-a-GCST90002094,CD11b on Monocytic Myeloid-Derived Suppressor Cells,16,0.501870048331164,0.991312533955065,1,0.0281571707830736,0.488325790437876
Atrioventricular block,ebi-a-GCST90001460,Plasmacytoid Dendritic Cell Absolute Count,30,0.50336286127416,0.991312533955065,2,0.012436651043625,0.397318272814757
Atrioventricular block,ebi-a-GCST90001695,CD45RA- CD28- CD8+ T cell Absolute Count,350,0.506609894129928,0.991312533955065,146,0.336599211591715,0.929456220857434
Atrioventricular block,ebi-a-GCST90002010,HLA DR on monocyte,17,0.508024898965416,0.991312533955065,5,0.834319651141527,0.989556065082633
Atrioventricular block,ebi-a-GCST90001706,BAFF-R on IgD+ CD38- naive B cell,28,0.511815272510479,0.991312533955065,8,0.847987273803361,0.989556065082633
Atrioventricular block,ebi-a-GCST90001463,CD62L- Dendritic Cell %Dendritic Cell,23,0.511829522365542,0.991312533955065,3,0.757807548888064,0.980292196225558
Atrioventricular block,ebi-a-GCST90001926,CD127 on granulocyte,31,0.514074407675194,0.991312533955065,8,0.329880508635569,0.929456220857434
Atrioventricular block,ebi-a-GCST90002099,CD4RA on Terminally Differentiated CD4+ T cell,33,0.514748184630965,0.991312533955065,3,0.680640319924263,0.95415398197235
Atrioventricular block,ebi-a-GCST90001954,CD33 on basophil,22,0.51930035606778,0.991312533955065,7,0.61957579365982,0.941863412793324
Atrioventricular block,ebi-a-GCST90002013,CCR2 on myeloid Dendritic Cell,14,0.519319017581929,0.991312533955065,3,0.465120461534971,0.941863412793324
Atrioventricular block,ebi-a-GCST90002021,CD14 on CD33dim HLA DR+ CD11b+,19,0.522045095948196,0.991312533955065,1,0.0281571707830736,0.488325790437876
Atrioventricular block,ebi-a-GCST90001967,FSC-A on CD14+ monocyte,23,0.522713839779219,0.991312533955065,1,0.117876668827387,0.786144793350051
Atrioventricular block,ebi-a-GCST90001780,CD25 on IgD+ CD38- B cell,29,0.522742026431702,0.991312533955065,3,0.734986384314494,0.970665618730852
Atrioventricular block,ebi-a-GCST90002027,CD4 on CD45RA+ CD4+ T cell,27,0.527663581328014,0.991312533955065,2,0.902396896949041,0.989784115833689
Atrioventricular block,ebi-a-GCST90001851,CD3 on T cell,31,0.532006146723696,0.991312533955065,3,0.72446664118682,0.966486266374505
Atrioventricular block,ebi-a-GCST90001844,CD3 on Terminally Differentiated CD4+ T cell,23,0.532330891573423,0.991312533955065,1,0.446123621336151,0.941863412793324
Atrioventricular block,ebi-a-GCST90001841,CD3 on Central Memory CD4+ T cell,26,0.534806381867893,0.991312533955065,4,0.420995814267018,0.941863412793324
Atrioventricular block,ebi-a-GCST90001858,CD3 on CD45RA+ CD4+ T cell,32,0.535262180906018,0.991312533955065,5,0.398994395068931,0.941863412793324
Atrioventricular block,ebi-a-GCST90001475,HLA DR++ monocyte %monocyte,22,0.536984606813705,0.991312533955065,5,0.548471760558593,0.941863412793324
Atrioventricular block,ebi-a-GCST90001746,CD20 on IgD+ CD24+ B cell,23,0.539376030379161,0.991312533955065,2,0.572309610059015,0.941863412793324
Atrioventricular block,ebi-a-GCST90001505,CD25++ CD4+ T cell %CD4+ T cell,26,0.541239961473784,0.991312533955065,1,0.94635974772366,0.989784115833689
Atrioventricular block,ebi-a-GCST90001625,HLA DR+ CD4+ T cell %T cell,25,0.545039280355137,0.991312533955065,1,0.221900501978957,0.90780712403591
Atrioventricular block,ebi-a-GCST90001451,CD62L- monocyte %monocyte,23,0.547684877341854,0.991312533955065,4,0.357780609184453,0.929456220857434
Atrioventricular block,ebi-a-GCST90001940,CD25 on CD39+ activated CD4 regulatory T cell,12,0.548481925983274,0.991312533955065,1,0.909588746547986,0.989784115833689
Atrioventricular block,ebi-a-GCST90001849,CD3 on HLA DR+ CD4+ T cell,26,0.549716599099337,0.991312533955065,2,0.344947071695055,0.929456220857434
Atrioventricular block,ebi-a-GCST90001469,CD62L- myeloid Dendritic Cell %Dendritic Cell,24,0.550364918055898,0.991312533955065,3,0.233913494931083,0.90780712403591
Atrioventricular block,ebi-a-GCST90001884,CD16-CD56 on Natural Killer,28,0.552435410878175,0.991312533955065,8,0.828156055211603,0.988935745953677
Atrioventricular block,ebi-a-GCST90001856,CD3 on CD39+ secreting CD4 regulatory T cell,27,0.554264935720086,0.991312533955065,3,0.909022662579612,0.989784115833689
Atrioventricular block,ebi-a-GCST90001450,CD62L- monocyte Absolute Count,20,0.55471345858092,0.991312533955065,3,0.696346068500696,0.960053675501492
Atrioventricular block,ebi-a-GCST90001753,CD20 on IgD- CD24- B cell,28,0.555463092282941,0.991312533955065,2,0.820948763776937,0.986764157648714
Atrioventricular block,ebi-a-GCST90001457,CD11c+ HLA DR++ monocyte %monocyte,18,0.555794487407226,0.991312533955065,1,0.536111298662048,0.941863412793324
Atrioventricular block,ebi-a-GCST90001517,CD33+ HLA DR+ Absolute Count,30,0.556987183594953,0.991312533955065,1,0.271347316960088,0.929456220857434
Atrioventricular block,ebi-a-GCST90001897,CD28 on CD39+ CD8+ T cell,20,0.557108375979697,0.991312533955065,2,0.0841390371834534,0.709338827366059
Atrioventricular block,ebi-a-GCST90001432,Unswitched memory B cell %lymphocyte,22,0.561959665976111,0.991312533955065,4,0.475198429976896,0.941863412793324
Atrioventricular block,ebi-a-GCST90002106,HLA DR on Dendritic Cell,19,0.562321709432148,0.991312533955065,7,0.759681961597317,0.980292196225558
Atrioventricular block,ebi-a-GCST90001536,CD45RA- CD4+ T cell %T cell,26,0.562762850941046,0.991312533955065,2,0.405064492296852,0.941863412793324
Atrioventricular block,ebi-a-GCST90001696,CD45RA- CD28- CD8+ T cell %CD8+ T cell,50,0.564159643765809,0.991312533955065,10,0.613988591044439,0.941863412793324
Atrioventricular block,ebi-a-GCST90001686,CD28- CD8+ T cell %CD8+ T cell,23,0.56630834924821,0.991312533955065,3,0.437003612129287,0.941863412793324
Atrioventricular block,ebi-a-GCST90001530,Monocytic Myeloid-Derived Suppressor Cells Absolute Count,19,0.568022335099924,0.991312533955065,5,0.511648659679129,0.941863412793324
Atrioventricular block,ebi-a-GCST90001749,CD20 on IgD+ CD38- naive B cell,18,0.568250843480125,0.991312533955065,1,0.7283662143545,0.969557658142942
Atrioventricular block,ebi-a-GCST90001538,Central Memory CD4+ T cell %CD4+ T cell,32,0.569944249971432,0.991312533955065,1,0.709429294886898,0.966257640814454
Atrioventricular block,ebi-a-GCST90002018,CCR2 on granulocyte,17,0.570010934585031,0.991312533955065,2,0.76978321009223,0.982018673486581
Atrioventricular block,ebi-a-GCST90001510,CD25++ CD45RA- CD4 not regulatory T cell Absolute Count,20,0.571009828696772,0.991312533955065,2,0.41875837178053,0.941863412793324
Atrioventricular block,ebi-a-GCST90002057,CD8 on Terminally Differentiated CD8+ T cell,17,0.571704867976237,0.991312533955065,2,0.600914697003941,0.941863412793324
Atrioventricular block,ebi-a-GCST90001755,CD20 on IgD- CD38- B cell,27,0.572018253999938,0.991312533955065,4,0.491432542144497,0.941863412793324
Atrioventricular block,ebi-a-GCST90001705,BAFF-R on IgD+ CD38- B cell,22,0.574419543445,0.991312533955065,9,0.867676039969583,0.989784115833689
Atrioventricular block,ebi-a-GCST90001789,CD25 on IgD- CD38dim B cell,20,0.574845322524149,0.991312533955065,3,0.623777555128931,0.941863412793324
Atrioventricular block,ebi-a-GCST90001670,CD39+ CD8+ T cell %T cell,20,0.575423822992086,0.991312533955065,7,0.80203174781488,0.982190914052454
Atrioventricular block,ebi-a-GCST90001982,CCR2 on CD14- CD16+ monocyte,28,0.576217856129342,0.991312533955065,1,0.042753185354811,0.566521216694181
Atrioventricular block,ebi-a-GCST90001485,CD39+ resting CD4 regulatory T cell %CD4 regulatory T cell,36,0.57638103810166,0.991312533955065,15,0.582190305724155,0.941863412793324
Atrioventricular block,ebi-a-GCST90002120,CD8 on CD28- CD8+ T cell,20,0.577300043899053,0.991312533955065,2,0.869902239262805,0.989784115833689
Atrioventricular block,ebi-a-GCST90001816,CD38 on naive-mature B cell,26,0.57895330917504,0.991312533955065,3,0.760655064946026,0.980292196225558
Atrioventricular block,ebi-a-GCST90002032,CD39 on CD39+ CD4+ T cell,20,0.583187088769894,0.991312533955065,5,0.656612154736946,0.944025551300151
Atrioventricular block,ebi-a-GCST90002045,CD45 on CD33- HLA DR-,14,0.584357629581566,0.991312533955065,2,0.639270193724305,0.941863412793324
Atrioventricular block,ebi-a-GCST90001778,CD25 on IgD+ CD24+ B cell,26,0.58479223245011,0.991312533955065,3,0.155865681815149,0.819743476296854
Atrioventricular block,ebi-a-GCST90001667,CD28+ CD45RA- CD8dim T cell %T cell,28,0.585795380433778,0.991312533955065,3,0.923125377076255,0.989784115833689
Atrioventricular block,ebi-a-GCST90002031,CD39 on CD39+ secreting CD4 regulatory T cell,23,0.587889540130034,0.991312533955065,5,0.752939514036437,0.980292196225558
Atrioventricular block,ebi-a-GCST90001601,Lymphocyte Absolute Count,19,0.593292708681986,0.991312533955065,2,0.251144326444498,0.916895616423276
Atrioventricular block,ebi-a-GCST90002074,SSC-A on CD14+ monocyte,23,0.59357498204555,0.991312533955065,6,0.129728344383731,0.803521480009436
Atrioventricular block,ebi-a-GCST90001779,CD25 on IgD+ CD24- B cell,24,0.594400123905189,0.991312533955065,5,0.719519692995277,0.966257640814454
Atrioventricular block,ebi-a-GCST90001645,Natural Killer Absolute Count,22,0.598621663782439,0.991312533955065,3,0.178080806993974,0.882376122514357
Atrioventricular block,ebi-a-GCST90001542,Effector Memory CD4+ T cell Absolute Count,23,0.600715449269884,0.991312533955065,1,0.278331227311749,0.929456220857434
Atrioventricular block,ebi-a-GCST90001966,FSC-A on granulocyte,21,0.604808087718966,0.991312533955065,2,0.592888597761061,0.941863412793324
Atrioventricular block,ebi-a-GCST90001574,Terminally Differentiated CD4-CD8- T cell %T cell,24,0.604845963169521,0.991312533955065,3,0.499130637369206,0.941863412793324
Atrioventricular block,ebi-a-GCST90001949,CD33 on CD33dim HLA DR+ CD11b-,22,0.607652568412165,0.991312533955065,7,0.499192473190196,0.941863412793324
Atrioventricular block,ebi-a-GCST90001418,CD24+ CD27+ B cell Absolute Count,26,0.609426790610954,0.991312533955065,1,0.715583190429553,0.966257640814454
Atrioventricular block,ebi-a-GCST90001680,CD25++ CD8+ T cell %CD8+ T cell,22,0.609651912478638,0.991312533955065,1,0.300268249044649,0.929456220857434
Atrioventricular block,ebi-a-GCST90001883,CD16-CD56 on Natural Killer T,28,0.612451133719473,0.991312533955065,4,0.402740364622982,0.941863412793324
Atrioventricular block,ebi-a-GCST90001581,CD14- CD16- Absolute Count,25,0.613343203549679,0.991312533955065,3,0.0080365955936402,0.323025590291125
Atrioventricular block,ebi-a-GCST90001537,Central Memory CD4+ T cell Absolute Count,28,0.619661760277498,0.991312533955065,1,0.0021788078786471,0.182962368597974
Atrioventricular block,ebi-a-GCST90001644,B cell %lymphocyte,35,0.627423401970599,0.991312533955065,2,0.754858625407164,0.980292196225558
Atrioventricular block,ebi-a-GCST90001794,CD25 on IgD+ B cell,27,0.628224748978351,0.991312533955065,2,0.636949462684247,0.941863412793324
Atrioventricular block,ebi-a-GCST90001620,HLA DR+ T cell%lymphocyte,25,0.628566978379508,0.991312533955065,4,0.96276650251595,0.991090671041885
Atrioventricular block,ebi-a-GCST90001503,Activated & secreting CD4 regulatory T cell %CD4+ T cell,32,0.631322759840479,0.991312533955065,9,0.542573110387577,0.941863412793324
Atrioventricular block,ebi-a-GCST90002011,CD64 on CD14+ CD16+ monocyte,12,0.631839714166704,0.991312533955065,2,0.0011810847910179,0.182962368597974
Atrioventricular block,ebi-a-GCST90001412,IgD+ CD24+ B cell Absolute Count,23,0.634408438859969,0.991312533955065,1,0.715583190429553,0.966257640814454
Atrioventricular block,ebi-a-GCST90001495,CD39+ secreting CD4 regulatory T cell Absolute Count,26,0.634737259854273,0.991312533955065,5,0.589776831165411,0.941863412793324
Atrioventricular block,ebi-a-GCST90001636,CD4-CD8- Natural Killer T Absolute Count,10,0.634967985459376,0.991312533955065,1,0.799016393425072,0.982190914052454
Atrioventricular block,ebi-a-GCST90001927,CD127 on CD8+ T cell,25,0.635758267741448,0.991312533955065,1,0.561452922468491,0.941863412793324
Atrioventricular block,ebi-a-GCST90001700,CD45RA+ CD28- CD8+ T cell %T cell,206,0.636628934917411,0.991312533955065,67,0.679149262850279,0.95415398197235
Atrioventricular block,ebi-a-GCST90001904,CD86 on CD62L+ myeloid Dendritic Cell,22,0.636651105231385,0.991312533955065,1,0.519137473952383,0.941863412793324
Atrioventricular block,ebi-a-GCST90001516,Immature Myeloid-Derived Suppressor Cells %CD33dim HLA DR- CD66b-,19,0.636933753557663,0.991312533955065,2,0.580374060491646,0.941863412793324
Atrioventricular block,ebi-a-GCST90002096,CD11b on basophil,19,0.63712142048963,0.991312533955065,1,0.85278539768206,0.989556065082633
Atrioventricular block,ebi-a-GCST90001486,Activated CD4 regulatory T cell Absolute Count,15,0.638256654221577,0.991312533955065,2,0.794755964839116,0.982190914052454
Atrioventricular block,ebi-a-GCST90001715,BAFF-R on memory B cell,17,0.638895372870793,0.991312533955065,9,0.221927320987902,0.90780712403591
Atrioventricular block,ebi-a-GCST90001935,CD25 on CD39+ CD4 regulatory T cell,17,0.639915911350336,0.991312533955065,1,0.909588746547986,0.989784115833689
Atrioventricular block,ebi-a-GCST90001910,CD45 on B cell,15,0.640000624855952,0.991312533955065,2,0.453389314125508,0.941863412793324
Atrioventricular block,ebi-a-GCST90001459,Myeloid Dendritic Cell %Dendritic Cell,26,0.640727011117599,0.991312533955065,1,0.341057720354537,0.929456220857434
Atrioventricular block,ebi-a-GCST90001879,HVEM on Terminally Differentiated CD4+ T cell,26,0.641159662526532,0.991312533955065,1,0.0827970665255499,0.707856611000124
Atrioventricular block,ebi-a-GCST90001710,BAFF-R on IgD- CD24- B cell,22,0.642230963298881,0.991312533955065,9,0.691392815877552,0.960053675501492
Atrioventricular block,ebi-a-GCST90001534,CD45RA- CD4+ T cell Absolute Count,16,0.642319104605592,0.991312533955065,2,0.0061210382622446,0.309622518765207
Atrioventricular block,ebi-a-GCST90001882,HVEM on Central Memory CD8+ T cell,18,0.642651403815439,0.991312533955065,1,0.102207880935442,0.756587606436746
Atrioventricular block,ebi-a-GCST90001823,IgD on IgD+ CD38- unswitched memory B cell,17,0.644035189056116,0.991312533955065,2,0.991930342467487,0.998510311571749
Atrioventricular block,ebi-a-GCST90001573,Terminally Differentiated CD4-CD8- T cell %CD4-CD8- T cell,27,0.646162334850009,0.991312533955065,2,0.303864037351575,0.929456220857434
Atrioventricular block,ebi-a-GCST90001802,CD27 on IgD- CD38- B cell,31,0.646660029654234,0.991312533955065,8,0.483051925000848,0.941863412793324
Atrioventricular block,ebi-a-GCST90001548,Central Memory CD8+ T cell Absolute Count,25,0.64765229611364,0.991312533955065,1,0.288059128040822,0.929456220857434
Atrioventricular block,ebi-a-GCST90001614,CD8+ and CD8dim T cell %leukocyte,15,0.647858151965207,0.991312533955065,2,0.92830337692214,0.989784115833689
Atrioventricular block,ebi-a-GCST90002081,SSC-A on CD4+ T cell,30,0.64927811447328,0.991312533955065,4,0.622997412466816,0.941863412793324
Atrioventricular block,ebi-a-GCST90001493,Secreting CD4 regulatory T cell %CD4 regulatory T cell,31,0.650239887271723,0.991312533955065,6,0.949730467352462,0.989784115833689
Atrioventricular block,ebi-a-GCST90001489,CD39+ activated CD4 regulatory T cell Absolute Count,30,0.650377152894032,0.991312533955065,5,0.55936633263475,0.941863412793324
Atrioventricular block,ebi-a-GCST90001891,CD28 on CD45RA- CD4 not regulatory T cell,13,0.653725439158798,0.991312533955065,3,0.858205481602451,0.989784115833689
Atrioventricular block,ebi-a-GCST90001850,CD3 on HLA DR+ CD8+ T cell,26,0.655213575711703,0.991312533955065,1,0.419210642449818,0.941863412793324
Atrioventricular block,ebi-a-GCST90001852,CD3 on CD39+ resting CD4 regulatory T cell,20,0.656029894098945,0.991312533955065,1,0.424308464377419,0.941863412793324
Atrioventricular block,ebi-a-GCST90002038,CD80 on CD62L+ plasmacytoid Dendritic Cell,21,0.659759598842408,0.991312533955065,2,0.933537491232389,0.989784115833689
Atrioventricular block,ebi-a-GCST90001723,CD19 on CD24+ CD27+ B cell,29,0.66032636896324,0.991312533955065,3,0.153588931973051,0.819743476296854
Atrioventricular block,ebi-a-GCST90001826,IgD on unswitched memory B cell,22,0.661419591146595,0.991312533955065,6,0.256109662989964,0.925348603779216
Atrioventricular block,ebi-a-GCST90001855,CD3 on secreting CD4 regulatory T cell,20,0.663011080873042,0.991312533955065,5,0.870009719884272,0.989784115833689
Atrioventricular block,ebi-a-GCST90001684,CD127- CD8+ T cell Absolute Count,13,0.665822565856811,0.991312533955065,1,0.0180984972700535,0.477642949692281
Atrioventricular block,ebi-a-GCST90001431,IgD+ CD38- B cell %lymphocyte,20,0.666689253741196,0.991312533955065,2,0.362901358061305,0.929456220857434
Atrioventricular block,ebi-a-GCST90002119,CD8 on CD28+ CD45RA+ CD8+ T cell,22,0.667759550414718,0.991312533955065,8,0.913047815964522,0.989784115833689
Atrioventricular block,ebi-a-GCST90001871,HVEM on T cell,25,0.669490688391962,0.991312533955065,1,0.102207880935442,0.756587606436746
Atrioventricular block,ebi-a-GCST90001813,CD38 on IgD+ CD38dim B cell,23,0.677383014429213,0.991312533955065,4,0.906668680353195,0.989784115833689
Atrioventricular block,ebi-a-GCST90001933,CD25 on CD45RA- CD4 not regulatory T cell,26,0.682015328795283,0.991312533955065,2,0.780182075515228,0.982190914052454
Atrioventricular block,ebi-a-GCST90001442,CD24+ CD27+ B cell %lymphocyte,24,0.683651469359477,0.991312533955065,3,0.65057248109949,0.944025551300151
Atrioventricular block,ebi-a-GCST90001868,CD3 on CD4 regulatory T cell,11,0.683680262459109,0.991312533955065,4,0.814153520262275,0.984971377954666
Atrioventricular block,ebi-a-GCST90001959,CD4 on HLA DR+ CD4+ T cell,21,0.683710379322064,0.991312533955065,2,0.552391523355704,0.941863412793324
Atrioventricular block,ebi-a-GCST90002110,HLA DR on CD33dim HLA DR+ CD11b+,23,0.684401210996415,0.991312533955065,4,0.625304082552266,0.941863412793324
Atrioventricular block,ebi-a-GCST90001627,HLA DR+ CD8+ T cell Absolute Count,34,0.687025372218776,0.991312533955065,3,0.734381974572255,0.970665618730852
Atrioventricular block,ebi-a-GCST90001870,CD34 on Hematopoietic Stem Cell,12,0.687930556125115,0.991312533955065,4,0.916223971162726,0.989784115833689
Atrioventricular block,ebi-a-GCST90002095,CD11b on CD33dim HLA DR-,23,0.689281646590514,0.991312533955065,1,0.85278539768206,0.989556065082633
Atrioventricular block,ebi-a-GCST90001607,CD8+ T cell %leukocyte,17,0.690540037329,0.991312533955065,1,0.0180984972700535,0.477642949692281
Atrioventricular block,ebi-a-GCST90001648,HLA DR+ Natural Killer Absolute Count,18,0.690666325641973,0.991312533955065,3,0.272062554724212,0.929456220857434
Atrioventricular block,ebi-a-GCST90001586,CD14+ CD16- monocyte %monocyte,24,0.696000941122062,0.991312533955065,1,0.0685221240937649,0.630195898862353
Atrioventricular block,ebi-a-GCST90001570,Effector Memory CD4-CD8- T cell %CD4-CD8- T cell,29,0.696385126919342,0.991312533955065,3,0.111951672183074,0.772212102444612
Atrioventricular block,ebi-a-GCST90001996,CX3CR1 on CD14+ CD16+ monocyte,34,0.698143250003161,0.991312533955065,3,0.052945429225907,0.616685806760228
Atrioventricular block,ebi-a-GCST90001976,FSC-A on Natural Killer T,20,0.699577413091896,0.991312533955065,2,0.246975876536872,0.914111933279763
Atrioventricular block,ebi-a-GCST90001946,CD33 on CD14+ monocyte,21,0.700849440509387,0.991312533955065,6,0.310913746312372,0.929456220857434
Atrioventricular block,ebi-a-GCST90001612,CD8dim T cell %leukocyte,18,0.701025168661799,0.991312533955065,2,0.321205160600169,0.929456220857434
Atrioventricular block,ebi-a-GCST90001803,CD27 on IgD- CD38+ B cell,15,0.701689020562033,0.991312533955065,2,0.654593104290416,0.944025551300151
Atrioventricular block,ebi-a-GCST90001846,CD3 on Central Memory CD8+ T cell,19,0.702373592118572,0.991312533955065,3,0.818860544254143,0.986764157648714
Atrioventricular block,ebi-a-GCST90001795,CD25 on transitional B cell,22,0.704036361040269,0.991312533955065,2,0.942495657677346,0.989784115833689
Atrioventricular block,ebi-a-GCST90001691,CD28+ CD45RA- CD8+ T cell %T cell,26,0.704237713759861,0.991312533955065,3,0.007132541452426,0.323025590291125
Atrioventricular block,ebi-a-GCST90001759,CD20 on naive-mature B cell,23,0.704408899715695,0.991312533955065,6,0.502565446647545,0.941863412793324
Atrioventricular block,ebi-a-GCST90002079,SSC-A on lymphocyte,21,0.705312008496662,0.991312533955065,1,0.510296875637155,0.941863412793324
Atrioventricular block,ebi-a-GCST90001626,HLA DR+ CD4+ T cell %lymphocyte,21,0.708779890259311,0.991312533955065,2,0.784917040302846,0.982190914052454
Atrioventricular block,ebi-a-GCST90001613,CD4-CD8- T cell %leukocyte,20,0.711409232837956,0.991312533955065,4,0.85323949998665,0.989556065082633
Atrioventricular block,ebi-a-GCST90002009,HLA DR on CD14- CD16-,25,0.711560368023292,0.991312533955065,4,0.496768645880013,0.941863412793324
Atrioventricular block,ebi-a-GCST90001611,CD4+ CD8dim T cell %leukocyte,14,0.711661835127984,0.991312533955065,2,0.580494841639125,0.941863412793324
Atrioventricular block,ebi-a-GCST90001892,CD28 on CD39+ CD4+ T cell,17,0.712429260647635,0.991312533955065,6,0.767087390917499,0.982018673486581
Atrioventricular block,ebi-a-GCST90001728,CD19 on IgD+ CD38- unswitched memory B cell,22,0.712895395420334,0.991312533955065,3,0.450345371148279,0.941863412793324
Atrioventricular block,ebi-a-GCST90001589,CD4+/CD8+ T cell,15,0.72103702199791,0.991312533955065,1,0.627603769168883,0.941863412793324
Atrioventricular block,ebi-a-GCST90001806,CD27 on unswitched memory B cell,30,0.724572322552199,0.991312533955065,11,0.686171504341557,0.95969148187863
Atrioventricular block,ebi-a-GCST90001500,Activated & resting CD4 regulatory T cell %CD4+ T cell,27,0.727320741646933,0.991312533955065,3,0.0039963960327931,0.220528399264131
Atrioventricular block,ebi-a-GCST90001704,BAFF-R on IgD+ CD24- B cell,22,0.72789474528134,0.991312533955065,10,0.942199337762802,0.989784115833689
Atrioventricular block,ebi-a-GCST90001991,HLA DR on CD14+ monocyte,21,0.728467681221194,0.991312533955065,5,0.776555128951497,0.982018673486581
Atrioventricular block,ebi-a-GCST90001434,Switched memory B cell %lymphocyte,18,0.729550408845184,0.991312533955065,3,0.319258307964474,0.929456220857434
Atrioventricular block,ebi-a-GCST90002036,CD80 on CD62L+ myeloid Dendritic Cell,26,0.730013283872327,0.991312533955065,3,0.333105053791958,0.929456220857434
Atrioventricular block,ebi-a-GCST90001771,CD24 on memory B cell,31,0.730546903253831,0.991312533955065,2,0.351280756374004,0.929456220857434
Atrioventricular block,ebi-a-GCST90001470,CD62L- plasmacytoid Dendritic Cell Absolute Count,24,0.732119125747828,0.991312533955065,2,0.953808757489913,0.991090671041885
Atrioventricular block,ebi-a-GCST90001924,CD127 on CD28+ CD4+ T cell,20,0.732252332217193,0.991312533955065,3,0.600470890872327,0.941863412793324
Atrioventricular block,ebi-a-GCST90001400,IgD+ B cell Absolute Count,15,0.73653245673187,0.991312533955065,1,0.422786955710097,0.941863412793324
Atrioventricular block,ebi-a-GCST90001775,CD25 on B cell,25,0.739313096530435,0.991312533955065,3,0.764347626946925,0.982018673486581
Atrioventricular block,ebi-a-GCST90001436,Memory B cell %lymphocyte,28,0.740651246930254,0.991312533955065,2,0.436416770786864,0.941863412793324
Atrioventricular block,ebi-a-GCST90001499,Activated & resting CD4 regulatory T cell %CD4 regulatory T cell,29,0.740780598802915,0.991312533955065,6,0.948184915364065,0.989784115833689
Atrioventricular block,ebi-a-GCST90001446,IgD- CD38- B cell Absolute Count,14,0.741931182510092,0.991312533955065,1,0.883753541386725,0.989784115833689
Atrioventricular block,ebi-a-GCST90001958,CD4 on monocyte,15,0.743939015757316,0.991312533955065,1,0.341475736244243,0.929456220857434
Atrioventricular block,ebi-a-GCST90001701,BAFF-R on CD20- CD38- B cell,17,0.746296728191053,0.991312533955065,1,0.533285963958728,0.941863412793324
Atrioventricular block,ebi-a-GCST90001561,CD45RA+ CD8+ T cell %CD8+ T cell,27,0.753545850935929,0.991312533955065,5,0.615595884040481,0.941863412793324
Atrioventricular block,ebi-a-GCST90001697,CD45RA- CD28- CD8+ T cell %T cell,180,0.754353519492186,0.991312533955065,42,0.290347218385956,0.929456220857434
Atrioventricular block,ebi-a-GCST90002059,CD8 on Natural Killer T,18,0.756232983743712,0.991312533955065,2,0.226737318611486,0.90780712403591
Atrioventricular block,ebi-a-GCST90002104,HLA DR on myeloid Dendritic Cell,16,0.756690218672598,0.991312533955065,7,0.900445015630798,0.989784115833689
Atrioventricular block,ebi-a-GCST90002065,CD4 on CD39+ resting CD4 regulatory T cell,15,0.757007091092636,0.991312533955065,1,0.773299865857963,0.982018673486581
Atrioventricular block,ebi-a-GCST90001693,CD28+ CD45RA- CD8+ T cell Absolute Count,29,0.757164566715312,0.991312533955065,2,0.863955419537217,0.989784115833689
Atrioventricular block,ebi-a-GCST90001716,BAFF-R on naive-mature B cell,23,0.757621154162033,0.991312533955065,10,0.927419672297771,0.989784115833689
Atrioventricular block,ebi-a-GCST90002084,SSC-A on Natural Killer T,20,0.759398309763739,0.991312533955065,2,0.370583092032385,0.93578498512799
Atrioventricular block,ebi-a-GCST90001688,CD28+ CD45RA+ CD8+ T cell %T cell,110,0.763300104927098,0.991312533955065,38,0.52694537379118,0.941863412793324
Atrioventricular block,ebi-a-GCST90001520,CD33+ HLA DR+ CD14dim Absolute Count,28,0.765013052704828,0.991312533955065,2,0.50532641229868,0.941863412793324
Atrioventricular block,ebi-a-GCST90001458,Myeloid Dendritic Cell Absolute Count,23,0.765566924867257,0.991312533955065,3,0.42702915637363,0.941863412793324
Atrioventricular block,ebi-a-GCST90001523,CD33- HLA DR+ Absolute Count,36,0.765585746239236,0.991312533955065,1,0.194682298564104,0.90780712403591
Atrioventricular block,ebi-a-GCST90001828,IgD on transitional B cell,32,0.770838063616298,0.991312533955065,5,0.977200110479045,0.991907135553144
Atrioventricular block,ebi-a-GCST90001407,Memory B cell Absolute Count,17,0.771662762868857,0.991312533955065,1,0.715583190429553,0.966257640814454
Atrioventricular block,ebi-a-GCST90001822,IgD on IgD+ CD38-  B cell,27,0.77427886045646,0.991312533955065,1,0.723437814350631,0.966486266374505
Atrioventricular block,ebi-a-GCST90001950,CD33 on Granulocytic Myeloid-Derived Suppressor Cells,20,0.775507427840702,0.991312533955065,3,0.329451286745679,0.929456220857434
Atrioventricular block,ebi-a-GCST90001633,CD8dim Natural Killer T Absolute Count,27,0.777207685533558,0.991312533955065,5,0.294383124539432,0.929456220857434
Atrioventricular block,ebi-a-GCST90002070,CD4 on activated & secreting CD4 regulatory T cell,32,0.781649339859173,0.991312533955065,1,0.546357471860887,0.941863412793324
Atrioventricular block,ebi-a-GCST90001782,CD25 on IgD+ CD38- unswitched memory B cell,24,0.783369652865715,0.991312533955065,1,0.228654800207784,0.90780712403591
Atrioventricular block,ebi-a-GCST90001471,CD62L- plasmacytoid Dendritic Cell %Dendritic Cell,18,0.784437893879822,0.991312533955065,3,0.581654615751128,0.941863412793324
Atrioventricular block,ebi-a-GCST90001834,CD62L on monocyte,25,0.786098424989777,0.991312533955065,2,0.119843057156128,0.786144793350051
Atrioventricular block,ebi-a-GCST90001452,CD11c+ CD62L- monocyte Absolute Count,22,0.786335017004702,0.991312533955065,1,0.289510850672766,0.929456220857434
Atrioventricular block,ebi-a-GCST90001599,CD4-CD8- T cell %T cell,15,0.786416135800969,0.991312533955065,3,0.649580629864135,0.944025551300151
Atrioventricular block,ebi-a-GCST90002087,CD11c on myeloid Dendritic Cell,30,0.789556035156913,0.991312533955065,5,0.854246092427182,0.989556065082633
Atrioventricular block,ebi-a-GCST90001918,CD45 on HLA DR+ T cell,18,0.792340484174709,0.991312533955065,1,0.36274830534672,0.929456220857434
Atrioventricular block,ebi-a-GCST90001793,CD25 on switched memory B cell,20,0.793935013733053,0.991312533955065,2,0.529267996568306,0.941863412793324
Atrioventricular block,ebi-a-GCST90002002,PDL-1 on monocyte,15,0.795465415369121,0.991312533955065,2,0.59695611400642,0.941863412793324
Atrioventricular block,ebi-a-GCST90001541,Naive CD4+ T cell %CD4+ T cell,35,0.799859640493361,0.991312533955065,4,0.357413916898349,0.929456220857434
Atrioventricular block,ebi-a-GCST90001857,CD3 on activated & secreting CD4 regulatory T cell,22,0.800182490874954,0.991312533955065,4,0.829272314152259,0.988935745953677
Atrioventricular block,ebi-a-GCST90001885,CD16-CD56 on HLA DR+ Natural Killer,24,0.801249079342394,0.991312533955065,2,0.250545364113667,0.916895616423276
Atrioventricular block,ebi-a-GCST90001999,PDL-1 on CD14- CD16+ monocyte,19,0.801267041431483,0.991312533955065,1,0.349013505569252,0.929456220857434
Atrioventricular block,ebi-a-GCST90001762,CD20 on IgD+ B cell,20,0.801486316227826,0.991312533955065,5,0.476720897810072,0.941863412793324
Atrioventricular block,ebi-a-GCST90002042,CD45 on CD33+ HLA DR+ CD14-,18,0.805195803115031,0.991312533955065,1,0.938926608774361,0.989784115833689
Atrioventricular block,ebi-a-GCST90001391,IgD+ B cell %B cell,17,0.80559791057923,0.991312533955065,1,0.488069819080993,0.941863412793324
Atrioventricular block,ebi-a-GCST90002121,CD8 on CD39+ CD8+ T cell,25,0.80600899276377,0.991312533955065,5,0.857507329784645,0.989784115833689
Atrioventricular block,ebi-a-GCST90001623,Natural Killer T %lymphocyte,33,0.807339978201665,0.991312533955065,7,0.63147353071859,0.941863412793324
Atrioventricular block,ebi-a-GCST90002029,CD39 on CD39+ CD8+ T cell,23,0.807465820739769,0.991312533955065,2,0.236292623916761,0.90780712403591
Atrioventricular block,ebi-a-GCST90001920,CD45 on HLA DR+ CD4+ T cell,18,0.810305703047871,0.991312533955065,2,0.597716842062638,0.941863412793324
Atrioventricular block,ebi-a-GCST90001867,CD3 on CD4+ T cell,29,0.812374782395302,0.991312533955065,2,0.140394587259475,0.819743476296854
Atrioventricular block,ebi-a-GCST90001955,CD33 on Immature Myeloid-Derived Suppressor Cells,23,0.813722935914341,0.991312533955065,6,0.466006839033487,0.941863412793324
Atrioventricular block,ebi-a-GCST90001587,CD16+ monocyte %monocyte,22,0.813788485639315,0.991312533955065,1,0.0685221240937649,0.630195898862353
Atrioventricular block,ebi-a-GCST90001745,CD20 on CD24+ CD27+ B cell,29,0.815003679486444,0.991312533955065,5,0.346786600947765,0.929456220857434
Atrioventricular block,ebi-a-GCST90001719,BAFF-R on IgD+ B cell,24,0.817192952244054,0.991312533955065,10,0.950175399773538,0.989784115833689
Atrioventricular block,ebi-a-GCST90001811,CD38 on IgD+ CD24- B cell,17,0.820386028704669,0.991312533955065,2,0.564696658921869,0.941863412793324
Atrioventricular block,ebi-a-GCST90001983,CD14 on CD14+ CD16+ monocyte,15,0.821786032815305,0.991312533955065,2,0.388181353781569,0.941863412793324
Atrioventricular block,ebi-a-GCST90001659,CD39+ CD4+ T cell %CD4+ T cell,25,0.823184863780844,0.991312533955065,5,0.312354834623534,0.929456220857434
Atrioventricular block,ebi-a-GCST90001562,CD45RA+ CD8+ T cell %T cell,35,0.827347976554373,0.991312533955065,3,0.94851255854239,0.989784115833689
Atrioventricular block,ebi-a-GCST90001799,CD27 on T cell,21,0.827600465580632,0.991312533955065,1,0.0281571707830736,0.488325790437876
Atrioventricular block,ebi-a-GCST90001953,CD33 on CD33dim HLA DR-,19,0.828570434051383,0.991312533955065,6,0.547038537259857,0.941863412793324
Atrioventricular block,ebi-a-GCST90001896,CD28 on CD28+ CD45RA+ CD8+ T cell,15,0.828870920520321,0.991312533955065,3,0.121321778218228,0.786144793350051
Atrioventricular block,ebi-a-GCST90002067,CD4 on CD39+ activated CD4 regulatory T cell,23,0.829371481972112,0.991312533955065,3,0.473409640959691,0.941863412793324
Atrioventricular block,ebi-a-GCST90001547,Terminally Differentiated CD4+ T cell %T cell,26,0.83008997348934,0.991312533955065,6,0.156096077915847,0.819743476296854
Atrioventricular block,ebi-a-GCST90002076,SSC-A on Natural Killer,23,0.831052382421245,0.991312533955065,1,0.0760375143414178,0.678746635371186
Atrioventricular block,ebi-a-GCST90001917,CD45 on CD8+ T cell,26,0.831916709649864,0.991312533955065,2,0.69700207257581,0.960053675501492
Atrioventricular block,ebi-a-GCST90001546,Terminally Differentiated CD4+ T cell %CD4+ T cell,21,0.835912243669154,0.991312533955065,5,0.735595032316626,0.970665618730852
Atrioventricular block,ebi-a-GCST90002066,CD4 on activated CD4 regulatory T cell,24,0.836395605653536,0.991312533955065,1,0.546357471860887,0.941863412793324
Atrioventricular block,ebi-a-GCST90002028,CD19 on B cell,24,0.836729169116543,0.991312533955065,1,0.0551958735748996,0.616685806760228
Atrioventricular block,ebi-a-GCST90001741,CD19 on IgD+ B cell,27,0.839271696919795,0.991312533955065,2,0.656425311032086,0.944025551300151
Atrioventricular block,ebi-a-GCST90001872,HVEM on naive CD8+ T cell,21,0.840973930673678,0.991312533955065,2,0.0525682881348382,0.616685806760228
Atrioventricular block,ebi-a-GCST90001944,CD123 on plasmacytoid Dendritic Cell,18,0.842001215272082,0.991312533955065,2,0.929721887487755,0.989784115833689
Atrioventricular block,ebi-a-GCST90001945,CD123 on CD62L+ plasmacytoid Dendritic Cell,18,0.842035490315365,0.991312533955065,2,0.9307891197185,0.989784115833689
Atrioventricular block,ebi-a-GCST90001639,CD3- lymphocyte Absolute Count,18,0.844035946099579,0.991312533955065,1,0.549238418061854,0.941863412793324
Atrioventricular block,ebi-a-GCST90001635,CD8dim Natural Killer T %lymphocyte,26,0.845366532820418,0.991312533955065,6,0.111892097292903,0.772212102444612
Atrioventricular block,ebi-a-GCST90001679,CD25++ CD8+ T cell %T cell,17,0.846081371682073,0.991312533955065,2,0.34246409765273,0.929456220857434
Atrioventricular block,ebi-a-GCST90002017,CCR2 on monocyte,25,0.846373176204389,0.991312533955065,2,0.326393603148516,0.929456220857434
Atrioventricular block,ebi-a-GCST90001812,CD38 on IgD+ CD38+ B cell,17,0.848011442356329,0.991312533955065,3,0.902221223817416,0.989784115833689
Atrioventricular block,ebi-a-GCST90001763,CD20 on transitional B cell,22,0.84905123671798,0.991312533955065,2,0.553967627680719,0.941863412793324
Atrioventricular block,ebi-a-GCST90001397,Unswitched memory B cell %B cell,32,0.85261916979817,0.992459575035767,1,0.732706755144197,0.970665618730852
Atrioventricular block,ebi-a-GCST90001622,Natural Killer T %T cell,32,0.857259123094968,0.992979938389335,5,0.0930316751075279,0.756587606436746
Atrioventricular block,ebi-a-GCST90002111,HLA DR on CD33dim HLA DR+ CD11b-,18,0.858205644167488,0.992979938389335,5,0.367798114565031,0.934114876740477
Atrioventricular block,ebi-a-GCST90001948,CD33 on CD33dim HLA DR+ CD11b+,22,0.863454846629225,0.993348687063394,7,0.614673597303179,0.941863412793324
Atrioventricular block,ebi-a-GCST90001738,CD19 on unswitched memory B cell,21,0.864426997735307,0.993348687063394,4,0.230403437086626,0.90780712403591
Atrioventricular block,ebi-a-GCST90001479,CD4 regulatory T cell %T cell,16,0.866150535701946,0.993348687063394,1,0.601048195072315,0.941863412793324
Atrioventricular block,ebi-a-GCST90001533,Basophil %CD33dim HLA DR- CD66b-,20,0.866278447953668,0.993348687063394,3,0.567019140400709,0.941863412793324
Atrioventricular block,ebi-a-GCST90001824,IgD on IgD+ CD38+ B cell,25,0.866811981042645,0.993348687063394,6,0.847174943656921,0.989556065082633
Atrioventricular block,ebi-a-GCST90001900,CD28 on resting CD4 regulatory T cell,6,0.86744405474619,0.993348687063394,1,0.75755398128851,0.980292196225558
Atrioventricular block,ebi-a-GCST90002062,CD4 on CD28+ CD4+ T cell,21,0.868658906360352,0.993348687063394,2,0.123037488250832,0.786144793350051
Atrioventricular block,ebi-a-GCST90001515,Immature Myeloid-Derived Suppressor Cells Absolute Count,22,0.872615414060538,0.993348687063394,2,0.84714726912428,0.989556065082633
Atrioventricular block,ebi-a-GCST90001911,CD45 on Natural Killer,30,0.872779480514078,0.993348687063394,3,0.422881792130327,0.941863412793324
Atrioventricular block,ebi-a-GCST90001558,Terminally Differentiated CD8+ T cell %CD8+ T cell,23,0.875521132694242,0.993348687063394,4,0.775674427592817,0.982018673486581
Atrioventricular block,ebi-a-GCST90002008,CCR2 on monocyte,24,0.887587825659948,0.993348687063394,2,0.332167335662269,0.929456220857434
Atrioventricular block,ebi-a-GCST90001751,CD20 on IgD+ CD38+ B cell,26,0.889767528406641,0.993348687063394,5,0.814161400147514,0.984971377954666
Atrioventricular block,ebi-a-GCST90001932,CD127 on CD45RA+ CD4+ T cell,22,0.889937898912452,0.993348687063394,4,0.637664699476681,0.941863412793324
Atrioventricular block,ebi-a-GCST90001708,BAFF-R on IgD+ CD38+ B cell,27,0.89157744870408,0.993348687063394,10,0.960322686307994,0.991090671041885
Atrioventricular block,ebi-a-GCST90001951,CD33 on CD66b++ myeloid cell,18,0.892155892713537,0.993348687063394,5,0.648734763409781,0.944025551300151
Atrioventricular block,ebi-a-GCST90001777,CD25 on CD24+ CD27+ B cell,24,0.897333826857221,0.993348687063394,4,0.155174991200194,0.819743476296854
Atrioventricular block,ebi-a-GCST90001842,CD3 on Naive CD4+ T cell,30,0.897682210463138,0.993348687063394,5,0.416187415809285,0.941863412793324
Atrioventricular block,ebi-a-GCST90001989,CD40 on CD14- CD16+ monocyte,27,0.898024582442253,0.993348687063394,9,0.945679930071119,0.989784115833689
Atrioventricular block,ebi-a-GCST90001711,BAFF-R on IgD- CD27- B cell,18,0.898175715767408,0.993348687063394,9,0.689427678824097,0.960053675501492
Atrioventricular block,ebi-a-GCST90001632,CD8+ Natural Killer T %lymphocyte,27,0.903298060958194,0.993348687063394,1,0.403976410245819,0.941863412793324
Atrioventricular block,ebi-a-GCST90002054,CD8 on Central Memory CD8+ T cell,14,0.907487023072353,0.993348687063394,2,0.385979691895588,0.941863412793324
Atrioventricular block,ebi-a-GCST90001521,CD33+ HLA DR+ CD14dim %CD33+ HLA DR+,25,0.907871719741232,0.993348687063394,1,0.658954896882415,0.944025551300151
Atrioventricular block,ebi-a-GCST90001491,CD39+ activated CD4 regulatory T cell %CD4 regulatory T cell,23,0.908551884608397,0.993348687063394,6,0.6686242865225,0.947148098446804
Atrioventricular block,ebi-a-GCST90001494,Secreting CD4 regulatory T cell %CD4+ T cell,26,0.909081388094937,0.993348687063394,7,0.904286171514056,0.989784115833689
Atrioventricular block,ebi-a-GCST90001646,Natural Killer %CD3- lymphocyte,27,0.909934959988254,0.993348687063394,5,0.203249288203801,0.90780712403591
Atrioventricular block,ebi-a-GCST90001894,CD28 on CD28+ CD4+ T cell,27,0.912624849691903,0.993348687063394,2,0.642436372423818,0.944025551300151
Atrioventricular block,ebi-a-GCST90001810,CD38 on CD3- CD19-,18,0.9163379099493,0.993348687063394,1,0.0389548608247912,0.549897686526703
Atrioventricular block,ebi-a-GCST90001672,CD39+ CD8+ T cell Absolute Count,24,0.917362464248304,0.993348687063394,6,0.750512239993581,0.980292196225558
Atrioventricular block,ebi-a-GCST90001988,HLA DR on CD14+ CD16- monocyte,22,0.92049271346933,0.993348687063394,5,0.772238411669083,0.982018673486581
Atrioventricular block,ebi-a-GCST90002033,CD39 on granulocyte,26,0.925347968696826,0.993348687063394,2,0.033436525007402,0.534104491565605
Atrioventricular block,ebi-a-GCST90002061,CD4 on CD39+ CD4+ T cell,27,0.926800031496188,0.993348687063394,6,0.840761676112106,0.989556065082633
Atrioventricular block,ebi-a-GCST90001720,BAFF-R on transitional B cell,24,0.927488525713899,0.993348687063394,8,0.814213195329999,0.984971377954666
Atrioventricular block,ebi-a-GCST90001743,CD20 on B cell,23,0.928722944978512,0.993348687063394,4,0.982855180147956,0.994321823916349
Atrioventricular block,ebi-a-GCST90001484,CD39+ resting CD4 regulatory T cell %resting CD4 regulatory T cell,28,0.929081740541604,0.993348687063394,8,0.699004520323071,0.960053675501492
Atrioventricular block,ebi-a-GCST90001941,CD25 on secreting CD4 regulatory T cell,14,0.930711560509693,0.993348687063394,2,0.312672820776636,0.929456220857434
Atrioventricular block,ebi-a-GCST90002007,HLA DR on CD14+ CD16+ monocyte,19,0.930958369439858,0.993348687063394,6,0.449213996177187,0.941863412793324
Atrioventricular block,ebi-a-GCST90001818,CD38 on IgD+ B cell,15,0.931041358335152,0.993348687063394,1,0.209637949068335,0.90780712403591
Atrioventricular block,ebi-a-GCST90001637,CD4-CD8- Natural Killer T %T cell,30,0.934462586227882,0.993348687063394,5,0.472353223818253,0.941863412793324
Atrioventricular block,ebi-a-GCST90001642,B cell Absolute Count,30,0.934604668330261,0.993348687063394,1,0.715745054317112,0.966257640814454
Atrioventricular block,ebi-a-GCST90001730,CD19 on IgD+ CD38dim B cell,24,0.935497516765531,0.993348687063394,4,0.232010067044843,0.90780712403591
Atrioventricular block,ebi-a-GCST90001555,Effector Memory CD8+ T cell %CD8+ T cell,24,0.93704608697705,0.993348687063394,4,0.0378971256009386,0.547703696184994
Atrioventricular block,ebi-a-GCST90001772,CD24 on unswitched memory B cell,25,0.937672425158485,0.993348687063394,2,0.517372317552765,0.941863412793324
Atrioventricular block,ebi-a-GCST90001993,PDL-1 on CD14+ CD16- monocyte,15,0.941372296578992,0.993348687063394,1,0.791532011399649,0.982190914052454
Atrioventricular block,ebi-a-GCST90001709,BAFF-R on IgD+ CD38dim B cell,25,0.941513961110965,0.993348687063394,10,0.942307190412377,0.989784115833689
Atrioventricular block,ebi-a-GCST90001854,CD3 on CD39+ activated CD4 regulatory T cell,26,0.943367131116056,0.993348687063394,5,0.574791887337142,0.941863412793324
Atrioventricular block,ebi-a-GCST90001981,CD40 on CD14+ CD16+ monocyte,21,0.943668635044705,0.993348687063394,4,0.999200511126794,0.999784420853672
Atrioventricular block,ebi-a-GCST90002037,CD80 on plasmacytoid Dendritic Cell,21,0.944110556822361,0.993348687063394,2,0.932219198083363,0.989784115833689
Atrioventricular block,ebi-a-GCST90001898,CD28 on CD4+ T cell,27,0.946465838849086,0.993348687063394,2,0.632873427776444,0.941863412793324
Atrioventricular block,ebi-a-GCST90001713,BAFF-R on IgD- CD38+ B cell,15,0.946473278290737,0.993348687063394,3,0.147518502462259,0.819743476296854
Atrioventricular block,ebi-a-GCST90001820,IgD on IgD+ CD24+ B cell,28,0.947849520359582,0.993348687063394,6,0.907008841721339,0.989784115833689
Atrioventricular block,ebi-a-GCST90001979,CD16 on CD14- CD16+ monocyte,20,0.951119494948143,0.993348687063394,5,0.278984756893878,0.929456220857434
Atrioventricular block,ebi-a-GCST90001703,BAFF-R on IgD+ CD24+ B cell,18,0.953202474275384,0.993348687063394,7,0.378346155376656,0.941213591449305
Atrioventricular block,ebi-a-GCST90001766,CD24 on IgD+ CD38- B cell,22,0.953412654194984,0.993348687063394,2,0.478349020520025,0.941863412793324
Atrioventricular block,ebi-a-GCST90001698,CD45RA+ CD28- CD8+ T cell Absolute Count,719,0.954549314227273,0.993348687063394,428,0.913748384450328,0.989784115833689
Atrioventricular block,ebi-a-GCST90001506,CD25++ CD4+ T cell %T cell,20,0.954966274306634,0.993348687063394,1,0.94635974772366,0.989784115833689
Atrioventricular block,ebi-a-GCST90001618,HLA DR+ T cell Absolute Count,30,0.955065604551999,0.993348687063394,3,0.718399297210705,0.966257640814454
Atrioventricular block,ebi-a-GCST90001860,CD3 on CD39+ CD4+ T cell,27,0.956301283817005,0.993348687063394,4,0.801359950355926,0.982190914052454
Atrioventricular block,ebi-a-GCST90001783,CD25 on IgD+ CD38+ B cell,13,0.956830300131313,0.993348687063394,3,0.968661262477255,0.991907135553144
Atrioventricular block,ebi-a-GCST90001606,CD4+ T cell %leukocyte,13,0.956923581975604,0.993348687063394,1,0.455466478907203,0.941863412793324
Atrioventricular block,ebi-a-GCST90002000,PDL-1 on CD14- CD16-,28,0.960120492144829,0.993348687063394,1,0.63221813055777,0.941863412793324
Atrioventricular block,ebi-a-GCST90001643,B cell %CD3- lymphocyte,29,0.960288734804284,0.993348687063394,3,0.444323472512426,0.941863412793324
Atrioventricular block,ebi-a-GCST90001477,HLA DR++ monocyte Absolute Count,23,0.960813592599779,0.993348687063394,1,0.384833725576691,0.941863412793324
Atrioventricular block,ebi-a-GCST90001398,Unswitched memory B cell Absolute Count,20,0.963785695135046,0.993348687063394,2,0.868573207863707,0.989784115833689
Atrioventricular block,ebi-a-GCST90001664,CD28+ CD45RA+ CD8dim T cell %T cell,41,0.969448997582821,0.993348687063394,6,0.835181531995395,0.989556065082633
Atrioventricular block,ebi-a-GCST90001876,HVEM on Central Memory CD4+ T cell,18,0.969892586287892,0.993348687063394,1,0.102207880935442,0.756587606436746
Atrioventricular block,ebi-a-GCST90001638,CD4-CD8- Natural Killer T %lymphocyte,29,0.970024367922844,0.993348687063394,6,0.598464105102413,0.941863412793324
Atrioventricular block,ebi-a-GCST90001791,CD25 on naive-mature B cell,23,0.970812077827081,0.993348687063394,4,0.605431203740743,0.941863412793324
Atrioventricular block,ebi-a-GCST90001880,HVEM on CD45RA- CD4+ T cell,19,0.970980299604748,0.993348687063394,1,0.102207880935442,0.756587606436746
Atrioventricular block,ebi-a-GCST90002105,HLA DR on plasmacytoid Dendritic Cell,23,0.97285463791334,0.993348687063394,8,0.515436345317385,0.941863412793324
Atrioventricular block,ebi-a-GCST90001992,CCR2 on CD14+ CD16+ monocyte,37,0.973659874762188,0.993348687063394,2,0.0749289704396794,0.678746635371186
Atrioventricular block,ebi-a-GCST90001597,CD8dim T cell %T cell,19,0.974324225204451,0.993348687063394,2,0.318519429835026,0.929456220857434
Atrioventricular block,ebi-a-GCST90001608,CD4+CD8+ T cell %leukocyte,22,0.976906987059183,0.993956005199104,1,0.920229917191042,0.989784115833689
Atrioventricular block,ebi-a-GCST90002058,CD8 on CD8+ T cell,27,0.979264555952309,0.993956005199104,1,0.475456308333401,0.941863412793324
Atrioventricular block,ebi-a-GCST90002040,CD80 on granulocyte,33,0.980358795825656,0.993956005199104,3,0.876627985748434,0.989784115833689
Atrioventricular block,ebi-a-GCST90002034,CD39 on monocyte,22,0.982758057843913,0.995008504548339,2,0.646469086342661,0.944025551300151
Atrioventricular block,ebi-a-GCST90001829,BAFF-R on B cell,21,0.993818385577463,0.998590887675843,10,0.935500347852244,0.989784115833689
Atrioventricular block,ebi-a-GCST90001435,Plasma Blast-Plasma Cell %lymphocyte,18,0.994182753409122,0.998590887675843,1,0.193577993772886,0.90780712403591
Atrioventricular block,ebi-a-GCST90001725,CD19 on IgD+ CD24- B cell,25,0.99548011387408,0.998590887675843,4,0.22289575633815,0.90780712403591
Atrioventricular block,ebi-a-GCST90002102,CD45RA on resting CD4 regulatory T cell,29,0.99570904106481,0.998590887675843,7,0.928778234309049,0.989784115833689
Atrioventricular block,ebi-a-GCST90001889,CD28 on activated & secreting CD4 regulatory T cell,25,0.995774976965492,0.998590887675843,1,0.789684356677046,0.982190914052454
Atrioventricular block,ebi-a-GCST90002052,CD45 on Immature Myeloid-Derived Suppressor Cells,10,0.997224826269994,0.998590887675843,2,0.418369691510679,0.941863412793324
Atrioventricular block,ebi-a-GCST90002072,SSC-A on plasmacytoid Dendritic Cell,26,0.999598327336782,0.999598327336782,5,0.998725677047958,0.999784420853672
